condition_id,patient_id,code,condition,category,clinical_status,onset,recorded_date,onset_year,is_chronic
c3096f92-c049-4223-bb7f-875ff4c48166,a196b317-2719-4739-b449-4ac5ec4fce62,195662009,Acute viral pharyngitis (disorder),,resolved,2019-08-24T03:51:16+00:00,2019-08-24T03:51:16+00:00,2019,False
ae3d47fe-1d8c-47cd-b96b-b0ab14e45340,bb7fb8e1-1a76-4328-92ea-3852f34846e6,19169002,Miscarriage in first trimester,,active,2016-05-09T04:33:37+00:00,2016-05-09T04:33:37+00:00,2016,False
f6069be2-08c1-4690-a2b9-8f64337598e4,bb7fb8e1-1a76-4328-92ea-3852f34846e6,156073000,Fetus with unknown complication,,resolved,2016-05-09T04:33:37+00:00,2016-05-09T04:33:37+00:00,2016,False
e9e9b25a-1861-408e-867e-9cd051d64dc3,bb7fb8e1-1a76-4328-92ea-3852f34846e6,72892002,Normal pregnancy,,resolved,2016-05-09T04:33:37+00:00,2016-05-09T04:33:37+00:00,2016,False
104c30c6-e892-4a4b-9b8e-1a0096f67980,b89834ac-a767-4563-890b-cac9d55adb15,195662009,Acute viral pharyngitis (disorder),,resolved,2020-05-22T20:25:13+00:00,2020-05-22T20:25:13+00:00,2020,False
7c7c1035-0780-44e0-991f-9511f6a7a578,b89834ac-a767-4563-890b-cac9d55adb15,444814009,Viral sinusitis (disorder),,resolved,2018-04-14T20:25:13+00:00,2018-04-14T20:25:13+00:00,2018,False
9f67c4c8-fe73-4a48-8528-bd7da7a78fca,b89834ac-a767-4563-890b-cac9d55adb15,10509002,Acute bronchitis (disorder),,resolved,2014-05-19T20:25:13+00:00,2014-05-19T20:25:13+00:00,2014,False
fb09e5f7-0d27-4206-8027-8557950b0ff6,b89834ac-a767-4563-890b-cac9d55adb15,55822004,Hyperlipidemia,,active,2012-09-10T20:25:13+00:00,2012-09-10T20:25:13+00:00,2012,True
211edef7-2b28-46a0-9f9d-69562b1c875c,9afe28dc-7ad5-4e90-b6a6-16123eae98c3,271737000,Anemia (disorder),,active,1978-06-29T06:29:54+00:00,1978-06-29T06:29:54+00:00,1978,False
4861a184-8a5b-40e9-8c4e-c5939c8115ac,9afe28dc-7ad5-4e90-b6a6-16123eae98c3,444814009,Viral sinusitis (disorder),,resolved,2011-08-13T06:29:54+00:00,2011-08-13T06:29:54+00:00,2011,False
e0a2db02-d097-4d5f-8252-8ce52de1b69c,9afe28dc-7ad5-4e90-b6a6-16123eae98c3,15777000,Prediabetes,,active,1978-06-29T06:29:54+00:00,1978-06-29T06:29:54+00:00,1978,True
02e53385-ebae-4a1e-9343-77f2cf5b3606,9afe28dc-7ad5-4e90-b6a6-16123eae98c3,444814009,Viral sinusitis (disorder),,resolved,2012-01-03T06:29:54+00:00,2012-01-03T06:29:54+00:00,2012,False
9c802b2b-36c6-44da-89ca-6f8b17bd4a44,9afe28dc-7ad5-4e90-b6a6-16123eae98c3,230690007,Stroke,,active,1978-10-05T06:29:54+00:00,1978-10-05T06:29:54+00:00,1978,False
05376197-ed02-4c55-9539-91221fb2ce59,9afe28dc-7ad5-4e90-b6a6-16123eae98c3,126906006,Neoplasm of prostate,,active,2000-03-10T06:29:54+00:00,2000-03-10T06:29:54+00:00,2000,False
756d23c5-134b-4a92-882c-b4304b89caa7,9afe28dc-7ad5-4e90-b6a6-16123eae98c3,195662009,Acute viral pharyngitis (disorder),,resolved,2019-05-16T06:29:54+00:00,2019-05-16T06:29:54+00:00,2019,False
22367a3c-b812-4c6c-918a-723a0f44973d,d4fb3bba-73a9-4b82-a0bc-678d47f386b4,195662009,Acute viral pharyngitis (disorder),,resolved,2020-07-15T22:30:06+00:00,2020-07-15T22:30:06+00:00,2020,False
5844f36c-b6b6-4baa-b595-a74836082c26,d4fb3bba-73a9-4b82-a0bc-678d47f386b4,38341003,Hypertension,,active,1999-08-22T22:30:06+00:00,1999-08-22T22:30:06+00:00,1999,True
aa6d3299-5982-42c9-836f-014eff6ebb32,d4fb3bba-73a9-4b82-a0bc-678d47f386b4,444814009,Viral sinusitis (disorder),,resolved,2019-10-12T22:30:06+00:00,2019-10-12T22:30:06+00:00,2019,False
fe04af96-ccc7-4892-98ff-70470472fb48,d4fb3bba-73a9-4b82-a0bc-678d47f386b4,444814009,Viral sinusitis (disorder),,resolved,2013-02-23T22:30:06+00:00,2013-02-23T22:30:06+00:00,2013,False
91ae142e-5982-4839-9afc-ae83b0e78e74,d4fb3bba-73a9-4b82-a0bc-678d47f386b4,19169002,Miscarriage in first trimester,,active,2009-12-06T22:30:06+00:00,2009-12-06T22:30:06+00:00,2009,False
7382d8bd-eaf4-459a-8a08-f34a12c9a131,d4fb3bba-73a9-4b82-a0bc-678d47f386b4,82423001,Chronic pain,,active,1995-02-22T22:30:06+00:00,1995-02-22T22:30:06+00:00,1995,False
90e60e2c-509d-46ab-8e96-916d188acac2,d4fb3bba-73a9-4b82-a0bc-678d47f386b4,444814009,Viral sinusitis (disorder),,resolved,2020-09-21T22:30:06+00:00,2020-09-21T22:30:06+00:00,2020,False
6153396c-0f39-49d7-a3bc-d7ffe214712b,d4fb3bba-73a9-4b82-a0bc-678d47f386b4,162864005,Body mass index 30+ - obesity (finding),,active,2009-09-06T22:30:06+00:00,2009-09-06T22:30:06+00:00,2009,True
92bd6220-aa85-4f04-a80b-246a59246302,d4fb3bba-73a9-4b82-a0bc-678d47f386b4,124171000119105,Chronic intractable migraine without aura,,active,1995-10-07T22:30:06+00:00,1995-10-07T22:30:06+00:00,1995,False
7ec58365-8ece-4a78-878e-bb91b54cfa37,d4fb3bba-73a9-4b82-a0bc-678d47f386b4,196416002,Impacted molars,,active,1994-11-03T22:30:06+00:00,1994-11-03T22:30:06+00:00,1994,False
0e1d484f-80e9-4299-9965-bdf81a5d5bd7,d4fb3bba-73a9-4b82-a0bc-678d47f386b4,55680006,Drug overdose,,active,2002-04-18T22:30:06+00:00,2002-04-18T22:30:06+00:00,2002,False
42499515-d433-427b-8c7c-b1914efb561f,d4fb3bba-73a9-4b82-a0bc-678d47f386b4,72892002,Normal pregnancy,,resolved,2014-02-23T22:30:06+00:00,2014-02-23T22:30:06+00:00,2014,False
657d1718-4abd-4570-9551-568b6811c119,d4fb3bba-73a9-4b82-a0bc-678d47f386b4,72892002,Normal pregnancy,,resolved,2012-04-08T22:30:06+00:00,2012-04-08T22:30:06+00:00,2012,False
dacf17c2-c3fe-40dc-a67c-b59a89e66169,d4fb3bba-73a9-4b82-a0bc-678d47f386b4,72892002,Normal pregnancy,,resolved,2011-03-20T22:30:06+00:00,2011-03-20T22:30:06+00:00,2011,False
8692a4f5-ff4d-4294-a3a9-ba965a288163,2094b6fa-01b6-4d0c-bef4-38931181732e,162864005,Body mass index 30+ - obesity (finding),,active,1976-01-08T05:47:30+00:00,1976-01-08T05:47:30+00:00,1976,True
7270bea2-a796-44d6-96fc-b9b03ddd8feb,2094b6fa-01b6-4d0c-bef4-38931181732e,15777000,Prediabetes,,active,1988-10-13T05:47:30+00:00,1988-10-13T05:47:30+00:00,1988,True
073c0761-4417-4359-bc69-926c2078d0f5,2094b6fa-01b6-4d0c-bef4-38931181732e,195662009,Acute viral pharyngitis (disorder),,resolved,2018-07-16T05:47:30+00:00,2018-07-16T05:47:30+00:00,2018,False
f1b99d88-d8c2-420d-ad86-7926e5046907,2094b6fa-01b6-4d0c-bef4-38931181732e,444814009,Viral sinusitis (disorder),,resolved,2014-10-31T05:47:30+00:00,2014-10-31T05:47:30+00:00,2014,False
c6f1a054-e3c3-425e-ab9e-303b6048fa4c,2094b6fa-01b6-4d0c-bef4-38931181732e,64859006,Osteoporosis (disorder),,active,2015-01-22T05:47:30+00:00,2015-01-22T05:47:30+00:00,2015,False
25fa0c49-8951-4464-9d96-0820072d5c55,2094b6fa-01b6-4d0c-bef4-38931181732e,62106007,Concussion with no loss of consciousness,,resolved,2011-12-05T05:47:30+00:00,2011-12-05T05:47:30+00:00,2011,False
f289dd95-abc0-4034-8c1a-ae010a8159ae,2094b6fa-01b6-4d0c-bef4-38931181732e,195662009,Acute viral pharyngitis (disorder),,resolved,2013-12-24T05:47:30+00:00,2013-12-24T05:47:30+00:00,2013,False
a1f62ba3-2644-4fcd-b342-4ae0ff18991c,2094b6fa-01b6-4d0c-bef4-38931181732e,40055000,Chronic sinusitis (disorder),,active,2006-01-24T05:47:30+00:00,2006-01-24T05:47:30+00:00,2006,False
f53b89d0-83ff-452c-8d1d-0a40927a00fa,2094b6fa-01b6-4d0c-bef4-38931181732e,271737000,Anemia (disorder),,active,1988-10-13T05:47:30+00:00,1988-10-13T05:47:30+00:00,1988,False
4addd10a-5ff8-40b1-9544-fb7dbfe26507,3552e945-2598-4993-b617-4133ab2ed914,271737000,Anemia (disorder),,active,2008-06-20T15:26:27+00:00,2008-06-20T15:26:27+00:00,2008,False
962d40f3-f90d-44c3-9372-8737fda2b1bf,3552e945-2598-4993-b617-4133ab2ed914,40055000,Chronic sinusitis (disorder),,active,2013-08-04T15:26:27+00:00,2013-08-04T15:26:27+00:00,2013,False
580798ec-d158-49e8-9188-3310d6319d45,3552e945-2598-4993-b617-4133ab2ed914,162864005,Body mass index 30+ - obesity (finding),,active,1994-04-15T15:26:27+00:00,1994-04-15T15:26:27+00:00,1994,True
3fc9738b-1c3d-4607-86f8-732606ce939c,3552e945-2598-4993-b617-4133ab2ed914,15777000,Prediabetes,,active,2008-06-20T15:26:27+00:00,2008-06-20T15:26:27+00:00,2008,True
a11b0df4-1aa2-4cfc-a8cf-6b9c4e9fc5f6,3552e945-2598-4993-b617-4133ab2ed914,38341003,Hypertension,,active,2004-06-11T15:26:27+00:00,2004-06-11T15:26:27+00:00,2004,True
8b781160-04d2-4914-ba02-07f0683e5f3c,3552e945-2598-4993-b617-4133ab2ed914,36971009,Sinusitis (disorder),,resolved,2013-05-12T15:26:27+00:00,2013-05-12T15:26:27+00:00,2013,False
af043e8f-3b6e-4e01-b78f-0d57b0aff2a1,3552e945-2598-4993-b617-4133ab2ed914,444814009,Viral sinusitis (disorder),,resolved,2015-02-24T15:26:27+00:00,2015-02-24T15:26:27+00:00,2015,False
71f6e4e5-d334-4d47-93c7-3d28757926f3,3552e945-2598-4993-b617-4133ab2ed914,62106007,Concussion with no loss of consciousness,,active,2021-02-02T15:26:27+00:00,2021-02-02T15:26:27+00:00,2021,False
59589a9e-32be-49fe-bd86-d896d9ec23e3,a6fb5437-10d5-4f70-81a0-4f43bfbd9fb0,124171000119105,Chronic intractable migraine without aura,,active,1999-06-07T05:34:14+00:00,1999-06-07T05:34:14+00:00,1999,False
3ca8f9ff-d56d-492e-9c97-6fbcd762aa0d,a6fb5437-10d5-4f70-81a0-4f43bfbd9fb0,55680006,Drug overdose,,active,2000-07-17T05:34:14+00:00,2000-07-17T05:34:14+00:00,2000,False
7576ada4-c80f-43f7-b800-3a4773cba75a,004b7f3b-eaaa-4eda-81dc-3a82854a363d,19169002,Miscarriage in first trimester,,active,1999-08-29T21:45:04+00:00,1999-08-29T21:45:04+00:00,1999,False
04512320-d273-496a-b757-6973f0975b25,004b7f3b-eaaa-4eda-81dc-3a82854a363d,44465007,Sprain of ankle,,resolved,2016-04-06T21:45:04+00:00,2016-04-06T21:45:04+00:00,2016,False
9ec100cd-746a-481b-9623-c6b214f7a394,004b7f3b-eaaa-4eda-81dc-3a82854a363d,15777000,Prediabetes,,active,1996-03-17T21:45:04+00:00,1996-03-17T21:45:04+00:00,1996,True
fd0148ec-495a-4d43-b699-41003212a457,004b7f3b-eaaa-4eda-81dc-3a82854a363d,10509002,Acute bronchitis (disorder),,resolved,2017-01-13T21:45:04+00:00,2017-01-13T21:45:04+00:00,2017,False
4f65b9cf-b3e2-4cb2-b5ca-ae13c64b7d08,004b7f3b-eaaa-4eda-81dc-3a82854a363d,10509002,Acute bronchitis (disorder),,resolved,2013-11-21T21:45:04+00:00,2013-11-21T21:45:04+00:00,2013,False
3d369cb5-1c11-461d-bd01-14bab8952d2e,004b7f3b-eaaa-4eda-81dc-3a82854a363d,444814009,Viral sinusitis (disorder),,resolved,2012-02-07T21:45:04+00:00,2012-02-07T21:45:04+00:00,2012,False
55ce0be0-b398-46f1-89c2-5b276103dff3,004b7f3b-eaaa-4eda-81dc-3a82854a363d,271737000,Anemia (disorder),,active,1999-03-21T21:45:04+00:00,1999-03-21T21:45:04+00:00,1999,False
9ca7110d-ae5a-4721-9d0f-56fe0ea0c32d,06895d41-5937-4e83-9f3d-0af09db31c69,444814009,Viral sinusitis (disorder),,resolved,2016-06-15T19:20:06+00:00,2016-06-15T19:20:06+00:00,2016,False
68c91a93-a0ec-413f-9eca-851b48937666,06895d41-5937-4e83-9f3d-0af09db31c69,82423001,Chronic pain,,active,1993-06-02T19:20:06+00:00,1993-06-02T19:20:06+00:00,1993,False
ea3a82b8-1786-40b3-951f-840fbe86610e,06895d41-5937-4e83-9f3d-0af09db31c69,195662009,Acute viral pharyngitis (disorder),,resolved,2016-10-10T19:20:06+00:00,2016-10-10T19:20:06+00:00,2016,False
f297c2f7-6142-47cc-b02e-02e8ddd2ff9e,06895d41-5937-4e83-9f3d-0af09db31c69,239873007,Osteoarthritis of knee,,active,1961-06-21T19:20:06+00:00,1961-06-21T19:20:06+00:00,1961,True
90dd5a40-a85d-488d-8ac8-40ea6905f585,06895d41-5937-4e83-9f3d-0af09db31c69,162864005,Body mass index 30+ - obesity (finding),,active,1961-07-22T19:20:06+00:00,1961-07-22T19:20:06+00:00,1961,True
e0471111-5edf-42e5-ac4c-dbd5be037212,06895d41-5937-4e83-9f3d-0af09db31c69,196416002,Impacted molars,,active,1992-01-15T19:20:06+00:00,1992-01-15T19:20:06+00:00,1992,False
ad41bce1-6d18-4984-a7fc-6c9933d6865a,06895d41-5937-4e83-9f3d-0af09db31c69,271737000,Anemia (disorder),,active,2019-06-26T19:20:06+00:00,2019-06-26T19:20:06+00:00,2019,False
18135a36-a4b5-4287-96be-7f3c95f6abc2,06895d41-5937-4e83-9f3d-0af09db31c69,124171000119105,Chronic intractable migraine without aura,,active,1992-10-16T19:20:06+00:00,1992-10-16T19:20:06+00:00,1992,False
0710d8ef-4768-4d75-91de-feea68ea4480,06895d41-5937-4e83-9f3d-0af09db31c69,64859006,Osteoporosis (disorder),,active,2006-03-04T19:20:06+00:00,2006-03-04T19:20:06+00:00,2006,False
da8ca82a-94e8-4680-8c20-152efd96da8f,06895d41-5937-4e83-9f3d-0af09db31c69,55680006,Drug overdose,,active,1999-09-19T19:20:06+00:00,1999-09-19T19:20:06+00:00,1999,False
538483bb-dfc3-462c-8d45-8d19db92f27f,06895d41-5937-4e83-9f3d-0af09db31c69,403191005,Second degree burn,,resolved,2010-12-24T19:20:06+00:00,2010-12-24T19:20:06+00:00,2010,False
132c8729-6d92-4e3e-81a8-0dccc937c5a6,06895d41-5937-4e83-9f3d-0af09db31c69,49436004,Atrial Fibrillation,,active,1992-12-19T19:20:06+00:00,1992-12-19T19:20:06+00:00,1992,True
6252c260-9288-49ec-aad7-c0c9e9329fb6,06895d41-5937-4e83-9f3d-0af09db31c69,88805009,Chronic congestive heart failure (disorder),,active,2019-06-26T19:20:06+00:00,2019-06-26T19:20:06+00:00,2019,True
35e4b376-90b6-4083-ae23-ee00131451d5,d0f9bf93-f99f-4544-b095-1d3c5265b5bb,40055000,Chronic sinusitis (disorder),,active,2015-11-25T05:12:30+00:00,2015-11-25T05:12:30+00:00,2015,False
9ebeced6-c811-4dbf-a012-2b30cc4b58ad,d0f9bf93-f99f-4544-b095-1d3c5265b5bb,444814009,Viral sinusitis (disorder),,resolved,2017-11-26T05:12:30+00:00,2017-11-26T05:12:30+00:00,2017,False
e2e00b5b-5ff0-428a-8726-a3cf2a6d926f,d0f9bf93-f99f-4544-b095-1d3c5265b5bb,301011002,Escherichia coli urinary tract infection,,resolved,2017-03-11T05:12:30+00:00,2017-03-11T05:12:30+00:00,2017,False
72116b91-9121-44f9-b91c-9480b6dbda18,d0f9bf93-f99f-4544-b095-1d3c5265b5bb,403191005,Second degree burn,,resolved,2020-08-13T05:12:30+00:00,2020-08-13T05:12:30+00:00,2020,False
6c5c91c4-cc5e-4e81-93f1-cc12f6e8a423,d0f9bf93-f99f-4544-b095-1d3c5265b5bb,36971009,Sinusitis (disorder),,resolved,2015-11-04T05:12:30+00:00,2015-11-04T05:12:30+00:00,2015,False
9f4548b7-7cda-4573-9f97-0bf93c6e9592,d0f9bf93-f99f-4544-b095-1d3c5265b5bb,43878008,Streptococcal sore throat (disorder),,resolved,2014-06-20T05:12:30+00:00,2014-06-20T05:12:30+00:00,2014,False
0ca585c6-4641-405f-b5a9-e7d2ae85f1f6,d0f9bf93-f99f-4544-b095-1d3c5265b5bb,72892002,Normal pregnancy,,resolved,2011-09-08T05:12:30+00:00,2011-09-08T05:12:30+00:00,2011,False
ce2945c6-9837-4572-a06d-e8334ff0c995,f9ed4a8e-44f9-4392-bf35-9857b65937c5,398254007,Preeclampsia,,resolved,2011-05-18T11:12:13+00:00,2011-05-18T11:12:13+00:00,2011,False
95e97a8e-ff19-4c30-8a83-67fcf6744de0,f9ed4a8e-44f9-4392-bf35-9857b65937c5,444814009,Viral sinusitis (disorder),,resolved,2016-10-16T11:12:13+00:00,2016-10-16T11:12:13+00:00,2016,False
094c837f-1236-4542-8ad5-cce376965a40,f9ed4a8e-44f9-4392-bf35-9857b65937c5,398254007,Preeclampsia,,resolved,2012-05-02T11:12:13+00:00,2012-05-02T11:12:13+00:00,2012,False
841aa03b-8830-4915-84d7-ea990772c911,f9ed4a8e-44f9-4392-bf35-9857b65937c5,444814009,Viral sinusitis (disorder),,resolved,2014-10-14T11:12:13+00:00,2014-10-14T11:12:13+00:00,2014,False
47f2a2ae-2a05-4b89-8ec0-08915fbae4b2,f9ed4a8e-44f9-4392-bf35-9857b65937c5,195662009,Acute viral pharyngitis (disorder),,resolved,2013-01-07T11:12:13+00:00,2013-01-07T11:12:13+00:00,2013,False
093f0b64-14a0-49f6-b5e6-f2922b9736e0,f9ed4a8e-44f9-4392-bf35-9857b65937c5,19169002,Miscarriage in first trimester,,active,2010-08-11T11:12:13+00:00,2010-08-11T11:12:13+00:00,2010,False
d7d24122-c561-4d73-b173-2f79d0527e9e,f9ed4a8e-44f9-4392-bf35-9857b65937c5,72892002,Normal pregnancy,,resolved,2019-09-18T11:12:13+00:00,2019-09-18T11:12:13+00:00,2019,False
a23881f6-acb0-4810-8a65-57c079f31e48,f9ed4a8e-44f9-4392-bf35-9857b65937c5,72892002,Normal pregnancy,,resolved,2018-02-28T11:12:13+00:00,2018-02-28T11:12:13+00:00,2018,False
9d707643-d5ed-4e38-a0ed-56fcba8196cd,f9ed4a8e-44f9-4392-bf35-9857b65937c5,72892002,Normal pregnancy,,resolved,2017-10-04T11:12:13+00:00,2017-10-04T11:12:13+00:00,2017,False
36aacb71-199d-4955-a22b-df39b1915473,f9ed4a8e-44f9-4392-bf35-9857b65937c5,72892002,Normal pregnancy,,resolved,2011-11-16T11:12:13+00:00,2011-11-16T11:12:13+00:00,2011,False
e83a2979-b60a-486f-a0d2-bbb11064c9c2,f9ed4a8e-44f9-4392-bf35-9857b65937c5,72892002,Normal pregnancy,,resolved,2010-12-01T11:12:13+00:00,2010-12-01T11:12:13+00:00,2010,False
2aa5cc8f-4db3-492c-a7f5-b9c17990b207,0d1c4ee3-084d-4818-9689-783e94162748,44465007,Sprain of ankle,,resolved,2014-10-30T20:11:16+00:00,2014-10-30T20:11:16+00:00,2014,False
210e1d53-fd15-4d97-902c-2d1c58653e82,0d1c4ee3-084d-4818-9689-783e94162748,263102004,Fracture subluxation of wrist,,resolved,2017-10-19T20:11:16+00:00,2017-10-19T20:11:16+00:00,2017,False
d80c358f-6c3f-4c73-998e-cda1bbd19ae8,0d1c4ee3-084d-4818-9689-783e94162748,195662009,Acute viral pharyngitis (disorder),,resolved,2016-09-23T20:11:16+00:00,2016-09-23T20:11:16+00:00,2016,False
056a444d-bf7b-4206-b88e-fee3c231ff18,0d1c4ee3-084d-4818-9689-783e94162748,283385000,Laceration of thigh,,resolved,2019-11-08T20:11:16+00:00,2019-11-08T20:11:16+00:00,2019,False
c51ae984-3221-4033-9036-3addd69caaba,802e150c-c3f3-4a2d-954f-9b7a92be59bc,195662009,Acute viral pharyngitis (disorder),,resolved,2012-04-13T18:52:40+00:00,2012-04-13T18:52:40+00:00,2012,False
64f2a9b7-2a22-43e2-b782-a0684f0f934d,802e150c-c3f3-4a2d-954f-9b7a92be59bc,195662009,Acute viral pharyngitis (disorder),,resolved,2016-02-07T18:52:40+00:00,2016-02-07T18:52:40+00:00,2016,False
1262eed6-936c-4f59-a59b-93f9ff43d2bf,802e150c-c3f3-4a2d-954f-9b7a92be59bc,24079001,Atopic dermatitis,,resolved,1995-04-16T18:52:40+00:00,1995-04-16T18:52:40+00:00,1995,False
df35d2f5-a0b0-4865-9ffa-a9ec2732b574,802e150c-c3f3-4a2d-954f-9b7a92be59bc,195662009,Acute viral pharyngitis (disorder),,resolved,2016-12-14T18:52:40+00:00,2016-12-14T18:52:40+00:00,2016,False
34fc8088-cb97-48b4-8754-c72f23a09d61,802e150c-c3f3-4a2d-954f-9b7a92be59bc,232353008,Perennial allergic rhinitis with seasonal variation,,active,1998-03-16T18:52:40+00:00,1998-03-16T18:52:40+00:00,1998,False
f130fe06-b339-45c6-a032-372df46da306,802e150c-c3f3-4a2d-954f-9b7a92be59bc,62564004,Concussion with loss of consciousness,,resolved,2012-04-21T18:52:40+00:00,2012-04-21T18:52:40+00:00,2012,False
867d5977-c614-4eb6-b300-8f1e8013310b,802e150c-c3f3-4a2d-954f-9b7a92be59bc,38341003,Hypertension,,active,2013-04-26T18:52:40+00:00,2013-04-26T18:52:40+00:00,2013,True
0b1abf57-3131-4240-af76-e0be98b8be06,802e150c-c3f3-4a2d-954f-9b7a92be59bc,72892002,Normal pregnancy,,resolved,2014-06-20T18:52:40+00:00,2014-06-20T18:52:40+00:00,2014,False
bae68cf4-965f-4716-b8bf-95fb5bcff648,11a7f0e3-b1d0-431c-adb6-ad1ad8d61720,444814009,Viral sinusitis (disorder),,resolved,2012-08-30T22:40:48+00:00,2012-08-30T22:40:48+00:00,2012,False
08b497a2-18fd-430c-aedd-2d470f279b3c,11a7f0e3-b1d0-431c-adb6-ad1ad8d61720,444814009,Viral sinusitis (disorder),,resolved,2016-10-27T22:40:48+00:00,2016-10-27T22:40:48+00:00,2016,False
336e045a-cd95-4453-8e9a-ad71fc354d8f,11a7f0e3-b1d0-431c-adb6-ad1ad8d61720,124171000119105,Chronic intractable migraine without aura,,active,1994-02-23T22:40:48+00:00,1994-02-23T22:40:48+00:00,1994,False
bcab2692-c1b6-485d-bf11-10b18f95431e,11a7f0e3-b1d0-431c-adb6-ad1ad8d61720,39848009,Whiplash injury to neck,,resolved,2015-02-16T22:40:48+00:00,2015-02-16T22:40:48+00:00,2015,False
be17ac00-5e32-4fc9-924c-ac6a6773108d,11a7f0e3-b1d0-431c-adb6-ad1ad8d61720,15777000,Prediabetes,,active,2017-09-20T22:40:48+00:00,2017-09-20T22:40:48+00:00,2017,True
cb35f86f-8d15-4bef-8970-2de1a3f97df4,11a7f0e3-b1d0-431c-adb6-ad1ad8d61720,444814009,Viral sinusitis (disorder),,resolved,2021-03-20T22:40:48+00:00,2021-03-20T22:40:48+00:00,2021,False
d8883eee-2555-408d-b090-6e34c5aca6e9,11a7f0e3-b1d0-431c-adb6-ad1ad8d61720,444814009,Viral sinusitis (disorder),,resolved,2015-12-10T22:40:48+00:00,2015-12-10T22:40:48+00:00,2015,False
0ad19703-91a2-4244-b1b5-c1407c785057,11a7f0e3-b1d0-431c-adb6-ad1ad8d61720,62106007,Concussion with no loss of consciousness,,resolved,2019-01-24T22:40:48+00:00,2019-01-24T22:40:48+00:00,2019,False
5831de1f-c1fd-469d-a057-a53a5bfcf2f0,11a7f0e3-b1d0-431c-adb6-ad1ad8d61720,195662009,Acute viral pharyngitis (disorder),,resolved,2015-04-29T22:40:48+00:00,2015-04-29T22:40:48+00:00,2015,False
0f3640af-7566-43b3-98e9-8fa5520f48a5,11a7f0e3-b1d0-431c-adb6-ad1ad8d61720,195662009,Acute viral pharyngitis (disorder),,resolved,2016-10-01T22:40:48+00:00,2016-10-01T22:40:48+00:00,2016,False
ea8d6d58-ddd0-4c60-98b6-61ab6147fcc0,11a7f0e3-b1d0-431c-adb6-ad1ad8d61720,239872002,Osteoarthritis of hip,,active,2006-02-24T22:40:48+00:00,2006-02-24T22:40:48+00:00,2006,True
651359ec-db56-4bcf-b51d-b972533efadf,11a7f0e3-b1d0-431c-adb6-ad1ad8d61720,70704007,Sprain of wrist,,resolved,2014-02-07T22:40:48+00:00,2014-02-07T22:40:48+00:00,2014,False
3025a916-f623-4ff3-b8ed-453f68726924,11a7f0e3-b1d0-431c-adb6-ad1ad8d61720,49436004,Atrial Fibrillation,,active,2015-09-16T22:40:48+00:00,2015-09-16T22:40:48+00:00,2015,True
daea8a06-62ba-4dc0-a71b-82fd8da47564,ba55f379-b944-44f3-a58a-14b95a623c1b,444814009,Viral sinusitis (disorder),,resolved,2017-09-26T13:41:48+00:00,2017-09-26T13:41:48+00:00,2017,False
6c2cef08-b68b-4f75-a995-44981412f24f,ba55f379-b944-44f3-a58a-14b95a623c1b,195662009,Acute viral pharyngitis (disorder),,resolved,2019-10-06T13:41:48+00:00,2019-10-06T13:41:48+00:00,2019,False
87fc8be7-a25f-4573-b2b3-4ccf97204076,ba55f379-b944-44f3-a58a-14b95a623c1b,444814009,Viral sinusitis (disorder),,resolved,2018-03-21T13:41:48+00:00,2018-03-21T13:41:48+00:00,2018,False
f05be48e-7a35-411b-ad98-56f1663cd0dd,ba55f379-b944-44f3-a58a-14b95a623c1b,444814009,Viral sinusitis (disorder),,resolved,2012-11-25T13:41:48+00:00,2012-11-25T13:41:48+00:00,2012,False
6b8be870-accd-4e9e-9d4c-12d796ab84e2,ba55f379-b944-44f3-a58a-14b95a623c1b,444814009,Viral sinusitis (disorder),,resolved,2011-12-09T13:41:48+00:00,2011-12-09T13:41:48+00:00,2011,False
bbd46fd9-8b65-47c1-b15e-97dcea8e9bcb,28d83205-7289-4483-a25d-877009825909,444814009,Viral sinusitis (disorder),,resolved,2018-11-06T05:24:48+00:00,2018-11-06T05:24:48+00:00,2018,False
ac596714-4a6d-4ca3-ad7c-b2ab732c0f22,28d83205-7289-4483-a25d-877009825909,162864005,Body mass index 30+ - obesity (finding),,active,1992-11-05T05:24:48+00:00,1992-11-05T05:24:48+00:00,1992,True
a478f1f9-1c36-471b-8e3b-f4e1744580cb,28d83205-7289-4483-a25d-877009825909,82423001,Chronic pain,,active,1993-06-20T05:24:48+00:00,1993-06-20T05:24:48+00:00,1993,False
8f6ec78a-e6a3-4809-a0f9-265218849cc4,28d83205-7289-4483-a25d-877009825909,39848009,Whiplash injury to neck,,resolved,2018-04-13T05:24:48+00:00,2018-04-13T05:24:48+00:00,2018,False
6dd51803-4d13-4047-810c-918b8e360fcc,28d83205-7289-4483-a25d-877009825909,19169002,Miscarriage in first trimester,,active,1999-01-14T05:24:48+00:00,1999-01-14T05:24:48+00:00,1999,False
c9ae8ca1-91ed-4375-9c83-45441537541d,28d83205-7289-4483-a25d-877009825909,55822004,Hyperlipidemia,,active,1996-11-14T05:24:48+00:00,1996-11-14T05:24:48+00:00,1996,True
75a813cd-38a6-4195-aeae-29f0083d7b4b,af0e5952-c2ac-44fc-a896-36e9e30c2097,80394007,Hyperglycemia (disorder),,active,2013-04-25T19:56:12+00:00,2013-04-25T19:56:12+00:00,2013,False
d081f791-a421-4661-a346-853c441aded5,af0e5952-c2ac-44fc-a896-36e9e30c2097,444814009,Viral sinusitis (disorder),,resolved,2020-04-30T19:56:12+00:00,2020-04-30T19:56:12+00:00,2020,False
867be37a-10e6-4d4e-8c51-198513e4af9d,af0e5952-c2ac-44fc-a896-36e9e30c2097,237602007,Metabolic syndrome X (disorder),,active,2010-04-22T19:56:12+00:00,2010-04-22T19:56:12+00:00,2010,False
92fdecfe-0f6e-4ed4-bc87-ebfbd79a37c0,af0e5952-c2ac-44fc-a896-36e9e30c2097,410429000,Cardiac Arrest,,active,1994-09-08T19:56:12+00:00,1994-09-08T19:56:12+00:00,1994,False
772dd337-ae5f-49e8-8654-412f6101007d,af0e5952-c2ac-44fc-a896-36e9e30c2097,429007001,History of cardiac arrest (situation),,active,1994-09-08T19:56:12+00:00,1994-09-08T19:56:12+00:00,1994,False
0347d5e3-8990-4fb5-8e5a-f2c9f7b609c4,af0e5952-c2ac-44fc-a896-36e9e30c2097,195662009,Acute viral pharyngitis (disorder),,resolved,2020-07-23T19:56:12+00:00,2020-07-23T19:56:12+00:00,2020,False
07664126-d7c4-46f9-8756-9ff137af671e,af0e5952-c2ac-44fc-a896-36e9e30c2097,368581000119106,Neuropathy due to type 2 diabetes mellitus (disorder),,active,2019-11-21T19:56:12+00:00,2019-11-21T19:56:12+00:00,2019,True
9f9c7ad3-9039-41f7-96c8-6ba042ef9492,af0e5952-c2ac-44fc-a896-36e9e30c2097,38822007,Cystitis,,resolved,2018-02-10T19:56:12+00:00,2018-02-10T19:56:12+00:00,2018,False
24cfca22-833a-4bbe-ad5b-370c8b19831f,af0e5952-c2ac-44fc-a896-36e9e30c2097,10509002,Acute bronchitis (disorder),,resolved,2017-07-25T19:56:12+00:00,2017-07-25T19:56:12+00:00,2017,False
1fd7e446-8ce8-455f-a71d-525a50b5d555,af0e5952-c2ac-44fc-a896-36e9e30c2097,302870006,Hypertriglyceridemia (disorder),,active,2010-04-22T19:56:12+00:00,2010-04-22T19:56:12+00:00,2010,False
c29d0f8d-b5f6-4ff8-8eb6-db224ebc7dc0,af0e5952-c2ac-44fc-a896-36e9e30c2097,271737000,Anemia (disorder),,active,2007-04-19T19:56:12+00:00,2007-04-19T19:56:12+00:00,2007,False
b72bcf51-116d-4ff6-be77-4835920d896a,af0e5952-c2ac-44fc-a896-36e9e30c2097,195662009,Acute viral pharyngitis (disorder),,resolved,2013-05-04T19:56:12+00:00,2013-05-04T19:56:12+00:00,2013,False
b34cf2b3-14df-4fdc-b99c-f561c519cdba,af0e5952-c2ac-44fc-a896-36e9e30c2097,195662009,Acute viral pharyngitis (disorder),,resolved,2019-11-12T19:56:12+00:00,2019-11-12T19:56:12+00:00,2019,False
88d3f7af-9c76-41a6-95b9-24ee27d0c348,af0e5952-c2ac-44fc-a896-36e9e30c2097,15777000,Prediabetes,,active,2013-04-25T19:56:12+00:00,2013-04-25T19:56:12+00:00,2013,True
cb7b8753-7e71-40cd-9038-2ddf3352a63c,af0e5952-c2ac-44fc-a896-36e9e30c2097,444814009,Viral sinusitis (disorder),,resolved,2017-11-15T19:56:12+00:00,2017-11-15T19:56:12+00:00,2017,False
bab3d8cc-a68a-4c08-803e-d86a56ce1808,af0e5952-c2ac-44fc-a896-36e9e30c2097,10509002,Acute bronchitis (disorder),,resolved,2014-07-02T19:56:12+00:00,2014-07-02T19:56:12+00:00,2014,False
68b8b3c2-4036-40ae-aa32-41940f2735f7,af0e5952-c2ac-44fc-a896-36e9e30c2097,444814009,Viral sinusitis (disorder),,resolved,2020-06-28T19:56:12+00:00,2020-06-28T19:56:12+00:00,2020,False
5f5383f0-ec9c-4c29-b49a-c080648cb13c,af0e5952-c2ac-44fc-a896-36e9e30c2097,44054006,Diabetes,,active,2007-04-19T19:56:12+00:00,2007-04-19T19:56:12+00:00,2007,True
b387242e-ae0a-4d08-944a-a9799b7fdc6a,af0e5952-c2ac-44fc-a896-36e9e30c2097,72892002,Normal pregnancy,,resolved,2018-04-26T19:56:12+00:00,2018-04-26T19:56:12+00:00,2018,False
1a7cc0e9-09ea-4d18-b280-bcbe7a0fc016,af0e5952-c2ac-44fc-a896-36e9e30c2097,72892002,Normal pregnancy,,resolved,2016-03-03T19:56:12+00:00,2016-03-03T19:56:12+00:00,2016,False
2c05d468-4da1-43a4-b6e9-9066a42d0fa4,7d3aec4c-0f8f-4bde-b6c2-37fdb2c537d8,65363002,Otitis media,,resolved,2019-11-26T03:32:37+00:00,2019-11-26T03:32:37+00:00,2019,False
cc9e81a7-f1ed-4dc3-a059-bf2e45d18de7,a9dd69c1-b94a-4434-8239-48d264b39746,162864005,Body mass index 30+ - obesity (finding),,active,2019-08-22T10:11:32+00:00,2019-08-22T10:11:32+00:00,2019,True
b52318a5-c40c-4de4-ab07-a731db7f5faa,a9dd69c1-b94a-4434-8239-48d264b39746,74400008,Appendicitis,,active,2020-08-01T10:11:32+00:00,2020-08-01T10:11:32+00:00,2020,False
1042c21f-d075-4d07-bf6e-337fbba23e8a,a9dd69c1-b94a-4434-8239-48d264b39746,428251008,History of appendectomy,,active,2020-08-01T10:11:32+00:00,2020-08-01T10:11:32+00:00,2020,False
809971d4-6049-42b3-9373-db156a0b8a1e,a9dd69c1-b94a-4434-8239-48d264b39746,10509002,Acute bronchitis (disorder),,resolved,2020-05-07T10:11:32+00:00,2020-05-07T10:11:32+00:00,2020,False
35e7bbce-d5d7-4810-81b8-e0db2a6d188a,a9dd69c1-b94a-4434-8239-48d264b39746,72892002,Normal pregnancy,,resolved,2015-02-05T10:11:32+00:00,2015-02-05T10:11:32+00:00,2015,False
0af23cdc-4f30-4447-a19b-5ceee011f8d7,1f456f0a-acb1-4728-82af-01ca57083c7b,444814009,Viral sinusitis (disorder),,resolved,2014-08-07T14:10:09+00:00,2014-08-07T14:10:09+00:00,2014,False
08e52f5e-2125-4d30-8e31-0247ec15e60a,1f456f0a-acb1-4728-82af-01ca57083c7b,232353008,Perennial allergic rhinitis with seasonal variation,,resolved,1997-06-27T14:10:09+00:00,1997-06-27T14:10:09+00:00,1997,False
5fbdf805-4a3a-409f-9da7-61b6b8b9bbb2,1f456f0a-acb1-4728-82af-01ca57083c7b,444814009,Viral sinusitis (disorder),,resolved,2017-04-09T14:10:09+00:00,2017-04-09T14:10:09+00:00,2017,False
987b6a59-04dc-497e-8e6a-e0517b01e4b0,1f456f0a-acb1-4728-82af-01ca57083c7b,38341003,Hypertension,,active,2012-06-04T14:10:09+00:00,2012-06-04T14:10:09+00:00,2012,True
38776947-400d-4ff2-928d-547ce703a149,1f456f0a-acb1-4728-82af-01ca57083c7b,233678006,Childhood asthma,,resolved,1996-06-27T14:10:09+00:00,1996-06-27T14:10:09+00:00,1996,True
e8ca4067-25d6-4d27-9baa-b64da0ed49c4,1f456f0a-acb1-4728-82af-01ca57083c7b,444814009,Viral sinusitis (disorder),,resolved,2020-09-04T14:10:09+00:00,2020-09-04T14:10:09+00:00,2020,False
923cdc5e-db33-4f60-9c09-ecf11dc5177b,3f1fe154-98d8-4d19-bf34-5497e37d2068,444814009,Viral sinusitis (disorder),,resolved,2013-08-26T12:55:57+00:00,2013-08-26T12:55:57+00:00,2013,False
da323c41-2654-46c1-95d1-dfa2c2cade36,3f1fe154-98d8-4d19-bf34-5497e37d2068,444814009,Viral sinusitis (disorder),,resolved,2014-08-06T12:55:57+00:00,2014-08-06T12:55:57+00:00,2014,False
ba9cc646-7e8b-4e5c-849b-f75a17bbaccd,3f1fe154-98d8-4d19-bf34-5497e37d2068,10509002,Acute bronchitis (disorder),,resolved,2017-12-04T12:55:57+00:00,2017-12-04T12:55:57+00:00,2017,False
fecd3c7a-7382-40f5-bfcc-e1a16d46e546,3f1fe154-98d8-4d19-bf34-5497e37d2068,444814009,Viral sinusitis (disorder),,resolved,2011-05-20T12:55:57+00:00,2011-05-20T12:55:57+00:00,2011,False
e9d9eff1-020c-4402-bf4d-90578d063df5,3f1fe154-98d8-4d19-bf34-5497e37d2068,444814009,Viral sinusitis (disorder),,resolved,2019-10-25T12:55:57+00:00,2019-10-25T12:55:57+00:00,2019,False
0dc3b17a-1180-4881-bbc3-6f2a399901ae,2cda5aad-e409-4070-9a15-e1c35c46ed5a,38341003,Hypertension,,active,2011-05-27T09:51:38+00:00,2011-05-27T09:51:38+00:00,2011,True
fce21c43-e297-4af0-93ae-bf8268baa58c,2cda5aad-e409-4070-9a15-e1c35c46ed5a,444814009,Viral sinusitis (disorder),,resolved,2016-09-27T09:51:38+00:00,2016-09-27T09:51:38+00:00,2016,False
088d38d6-6d8e-415c-9073-bae8e606ac06,2cda5aad-e409-4070-9a15-e1c35c46ed5a,444814009,Viral sinusitis (disorder),,resolved,2016-05-08T09:51:38+00:00,2016-05-08T09:51:38+00:00,2016,False
9ada3825-6def-4ed3-bd27-20dd3f14472d,2cda5aad-e409-4070-9a15-e1c35c46ed5a,444814009,Viral sinusitis (disorder),,resolved,2015-05-30T09:51:38+00:00,2015-05-30T09:51:38+00:00,2015,False
d918664d-21be-4ecd-b98e-1195fd1961ac,2cda5aad-e409-4070-9a15-e1c35c46ed5a,444814009,Viral sinusitis (disorder),,resolved,2014-10-04T09:51:38+00:00,2014-10-04T09:51:38+00:00,2014,False
7fceb310-f1b8-4ccd-885b-729af05b05f1,2cda5aad-e409-4070-9a15-e1c35c46ed5a,195662009,Acute viral pharyngitis (disorder),,resolved,2017-01-23T09:51:38+00:00,2017-01-23T09:51:38+00:00,2017,False
2d184508-0e98-43b2-9cab-99208fe0771b,2cda5aad-e409-4070-9a15-e1c35c46ed5a,444814009,Viral sinusitis (disorder),,resolved,2018-06-17T09:51:38+00:00,2018-06-17T09:51:38+00:00,2018,False
f3a9d3ac-a881-475e-86bb-f78aa04e3b0b,5ee05359-57bf-4cee-8e89-91382c07e162,444814009,Viral sinusitis (disorder),,resolved,1980-03-30T08:54:18+00:00,1980-03-30T08:54:18+00:00,1980,False
dd6d9bfc-e426-4cfa-bd52-54792684f99a,5ee05359-57bf-4cee-8e89-91382c07e162,53741008,Coronary Heart Disease,,active,1983-07-13T08:54:18+00:00,1983-07-13T08:54:18+00:00,1983,False
f4c8ee5c-be28-4dff-8090-8bef8e9b9c44,5ee05359-57bf-4cee-8e89-91382c07e162,410429000,Cardiac Arrest,,active,1989-02-15T08:54:18+00:00,1989-02-15T08:54:18+00:00,1989,False
cf4c887c-c1db-48ac-9b5e-798602f142e5,5ee05359-57bf-4cee-8e89-91382c07e162,429007001,History of cardiac arrest (situation),,active,1989-02-15T08:54:18+00:00,1989-02-15T08:54:18+00:00,1989,False
9bd5eaa8-d52a-473b-8755-1dc8e66309c2,5ee05359-57bf-4cee-8e89-91382c07e162,10509002,Acute bronchitis (disorder),,resolved,1981-06-20T08:54:18+00:00,1981-06-20T08:54:18+00:00,1981,False
c40e1024-4293-4189-b173-d764f6c17bbf,5d08f7da-5a78-4d35-afec-9d2c2c0245ee,444814009,Viral sinusitis (disorder),,resolved,2017-07-20T22:22:41+00:00,2017-07-20T22:22:41+00:00,2017,False
163dc908-42d1-48e8-8d11-f899ede0dabb,5d08f7da-5a78-4d35-afec-9d2c2c0245ee,40055000,Chronic sinusitis (disorder),,active,1994-03-31T22:22:41+00:00,1994-03-31T22:22:41+00:00,1994,False
ed42d03b-6416-46e8-b73d-e1178834a204,5d08f7da-5a78-4d35-afec-9d2c2c0245ee,703151001,History of single seizure (situation),,active,2004-09-25T22:22:41+00:00,2004-09-25T22:22:41+00:00,2004,False
0e3bd383-0b4f-4a7a-944f-30ac80cc2724,5d08f7da-5a78-4d35-afec-9d2c2c0245ee,128613002,Seizure disorder,,active,2004-09-25T22:22:41+00:00,2004-09-25T22:22:41+00:00,2004,False
e2452a8c-7bb4-41bb-86de-9e433f27544a,5d08f7da-5a78-4d35-afec-9d2c2c0245ee,444814009,Viral sinusitis (disorder),,resolved,2012-07-09T22:22:41+00:00,2012-07-09T22:22:41+00:00,2012,False
db604981-ed57-43cc-b467-d4118a18ccda,5d08f7da-5a78-4d35-afec-9d2c2c0245ee,444814009,Viral sinusitis (disorder),,resolved,2013-08-29T22:22:41+00:00,2013-08-29T22:22:41+00:00,2013,False
726d04bf-24b7-44eb-8ac2-205507c68159,5d08f7da-5a78-4d35-afec-9d2c2c0245ee,444448004,Injury of medial collateral ligament of knee,,resolved,2018-06-07T22:22:41+00:00,2018-06-07T22:22:41+00:00,2018,False
55d4cd9d-ef36-47fa-b17d-a304d4dc2ea3,5d08f7da-5a78-4d35-afec-9d2c2c0245ee,444814009,Viral sinusitis (disorder),,resolved,2016-09-02T22:22:41+00:00,2016-09-02T22:22:41+00:00,2016,False
9f34bf55-9a78-4aad-9740-6adb97b6c836,5d08f7da-5a78-4d35-afec-9d2c2c0245ee,62106007,Concussion with no loss of consciousness,,resolved,2016-05-18T22:22:41+00:00,2016-05-18T22:22:41+00:00,2016,False
b6173d71-948e-4f8e-ac51-e98b6cdbf5de,5d08f7da-5a78-4d35-afec-9d2c2c0245ee,10509002,Acute bronchitis (disorder),,resolved,2018-08-02T22:22:41+00:00,2018-08-02T22:22:41+00:00,2018,False
cf724b07-e305-4c8a-958c-e65f2e3886fd,a74651a6-8141-4c7e-91b5-a43ce80e6b92,128613002,Seizure disorder,,active,1959-06-08T21:51:36+00:00,1959-06-08T21:51:36+00:00,1959,False
a87f3c77-380c-4e88-ad63-6620ad5503e3,a74651a6-8141-4c7e-91b5-a43ce80e6b92,156073000,Fetus with unknown complication,,resolved,1951-01-08T21:51:36+00:00,1951-01-08T21:51:36+00:00,1951,False
4c836ed8-8011-42da-9cee-88dded7e88aa,a74651a6-8141-4c7e-91b5-a43ce80e6b92,444814009,Viral sinusitis (disorder),,resolved,1958-09-17T21:51:36+00:00,1958-09-17T21:51:36+00:00,1958,False
f6a35ba3-61ce-4117-9e48-7469f5af2648,a74651a6-8141-4c7e-91b5-a43ce80e6b92,84757009,Epilepsy,,active,1959-06-08T21:51:36+00:00,1959-06-08T21:51:36+00:00,1959,False
dd7e6bac-e895-48ae-ac12-8e68430b467c,a74651a6-8141-4c7e-91b5-a43ce80e6b92,19169002,Miscarriage in first trimester,,active,1951-01-08T21:51:36+00:00,1951-01-08T21:51:36+00:00,1951,False
6422575c-3c74-4a65-9093-d91cef07b4ac,a74651a6-8141-4c7e-91b5-a43ce80e6b92,38341003,Hypertension,,active,1942-08-10T21:51:36+00:00,1942-08-10T21:51:36+00:00,1942,True
d9152841-08b1-412e-9147-d1c980d91d2d,a74651a6-8141-4c7e-91b5-a43ce80e6b92,444814009,Viral sinusitis (disorder),,resolved,1950-11-13T21:51:36+00:00,1950-11-13T21:51:36+00:00,1950,False
76dff154-f4af-492b-871c-068c2587262a,a74651a6-8141-4c7e-91b5-a43ce80e6b92,10509002,Acute bronchitis (disorder),,resolved,1952-12-21T21:51:36+00:00,1952-12-21T21:51:36+00:00,1952,False
da140d5a-7a5f-499e-8e5e-5a58c7c7a34c,a74651a6-8141-4c7e-91b5-a43ce80e6b92,72892002,Normal pregnancy,,active,1959-11-02T21:51:36+00:00,1959-11-02T21:51:36+00:00,1959,False
fc893b46-d139-41ea-b0a0-4220f647c48b,a74651a6-8141-4c7e-91b5-a43ce80e6b92,72892002,Normal pregnancy,,resolved,1958-03-24T21:51:36+00:00,1958-03-24T21:51:36+00:00,1958,False
ea975307-9281-4638-b22c-11286ca0d6f1,a74651a6-8141-4c7e-91b5-a43ce80e6b92,72892002,Normal pregnancy,,resolved,1955-10-24T21:51:36+00:00,1955-10-24T21:51:36+00:00,1955,False
6a15e31d-a1b5-4bf8-bae0-9ec0eef074bb,a74651a6-8141-4c7e-91b5-a43ce80e6b92,72892002,Normal pregnancy,,resolved,1955-05-02T21:51:36+00:00,1955-05-02T21:51:36+00:00,1955,False
98ba4b27-0995-4b35-8218-6f0a5e5aebd6,a74651a6-8141-4c7e-91b5-a43ce80e6b92,72892002,Normal pregnancy,,resolved,1953-07-27T21:51:36+00:00,1953-07-27T21:51:36+00:00,1953,False
bf1ab773-71eb-420a-af97-60f6885e7abb,a74651a6-8141-4c7e-91b5-a43ce80e6b92,72892002,Normal pregnancy,,resolved,1953-01-19T21:51:36+00:00,1953-01-19T21:51:36+00:00,1953,False
4b94fe3d-4480-4eb8-9c7c-1af387a440e1,a74651a6-8141-4c7e-91b5-a43ce80e6b92,72892002,Normal pregnancy,,resolved,1952-05-19T21:51:36+00:00,1952-05-19T21:51:36+00:00,1952,False
9815d44b-756c-4dae-b67e-b7dad755869b,a74651a6-8141-4c7e-91b5-a43ce80e6b92,72892002,Normal pregnancy,,resolved,1951-04-23T21:51:36+00:00,1951-04-23T21:51:36+00:00,1951,False
d8018ce4-cd8f-472c-8975-7ff73cb3c1d9,a74651a6-8141-4c7e-91b5-a43ce80e6b92,72892002,Normal pregnancy,,resolved,1951-01-08T21:51:36+00:00,1951-01-08T21:51:36+00:00,1951,False
98eb596c-6d14-4a68-bd98-5db1db49a4c8,a74651a6-8141-4c7e-91b5-a43ce80e6b92,72892002,Normal pregnancy,,resolved,1950-08-28T21:51:36+00:00,1950-08-28T21:51:36+00:00,1950,False
04fd0967-35d5-4eff-8094-de263258a4f4,a74651a6-8141-4c7e-91b5-a43ce80e6b92,72892002,Normal pregnancy,,resolved,1944-10-02T21:51:36+00:00,1944-10-02T21:51:36+00:00,1944,False
6fc97612-711c-462a-9dbd-9ea1c611fb09,a74651a6-8141-4c7e-91b5-a43ce80e6b92,72892002,Normal pregnancy,,resolved,1941-06-30T21:51:36+00:00,1941-06-30T21:51:36+00:00,1941,False
9b98ac5a-3940-4473-a8d3-c92cb38141f9,2d79458c-3c54-4bc4-bf3c-ccea471988fc,15777000,Prediabetes,,active,1992-08-07T09:05:01+00:00,1992-08-07T09:05:01+00:00,1992,True
b345428d-7cb4-439d-8759-1a7775a0a95a,2d79458c-3c54-4bc4-bf3c-ccea471988fc,444814009,Viral sinusitis (disorder),,resolved,2014-02-17T09:05:01+00:00,2014-02-17T09:05:01+00:00,2014,False
137fcbd0-2de1-4b76-99f3-3357015514b4,2d79458c-3c54-4bc4-bf3c-ccea471988fc,82423001,Chronic pain,,active,1993-10-21T09:05:01+00:00,1993-10-21T09:05:01+00:00,1993,False
8c121c45-6583-4186-b353-1cc4bbfddc25,2d79458c-3c54-4bc4-bf3c-ccea471988fc,271737000,Anemia (disorder),,active,1992-08-07T09:05:01+00:00,1992-08-07T09:05:01+00:00,1992,False
729e807b-bfa0-41a7-b29c-3d87b6e1b2b3,2d79458c-3c54-4bc4-bf3c-ccea471988fc,124171000119105,Chronic intractable migraine without aura,,active,1993-08-01T09:05:01+00:00,1993-08-01T09:05:01+00:00,1993,False
c361d7c1-031a-487f-95ba-3fb27f1727f5,2d79458c-3c54-4bc4-bf3c-ccea471988fc,55680006,Drug overdose,,active,2001-05-09T09:05:01+00:00,2001-05-09T09:05:01+00:00,2001,False
5d9cfa7f-662a-47b6-ba60-93afd733f1bd,2d79458c-3c54-4bc4-bf3c-ccea471988fc,196416002,Impacted molars,,active,1992-02-06T09:05:01+00:00,1992-02-06T09:05:01+00:00,1992,False
61d0a89f-d4f5-4dcd-93bf-2d5a5db7d350,0b8d3c83-93f8-4f9a-b711-96b7d2e13264,444814009,Viral sinusitis (disorder),,resolved,2011-07-26T19:43:24+00:00,2011-07-26T19:43:24+00:00,2011,False
1d07ca5a-03d0-4de6-b063-89998be3be08,0b8d3c83-93f8-4f9a-b711-96b7d2e13264,40055000,Chronic sinusitis (disorder),,active,1997-05-06T19:43:24+00:00,1997-05-06T19:43:24+00:00,1997,False
9642035a-f6bc-41fd-9987-e172ca92f8ff,0b8d3c83-93f8-4f9a-b711-96b7d2e13264,198992004,Antepartum eclampsia,,resolved,2016-09-06T19:43:24+00:00,2016-09-06T19:43:24+00:00,2016,False
c54106b1-95b3-4b73-8e9f-1fe85aa9a694,0b8d3c83-93f8-4f9a-b711-96b7d2e13264,195662009,Acute viral pharyngitis (disorder),,resolved,2020-05-31T19:43:24+00:00,2020-05-31T19:43:24+00:00,2020,False
40b56e55-3f04-4484-90f2-01669d63f306,0b8d3c83-93f8-4f9a-b711-96b7d2e13264,195662009,Acute viral pharyngitis (disorder),,resolved,2013-04-25T19:43:24+00:00,2013-04-25T19:43:24+00:00,2013,False
fe41a691-9a85-49ba-bc4f-e8d31d64b965,0b8d3c83-93f8-4f9a-b711-96b7d2e13264,72892002,Normal pregnancy,,active,2021-01-05T19:43:24+00:00,2021-01-05T19:43:24+00:00,2021,False
9678c482-11cc-4cf4-a037-4f691ff120df,0b8d3c83-93f8-4f9a-b711-96b7d2e13264,72892002,Normal pregnancy,,resolved,2016-02-23T19:43:24+00:00,2016-02-23T19:43:24+00:00,2016,False
c444270c-f042-4b75-bddc-1280d9aa2ccb,0b8d3c83-93f8-4f9a-b711-96b7d2e13264,72892002,Normal pregnancy,,resolved,2013-04-16T19:43:24+00:00,2013-04-16T19:43:24+00:00,2013,False
0142d502-936e-422d-89d9-52098b93fbb9,0b8d3c83-93f8-4f9a-b711-96b7d2e13264,72892002,Normal pregnancy,,resolved,2010-02-02T19:43:24+00:00,2010-02-02T19:43:24+00:00,2010,False
f287edf0-afbb-4137-bed1-81fe9998e74b,ae8a896e-bbd9-4e1a-a732-1568df9d7527,15777000,Prediabetes,,active,1991-05-30T19:57:41+00:00,1991-05-30T19:57:41+00:00,1991,True
56d26cbe-1f57-49c4-bfe2-4575b78db976,ae8a896e-bbd9-4e1a-a732-1568df9d7527,271737000,Anemia (disorder),,active,1994-06-02T19:57:41+00:00,1994-06-02T19:57:41+00:00,1994,False
055f9f37-f36e-4743-b97a-8da519da64bb,ae8a896e-bbd9-4e1a-a732-1568df9d7527,195662009,Acute viral pharyngitis (disorder),,resolved,2017-10-16T19:57:41+00:00,2017-10-16T19:57:41+00:00,2017,False
4aa84452-13eb-402d-b37b-72e3ebd00c8a,ae8a896e-bbd9-4e1a-a732-1568df9d7527,444814009,Viral sinusitis (disorder),,resolved,2013-03-22T19:57:41+00:00,2013-03-22T19:57:41+00:00,2013,False
794246d4-25b4-4f83-8965-0430ef73f4e2,ae8a896e-bbd9-4e1a-a732-1568df9d7527,444814009,Viral sinusitis (disorder),,resolved,2019-11-13T19:57:41+00:00,2019-11-13T19:57:41+00:00,2019,False
469077e2-b6bb-45a0-8bf4-efbc70548294,ae8a896e-bbd9-4e1a-a732-1568df9d7527,195662009,Acute viral pharyngitis (disorder),,resolved,2013-10-23T19:57:41+00:00,2013-10-23T19:57:41+00:00,2013,False
48027481-2505-409c-bc0c-70732d351830,ae8a896e-bbd9-4e1a-a732-1568df9d7527,10509002,Acute bronchitis (disorder),,resolved,2018-06-02T19:57:41+00:00,2018-06-02T19:57:41+00:00,2018,False
69bdae07-edce-4d01-8bc3-96505a262874,ae8a896e-bbd9-4e1a-a732-1568df9d7527,43878008,Streptococcal sore throat (disorder),,resolved,2013-05-14T19:57:41+00:00,2013-05-14T19:57:41+00:00,2013,False
66225391-d19d-4e62-ab11-a9ce694a18e5,65b95f0a-e27d-4536-b04e-4e17a726ed38,444814009,Viral sinusitis (disorder),,resolved,2014-06-18T21:04:33+00:00,2014-06-18T21:04:33+00:00,2014,False
d78929a5-6da6-4f9c-86bc-4deb971144d6,65b95f0a-e27d-4536-b04e-4e17a726ed38,127013003,Diabetic renal disease (disorder),,active,1995-08-15T21:04:33+00:00,1995-08-15T21:04:33+00:00,1995,False
dfd88baf-30f0-4e54-99c9-edf7d4d3f67e,65b95f0a-e27d-4536-b04e-4e17a726ed38,431855005,Chronic kidney disease stage 1 (disorder),,active,1995-08-15T21:04:33+00:00,1995-08-15T21:04:33+00:00,1995,True
520fdbad-7653-41d2-af7e-9c82d4d5248e,65b95f0a-e27d-4536-b04e-4e17a726ed38,237602007,Metabolic syndrome X (disorder),,active,1995-08-15T21:04:33+00:00,1995-08-15T21:04:33+00:00,1995,False
c3cc1827-c2e3-4c58-a54c-1ee3fdd400a4,65b95f0a-e27d-4536-b04e-4e17a726ed38,271737000,Anemia (disorder),,active,1994-03-22T21:04:33+00:00,1994-03-22T21:04:33+00:00,1994,False
28361ba1-a034-4401-9de1-7bf5c1c78248,65b95f0a-e27d-4536-b04e-4e17a726ed38,368581000119106,Neuropathy due to type 2 diabetes mellitus (disorder),,active,1994-03-29T21:04:33+00:00,1994-03-29T21:04:33+00:00,1994,True
92fd22dd-2986-4f7d-8b13-93a73ad8f0f3,65b95f0a-e27d-4536-b04e-4e17a726ed38,44054006,Diabetes,,active,1994-03-22T21:04:33+00:00,1994-03-22T21:04:33+00:00,1994,True
39869835-42a3-4546-9972-b99fb3e258f9,65b95f0a-e27d-4536-b04e-4e17a726ed38,403190006,First degree burn,,resolved,2015-09-12T21:04:33+00:00,2015-09-12T21:04:33+00:00,2015,False
bd82482d-b486-4f41-92a2-3c0c45cf5bca,65b95f0a-e27d-4536-b04e-4e17a726ed38,302870006,Hypertriglyceridemia (disorder),,active,1995-08-15T21:04:33+00:00,1995-08-15T21:04:33+00:00,1995,False
0d20d17e-8dcb-48e0-9be0-1a534296ecad,65b95f0a-e27d-4536-b04e-4e17a726ed38,239873007,Osteoarthritis of knee,,active,2004-10-06T21:04:33+00:00,2004-10-06T21:04:33+00:00,2004,True
9c1855a7-4f8e-4acc-b0ec-5bf36270a400,14867dba-fb11-4df3-9829-8e8e081b39e6,283385000,Laceration of thigh,,resolved,2016-06-08T00:54:07+00:00,2016-06-08T00:54:07+00:00,2016,False
257886be-2121-427d-9427-1e07ffb321d0,14867dba-fb11-4df3-9829-8e8e081b39e6,10509002,Acute bronchitis (disorder),,resolved,2012-12-29T00:54:07+00:00,2012-12-29T00:54:07+00:00,2012,False
bb487015-5aec-48a9-a726-7f64478423a1,754942e7-108b-47eb-87ea-b365264e7ee6,65363002,Otitis media,,resolved,2014-02-09T10:55:03+00:00,2014-02-09T10:55:03+00:00,2014,False
f51c3578-4681-407b-bd96-03f2a3cc0e0f,754942e7-108b-47eb-87ea-b365264e7ee6,444814009,Viral sinusitis (disorder),,resolved,2011-06-19T10:55:03+00:00,2011-06-19T10:55:03+00:00,2011,False
9c8e3f96-ed4b-41e8-8751-d260d2c58f93,754942e7-108b-47eb-87ea-b365264e7ee6,444814009,Viral sinusitis (disorder),,resolved,2016-10-09T10:55:03+00:00,2016-10-09T10:55:03+00:00,2016,False
c869ac71-025a-4473-a6ca-047065cd4187,754942e7-108b-47eb-87ea-b365264e7ee6,43878008,Streptococcal sore throat (disorder),,resolved,2011-12-29T10:55:03+00:00,2011-12-29T10:55:03+00:00,2011,False
c0d26bda-956e-45c6-8d4b-a43a80f7b57d,030b3765-844c-4cc1-a36f-974c37895eee,444814009,Viral sinusitis (disorder),,resolved,2020-08-19T21:58:38+00:00,2020-08-19T21:58:38+00:00,2020,False
190e1daf-ecbc-462d-8fcc-c3492e50746d,030b3765-844c-4cc1-a36f-974c37895eee,444814009,Viral sinusitis (disorder),,resolved,2013-02-07T21:58:38+00:00,2013-02-07T21:58:38+00:00,2013,False
563f2730-a752-438d-81f1-6189b8e6974e,030b3765-844c-4cc1-a36f-974c37895eee,195662009,Acute viral pharyngitis (disorder),,resolved,2011-10-18T21:58:38+00:00,2011-10-18T21:58:38+00:00,2011,False
1ef1c629-465b-4434-8701-b982faca4711,030b3765-844c-4cc1-a36f-974c37895eee,444814009,Viral sinusitis (disorder),,resolved,2020-10-04T21:58:38+00:00,2020-10-04T21:58:38+00:00,2020,False
18aadb74-92db-4d57-a3f4-828e919c70b1,030b3765-844c-4cc1-a36f-974c37895eee,10509002,Acute bronchitis (disorder),,resolved,2014-10-10T21:58:38+00:00,2014-10-10T21:58:38+00:00,2014,False
0f0fde19-444a-477f-8cee-5d04184d8dbc,030b3765-844c-4cc1-a36f-974c37895eee,72892002,Normal pregnancy,,resolved,2015-02-25T21:58:38+00:00,2015-02-25T21:58:38+00:00,2015,False
bf03a849-c50a-485a-a901-39c551cc4403,030b3765-844c-4cc1-a36f-974c37895eee,72892002,Normal pregnancy,,resolved,2014-10-29T21:58:38+00:00,2014-10-29T21:58:38+00:00,2014,False
a2cbc57a-14d4-4aa4-ae46-b400a269795e,aa0b29d0-6916-4fb7-85f0-6e42370dd5fa,195662009,Acute viral pharyngitis (disorder),,resolved,2013-03-29T16:42:48+00:00,2013-03-29T16:42:48+00:00,2013,False
c02b829d-23a0-4351-8a91-dad3d73d64c7,aa0b29d0-6916-4fb7-85f0-6e42370dd5fa,15777000,Prediabetes,,active,1994-05-16T16:42:48+00:00,1994-05-16T16:42:48+00:00,1994,True
64e8417c-03c7-45ea-ab6b-5c887bb1eeaa,aa0b29d0-6916-4fb7-85f0-6e42370dd5fa,195662009,Acute viral pharyngitis (disorder),,resolved,2019-06-13T16:42:48+00:00,2019-06-13T16:42:48+00:00,2019,False
7a32b099-e8e8-432d-83c1-d8ad8e5d9038,aa0b29d0-6916-4fb7-85f0-6e42370dd5fa,44465007,Sprain of ankle,,resolved,2018-11-30T16:42:48+00:00,2018-11-30T16:42:48+00:00,2018,False
82b337d1-45f6-4150-8ac4-de2b97be051e,aa0b29d0-6916-4fb7-85f0-6e42370dd5fa,162864005,Body mass index 30+ - obesity (finding),,active,1986-03-03T16:42:48+00:00,1986-03-03T16:42:48+00:00,1986,True
9182b3be-f48b-4f07-a03b-edf3bc6caf10,aa0b29d0-6916-4fb7-85f0-6e42370dd5fa,444814009,Viral sinusitis (disorder),,resolved,2018-11-30T16:42:48+00:00,2018-11-30T16:42:48+00:00,2018,False
74a7b81d-f4c8-473d-aa59-6f3fbc0a9321,aa0b29d0-6916-4fb7-85f0-6e42370dd5fa,444814009,Viral sinusitis (disorder),,resolved,2015-11-16T16:42:48+00:00,2015-11-16T16:42:48+00:00,2015,False
697616e1-bb5c-4616-ae7c-044cab55bd90,aa0b29d0-6916-4fb7-85f0-6e42370dd5fa,10509002,Acute bronchitis (disorder),,resolved,2020-02-08T16:42:48+00:00,2020-02-08T16:42:48+00:00,2020,False
cb175249-4666-49e4-bf7b-46722e635a73,cb0a84bd-b04c-458e-baa3-c9f89ca767d7,233678006,Childhood asthma,,active,2013-01-25T20:16:51+00:00,2013-01-25T20:16:51+00:00,2013,True
401ceaf5-53c8-44b9-a4b6-37ee26007e88,cb0a84bd-b04c-458e-baa3-c9f89ca767d7,283371005,Laceration of forearm,,resolved,2014-08-21T20:16:51+00:00,2014-08-21T20:16:51+00:00,2014,False
6b5323fa-eda5-4d43-80d6-3fb3e315cf7f,cb0a84bd-b04c-458e-baa3-c9f89ca767d7,10509002,Acute bronchitis (disorder),,resolved,2015-03-26T20:16:51+00:00,2015-03-26T20:16:51+00:00,2015,False
72aeb11f-5309-4bc4-bca3-fa3459bdd176,cb0a84bd-b04c-458e-baa3-c9f89ca767d7,10509002,Acute bronchitis (disorder),,resolved,2013-03-01T20:16:51+00:00,2013-03-01T20:16:51+00:00,2013,False
161eb832-97ea-4555-9746-1734c2c10fa2,0488ce70-f68d-45fb-b6a5-29684d0e4f35,444814009,Viral sinusitis (disorder),,resolved,2020-10-16T06:23:34+00:00,2020-10-16T06:23:34+00:00,2020,False
0ae0dda9-1e06-429c-afd7-16bd890d3f88,0488ce70-f68d-45fb-b6a5-29684d0e4f35,444814009,Viral sinusitis (disorder),,resolved,2012-03-19T06:23:34+00:00,2012-03-19T06:23:34+00:00,2012,False
9c7dcbb8-0aef-4951-a0cc-f1c2c01ea0f0,0488ce70-f68d-45fb-b6a5-29684d0e4f35,444814009,Viral sinusitis (disorder),,resolved,2013-08-09T06:23:34+00:00,2013-08-09T06:23:34+00:00,2013,False
18bc1d28-b980-4ce5-89b7-cc2cc904f310,0488ce70-f68d-45fb-b6a5-29684d0e4f35,162864005,Body mass index 30+ - obesity (finding),,active,1999-04-30T06:23:34+00:00,1999-04-30T06:23:34+00:00,1999,True
04fe3ce4-3c5e-4eb8-a9f1-06b54bfc65b2,0488ce70-f68d-45fb-b6a5-29684d0e4f35,43878008,Streptococcal sore throat (disorder),,resolved,2013-09-06T06:23:34+00:00,2013-09-06T06:23:34+00:00,2013,False
c2da1e81-12c6-4083-97c1-1761298ac982,0488ce70-f68d-45fb-b6a5-29684d0e4f35,239873007,Osteoarthritis of knee,,active,2010-07-30T06:23:34+00:00,2010-07-30T06:23:34+00:00,2010,True
48f2f0f7-ca2f-41de-80f5-a3765e56bebe,0488ce70-f68d-45fb-b6a5-29684d0e4f35,55822004,Hyperlipidemia,,active,2009-05-22T06:23:34+00:00,2009-05-22T06:23:34+00:00,2009,True
4a836c93-ba6c-4a51-b695-7511caa8b936,ede897d1-b0d4-4401-9c8b-45ccf637cbbd,38341003,Hypertension,,active,1950-01-24T15:27:00+00:00,1950-01-24T15:27:00+00:00,1950,True
46babe53-8726-41a8-abec-a7015d155c22,ede897d1-b0d4-4401-9c8b-45ccf637cbbd,68496003,Polyp of colon,,resolved,1987-10-11T15:27:00+00:00,1987-10-11T15:27:00+00:00,1987,False
c77f8ebb-d673-469a-aa59-0431292eb5ba,ede897d1-b0d4-4401-9c8b-45ccf637cbbd,271737000,Anemia (disorder),,active,1994-01-09T15:27:00+00:00,1994-01-09T15:27:00+00:00,1994,False
1bd6939d-e1d1-4573-a410-b7e08d488ca1,ede897d1-b0d4-4401-9c8b-45ccf637cbbd,68496003,Polyp of colon,,active,1994-01-02T15:27:00+00:00,1994-01-02T15:27:00+00:00,1994,False
3efa1a5f-584e-4152-acda-e32ddb24fb12,ede897d1-b0d4-4401-9c8b-45ccf637cbbd,68496003,Polyp of colon,,resolved,1981-08-18T15:27:00+00:00,1981-08-18T15:27:00+00:00,1981,False
a3effcb9-5690-489e-ac29-65df48d6eff8,ede897d1-b0d4-4401-9c8b-45ccf637cbbd,87433001,Pulmonary emphysema (disorder),,active,2001-05-29T15:27:00+00:00,2001-05-29T15:27:00+00:00,2001,False
89e70be8-7d23-497a-9137-eeb64b60a8f3,ede897d1-b0d4-4401-9c8b-45ccf637cbbd,162864005,Body mass index 30+ - obesity (finding),,active,1977-09-06T15:27:00+00:00,1977-09-06T15:27:00+00:00,1977,True
b0900790-3adc-4481-be34-4f94373afe0c,ede897d1-b0d4-4401-9c8b-45ccf637cbbd,10509002,Acute bronchitis (disorder),,resolved,2020-02-13T15:27:00+00:00,2020-02-13T15:27:00+00:00,2020,False
6caa3c3c-abee-45b4-96b8-12fb8fd049a1,ede897d1-b0d4-4401-9c8b-45ccf637cbbd,55822004,Hyperlipidemia,,active,1988-03-15T15:27:00+00:00,1988-03-15T15:27:00+00:00,1988,True
bd85db98-d33b-4bb6-a8f7-871a3b79117a,4bd94092-ce3a-404a-8d16-d6c84b9617bc,398254007,Preeclampsia,,resolved,2018-10-16T08:11:23+00:00,2018-10-16T08:11:23+00:00,2018,False
f6b8bfa4-5a2a-439b-98a0-da57008b1a46,4bd94092-ce3a-404a-8d16-d6c84b9617bc,38341003,Hypertension,,active,2020-06-23T08:11:23+00:00,2020-06-23T08:11:23+00:00,2020,True
fa54182d-367a-4de1-aa2f-347196330be2,4bd94092-ce3a-404a-8d16-d6c84b9617bc,72892002,Normal pregnancy,,resolved,2019-12-24T08:11:23+00:00,2019-12-24T08:11:23+00:00,2019,False
bb400258-a131-4460-a264-dbf51e6eca0f,4bd94092-ce3a-404a-8d16-d6c84b9617bc,72892002,Normal pregnancy,,resolved,2018-05-01T08:11:23+00:00,2018-05-01T08:11:23+00:00,2018,False
904346fb-563c-43dc-89e1-6403774d1430,7c058fdc-75a9-4837-bedf-3bf1924311b7,44465007,Sprain of ankle,,resolved,2014-02-08T09:24:03+00:00,2014-02-08T09:24:03+00:00,2014,False
c320408f-b96c-4eb6-a58a-43a5598047d5,7c058fdc-75a9-4837-bedf-3bf1924311b7,43878008,Streptococcal sore throat (disorder),,resolved,2011-11-08T09:24:03+00:00,2011-11-08T09:24:03+00:00,2011,False
8f4fea74-a449-4f4b-a30d-277f72698e0c,dc877b20-081d-4109-9e97-99f0fdc58287,83664006,Idiopathic atrophic hypothyroidism,,active,2017-06-02T17:09:13+00:00,2017-06-02T17:09:13+00:00,2017,True
db418692-becd-4e0d-a500-9702f754029d,dc877b20-081d-4109-9e97-99f0fdc58287,162864005,Body mass index 30+ - obesity (finding),,active,2006-06-24T17:09:13+00:00,2006-06-24T17:09:13+00:00,2006,True
01a8c09b-9be2-4a89-b186-d5971b1e9539,dc877b20-081d-4109-9e97-99f0fdc58287,271737000,Anemia (disorder),,active,2017-06-02T17:09:13+00:00,2017-06-02T17:09:13+00:00,2017,False
9d00779b-e6ef-4ccb-8cf9-a1750f5d807c,dc877b20-081d-4109-9e97-99f0fdc58287,195662009,Acute viral pharyngitis (disorder),,resolved,2016-10-14T17:09:13+00:00,2016-10-14T17:09:13+00:00,2016,False
790c6e26-0244-4c2b-b554-3949c42b3cd4,dc877b20-081d-4109-9e97-99f0fdc58287,444814009,Viral sinusitis (disorder),,resolved,2015-12-19T17:09:13+00:00,2015-12-19T17:09:13+00:00,2015,False
b75d7cf3-cb92-4297-8239-8a6c80d54212,775ae455-7966-416e-8d04-fd0b8fdac28f,444814009,Viral sinusitis (disorder),,resolved,2018-01-18T22:56:38+00:00,2018-01-18T22:56:38+00:00,2018,False
d3f040a6-e046-4c84-9f69-6d8e678e55e9,775ae455-7966-416e-8d04-fd0b8fdac28f,72892002,Normal pregnancy,,resolved,2014-10-18T22:56:38+00:00,2014-10-18T22:56:38+00:00,2014,False
690727a3-7466-45f4-8751-d9d230d78950,775ae455-7966-416e-8d04-fd0b8fdac28f,72892002,Normal pregnancy,,resolved,2020-02-08T22:56:38+00:00,2020-02-08T22:56:38+00:00,2020,False
bd238928-a646-4c9b-a6a1-159573cfb2c0,775ae455-7966-416e-8d04-fd0b8fdac28f,72892002,Normal pregnancy,,resolved,2019-09-07T22:56:38+00:00,2019-09-07T22:56:38+00:00,2019,False
7ca03898-ebf1-4f08-b349-1d30c75770e5,775ae455-7966-416e-8d04-fd0b8fdac28f,72892002,Normal pregnancy,,resolved,2018-03-17T22:56:38+00:00,2018-03-17T22:56:38+00:00,2018,False
c02431c5-856d-408f-aff7-8c4b5b4e2806,08bb5ad8-79b2-47ef-a0ad-81ef0b4ab2c3,82423001,Chronic pain,,active,1992-02-05T07:44:08+00:00,1992-02-05T07:44:08+00:00,1992,False
d2a15944-b07b-4162-80a0-711d5409cf22,08bb5ad8-79b2-47ef-a0ad-81ef0b4ab2c3,196416002,Impacted molars,,active,1992-10-24T07:44:08+00:00,1992-10-24T07:44:08+00:00,1992,False
f3b3696e-7baa-40a1-b31f-12b6654f2733,08bb5ad8-79b2-47ef-a0ad-81ef0b4ab2c3,55680006,Drug overdose,,active,2001-03-04T07:44:08+00:00,2001-03-04T07:44:08+00:00,2001,False
182ed4c3-d47c-4ac7-9a7e-a0594d0e526a,08bb5ad8-79b2-47ef-a0ad-81ef0b4ab2c3,185086009,Chronic obstructive bronchitis (disorder),,active,2000-06-17T07:44:08+00:00,2000-06-17T07:44:08+00:00,2000,False
39489b95-125c-4c64-a0b6-1c792e0fb3fd,08bb5ad8-79b2-47ef-a0ad-81ef0b4ab2c3,124171000119105,Chronic intractable migraine without aura,,active,1992-08-06T07:44:08+00:00,1992-08-06T07:44:08+00:00,1992,False
0a6304ad-720a-4363-8af8-34ce75951e5e,08bb5ad8-79b2-47ef-a0ad-81ef0b4ab2c3,49436004,Atrial Fibrillation,,active,1986-07-26T07:44:08+00:00,1986-07-26T07:44:08+00:00,1986,True
bbb08542-a8c0-4fa1-9422-de2d8bd9464f,08bb5ad8-79b2-47ef-a0ad-81ef0b4ab2c3,444814009,Viral sinusitis (disorder),,resolved,2000-08-24T07:44:08+00:00,2000-08-24T07:44:08+00:00,2000,False
f0696d05-d1c1-4174-ac69-23d81030518e,08bb5ad8-79b2-47ef-a0ad-81ef0b4ab2c3,195662009,Acute viral pharyngitis (disorder),,resolved,1993-05-28T07:44:08+00:00,1993-05-28T07:44:08+00:00,1993,False
a795e732-19fe-4bb7-8667-af4cf6cefb09,87a339d0-8cae-418e-89c7-8651e6aab3c6,195662009,Acute viral pharyngitis (disorder),,resolved,2014-04-22T23:17:40+00:00,2014-04-22T23:17:40+00:00,2014,False
40730c37-9038-435b-8d9a-d2019d15e8a2,87a339d0-8cae-418e-89c7-8651e6aab3c6,444814009,Viral sinusitis (disorder),,resolved,2017-10-22T23:17:40+00:00,2017-10-22T23:17:40+00:00,2017,False
aed663ad-9161-412c-bab0-392e89da8039,87a339d0-8cae-418e-89c7-8651e6aab3c6,80394007,Hyperglycemia (disorder),,active,2004-03-17T23:17:40+00:00,2004-03-17T23:17:40+00:00,2004,False
afdf14ba-3b6a-44c7-b684-67131f41b802,87a339d0-8cae-418e-89c7-8651e6aab3c6,271737000,Anemia (disorder),,active,1987-04-01T23:17:40+00:00,1987-04-01T23:17:40+00:00,1987,False
a1b4deb7-3b61-4af5-bb7b-1fe0c0b0f65b,87a339d0-8cae-418e-89c7-8651e6aab3c6,55680006,Drug overdose,,active,1993-07-22T23:17:40+00:00,1993-07-22T23:17:40+00:00,1993,False
3976bf4f-040d-472e-bd3c-fc1fb222f79c,87a339d0-8cae-418e-89c7-8651e6aab3c6,368581000119106,Neuropathy due to type 2 diabetes mellitus (disorder),,active,1991-05-29T23:17:40+00:00,1991-05-29T23:17:40+00:00,1991,True
c4ba3c20-b56c-4064-a9de-f04354b91732,87a339d0-8cae-418e-89c7-8651e6aab3c6,82423001,Chronic pain,,active,1992-05-14T23:17:40+00:00,1992-05-14T23:17:40+00:00,1992,False
1a0a6cb0-6d82-4054-a3bc-8f64ae3694dd,87a339d0-8cae-418e-89c7-8651e6aab3c6,44054006,Diabetes,,active,1987-04-01T23:17:40+00:00,1987-04-01T23:17:40+00:00,1987,True
2eb4e29a-86f5-4d43-9dbe-f990699fdf0c,87a339d0-8cae-418e-89c7-8651e6aab3c6,237602007,Metabolic syndrome X (disorder),,active,1990-04-04T23:17:40+00:00,1990-04-04T23:17:40+00:00,1990,False
be3e0998-c56e-42d2-91b4-1003ee418df1,87a339d0-8cae-418e-89c7-8651e6aab3c6,302870006,Hypertriglyceridemia (disorder),,active,1990-04-04T23:17:40+00:00,1990-04-04T23:17:40+00:00,1990,False
c1832343-ca72-4cbb-9267-186eb6e31610,87a339d0-8cae-418e-89c7-8651e6aab3c6,196416002,Impacted molars,,active,1992-09-25T23:17:40+00:00,1992-09-25T23:17:40+00:00,1992,False
1e149f49-f818-4b0f-a650-0159ac1ca78c,87a339d0-8cae-418e-89c7-8651e6aab3c6,195662009,Acute viral pharyngitis (disorder),,resolved,2012-12-19T23:17:40+00:00,2012-12-19T23:17:40+00:00,2012,False
d7868ac2-7201-4cdf-84de-3150ab62115c,87a339d0-8cae-418e-89c7-8651e6aab3c6,124171000119105,Chronic intractable migraine without aura,,active,1991-12-06T23:17:40+00:00,1991-12-06T23:17:40+00:00,1991,False
fa9ca4ce-f122-451e-924f-5c91154c9875,87a339d0-8cae-418e-89c7-8651e6aab3c6,15777000,Prediabetes,,active,1984-03-28T23:17:40+00:00,1984-03-28T23:17:40+00:00,1984,True
3d323690-7277-40b1-b569-6e5d4087cd96,87a339d0-8cae-418e-89c7-8651e6aab3c6,10509002,Acute bronchitis (disorder),,resolved,2015-03-05T23:17:40+00:00,2015-03-05T23:17:40+00:00,2015,False
728c6e58-ac9f-4c16-93ee-c16df97bad10,018f428e-34f6-4707-8009-5ad742f901e7,444470001,Injury of anterior cruciate ligament,,resolved,2017-03-21T23:37:54+00:00,2017-03-21T23:37:54+00:00,2017,False
9c2a53aa-db1e-4be5-a901-ab0f92deb42d,018f428e-34f6-4707-8009-5ad742f901e7,444814009,Viral sinusitis (disorder),,resolved,2017-07-27T23:37:54+00:00,2017-07-27T23:37:54+00:00,2017,False
e5e50c51-acd9-4716-b4dc-4e245ca9f8c2,018f428e-34f6-4707-8009-5ad742f901e7,162864005,Body mass index 30+ - obesity (finding),,active,1991-06-07T23:37:54+00:00,1991-06-07T23:37:54+00:00,1991,True
5e0f1111-c534-45cb-a5d3-1a74c3957320,689892bd-dcbe-41fc-8651-38a1d0893854,195662009,Acute viral pharyngitis (disorder),,resolved,2014-10-30T04:51:58+00:00,2014-10-30T04:51:58+00:00,2014,False
ccf8b287-a711-4cea-9889-b437f98d7d66,689892bd-dcbe-41fc-8651-38a1d0893854,195662009,Acute viral pharyngitis (disorder),,resolved,2018-05-09T04:51:58+00:00,2018-05-09T04:51:58+00:00,2018,False
8a1daf0d-7157-451a-b5cf-a9f2a515d627,689892bd-dcbe-41fc-8651-38a1d0893854,444814009,Viral sinusitis (disorder),,resolved,2016-08-11T04:51:58+00:00,2016-08-11T04:51:58+00:00,2016,False
cc7de0d8-9c6f-4ce5-9502-946a22348676,689892bd-dcbe-41fc-8651-38a1d0893854,444814009,Viral sinusitis (disorder),,resolved,2018-10-28T04:51:58+00:00,2018-10-28T04:51:58+00:00,2018,False
1fd12a39-b89f-45cb-b590-3a91058154e8,689892bd-dcbe-41fc-8651-38a1d0893854,195662009,Acute viral pharyngitis (disorder),,resolved,2017-02-28T04:51:58+00:00,2017-02-28T04:51:58+00:00,2017,False
70755b14-5a5d-4cf8-a394-98e7ffeac6e6,689892bd-dcbe-41fc-8651-38a1d0893854,162864005,Body mass index 30+ - obesity (finding),,active,1993-08-23T04:51:58+00:00,1993-08-23T04:51:58+00:00,1993,True
f67e43d6-d1b8-4bd8-a748-e5dbd1f86681,689892bd-dcbe-41fc-8651-38a1d0893854,38341003,Hypertension,,active,1983-08-08T04:51:58+00:00,1983-08-08T04:51:58+00:00,1983,True
ff517325-c170-4559-bab2-718d8627df03,689892bd-dcbe-41fc-8651-38a1d0893854,19169002,Miscarriage in first trimester,,active,1987-01-05T04:51:58+00:00,1987-01-05T04:51:58+00:00,1987,False
9ae04cdf-d630-47aa-ad07-e79653143c16,689892bd-dcbe-41fc-8651-38a1d0893854,55822004,Hyperlipidemia,,active,2016-11-21T04:51:58+00:00,2016-11-21T04:51:58+00:00,2016,True
d650f3ad-ee96-4165-bbc0-0415d1b4c756,9e691882-981e-4dd3-af5e-be44d315d715,444814009,Viral sinusitis (disorder),,resolved,2012-09-13T00:39:23+00:00,2012-09-13T00:39:23+00:00,2012,False
c3193e4b-4f2a-46ec-b920-3960534c1ed4,9e691882-981e-4dd3-af5e-be44d315d715,19169002,Miscarriage in first trimester,,active,2020-06-11T00:39:23+00:00,2020-06-11T00:39:23+00:00,2020,False
e8db6460-0962-42c4-8d8d-7c4afc2b19cd,9e691882-981e-4dd3-af5e-be44d315d715,195662009,Acute viral pharyngitis (disorder),,resolved,2018-04-18T00:39:23+00:00,2018-04-18T00:39:23+00:00,2018,False
0b57ed18-acc2-4794-af0a-165dae955c8a,9e691882-981e-4dd3-af5e-be44d315d715,370247008,Facial laceration,,resolved,2015-07-20T00:39:23+00:00,2015-07-20T00:39:23+00:00,2015,False
a00860eb-bd95-4dca-bbeb-71c49016daf1,9e691882-981e-4dd3-af5e-be44d315d715,444814009,Viral sinusitis (disorder),,resolved,2020-04-01T00:39:23+00:00,2020-04-01T00:39:23+00:00,2020,False
506f13cf-7931-4a15-ac8b-db9d784fd8b5,9e691882-981e-4dd3-af5e-be44d315d715,79586000,Tubal pregnancy,,active,2020-11-26T00:39:23+00:00,2020-11-26T00:39:23+00:00,2020,False
71a1f74d-0735-4d7e-a95a-32ecdd4f3b9b,9e691882-981e-4dd3-af5e-be44d315d715,43878008,Streptococcal sore throat (disorder),,resolved,2021-03-14T00:39:23+00:00,2021-03-14T00:39:23+00:00,2021,False
ee2899a6-26c3-4704-a4a4-2b71f65be3bc,9e691882-981e-4dd3-af5e-be44d315d715,43878008,Streptococcal sore throat (disorder),,resolved,2011-05-28T00:39:23+00:00,2011-05-28T00:39:23+00:00,2011,False
6b6b68e9-0969-44b9-9c9e-e52436da96c8,9e691882-981e-4dd3-af5e-be44d315d715,284551006,Laceration of foot,,resolved,2013-11-06T00:39:23+00:00,2013-11-06T00:39:23+00:00,2013,False
cfcbc7d3-c2f6-41d3-a73c-dbc885974128,9e691882-981e-4dd3-af5e-be44d315d715,195662009,Acute viral pharyngitis (disorder),,resolved,2015-04-21T00:39:23+00:00,2015-04-21T00:39:23+00:00,2015,False
728846e8-8b16-4c58-9937-473106ec9563,9e691882-981e-4dd3-af5e-be44d315d715,72892002,Normal pregnancy,,resolved,2020-11-26T00:39:23+00:00,2020-11-26T00:39:23+00:00,2020,False
ed80cdbf-9b46-48cc-b093-ba550cec9524,9e691882-981e-4dd3-af5e-be44d315d715,72892002,Normal pregnancy,,resolved,2020-06-11T00:39:23+00:00,2020-06-11T00:39:23+00:00,2020,False
f058a2fe-0fdd-4850-96fc-351783a63440,9e691882-981e-4dd3-af5e-be44d315d715,72892002,Normal pregnancy,,resolved,2019-07-04T00:39:23+00:00,2019-07-04T00:39:23+00:00,2019,False
3c3fc654-eda4-43e5-a902-0c022e59b37b,9e691882-981e-4dd3-af5e-be44d315d715,72892002,Normal pregnancy,,resolved,2013-04-11T00:39:23+00:00,2013-04-11T00:39:23+00:00,2013,False
23f730a3-ac02-4d64-acb8-95791fcd5c97,eedd6def-8163-4238-825f-19e8bbd63d34,15777000,Prediabetes,,active,1940-04-26T12:07:22+00:00,1940-04-26T12:07:22+00:00,1940,True
ccfc6296-6a0f-493b-b1a9-f75a5110f849,eedd6def-8163-4238-825f-19e8bbd63d34,36971009,Sinusitis (disorder),,resolved,2014-09-18T12:07:22+00:00,2014-09-18T12:07:22+00:00,2014,False
c023b28d-57e5-4c42-9177-fcdee35a03b7,eedd6def-8163-4238-825f-19e8bbd63d34,271737000,Anemia (disorder),,active,1940-04-26T12:07:22+00:00,1940-04-26T12:07:22+00:00,1940,False
ac6cf955-3595-442e-bf21-6dc1c2e87abf,eedd6def-8163-4238-825f-19e8bbd63d34,49436004,Atrial Fibrillation,,active,2020-08-14T12:07:22+00:00,2020-08-14T12:07:22+00:00,2020,True
777889b0-4133-47f3-a3c4-08af8f1efbd4,eedd6def-8163-4238-825f-19e8bbd63d34,444814009,Viral sinusitis (disorder),,resolved,2018-12-15T12:07:22+00:00,2018-12-15T12:07:22+00:00,2018,False
9d11f5d4-7289-4120-b684-cd66761696ce,eedd6def-8163-4238-825f-19e8bbd63d34,40055000,Chronic sinusitis (disorder),,resolved,2014-10-02T12:07:22+00:00,2014-10-02T12:07:22+00:00,2014,False
bdbed2c5-d447-409a-b6e3-a35770b961b2,eedd6def-8163-4238-825f-19e8bbd63d34,284551006,Laceration of foot,,resolved,2018-11-15T12:07:22+00:00,2018-11-15T12:07:22+00:00,2018,False
99c3612f-a3f6-4817-a968-756a57f276e2,6daf3d7c-1620-4d79-9396-990469306470,444814009,Viral sinusitis (disorder),,resolved,2017-05-02T11:09:14+00:00,2017-05-02T11:09:14+00:00,2017,False
7bafd25c-c385-4c6c-b6e1-185ae0d98487,6daf3d7c-1620-4d79-9396-990469306470,10509002,Acute bronchitis (disorder),,resolved,2017-06-23T11:09:14+00:00,2017-06-23T11:09:14+00:00,2017,False
744f74fa-679f-4fbb-bbb6-5041d561657c,6daf3d7c-1620-4d79-9396-990469306470,75498004,Acute bacterial sinusitis (disorder),,resolved,2019-02-03T11:09:14+00:00,2019-02-03T11:09:14+00:00,2019,False
03163699-78a8-4f07-94b3-6124cfcebffd,6daf3d7c-1620-4d79-9396-990469306470,444814009,Viral sinusitis (disorder),,resolved,2020-12-15T11:09:14+00:00,2020-12-15T11:09:14+00:00,2020,False
3b3314a9-2d2e-4cfd-8f42-ae4d866d3539,6daf3d7c-1620-4d79-9396-990469306470,446096008,Perennial allergic rhinitis,,active,2017-04-10T11:09:14+00:00,2017-04-10T11:09:14+00:00,2017,False
f9281d2d-9199-4cff-8ba9-3aa92b725a9d,6daf3d7c-1620-4d79-9396-990469306470,233678006,Childhood asthma,,active,2018-04-10T11:09:14+00:00,2018-04-10T11:09:14+00:00,2018,True
e04de373-57bc-4bd0-bd3c-6823c94e3536,6daf3d7c-1620-4d79-9396-990469306470,195662009,Acute viral pharyngitis (disorder),,resolved,2020-08-09T11:09:14+00:00,2020-08-09T11:09:14+00:00,2020,False
f18afd21-7645-4c25-ac62-efc83d8f4d34,86512c6f-caf6-41f4-9503-e4270b37b94f,444814009,Viral sinusitis (disorder),,resolved,2015-03-24T19:22:25+00:00,2015-03-24T19:22:25+00:00,2015,False
1396d190-16f1-4413-8c85-e5b2290b5659,86512c6f-caf6-41f4-9503-e4270b37b94f,195662009,Acute viral pharyngitis (disorder),,resolved,2014-03-23T19:22:25+00:00,2014-03-23T19:22:25+00:00,2014,False
de56087e-9628-448e-8013-23b9de97e41e,86512c6f-caf6-41f4-9503-e4270b37b94f,10509002,Acute bronchitis (disorder),,resolved,2016-03-12T19:22:25+00:00,2016-03-12T19:22:25+00:00,2016,False
498124e4-5f85-4b5a-8580-25fc75afaf3c,86512c6f-caf6-41f4-9503-e4270b37b94f,195662009,Acute viral pharyngitis (disorder),,resolved,2016-07-26T19:22:25+00:00,2016-07-26T19:22:25+00:00,2016,False
554fa439-3c64-4add-9243-63a6b62aedc9,a8ddde95-60c6-4aae-9db8-bb863179ebc3,195662009,Acute viral pharyngitis (disorder),,resolved,2019-05-11T14:40:43+00:00,2019-05-11T14:40:43+00:00,2019,False
e9ec3e8a-24ed-4957-a6df-763084822e95,a8ddde95-60c6-4aae-9db8-bb863179ebc3,195662009,Acute viral pharyngitis (disorder),,resolved,2012-06-23T14:40:43+00:00,2012-06-23T14:40:43+00:00,2012,False
845c5b7c-5133-4343-97fe-ed79f9e52cee,a8ddde95-60c6-4aae-9db8-bb863179ebc3,162864005,Body mass index 30+ - obesity (finding),,active,1996-02-26T14:40:43+00:00,1996-02-26T14:40:43+00:00,1996,True
b4313aa5-17d0-4fcd-a246-fbc5b67aa297,a8ddde95-60c6-4aae-9db8-bb863179ebc3,53741008,Coronary Heart Disease,,active,1966-12-05T14:40:43+00:00,1966-12-05T14:40:43+00:00,1966,False
c8533809-bd9c-4bf0-b44c-8e9b3b9caa18,a8ddde95-60c6-4aae-9db8-bb863179ebc3,19169002,Miscarriage in first trimester,,active,1984-04-02T14:40:43+00:00,1984-04-02T14:40:43+00:00,1984,False
c9f33ae9-9e6a-46a5-99b9-7c67b1b65a43,a8ddde95-60c6-4aae-9db8-bb863179ebc3,195662009,Acute viral pharyngitis (disorder),,resolved,2014-09-20T14:40:43+00:00,2014-09-20T14:40:43+00:00,2014,False
a8d8b665-1345-4d1a-a3f3-ec3e3d8cd914,a8ddde95-60c6-4aae-9db8-bb863179ebc3,49436004,Atrial Fibrillation,,active,2005-02-21T14:40:43+00:00,2005-02-21T14:40:43+00:00,2005,True
56630dfb-dd1b-4430-87ab-c939705cf115,a8ddde95-60c6-4aae-9db8-bb863179ebc3,185086009,Chronic obstructive bronchitis (disorder),,active,2007-03-05T14:40:43+00:00,2007-03-05T14:40:43+00:00,2007,False
fc1bac5e-e152-421e-9544-5a6464fe5527,a8ddde95-60c6-4aae-9db8-bb863179ebc3,62564004,Concussion with loss of consciousness,,resolved,2016-02-14T14:40:43+00:00,2016-02-14T14:40:43+00:00,2016,False
edbacc33-aac6-4395-9554-d9e47b04c577,bfa92124-f8a9-4bc3-92ff-fcc768685b5e,40275004,Contact dermatitis,,resolved,2014-03-24T02:09:52+00:00,2014-03-24T02:09:52+00:00,2014,False
70e0d88d-b190-47b2-8556-2b181551a3b4,bfa92124-f8a9-4bc3-92ff-fcc768685b5e,10509002,Acute bronchitis (disorder),,resolved,2013-07-08T02:09:52+00:00,2013-07-08T02:09:52+00:00,2013,False
7e1398e0-7a69-432f-a5ac-6aa769504ee0,bfa92124-f8a9-4bc3-92ff-fcc768685b5e,10509002,Acute bronchitis (disorder),,resolved,2012-03-29T02:09:52+00:00,2012-03-29T02:09:52+00:00,2012,False
66731574-3e17-4586-b4b8-f7eeb9f7df06,bfa92124-f8a9-4bc3-92ff-fcc768685b5e,72892002,Normal pregnancy,,resolved,2019-05-17T02:09:52+00:00,2019-05-17T02:09:52+00:00,2019,False
615436f8-45b3-4c89-b199-18ef57eddb54,bfa92124-f8a9-4bc3-92ff-fcc768685b5e,72892002,Normal pregnancy,,resolved,2015-06-05T02:09:52+00:00,2015-06-05T02:09:52+00:00,2015,False
88460f0e-03fb-4b74-bfa7-e595c1f5e74b,546ebc02-7a24-497f-bcbc-e3bb473dac7a,75498004,Acute bacterial sinusitis (disorder),,resolved,2020-05-11T11:51:55+00:00,2020-05-11T11:51:55+00:00,2020,False
5a583f48-0c7d-488d-9612-b9206c826d49,546ebc02-7a24-497f-bcbc-e3bb473dac7a,19169002,Miscarriage in first trimester,,active,1973-01-26T11:51:55+00:00,1973-01-26T11:51:55+00:00,1973,False
12c22a6c-42f9-4bdd-8a69-ad086916d82e,546ebc02-7a24-497f-bcbc-e3bb473dac7a,15777000,Prediabetes,,active,1989-09-01T11:51:55+00:00,1989-09-01T11:51:55+00:00,1989,True
cb124a05-d002-4362-aacc-534bbf59825d,546ebc02-7a24-497f-bcbc-e3bb473dac7a,271737000,Anemia (disorder),,active,1989-09-01T11:51:55+00:00,1989-09-01T11:51:55+00:00,1989,False
9c50cd41-ee71-4f27-bbc6-db1c658aac98,546ebc02-7a24-497f-bcbc-e3bb473dac7a,10509002,Acute bronchitis (disorder),,resolved,2020-04-16T11:51:55+00:00,2020-04-16T11:51:55+00:00,2020,False
ea797863-8522-4cb2-b123-875d42a5209e,ebd50853-8a52-423a-8f6d-cb6dda740a1a,195662009,Acute viral pharyngitis (disorder),,resolved,2015-03-25T06:12:43+00:00,2015-03-25T06:12:43+00:00,2015,False
83c437fb-84ec-40df-ba86-b2b9cba5357b,ebd50853-8a52-423a-8f6d-cb6dda740a1a,444814009,Viral sinusitis (disorder),,resolved,2019-11-30T06:12:43+00:00,2019-11-30T06:12:43+00:00,2019,False
39a37f19-699d-4d00-b729-2c649b8157a6,ebd50853-8a52-423a-8f6d-cb6dda740a1a,444814009,Viral sinusitis (disorder),,resolved,2015-05-12T06:12:43+00:00,2015-05-12T06:12:43+00:00,2015,False
ce64e1a7-e6f8-4217-966b-ea9a47d6cd45,ebd50853-8a52-423a-8f6d-cb6dda740a1a,15777000,Prediabetes,,active,1971-07-13T06:12:43+00:00,1971-07-13T06:12:43+00:00,1971,True
8743955d-7c53-4529-afb9-c04ec66ccef7,ebd50853-8a52-423a-8f6d-cb6dda740a1a,307731004,Injury of tendon of the rotator cuff of shoulder,,resolved,2015-11-02T06:12:43+00:00,2015-11-02T06:12:43+00:00,2015,False
f9bcfce5-46b7-4ebc-8d74-ba909198d774,ebd50853-8a52-423a-8f6d-cb6dda740a1a,271737000,Anemia (disorder),,active,1974-08-06T06:12:43+00:00,1974-08-06T06:12:43+00:00,1974,False
46442c74-1937-4016-94b5-28be59de9847,ebd50853-8a52-423a-8f6d-cb6dda740a1a,55822004,Hyperlipidemia,,active,2011-05-24T06:12:43+00:00,2011-05-24T06:12:43+00:00,2011,True
64f41126-45d9-431c-b8f4-afe77cb14d10,ebd50853-8a52-423a-8f6d-cb6dda740a1a,26929004,Alzheimer's disease (disorder),,active,2018-07-03T06:12:43+00:00,2018-07-03T06:12:43+00:00,2018,False
c3ea8cdc-566c-43c8-bae2-bb4894eee016,ebd50853-8a52-423a-8f6d-cb6dda740a1a,195662009,Acute viral pharyngitis (disorder),,resolved,2020-10-05T06:12:43+00:00,2020-10-05T06:12:43+00:00,2020,False
4a3091a3-5906-4bf9-8ed8-124bf7c6510c,ebd50853-8a52-423a-8f6d-cb6dda740a1a,49436004,Atrial Fibrillation,,active,2014-06-10T06:12:43+00:00,2014-06-10T06:12:43+00:00,2014,True
9ce480f9-a7b9-436e-a498-74eb4054e522,39e53c6f-309b-4ed7-b650-79a4ef7b1e99,10509002,Acute bronchitis (disorder),,resolved,2019-04-09T19:57:28+00:00,2019-04-09T19:57:28+00:00,2019,False
bfd9c898-dda2-4492-9508-9c2c99de91dc,39e53c6f-309b-4ed7-b650-79a4ef7b1e99,62106007,Concussion with no loss of consciousness,,resolved,2016-11-25T19:57:28+00:00,2016-11-25T19:57:28+00:00,2016,False
4ee58df5-5f8a-4950-9a59-4d7036ddc31f,39e53c6f-309b-4ed7-b650-79a4ef7b1e99,44465007,Sprain of ankle,,resolved,2015-11-26T19:57:28+00:00,2015-11-26T19:57:28+00:00,2015,False
b35ed63c-ef80-455e-ae34-2cf8aa35f495,39e53c6f-309b-4ed7-b650-79a4ef7b1e99,444814009,Viral sinusitis (disorder),,resolved,2015-06-07T19:57:28+00:00,2015-06-07T19:57:28+00:00,2015,False
dafb27b4-606e-417a-a5ed-3d27173b1d4f,39e53c6f-309b-4ed7-b650-79a4ef7b1e99,38341003,Hypertension,,active,2005-09-18T19:57:28+00:00,2005-09-18T19:57:28+00:00,2005,True
4a3d5cf5-9c68-491c-86f6-fd3610c57060,e1943f44-dea5-4574-b824-622a5ddd2fd7,444814009,Viral sinusitis (disorder),,resolved,2013-02-18T05:14:29+00:00,2013-02-18T05:14:29+00:00,2013,False
830e0fb9-7a1b-4bec-b61a-5e349eb57a42,e1943f44-dea5-4574-b824-622a5ddd2fd7,284549007,Laceration of hand,,resolved,2019-10-01T05:14:29+00:00,2019-10-01T05:14:29+00:00,2019,False
5ce78903-2740-4c07-bf98-870c30a3933a,e1943f44-dea5-4574-b824-622a5ddd2fd7,72892002,Normal pregnancy,,resolved,2016-10-04T05:14:29+00:00,2016-10-04T05:14:29+00:00,2016,False
ba5fdf10-9a9a-4e53-820d-027d485516ba,e1943f44-dea5-4574-b824-622a5ddd2fd7,72892002,Normal pregnancy,,resolved,2012-02-28T05:14:29+00:00,2012-02-28T05:14:29+00:00,2012,False
9f7d94f8-ef46-4b5e-afac-aa838ad28422,e1943f44-dea5-4574-b824-622a5ddd2fd7,10509002,Acute bronchitis (disorder),,resolved,2011-08-01T05:14:29+00:00,2011-08-01T05:14:29+00:00,2011,False
8c4ebc5c-d11e-49ad-9dc3-f64b58777e08,20a30240-90e2-431b-8ce5-e47aa814d017,446096008,Perennial allergic rhinitis,,active,2019-09-14T18:12:58+00:00,2019-09-14T18:12:58+00:00,2019,False
e19e4cd5-fd80-4651-b391-4426f64827ad,20a30240-90e2-431b-8ce5-e47aa814d017,195662009,Acute viral pharyngitis (disorder),,resolved,2020-02-11T18:12:58+00:00,2020-02-11T18:12:58+00:00,2020,False
3b42c044-6c5c-4f27-abb6-a2104f8685c7,20a30240-90e2-431b-8ce5-e47aa814d017,10509002,Acute bronchitis (disorder),,resolved,2019-04-16T18:12:58+00:00,2019-04-16T18:12:58+00:00,2019,False
c56dbbc3-5c04-460e-baf6-de9e5da8dcd2,20a30240-90e2-431b-8ce5-e47aa814d017,241929008,Acute allergic reaction,,resolved,2015-03-07T18:12:58+00:00,2015-03-07T18:12:58+00:00,2015,False
0dacff22-c8e4-4489-92e8-a5afe7549c57,b96aa17a-6e5a-466c-9dd4-78fc74e4d6d2,195662009,Acute viral pharyngitis (disorder),,resolved,2019-09-10T00:39:32+00:00,2019-09-10T00:39:32+00:00,2019,False
7fa1d328-7f98-4ca0-b52a-76219b78d032,ca95b2c5-d306-44d4-a7fa-756de736e68e,38341003,Hypertension,,active,2017-09-02T05:17:03+00:00,2017-09-02T05:17:03+00:00,2017,True
dd1fa956-8de7-47fc-936e-90cf1197fa21,ca95b2c5-d306-44d4-a7fa-756de736e68e,195662009,Acute viral pharyngitis (disorder),,resolved,2020-11-25T05:17:03+00:00,2020-11-25T05:17:03+00:00,2020,False
a90b1e22-cf28-4fa6-8fbf-87c44be010e5,ca95b2c5-d306-44d4-a7fa-756de736e68e,444814009,Viral sinusitis (disorder),,resolved,2012-12-18T05:17:03+00:00,2012-12-18T05:17:03+00:00,2012,False
b18d2c62-fa95-4a94-ae69-21f6428a5a0f,ca95b2c5-d306-44d4-a7fa-756de736e68e,43878008,Streptococcal sore throat (disorder),,resolved,2013-11-07T05:17:03+00:00,2013-11-07T05:17:03+00:00,2013,False
2365ffb7-7ffa-41c8-86ef-f265911a135e,ca95b2c5-d306-44d4-a7fa-756de736e68e,195662009,Acute viral pharyngitis (disorder),,resolved,2016-12-30T05:17:03+00:00,2016-12-30T05:17:03+00:00,2016,False
9fad727e-fcc6-43b3-a02e-c764b17b3a1d,ca95b2c5-d306-44d4-a7fa-756de736e68e,72892002,Normal pregnancy,,resolved,2019-01-19T05:17:03+00:00,2019-01-19T05:17:03+00:00,2019,False
6d722cae-7dbf-4262-a0c2-9cadef128d14,4b65ed63-14ff-46f9-b336-1edb1ef1410e,284549007,Laceration of hand,,resolved,2016-10-17T09:15:51+00:00,2016-10-17T09:15:51+00:00,2016,False
6aef134f-860f-497b-904c-02897b5ef0f9,4b65ed63-14ff-46f9-b336-1edb1ef1410e,43878008,Streptococcal sore throat (disorder),,resolved,2015-03-01T09:15:51+00:00,2015-03-01T09:15:51+00:00,2015,False
ff42394f-57d2-49ee-9b91-8e88cf08ac8d,4b65ed63-14ff-46f9-b336-1edb1ef1410e,233678006,Childhood asthma,,active,2006-11-22T09:15:51+00:00,2006-11-22T09:15:51+00:00,2006,True
055b0f54-9d09-4569-8b44-e366a6f29c0d,7e1f4334-1a53-41a7-b07f-f0203bb55733,444814009,Viral sinusitis (disorder),,resolved,2010-08-07T06:58:56+00:00,2010-08-07T06:58:56+00:00,2010,False
6f55a9db-ec2a-48e6-be76-64fc6a11f34e,7e1f4334-1a53-41a7-b07f-f0203bb55733,444814009,Viral sinusitis (disorder),,resolved,2015-11-25T06:58:56+00:00,2015-11-25T06:58:56+00:00,2015,False
267f6155-eaf6-40ed-9ead-ac81ae8333bb,7e1f4334-1a53-41a7-b07f-f0203bb55733,40055000,Chronic sinusitis (disorder),,active,1982-10-21T06:58:56+00:00,1982-10-21T06:58:56+00:00,1982,False
2dedc41d-3614-4e0d-a289-a3007bd31abd,7e1f4334-1a53-41a7-b07f-f0203bb55733,162864005,Body mass index 30+ - obesity (finding),,active,1987-10-04T06:58:56+00:00,1987-10-04T06:58:56+00:00,1987,True
f1334c06-0b4e-4d7c-8a23-d024f7c962ac,7e1f4334-1a53-41a7-b07f-f0203bb55733,88805009,Chronic congestive heart failure (disorder),,active,2018-09-14T06:58:56+00:00,2018-09-14T06:58:56+00:00,2018,True
e8b2eb96-5ce9-4f28-b089-b138034cb763,7e1f4334-1a53-41a7-b07f-f0203bb55733,68496003,Polyp of colon,,resolved,2016-09-08T06:58:56+00:00,2016-09-08T06:58:56+00:00,2016,False
0712dd7a-79e7-4c86-97b2-1dc53a384f8b,7e1f4334-1a53-41a7-b07f-f0203bb55733,26929004,Alzheimer's disease (disorder),,active,2013-01-13T06:58:56+00:00,2013-01-13T06:58:56+00:00,2013,False
7ede8728-5833-4a96-aca1-e5f991f72245,ab245cab-fcbc-4d5f-a2e8-b9433fc7d26f,444814009,Viral sinusitis (disorder),,active,2021-03-25T05:46:38+00:00,2021-03-25T05:46:38+00:00,2021,False
b8a5cb9b-4c74-4a5f-9a1f-80c6c2b74a5d,ab245cab-fcbc-4d5f-a2e8-b9433fc7d26f,444814009,Viral sinusitis (disorder),,resolved,2001-04-27T05:46:38+00:00,2001-04-27T05:46:38+00:00,2001,False
4685505b-861b-4c67-b690-e5b7ab79f5fa,ab245cab-fcbc-4d5f-a2e8-b9433fc7d26f,128613002,Seizure disorder,,active,2017-06-21T05:46:38+00:00,2017-06-21T05:46:38+00:00,2017,False
42ace183-6349-427d-a7d1-1799141c2ed6,ab245cab-fcbc-4d5f-a2e8-b9433fc7d26f,444814009,Viral sinusitis (disorder),,resolved,1987-05-02T05:46:38+00:00,1987-05-02T05:46:38+00:00,1987,False
0992e1d2-d031-4658-bcd5-39473483edd9,ab245cab-fcbc-4d5f-a2e8-b9433fc7d26f,44465007,Sprain of ankle,,resolved,2013-03-05T05:46:38+00:00,2013-03-05T05:46:38+00:00,2013,False
4d5f7a23-2f3a-4857-93e7-1285a651847b,ab245cab-fcbc-4d5f-a2e8-b9433fc7d26f,84757009,Epilepsy,,active,2017-06-21T05:46:38+00:00,2017-06-21T05:46:38+00:00,2017,False
923dbd79-47b3-453e-92cc-229b32c9c773,ab245cab-fcbc-4d5f-a2e8-b9433fc7d26f,703151001,History of single seizure (situation),,active,2017-06-21T05:46:38+00:00,2017-06-21T05:46:38+00:00,2017,False
de454457-f818-4ab6-bed1-d46d73d42074,ab245cab-fcbc-4d5f-a2e8-b9433fc7d26f,10509002,Acute bronchitis (disorder),,resolved,2017-02-03T05:46:38+00:00,2017-02-03T05:46:38+00:00,2017,False
9163de06-64d7-41e5-acb7-ea8915652f91,ab245cab-fcbc-4d5f-a2e8-b9433fc7d26f,162864005,Body mass index 30+ - obesity (finding),,active,2018-07-17T05:46:38+00:00,2018-07-17T05:46:38+00:00,2018,True
581c6010-1eb3-43b5-a94a-80110283cb98,ab245cab-fcbc-4d5f-a2e8-b9433fc7d26f,444814009,Viral sinusitis (disorder),,resolved,1988-03-17T05:46:38+00:00,1988-03-17T05:46:38+00:00,1988,False
b9fd44b9-7877-45ce-a923-c6f819e2cd62,98671a34-1c6e-4569-a1bc-6ee40c8d03a5,444814009,Viral sinusitis (disorder),,resolved,2017-10-11T00:19:38+00:00,2017-10-11T00:19:38+00:00,2017,False
830b5334-3cb8-4675-aa8e-b555bc23f474,98671a34-1c6e-4569-a1bc-6ee40c8d03a5,162864005,Body mass index 30+ - obesity (finding),,active,2011-12-05T00:19:38+00:00,2011-12-05T00:19:38+00:00,2011,True
267f3c0b-0669-4188-96d9-a913e3477784,98671a34-1c6e-4569-a1bc-6ee40c8d03a5,33737001,Fracture of rib,,resolved,2011-07-07T00:19:38+00:00,2011-07-07T00:19:38+00:00,2011,False
2d44080a-883c-4e90-a4ba-4483ec8781b9,98671a34-1c6e-4569-a1bc-6ee40c8d03a5,444814009,Viral sinusitis (disorder),,resolved,2015-10-19T00:19:38+00:00,2015-10-19T00:19:38+00:00,2015,False
ff5e5d78-acf3-43e8-ba75-1c460b5e28c4,98671a34-1c6e-4569-a1bc-6ee40c8d03a5,15777000,Prediabetes,,active,2013-12-09T00:19:38+00:00,2013-12-09T00:19:38+00:00,2013,True
cdb879e1-76de-4d92-85f2-b10e28085317,98671a34-1c6e-4569-a1bc-6ee40c8d03a5,82423001,Chronic pain,,active,2011-12-19T00:19:38+00:00,2011-12-19T00:19:38+00:00,2011,False
ce35e7d6-affa-480f-8a30-6c6c983c42d2,98671a34-1c6e-4569-a1bc-6ee40c8d03a5,444814009,Viral sinusitis (disorder),,resolved,2017-07-22T00:19:38+00:00,2017-07-22T00:19:38+00:00,2017,False
95fcb65c-1026-41fc-b1d7-9d52eb00dd20,bc6c8e2a-63de-4790-94af-fcab57874c21,40055000,Chronic sinusitis (disorder),,active,2020-03-22T15:07:51+00:00,2020-03-22T15:07:51+00:00,2020,False
6336c991-7a27-4f22-be5d-620c0db76f9b,bc6c8e2a-63de-4790-94af-fcab57874c21,36971009,Sinusitis (disorder),,resolved,2020-02-23T15:07:51+00:00,2020-02-23T15:07:51+00:00,2020,False
c491ffa6-2943-4a27-bf35-384663a4597a,bc6c8e2a-63de-4790-94af-fcab57874c21,128613002,Seizure disorder,,active,2001-09-14T15:07:51+00:00,2001-09-14T15:07:51+00:00,2001,False
d01a2c04-c2d5-4e4d-95da-c80b7b8146e4,bc6c8e2a-63de-4790-94af-fcab57874c21,444814009,Viral sinusitis (disorder),,resolved,2019-11-06T15:07:51+00:00,2019-11-06T15:07:51+00:00,2019,False
ff5d81e9-22bd-4a56-9361-884fe212af8c,bc6c8e2a-63de-4790-94af-fcab57874c21,444814009,Viral sinusitis (disorder),,resolved,2012-07-25T15:07:51+00:00,2012-07-25T15:07:51+00:00,2012,False
30cf7b77-ea5c-4d73-b7bf-df0d2ee5db3f,bc6c8e2a-63de-4790-94af-fcab57874c21,10509002,Acute bronchitis (disorder),,resolved,2020-08-27T15:07:51+00:00,2020-08-27T15:07:51+00:00,2020,False
be382cca-5fe2-4d16-b406-e4f298f74380,bc6c8e2a-63de-4790-94af-fcab57874c21,703151001,History of single seizure (situation),,active,2001-09-14T15:07:51+00:00,2001-09-14T15:07:51+00:00,2001,False
d51ba236-e428-43c9-997a-c673d7560ac5,43b6ae50-2cca-4934-ad38-282f8934b770,443165006,Pathological fracture due to osteoporosis (disorder),,resolved,2018-04-26T17:49:34+00:00,2018-04-26T17:49:34+00:00,2018,False
8d853783-2167-4ccc-8df2-05983197f1fb,43b6ae50-2cca-4934-ad38-282f8934b770,410429000,Cardiac Arrest,,active,1985-12-21T17:49:34+00:00,1985-12-21T17:49:34+00:00,1985,False
4f4d7565-5683-4cde-be8d-aa59c690599e,43b6ae50-2cca-4934-ad38-282f8934b770,162864005,Body mass index 30+ - obesity (finding),,active,1993-08-21T17:49:34+00:00,1993-08-21T17:49:34+00:00,1993,True
0e4c7761-65d8-4627-baa9-31106550b729,43b6ae50-2cca-4934-ad38-282f8934b770,64859006,Osteoporosis (disorder),,active,1997-09-13T17:49:34+00:00,1997-09-13T17:49:34+00:00,1997,False
0e965cb4-ae1c-4da3-ad7d-9a91caba4239,43b6ae50-2cca-4934-ad38-282f8934b770,43878008,Streptococcal sore throat (disorder),,resolved,2016-02-26T17:49:34+00:00,2016-02-26T17:49:34+00:00,2016,False
61bdbb25-5e07-4e75-8113-7511a88fa2a3,43b6ae50-2cca-4934-ad38-282f8934b770,444814009,Viral sinusitis (disorder),,resolved,2020-10-04T17:49:34+00:00,2020-10-04T17:49:34+00:00,2020,False
6e05f745-4186-44c6-b0b8-7254f289716c,43b6ae50-2cca-4934-ad38-282f8934b770,65966004,Fracture of forearm,,resolved,2018-04-26T17:49:34+00:00,2018-04-26T17:49:34+00:00,2018,False
ec429337-e8c8-43ed-9ad7-d95b35498d3b,43b6ae50-2cca-4934-ad38-282f8934b770,443165006,Pathological fracture due to osteoporosis (disorder),,resolved,2011-09-30T17:49:34+00:00,2011-09-30T17:49:34+00:00,2011,False
a8d2f029-19b0-4583-bc8b-c9d8dae548ff,43b6ae50-2cca-4934-ad38-282f8934b770,16114001,Fracture of ankle,,resolved,2011-09-30T17:49:34+00:00,2011-09-30T17:49:34+00:00,2011,False
da9eb238-66ef-4fa3-bf4a-deeb1375fd51,43b6ae50-2cca-4934-ad38-282f8934b770,230690007,Stroke,,active,1995-09-02T17:49:34+00:00,1995-09-02T17:49:34+00:00,1995,False
2a755d16-ec32-4799-8be9-60a9e04f3666,43b6ae50-2cca-4934-ad38-282f8934b770,429007001,History of cardiac arrest (situation),,active,1985-12-21T17:49:34+00:00,1985-12-21T17:49:34+00:00,1985,False
153c212b-119d-43ca-8512-a42e5e7d7886,43b6ae50-2cca-4934-ad38-282f8934b770,49436004,Atrial Fibrillation,,active,1995-09-02T17:49:34+00:00,1995-09-02T17:49:34+00:00,1995,True
e8e9d2e4-3c05-499e-95a1-3f6ce5d871a1,43b6ae50-2cca-4934-ad38-282f8934b770,26929004,Alzheimer's disease (disorder),,active,2020-01-18T17:49:34+00:00,2020-01-18T17:49:34+00:00,2020,False
ca09cbf9-5284-4850-8cdc-ab9c2376fc95,c19264dc-4d8e-488f-b6df-31a896089080,195662009,Acute viral pharyngitis (disorder),,resolved,2017-01-19T14:01:06+00:00,2017-01-19T14:01:06+00:00,2017,False
073eae3e-219e-4a83-9b0c-8997318f01af,c19264dc-4d8e-488f-b6df-31a896089080,444814009,Viral sinusitis (disorder),,resolved,2016-05-02T14:01:06+00:00,2016-05-02T14:01:06+00:00,2016,False
92b218a5-fa31-4fc9-a8a0-a404acecfa0c,c19264dc-4d8e-488f-b6df-31a896089080,195662009,Acute viral pharyngitis (disorder),,resolved,2019-08-24T14:01:06+00:00,2019-08-24T14:01:06+00:00,2019,False
d1d6416b-14c0-4a09-9490-0010df828cdb,c19264dc-4d8e-488f-b6df-31a896089080,444814009,Viral sinusitis (disorder),,resolved,2020-05-01T14:01:06+00:00,2020-05-01T14:01:06+00:00,2020,False
ca0b87ee-9051-421c-a9d9-9ea9293e3d6b,c19264dc-4d8e-488f-b6df-31a896089080,40055000,Chronic sinusitis (disorder),,active,1985-04-23T14:01:06+00:00,1985-04-23T14:01:06+00:00,1985,False
960835d1-b238-4b77-83a1-2c2e3c71bd22,c19264dc-4d8e-488f-b6df-31a896089080,10509002,Acute bronchitis (disorder),,resolved,2018-06-15T14:01:06+00:00,2018-06-15T14:01:06+00:00,2018,False
d83aa2e1-fa9b-47c6-b33c-e7531ca7ae17,b3873037-a455-4558-a066-9faaed01b673,40055000,Chronic sinusitis (disorder),,active,1979-07-26T19:30:25+00:00,1979-07-26T19:30:25+00:00,1979,False
c57c7f32-b6d8-456e-8b47-93a9b10a579d,b3873037-a455-4558-a066-9faaed01b673,444814009,Viral sinusitis (disorder),,resolved,2011-09-17T19:30:25+00:00,2011-09-17T19:30:25+00:00,2011,False
eba3bf28-25e4-47b9-9a6f-3cd8745ed101,b3873037-a455-4558-a066-9faaed01b673,162864005,Body mass index 30+ - obesity (finding),,active,2015-09-18T19:30:25+00:00,2015-09-18T19:30:25+00:00,2015,True
015bd92e-9833-4396-8be1-cc5e0be26d09,b3873037-a455-4558-a066-9faaed01b673,38341003,Hypertension,,active,1985-09-13T19:30:25+00:00,1985-09-13T19:30:25+00:00,1985,True
83d0ebd1-76f4-4f8c-a8c3-482e2c982361,2e46729a-6efe-4f46-be91-50ac16b547c6,444814009,Viral sinusitis (disorder),,resolved,2019-11-05T18:37:08+00:00,2019-11-05T18:37:08+00:00,2019,False
527404fa-0121-4687-9543-cd5e9cbf8adc,2e46729a-6efe-4f46-be91-50ac16b547c6,39848009,Whiplash injury to neck,,resolved,2020-09-25T18:37:08+00:00,2020-09-25T18:37:08+00:00,2020,False
1ca8334d-f480-40c2-99b1-f172d6b84048,2e46729a-6efe-4f46-be91-50ac16b547c6,444814009,Viral sinusitis (disorder),,resolved,2015-04-04T18:37:08+00:00,2015-04-04T18:37:08+00:00,2015,False
35d2f335-c8ba-4b69-9595-65c5ec7fb326,2e46729a-6efe-4f46-be91-50ac16b547c6,195662009,Acute viral pharyngitis (disorder),,resolved,2019-10-12T18:37:08+00:00,2019-10-12T18:37:08+00:00,2019,False
c74ec745-d3dd-405c-affd-04f23a894144,2e46729a-6efe-4f46-be91-50ac16b547c6,195662009,Acute viral pharyngitis (disorder),,resolved,2016-09-19T18:37:08+00:00,2016-09-19T18:37:08+00:00,2016,False
635c364d-78c6-4ed2-8eb0-32971ee5fc8c,389bac6b-5b19-43c2-90a6-79afa9ba59e7,162864005,Body mass index 30+ - obesity (finding),,active,2007-12-28T16:51:27+00:00,2007-12-28T16:51:27+00:00,2007,True
2bef33f7-4815-4b74-a674-f0352eadcb85,389bac6b-5b19-43c2-90a6-79afa9ba59e7,444814009,Viral sinusitis (disorder),,resolved,2017-10-30T16:51:27+00:00,2017-10-30T16:51:27+00:00,2017,False
fe019ae7-f852-4d69-abe2-b7b201f0df77,389bac6b-5b19-43c2-90a6-79afa9ba59e7,444814009,Viral sinusitis (disorder),,resolved,2015-11-10T16:51:27+00:00,2015-11-10T16:51:27+00:00,2015,False
c94b7748-0701-4bf1-abae-a52a360914c6,389bac6b-5b19-43c2-90a6-79afa9ba59e7,40055000,Chronic sinusitis (disorder),,active,1987-04-16T16:51:27+00:00,1987-04-16T16:51:27+00:00,1987,False
5248a5c1-bf7a-41dc-955c-8ab1b959177b,389bac6b-5b19-43c2-90a6-79afa9ba59e7,124171000119105,Chronic intractable migraine without aura,,active,1992-01-07T16:51:27+00:00,1992-01-07T16:51:27+00:00,1992,False
a5c32f3c-9bc8-427e-a357-8db6e37a0e5d,389bac6b-5b19-43c2-90a6-79afa9ba59e7,55680006,Drug overdose,,active,2002-11-22T16:51:27+00:00,2002-11-22T16:51:27+00:00,2002,False
7e879684-8ba1-4de9-92be-4be519d8ee8c,389bac6b-5b19-43c2-90a6-79afa9ba59e7,82423001,Chronic pain,,active,1992-05-18T16:51:27+00:00,1992-05-18T16:51:27+00:00,1992,False
7fb79edf-d66e-4ae0-a423-ac72fffc5aa5,389bac6b-5b19-43c2-90a6-79afa9ba59e7,196416002,Impacted molars,,active,1992-03-05T16:51:27+00:00,1992-03-05T16:51:27+00:00,1992,False
7630e9df-709c-49d6-a46f-0bcd49eb8f02,389bac6b-5b19-43c2-90a6-79afa9ba59e7,38341003,Hypertension,,active,1992-01-17T16:51:27+00:00,1992-01-17T16:51:27+00:00,1992,True
7b876ba8-6a15-4366-abd3-a6e2f4e0e251,389bac6b-5b19-43c2-90a6-79afa9ba59e7,44465007,Sprain of ankle,,resolved,2015-04-04T16:51:27+00:00,2015-04-04T16:51:27+00:00,2015,False
f5b60da8-2238-43f2-bd2e-7eed49a65706,389bac6b-5b19-43c2-90a6-79afa9ba59e7,15777000,Prediabetes,,active,2019-07-19T16:51:27+00:00,2019-07-19T16:51:27+00:00,2019,True
aa1d827c-0292-42ee-a9f1-caf9ac762b96,389bac6b-5b19-43c2-90a6-79afa9ba59e7,47505003,Posttraumatic stress disorder,,resolved,2015-06-19T16:51:27+00:00,2015-06-19T16:51:27+00:00,2015,False
bf3e8fe9-39eb-404e-9bc3-af575248b936,5db1e775-33a3-47fb-8954-d97cd43e8074,162864005,Body mass index 30+ - obesity (finding),,active,1989-09-10T18:29:30+00:00,1989-09-10T18:29:30+00:00,1989,True
c29228cd-30e8-417c-b6bf-323a8ef1cbd3,5db1e775-33a3-47fb-8954-d97cd43e8074,444814009,Viral sinusitis (disorder),,resolved,2020-08-21T18:29:30+00:00,2020-08-21T18:29:30+00:00,2020,False
31d1ecce-ba10-45cc-9c42-7cecf367d8dc,5db1e775-33a3-47fb-8954-d97cd43e8074,19169002,Miscarriage in first trimester,,active,2009-03-22T18:29:30+00:00,2009-03-22T18:29:30+00:00,2009,False
d6c5749f-8c7e-4d8f-8d6b-5ac2a4c9bc92,5db1e775-33a3-47fb-8954-d97cd43e8074,237602007,Metabolic syndrome X (disorder),,active,2009-07-26T18:29:30+00:00,2009-07-26T18:29:30+00:00,2009,False
eba2c54e-55e4-4073-8bab-a4655c4e5039,5db1e775-33a3-47fb-8954-d97cd43e8074,80394007,Hyperglycemia (disorder),,active,2009-07-26T18:29:30+00:00,2009-07-26T18:29:30+00:00,2009,False
864de0d8-f7b7-48b2-8448-e4ea4592ea70,5db1e775-33a3-47fb-8954-d97cd43e8074,271737000,Anemia (disorder),,active,2001-09-02T18:29:30+00:00,2001-09-02T18:29:30+00:00,2001,False
d0561e5b-e81e-4405-b9ce-7447baac01db,5db1e775-33a3-47fb-8954-d97cd43e8074,44054006,Diabetes,,active,2007-07-22T18:29:30+00:00,2007-07-22T18:29:30+00:00,2007,True
58e8d991-f132-444b-82c5-06ed29a9b7cf,5db1e775-33a3-47fb-8954-d97cd43e8074,302870006,Hypertriglyceridemia (disorder),,active,2009-07-26T18:29:30+00:00,2009-07-26T18:29:30+00:00,2009,False
7b76ec7f-8552-47ee-8e76-2f4585f52822,5db1e775-33a3-47fb-8954-d97cd43e8074,35999006,Blighted ovum,,resolved,2011-06-12T18:29:30+00:00,2011-06-12T18:29:30+00:00,2011,False
dd455944-22a6-4222-89c5-80ebd22202e5,5db1e775-33a3-47fb-8954-d97cd43e8074,10509002,Acute bronchitis (disorder),,resolved,2016-03-10T18:29:30+00:00,2016-03-10T18:29:30+00:00,2016,False
48ef073f-d976-4cad-a5ab-35cf83270e21,5db1e775-33a3-47fb-8954-d97cd43e8074,10509002,Acute bronchitis (disorder),,resolved,2013-09-14T18:29:30+00:00,2013-09-14T18:29:30+00:00,2013,False
68fe439a-d037-4d93-91a3-eb2d6b4d1075,5db1e775-33a3-47fb-8954-d97cd43e8074,15777000,Prediabetes,,active,2001-09-02T18:29:30+00:00,2001-09-02T18:29:30+00:00,2001,True
9a2ad082-e3df-43fb-bbdf-17571ff383f1,5db1e775-33a3-47fb-8954-d97cd43e8074,72892002,Normal pregnancy,,resolved,2011-06-12T18:29:30+00:00,2011-06-12T18:29:30+00:00,2011,False
712c7b1c-f6dc-48ad-9943-b8d9230d06e7,ab4e7a7d-8b0d-41e1-9ce9-3877d7615aed,127013003,Diabetic renal disease (disorder),,active,2021-02-18T14:01:57+00:00,2021-02-18T14:01:57+00:00,2021,False
33c64f7e-be1e-4a46-9bd1-d63497ad29dc,ab4e7a7d-8b0d-41e1-9ce9-3877d7615aed,39848009,Whiplash injury to neck,,resolved,2016-08-30T14:01:57+00:00,2016-08-30T14:01:57+00:00,2016,False
45d32943-10ed-4405-b8fe-e7746c076921,ab4e7a7d-8b0d-41e1-9ce9-3877d7615aed,19169002,Miscarriage in first trimester,,active,1991-08-29T14:01:57+00:00,1991-08-29T14:01:57+00:00,1991,False
efcc5cf6-0f91-49ed-b11d-3747b7226c52,ab4e7a7d-8b0d-41e1-9ce9-3877d7615aed,195662009,Acute viral pharyngitis (disorder),,resolved,2012-04-12T14:01:57+00:00,2012-04-12T14:01:57+00:00,2012,False
2c2beb68-193e-4e71-af50-2afdf6347382,ab4e7a7d-8b0d-41e1-9ce9-3877d7615aed,444814009,Viral sinusitis (disorder),,resolved,2014-02-07T14:01:57+00:00,2014-02-07T14:01:57+00:00,2014,False
fc0a453e-eb70-45fa-a0d3-af69ff8aac9e,ab4e7a7d-8b0d-41e1-9ce9-3877d7615aed,162864005,Body mass index 30+ - obesity (finding),,active,1998-01-01T14:01:57+00:00,1998-01-01T14:01:57+00:00,1998,True
9bcc3982-a6a3-45e7-90d5-dfa573b5f797,ab4e7a7d-8b0d-41e1-9ce9-3877d7615aed,271737000,Anemia (disorder),,active,2006-01-19T14:01:57+00:00,2006-01-19T14:01:57+00:00,2006,False
f5eed605-e4e0-459b-bdaf-f7954cbfe088,ab4e7a7d-8b0d-41e1-9ce9-3877d7615aed,302870006,Hypertriglyceridemia (disorder),,active,2007-12-27T14:01:57+00:00,2007-12-27T14:01:57+00:00,2007,False
17c3b410-18ec-4b18-9865-4986668ee272,ab4e7a7d-8b0d-41e1-9ce9-3877d7615aed,44054006,Diabetes,,active,2006-01-19T14:01:57+00:00,2006-01-19T14:01:57+00:00,2006,True
b35a3991-9b51-4005-9033-e1ded8d1ee96,ab4e7a7d-8b0d-41e1-9ce9-3877d7615aed,195662009,Acute viral pharyngitis (disorder),,resolved,2015-01-07T14:01:57+00:00,2015-01-07T14:01:57+00:00,2015,False
60a8482d-da65-486a-b341-9f75b82dc1f8,ab4e7a7d-8b0d-41e1-9ce9-3877d7615aed,239872002,Osteoarthritis of hip,,active,2014-12-12T14:01:57+00:00,2014-12-12T14:01:57+00:00,2014,True
f4558fb9-1391-45c0-981e-560d92a5712e,ab4e7a7d-8b0d-41e1-9ce9-3877d7615aed,403190006,First degree burn,,resolved,2020-09-04T14:01:57+00:00,2020-09-04T14:01:57+00:00,2020,False
81badc9b-5244-4f31-807c-93eff67e770e,ab4e7a7d-8b0d-41e1-9ce9-3877d7615aed,431855005,Chronic kidney disease stage 1 (disorder),,active,2021-02-18T14:01:57+00:00,2021-02-18T14:01:57+00:00,2021,True
23f3bae8-d2f6-4ddd-92ad-511535589649,ab4e7a7d-8b0d-41e1-9ce9-3877d7615aed,44465007,Sprain of ankle,,resolved,2019-10-19T14:01:57+00:00,2019-10-19T14:01:57+00:00,2019,False
8ca0be73-8547-4049-8717-f8f08d8683bf,ab4e7a7d-8b0d-41e1-9ce9-3877d7615aed,237602007,Metabolic syndrome X (disorder),,active,2007-12-27T14:01:57+00:00,2007-12-27T14:01:57+00:00,2007,False
04d9ba89-bf0b-4887-8d19-93b8aa7d3d24,ab4e7a7d-8b0d-41e1-9ce9-3877d7615aed,38341003,Hypertension,,active,1976-05-13T14:01:57+00:00,1976-05-13T14:01:57+00:00,1976,True
b0d69a83-bd1f-43d6-aebe-f5fc77fc7267,a8cd3462-ed0c-48a4-81cc-45249aa946ca,36971009,Sinusitis (disorder),,resolved,2015-09-20T00:52:41+00:00,2015-09-20T00:52:41+00:00,2015,False
4568f288-31cf-494d-ab2a-8ed80d3a19eb,a8cd3462-ed0c-48a4-81cc-45249aa946ca,162864005,Body mass index 30+ - obesity (finding),,active,2000-10-29T00:52:41+00:00,2000-10-29T00:52:41+00:00,2000,True
15ba8ae8-7263-4f73-a71f-8bfcdaea9ad6,a8cd3462-ed0c-48a4-81cc-45249aa946ca,444814009,Viral sinusitis (disorder),,resolved,2018-05-08T00:52:41+00:00,2018-05-08T00:52:41+00:00,2018,False
33430487-d653-440d-8c42-ad0ae7e7d164,a8cd3462-ed0c-48a4-81cc-45249aa946ca,284549007,Laceration of hand,,resolved,2016-05-03T00:52:41+00:00,2016-05-03T00:52:41+00:00,2016,False
a75b8f4e-1b30-48af-9f57-309e0b3e89c2,a8cd3462-ed0c-48a4-81cc-45249aa946ca,68496003,Polyp of colon,,active,2017-01-22T00:52:41+00:00,2017-01-22T00:52:41+00:00,2017,False
b0781f02-da11-4cd1-b295-cf82c6a4c851,a8cd3462-ed0c-48a4-81cc-45249aa946ca,444814009,Viral sinusitis (disorder),,resolved,2016-02-18T00:52:41+00:00,2016-02-18T00:52:41+00:00,2016,False
3aee0ef5-70f6-4077-a900-d28b24edb69c,a8cd3462-ed0c-48a4-81cc-45249aa946ca,93761005,Primary malignant neoplasm of colon,,resolved,2017-02-02T00:52:41+00:00,2017-02-02T00:52:41+00:00,2017,False
9761a71f-3922-4ae6-bb8c-d477f2fc701e,a8cd3462-ed0c-48a4-81cc-45249aa946ca,444814009,Viral sinusitis (disorder),,resolved,2020-08-24T00:52:41+00:00,2020-08-24T00:52:41+00:00,2020,False
49469fbb-b679-4035-a36a-0dfc70cd325b,a8cd3462-ed0c-48a4-81cc-45249aa946ca,40055000,Chronic sinusitis (disorder),,active,2006-12-09T00:52:41+00:00,2006-12-09T00:52:41+00:00,2006,False
e0fdecfc-c1aa-41e9-95dc-29cd30c82dd9,5fd069dc-e337-4062-9722-a732c655c17d,271737000,Anemia (disorder),,active,1959-07-18T19:20:06+00:00,1959-07-18T19:20:06+00:00,1959,False
ff15090d-4e30-456c-a926-1e12fdf7377f,5fd069dc-e337-4062-9722-a732c655c17d,127013003,Diabetic renal disease (disorder),,active,1963-07-27T19:20:06+00:00,1963-07-27T19:20:06+00:00,1963,False
7a71cf65-71f1-4c68-a7a7-2bb83a954ccf,5fd069dc-e337-4062-9722-a732c655c17d,444814009,Viral sinusitis (disorder),,resolved,1977-12-30T19:20:06+00:00,1977-12-30T19:20:06+00:00,1977,False
f21acc65-686f-4bf1-b715-a88263190bb1,5fd069dc-e337-4062-9722-a732c655c17d,237602007,Metabolic syndrome X (disorder),,active,1966-04-23T19:20:06+00:00,1966-04-23T19:20:06+00:00,1966,False
71e8f8ff-fb22-412d-8a1e-b787b78d547a,5fd069dc-e337-4062-9722-a732c655c17d,410429000,Cardiac Arrest,,active,1942-08-29T19:20:06+00:00,1942-08-29T19:20:06+00:00,1942,False
e73d1209-6232-45af-a9e5-7baf4f7a4bd8,5fd069dc-e337-4062-9722-a732c655c17d,80394007,Hyperglycemia (disorder),,active,1966-04-23T19:20:06+00:00,1966-04-23T19:20:06+00:00,1966,False
0e5b66d8-32e2-4bc6-be70-a43963f3bba9,5fd069dc-e337-4062-9722-a732c655c17d,53741008,Coronary Heart Disease,,active,1976-12-25T19:20:06+00:00,1976-12-25T19:20:06+00:00,1976,False
163e44fe-762a-45a9-b640-faaf80dc06b4,5fd069dc-e337-4062-9722-a732c655c17d,7200002,Alcoholism,,active,1957-07-13T19:20:06+00:00,1957-07-13T19:20:06+00:00,1957,False
0fa5022e-6456-4674-a99b-87246507f22d,5fd069dc-e337-4062-9722-a732c655c17d,40055000,Chronic sinusitis (disorder),,active,1959-06-28T19:20:06+00:00,1959-06-28T19:20:06+00:00,1959,False
e922cbd0-80a3-4a7d-8fc3-416171e93cd1,5fd069dc-e337-4062-9722-a732c655c17d,68496003,Polyp of colon,,resolved,1975-07-01T19:20:06+00:00,1975-07-01T19:20:06+00:00,1975,False
41d1a193-c338-4431-b98f-1e2e4c5c0a03,5fd069dc-e337-4062-9722-a732c655c17d,429007001,History of cardiac arrest (situation),,active,1942-08-29T19:20:06+00:00,1942-08-29T19:20:06+00:00,1942,False
c3537af1-5dbd-4296-ac08-4ff60eefc0d1,5fd069dc-e337-4062-9722-a732c655c17d,15777000,Prediabetes,,active,1957-07-13T19:20:06+00:00,1957-07-13T19:20:06+00:00,1957,True
0a4d41d5-8d42-45af-a57f-199494bab1ad,5fd069dc-e337-4062-9722-a732c655c17d,284549007,Laceration of hand,,resolved,1978-11-13T19:20:06+00:00,1978-11-13T19:20:06+00:00,1978,False
981445e2-5516-4a0f-9c1d-fc0c12507041,5fd069dc-e337-4062-9722-a732c655c17d,38341003,Hypertension,,active,1963-07-27T19:20:06+00:00,1963-07-27T19:20:06+00:00,1963,True
8e2c1659-da99-449a-b696-4c128486eb35,5fd069dc-e337-4062-9722-a732c655c17d,302870006,Hypertriglyceridemia (disorder),,active,1965-07-03T19:20:06+00:00,1965-07-03T19:20:06+00:00,1965,False
03b87530-6895-45b0-a4ba-2821fcd34a73,5fd069dc-e337-4062-9722-a732c655c17d,88805009,Chronic congestive heart failure (disorder),,active,1978-07-06T19:20:06+00:00,1978-07-06T19:20:06+00:00,1978,True
097c3e9f-59bb-4e88-a886-8649a6887565,5fd069dc-e337-4062-9722-a732c655c17d,431855005,Chronic kidney disease stage 1 (disorder),,active,1963-07-27T19:20:06+00:00,1963-07-27T19:20:06+00:00,1963,True
e42bf637-2842-4f80-8d2e-2e02418e1feb,5fd069dc-e337-4062-9722-a732c655c17d,10509002,Acute bronchitis (disorder),,resolved,1973-12-10T19:20:06+00:00,1973-12-10T19:20:06+00:00,1973,False
c0a1d2ef-797c-4b23-ba45-90fad1d17344,5fd069dc-e337-4062-9722-a732c655c17d,44054006,Diabetes,,active,1963-07-27T19:20:06+00:00,1963-07-27T19:20:06+00:00,1963,True
cc8fadc9-9a88-47f5-8124-5985aba0b965,5fd069dc-e337-4062-9722-a732c655c17d,10509002,Acute bronchitis (disorder),,resolved,1972-08-20T19:20:06+00:00,1972-08-20T19:20:06+00:00,1972,False
443a6a9e-37a9-47ad-8e0e-525fc4803fe3,5fd069dc-e337-4062-9722-a732c655c17d,283371005,Laceration of forearm,,resolved,1980-09-17T19:20:06+00:00,1980-09-17T19:20:06+00:00,1980,False
05f2319c-ae58-4aef-ad20-fa525aea5d93,29105b30-f807-4e58-a253-01a7830aa8f6,271737000,Anemia (disorder),,resolved,2013-07-17T20:14:20+00:00,2013-07-17T20:14:20+00:00,2013,False
31852331-cd76-4275-9c8c-fd8b713aa1e9,29105b30-f807-4e58-a253-01a7830aa8f6,19169002,Miscarriage in first trimester,,active,2012-08-15T20:14:20+00:00,2012-08-15T20:14:20+00:00,2012,False
2d854af5-15e0-45ef-a44b-113ff5ef2c06,29105b30-f807-4e58-a253-01a7830aa8f6,156073000,Fetus with unknown complication,,resolved,2012-08-15T20:14:20+00:00,2012-08-15T20:14:20+00:00,2012,False
488705f5-c860-4f8c-aaed-a8b08313f4a7,29105b30-f807-4e58-a253-01a7830aa8f6,75498004,Acute bacterial sinusitis (disorder),,resolved,2017-10-07T20:14:20+00:00,2017-10-07T20:14:20+00:00,2017,False
c8a28325-9418-4511-a42e-a7bf371aeafd,29105b30-f807-4e58-a253-01a7830aa8f6,444814009,Viral sinusitis (disorder),,resolved,2018-03-29T20:14:20+00:00,2018-03-29T20:14:20+00:00,2018,False
c95c6305-deee-4b36-bda5-db49406a87b7,29105b30-f807-4e58-a253-01a7830aa8f6,40055000,Chronic sinusitis (disorder),,active,2017-11-25T20:14:20+00:00,2017-11-25T20:14:20+00:00,2017,False
556f77a2-35af-4ef2-8904-f9a4e410f08b,29105b30-f807-4e58-a253-01a7830aa8f6,10509002,Acute bronchitis (disorder),,resolved,2015-12-12T20:14:20+00:00,2015-12-12T20:14:20+00:00,2015,False
4ea5ac11-fb80-4a8e-b7f6-43783eeaba1c,29105b30-f807-4e58-a253-01a7830aa8f6,195662009,Acute viral pharyngitis (disorder),,resolved,2011-07-24T20:14:20+00:00,2011-07-24T20:14:20+00:00,2011,False
15806b42-d7c6-46a7-8957-a2412a57feb7,29105b30-f807-4e58-a253-01a7830aa8f6,198992004,Antepartum eclampsia,,resolved,2014-02-05T20:14:20+00:00,2014-02-05T20:14:20+00:00,2014,False
2c4ee516-516b-47be-a07d-ab25de35c1b0,29105b30-f807-4e58-a253-01a7830aa8f6,72892002,Normal pregnancy,,resolved,2013-07-17T20:14:20+00:00,2013-07-17T20:14:20+00:00,2013,False
78f381cc-d50a-4a63-ada5-315a2a2e60dc,29105b30-f807-4e58-a253-01a7830aa8f6,72892002,Normal pregnancy,,resolved,2012-08-15T20:14:20+00:00,2012-08-15T20:14:20+00:00,2012,False
8e6f20db-de2d-4950-9b32-0f93c7207a06,13a00221-8417-4973-961e-e21b32ece95a,444814009,Viral sinusitis (disorder),,resolved,2018-04-11T05:34:38+00:00,2018-04-11T05:34:38+00:00,2018,False
2f934a13-6957-4cf3-9647-526076240e0a,13a00221-8417-4973-961e-e21b32ece95a,15777000,Prediabetes,,active,2011-12-06T05:34:38+00:00,2011-12-06T05:34:38+00:00,2011,True
51a55955-6b8b-4dec-adec-fdef3748786d,13a00221-8417-4973-961e-e21b32ece95a,201834006,"Localized, primary osteoarthritis of the hand",,active,2019-04-03T05:34:38+00:00,2019-04-03T05:34:38+00:00,2019,True
a631f2d3-b272-4ea2-b53a-670687c852ea,13a00221-8417-4973-961e-e21b32ece95a,198992004,Antepartum eclampsia,,resolved,2014-02-18T05:34:38+00:00,2014-02-18T05:34:38+00:00,2014,False
f284e346-faee-4b6a-b4ab-f65636254c8c,13a00221-8417-4973-961e-e21b32ece95a,35999006,Blighted ovum,,resolved,2012-08-21T05:34:38+00:00,2012-08-21T05:34:38+00:00,2012,False
b2b51320-7d24-40da-b649-b01ab8adbf35,13a00221-8417-4973-961e-e21b32ece95a,444814009,Viral sinusitis (disorder),,resolved,2018-08-28T05:34:38+00:00,2018-08-28T05:34:38+00:00,2018,False
e054ca09-a7a8-4799-965d-96facd1d4b23,13a00221-8417-4973-961e-e21b32ece95a,156073000,Fetus with unknown complication,,resolved,2013-02-05T05:34:38+00:00,2013-02-05T05:34:38+00:00,2013,False
a2f950e9-8f11-4f22-b022-f0ba2659339a,13a00221-8417-4973-961e-e21b32ece95a,19169002,Miscarriage in first trimester,,active,2012-08-21T05:34:38+00:00,2012-08-21T05:34:38+00:00,2012,False
88b35c4a-d6c5-43c0-80c7-b32d2ea5c45f,13a00221-8417-4973-961e-e21b32ece95a,5602001,Opioid abuse (disorder),,active,1988-10-25T05:34:38+00:00,1988-10-25T05:34:38+00:00,1988,False
285de5e5-dc37-48a4-937b-e2bcc9b27625,13a00221-8417-4973-961e-e21b32ece95a,444814009,Viral sinusitis (disorder),,resolved,2016-12-01T05:34:38+00:00,2016-12-01T05:34:38+00:00,2016,False
ba1f5aab-213a-46be-a890-54ecea81f228,13a00221-8417-4973-961e-e21b32ece95a,195662009,Acute viral pharyngitis (disorder),,resolved,2014-11-11T05:34:38+00:00,2014-11-11T05:34:38+00:00,2014,False
208fab0c-9450-4098-b750-18c97b1fbeee,13a00221-8417-4973-961e-e21b32ece95a,43878008,Streptococcal sore throat (disorder),,resolved,2014-09-27T05:34:38+00:00,2014-09-27T05:34:38+00:00,2014,False
ae605789-a590-4eae-9e13-5022f94fa4ce,13a00221-8417-4973-961e-e21b32ece95a,271737000,Anemia (disorder),,active,2013-12-10T05:34:38+00:00,2013-12-10T05:34:38+00:00,2013,False
2474f914-9325-4a0e-a153-d417a5014f17,13a00221-8417-4973-961e-e21b32ece95a,72892002,Normal pregnancy,,resolved,2013-08-06T05:34:38+00:00,2013-08-06T05:34:38+00:00,2013,False
9cbc30e6-b0fd-42c2-9f3c-abe4935de243,13a00221-8417-4973-961e-e21b32ece95a,72892002,Normal pregnancy,,resolved,2013-02-05T05:34:38+00:00,2013-02-05T05:34:38+00:00,2013,False
45a42f27-7f74-4558-8ddb-42363833a007,13a00221-8417-4973-961e-e21b32ece95a,72892002,Normal pregnancy,,resolved,2012-08-21T05:34:38+00:00,2012-08-21T05:34:38+00:00,2012,False
fbc88bb1-89a5-4194-9a2b-9a433c704720,9d2f59f0-f9b8-4794-877d-24ec6bb875fa,444814009,Viral sinusitis (disorder),,resolved,2014-01-15T16:41:16+00:00,2014-01-15T16:41:16+00:00,2014,False
53012092-f457-47ee-b11a-5183eec19472,9d2f59f0-f9b8-4794-877d-24ec6bb875fa,444814009,Viral sinusitis (disorder),,resolved,2018-10-12T16:41:16+00:00,2018-10-12T16:41:16+00:00,2018,False
eb4994ef-046f-425a-a61e-35442dcbabc2,9d2f59f0-f9b8-4794-877d-24ec6bb875fa,428251008,History of appendectomy,,active,2004-10-29T16:41:16+00:00,2004-10-29T16:41:16+00:00,2004,False
eb83ab29-8826-4dcd-984c-a3a0abedea1b,9d2f59f0-f9b8-4794-877d-24ec6bb875fa,74400008,Appendicitis,,active,2004-10-29T16:41:16+00:00,2004-10-29T16:41:16+00:00,2004,False
a7a3d673-911a-4bc2-a454-98147c1c6b46,9d2f59f0-f9b8-4794-877d-24ec6bb875fa,195662009,Acute viral pharyngitis (disorder),,resolved,2017-01-17T16:41:16+00:00,2017-01-17T16:41:16+00:00,2017,False
0aac93e3-bf6e-4359-bb93-26ee631829ea,db5c2af9-8854-4f8c-a2e9-30640aa3b4b6,429007001,History of cardiac arrest (situation),,active,1999-05-11T19:08:38+00:00,1999-05-11T19:08:38+00:00,1999,False
108e9174-b870-4d92-be78-541e790287b9,db5c2af9-8854-4f8c-a2e9-30640aa3b4b6,444814009,Viral sinusitis (disorder),,resolved,1998-01-16T19:08:38+00:00,1998-01-16T19:08:38+00:00,1998,False
4f0961f1-1d84-4e28-91f5-ddfb5fc37c8e,db5c2af9-8854-4f8c-a2e9-30640aa3b4b6,38341003,Hypertension,,active,1955-04-05T19:08:38+00:00,1955-04-05T19:08:38+00:00,1955,True
0d0068d3-e7ab-492b-b575-2f4118c5482d,db5c2af9-8854-4f8c-a2e9-30640aa3b4b6,40055000,Chronic sinusitis (disorder),,active,1937-06-13T19:08:38+00:00,1937-06-13T19:08:38+00:00,1937,False
5f19f0ec-3ff5-4dd2-b1d1-6938125786e4,db5c2af9-8854-4f8c-a2e9-30640aa3b4b6,53741008,Coronary Heart Disease,,active,1993-09-28T19:08:38+00:00,1993-09-28T19:08:38+00:00,1993,False
7834cad7-d562-42dc-8661-96ac62546f91,db5c2af9-8854-4f8c-a2e9-30640aa3b4b6,15777000,Prediabetes,,active,1986-08-19T19:08:38+00:00,1986-08-19T19:08:38+00:00,1986,True
d5f361be-6e14-4399-9641-a9975bd4904d,db5c2af9-8854-4f8c-a2e9-30640aa3b4b6,271737000,Anemia (disorder),,active,1988-08-30T19:08:38+00:00,1988-08-30T19:08:38+00:00,1988,False
1928a4e0-77fe-4517-9c56-e6b63e424c7f,db5c2af9-8854-4f8c-a2e9-30640aa3b4b6,162864005,Body mass index 30+ - obesity (finding),,active,1962-04-17T19:08:38+00:00,1962-04-17T19:08:38+00:00,1962,True
c1968a8d-a0f3-4e0c-9b34-a5abafff45bb,db5c2af9-8854-4f8c-a2e9-30640aa3b4b6,410429000,Cardiac Arrest,,active,1999-05-11T19:08:38+00:00,1999-05-11T19:08:38+00:00,1999,False
45374905-54bd-4d45-b925-bd57fd4e635d,db5c2af9-8854-4f8c-a2e9-30640aa3b4b6,62564004,Concussion with loss of consciousness,,resolved,1993-10-30T19:08:38+00:00,1993-10-30T19:08:38+00:00,1993,False
04c8c349-f306-4efd-9b67-57c2d267ec87,6234b038-fa0d-476f-b373-6c22de018cf7,271737000,Anemia (disorder),,active,1978-11-26T16:07:29+00:00,1978-11-26T16:07:29+00:00,1978,False
42601157-f5e6-44ac-8574-9eede92464aa,6234b038-fa0d-476f-b373-6c22de018cf7,444814009,Viral sinusitis (disorder),,resolved,2020-12-03T16:07:29+00:00,2020-12-03T16:07:29+00:00,2020,False
35c89866-a1ae-4611-a8c4-61a885b7e248,6234b038-fa0d-476f-b373-6c22de018cf7,88805009,Chronic congestive heart failure (disorder),,active,2020-06-15T16:07:29+00:00,2020-06-15T16:07:29+00:00,2020,True
18a2beb5-d06c-4b02-b96b-e4c87f926392,6234b038-fa0d-476f-b373-6c22de018cf7,26929004,Alzheimer's disease (disorder),,active,2018-03-11T16:07:29+00:00,2018-03-11T16:07:29+00:00,2018,False
4324bf8b-8cc3-4906-8f24-8838cee42840,6234b038-fa0d-476f-b373-6c22de018cf7,10509002,Acute bronchitis (disorder),,resolved,2014-12-24T16:07:29+00:00,2014-12-24T16:07:29+00:00,2014,False
388184aa-2b00-40df-a5b0-88d3cf5aabf4,6234b038-fa0d-476f-b373-6c22de018cf7,15777000,Prediabetes,,active,1978-11-26T16:07:29+00:00,1978-11-26T16:07:29+00:00,1978,True
463063ae-33a4-494e-92a3-b80f2f939c04,dbc100c0-8f16-4ec1-b74c-74b80de41c07,195662009,Acute viral pharyngitis (disorder),,resolved,2017-02-14T13:33:52+00:00,2017-02-14T13:33:52+00:00,2017,False
562a8d60-34cf-4d87-84bf-c09c0f12c085,dbc100c0-8f16-4ec1-b74c-74b80de41c07,195662009,Acute viral pharyngitis (disorder),,resolved,2012-11-22T13:33:52+00:00,2012-11-22T13:33:52+00:00,2012,False
f8bc100c-bf51-43d1-bd23-c680e8be3154,dbc100c0-8f16-4ec1-b74c-74b80de41c07,40055000,Chronic sinusitis (disorder),,active,2013-07-22T13:33:52+00:00,2013-07-22T13:33:52+00:00,2013,False
870d3c8d-792d-42d8-97cf-50112252198e,dbc100c0-8f16-4ec1-b74c-74b80de41c07,444814009,Viral sinusitis (disorder),,resolved,2019-09-22T13:33:52+00:00,2019-09-22T13:33:52+00:00,2019,False
5e04cc65-43c0-4752-b375-3697f0c18d2d,dbc100c0-8f16-4ec1-b74c-74b80de41c07,75498004,Acute bacterial sinusitis (disorder),,resolved,2013-05-20T13:33:52+00:00,2013-05-20T13:33:52+00:00,2013,False
b29ec3e5-24e9-4711-8677-065baf2ac464,dbc100c0-8f16-4ec1-b74c-74b80de41c07,271737000,Anemia (disorder),,active,1997-06-04T13:33:52+00:00,1997-06-04T13:33:52+00:00,1997,False
8b1c7df7-243b-45f7-84ac-0cc59f520be1,dbc100c0-8f16-4ec1-b74c-74b80de41c07,15777000,Prediabetes,,active,1994-12-14T13:33:52+00:00,1994-12-14T13:33:52+00:00,1994,True
8636749e-cb69-4e53-92d2-60072174be10,dbc100c0-8f16-4ec1-b74c-74b80de41c07,62106007,Concussion with no loss of consciousness,,resolved,2015-01-15T13:33:52+00:00,2015-01-15T13:33:52+00:00,2015,False
c2170656-ec66-4e18-b907-bc8727a8f39f,dbc100c0-8f16-4ec1-b74c-74b80de41c07,403190006,First degree burn,,resolved,2016-12-05T13:33:52+00:00,2016-12-05T13:33:52+00:00,2016,False
9a14655f-2e33-4255-afb2-d17eb4fe4ac2,dbc100c0-8f16-4ec1-b74c-74b80de41c07,39848009,Whiplash injury to neck,,resolved,2012-07-01T13:33:52+00:00,2012-07-01T13:33:52+00:00,2012,False
38b27bab-8080-4815-b9b0-6d72aacb67ff,dbc100c0-8f16-4ec1-b74c-74b80de41c07,201834006,"Localized, primary osteoarthritis of the hand",,active,2003-05-18T13:33:52+00:00,2003-05-18T13:33:52+00:00,2003,True
77a431cd-4d56-4d77-8d0f-b302f281bef7,080e29a2-b350-47a0-8422-1325caefbadc,444814009,Viral sinusitis (disorder),,resolved,2018-10-22T03:57:00+00:00,2018-10-22T03:57:00+00:00,2018,False
95ada891-f3a7-4771-8f4f-fd1504c3a913,080e29a2-b350-47a0-8422-1325caefbadc,444814009,Viral sinusitis (disorder),,resolved,2021-02-08T03:57:00+00:00,2021-02-08T03:57:00+00:00,2021,False
d08c8151-ca00-4746-b576-4fef399e68e6,080e29a2-b350-47a0-8422-1325caefbadc,65363002,Otitis media,,resolved,2012-12-17T03:57:00+00:00,2012-12-17T03:57:00+00:00,2012,False
633f1bbd-1989-42f6-b114-ecf0a4d3683e,080e29a2-b350-47a0-8422-1325caefbadc,195662009,Acute viral pharyngitis (disorder),,resolved,2016-07-15T03:57:00+00:00,2016-07-15T03:57:00+00:00,2016,False
26a4cc00-3b3d-499b-a888-f17c23346a8e,080e29a2-b350-47a0-8422-1325caefbadc,195662009,Acute viral pharyngitis (disorder),,resolved,2013-12-15T03:57:00+00:00,2013-12-15T03:57:00+00:00,2013,False
cdf47cb7-f6bb-4b47-aba8-ba17311abbce,565feedb-ca56-40e3-aeb2-ace1287164c3,195662009,Acute viral pharyngitis (disorder),,resolved,2017-12-21T13:02:46+00:00,2017-12-21T13:02:46+00:00,2017,False
f319802b-bd4b-4fd2-a0d7-a099f0738eaf,565feedb-ca56-40e3-aeb2-ace1287164c3,35999006,Blighted ovum,,resolved,2018-01-24T13:02:46+00:00,2018-01-24T13:02:46+00:00,2018,False
75cfa818-ea5d-43c3-bb60-0140ea18bb1b,565feedb-ca56-40e3-aeb2-ace1287164c3,35999006,Blighted ovum,,resolved,2015-05-20T13:02:46+00:00,2015-05-20T13:02:46+00:00,2015,False
0e67f930-88cb-447c-88eb-8bc0e1835c4f,565feedb-ca56-40e3-aeb2-ace1287164c3,19169002,Miscarriage in first trimester,,active,2015-05-20T13:02:46+00:00,2015-05-20T13:02:46+00:00,2015,False
42560ebe-1b4b-4b14-8b83-1611dcc35893,565feedb-ca56-40e3-aeb2-ace1287164c3,195662009,Acute viral pharyngitis (disorder),,resolved,2019-08-29T13:02:46+00:00,2019-08-29T13:02:46+00:00,2019,False
4d80244e-fd3d-4f9b-8d4b-6e00ac6058b4,565feedb-ca56-40e3-aeb2-ace1287164c3,10509002,Acute bronchitis (disorder),,resolved,2013-05-24T13:02:46+00:00,2013-05-24T13:02:46+00:00,2013,False
df8ff3df-c69e-4f96-aeca-18b238ec5368,565feedb-ca56-40e3-aeb2-ace1287164c3,72892002,Normal pregnancy,,resolved,2020-11-04T13:02:46+00:00,2020-11-04T13:02:46+00:00,2020,False
bb0e5518-c0fd-40b3-a075-0993a60ee4ae,565feedb-ca56-40e3-aeb2-ace1287164c3,72892002,Normal pregnancy,,resolved,2018-01-24T13:02:46+00:00,2018-01-24T13:02:46+00:00,2018,False
4421384e-74ac-4d44-8f91-02affcc3069d,565feedb-ca56-40e3-aeb2-ace1287164c3,72892002,Normal pregnancy,,resolved,2017-04-19T13:02:46+00:00,2017-04-19T13:02:46+00:00,2017,False
f047e09c-023b-4801-8fcd-880cf03cc062,565feedb-ca56-40e3-aeb2-ace1287164c3,72892002,Normal pregnancy,,resolved,2015-09-30T13:02:46+00:00,2015-09-30T13:02:46+00:00,2015,False
7986f9a1-31ea-4155-ab14-775dc8614e80,565feedb-ca56-40e3-aeb2-ace1287164c3,72892002,Normal pregnancy,,resolved,2015-05-20T13:02:46+00:00,2015-05-20T13:02:46+00:00,2015,False
a05edf19-a493-4cba-bd15-e37bb753f897,e312f2f5-689d-47f9-b4dd-f6f12417322f,271737000,Anemia (disorder),,active,1995-10-16T00:48:33+00:00,1995-10-16T00:48:33+00:00,1995,False
93a78f55-6f59-4db4-b6d8-08ec75e95ec8,e312f2f5-689d-47f9-b4dd-f6f12417322f,230690007,Stroke,,active,2018-09-03T00:48:33+00:00,2018-09-03T00:48:33+00:00,2018,False
bce22f42-8a08-4b55-bdbc-7c81d309262c,e312f2f5-689d-47f9-b4dd-f6f12417322f,43878008,Streptococcal sore throat (disorder),,resolved,2019-09-06T00:48:33+00:00,2019-09-06T00:48:33+00:00,2019,False
0d39647b-dce2-409e-a8e9-caf9e8a3b59f,e312f2f5-689d-47f9-b4dd-f6f12417322f,162864005,Body mass index 30+ - obesity (finding),,active,1986-10-06T00:48:33+00:00,1986-10-06T00:48:33+00:00,1986,True
a9ebd3d1-8792-45bd-945c-d09e288c0d20,e312f2f5-689d-47f9-b4dd-f6f12417322f,15777000,Prediabetes,,active,1995-10-16T00:48:33+00:00,1995-10-16T00:48:33+00:00,1995,True
a11b7c4a-8489-4599-8c9d-8ccc25f8ff56,8c8bea6b-3352-4331-b5e8-544c0fef254a,64859006,Osteoporosis (disorder),,active,1999-03-26T10:10:39+00:00,1999-03-26T10:10:39+00:00,1999,False
4ccf45ae-0568-4d83-9719-1a528e3d2e86,8c8bea6b-3352-4331-b5e8-544c0fef254a,263102004,Fracture subluxation of wrist,,resolved,1998-03-21T10:10:39+00:00,1998-03-21T10:10:39+00:00,1998,False
839e32bd-fc39-4ad4-ad9a-afee1e8d5346,8c8bea6b-3352-4331-b5e8-544c0fef254a,40055000,Chronic sinusitis (disorder),,active,1962-12-31T10:10:39+00:00,1962-12-31T10:10:39+00:00,1962,False
8821b51c-dc72-4150-8c1e-0b5bfb274845,8c8bea6b-3352-4331-b5e8-544c0fef254a,301011002,Escherichia coli urinary tract infection,,resolved,2000-01-26T10:10:39+00:00,2000-01-26T10:10:39+00:00,2000,False
6f28d7c2-393e-4c32-bd0a-407dbcf82242,8c8bea6b-3352-4331-b5e8-544c0fef254a,444814009,Viral sinusitis (disorder),,resolved,1995-10-18T10:10:39+00:00,1995-10-18T10:10:39+00:00,1995,False
972b15b1-bf90-43c7-ba26-82126e20c7db,8c8bea6b-3352-4331-b5e8-544c0fef254a,88805009,Chronic congestive heart failure (disorder),,active,2000-01-31T10:10:39+00:00,2000-01-31T10:10:39+00:00,2000,True
33cc36d3-058b-4104-957e-a7a8c210c3ab,8c8bea6b-3352-4331-b5e8-544c0fef254a,55822004,Hyperlipidemia,,active,1995-03-03T10:10:39+00:00,1995-03-03T10:10:39+00:00,1995,True
1125192f-d323-478e-bb13-51187ba8ccfa,8c8bea6b-3352-4331-b5e8-544c0fef254a,444814009,Viral sinusitis (disorder),,resolved,1993-12-15T10:10:39+00:00,1993-12-15T10:10:39+00:00,1993,False
eb554ff0-421f-40da-8124-405bfa2f4971,8c8bea6b-3352-4331-b5e8-544c0fef254a,201834006,"Localized, primary osteoarthritis of the hand",,active,1992-01-14T10:10:39+00:00,1992-01-14T10:10:39+00:00,1992,True
ca6c2921-a225-4950-9102-785ddd1acf78,d98ae128-2a42-4c85-b9aa-cebdf6bddb1d,195662009,Acute viral pharyngitis (disorder),,resolved,2017-05-11T19:03:19+00:00,2017-05-11T19:03:19+00:00,2017,False
cd1c285f-0ab1-48de-bac5-2cef110837bf,d98ae128-2a42-4c85-b9aa-cebdf6bddb1d,10509002,Acute bronchitis (disorder),,resolved,2018-04-26T19:03:19+00:00,2018-04-26T19:03:19+00:00,2018,False
e62f88f4-be37-440a-b62d-9d717549530a,d98ae128-2a42-4c85-b9aa-cebdf6bddb1d,10509002,Acute bronchitis (disorder),,resolved,2013-01-26T19:03:19+00:00,2013-01-26T19:03:19+00:00,2013,False
e222f1f8-9d57-4960-8108-b7f767965a51,d98ae128-2a42-4c85-b9aa-cebdf6bddb1d,444814009,Viral sinusitis (disorder),,resolved,2013-04-01T19:03:19+00:00,2013-04-01T19:03:19+00:00,2013,False
7de23958-ec20-43e3-b264-71d6777f54a6,768be7ac-743f-4c24-aa0f-fed5a3a38b6a,271737000,Anemia (disorder),,active,1953-07-22T17:45:54+00:00,1953-07-22T17:45:54+00:00,1953,False
193d1747-2e8b-41ed-852b-76d95270ddd2,768be7ac-743f-4c24-aa0f-fed5a3a38b6a,15777000,Prediabetes,,active,1953-07-22T17:45:54+00:00,1953-07-22T17:45:54+00:00,1953,True
e4a0c117-41cf-4a89-9570-6a19fa4210ea,768be7ac-743f-4c24-aa0f-fed5a3a38b6a,713197008,Recurrent rectal polyp,,active,1992-06-11T17:45:54+00:00,1992-06-11T17:45:54+00:00,1992,False
9d3ff5b0-f53c-42c6-960a-cd9ec1e93b2e,768be7ac-743f-4c24-aa0f-fed5a3a38b6a,68496003,Polyp of colon,,active,1991-05-18T17:45:54+00:00,1991-05-18T17:45:54+00:00,1991,False
7f99d62a-8cc7-4180-b138-710afd0741f0,768be7ac-743f-4c24-aa0f-fed5a3a38b6a,19169002,Miscarriage in first trimester,,active,1973-02-21T17:45:54+00:00,1973-02-21T17:45:54+00:00,1973,False
69f3d12f-e8a1-4254-b411-a835f0b5915e,768be7ac-743f-4c24-aa0f-fed5a3a38b6a,55822004,Hyperlipidemia,,active,1978-04-05T17:45:54+00:00,1978-04-05T17:45:54+00:00,1978,True
17f274fc-9064-48c8-a1a9-8501e95191b9,84451841-21bf-4754-9eb5-99d508c4282f,19169002,Miscarriage in first trimester,,active,2005-04-18T10:19:35+00:00,2005-04-18T10:19:35+00:00,2005,False
b15084c7-4f1c-4ee6-85e8-6e0c4211a1db,84451841-21bf-4754-9eb5-99d508c4282f,444814009,Viral sinusitis (disorder),,resolved,2020-05-04T10:19:35+00:00,2020-05-04T10:19:35+00:00,2020,False
4a928f3e-677e-414b-8221-309d266b8dcd,84451841-21bf-4754-9eb5-99d508c4282f,162864005,Body mass index 30+ - obesity (finding),,active,2013-07-29T10:19:35+00:00,2013-07-29T10:19:35+00:00,2013,True
9105b998-a4b8-4b53-bbbb-a2e9f678b23e,84451841-21bf-4754-9eb5-99d508c4282f,195662009,Acute viral pharyngitis (disorder),,resolved,2014-06-09T10:19:35+00:00,2014-06-09T10:19:35+00:00,2014,False
05661306-2fa2-4251-9de8-259b7ebd5540,84451841-21bf-4754-9eb5-99d508c4282f,55822004,Hyperlipidemia,,active,2013-07-29T10:19:35+00:00,2013-07-29T10:19:35+00:00,2013,True
89b0d2cd-24e8-4ca7-9e42-d3ea157410b7,84451841-21bf-4754-9eb5-99d508c4282f,10509002,Acute bronchitis (disorder),,resolved,2014-08-23T10:19:35+00:00,2014-08-23T10:19:35+00:00,2014,False
2c7b94f3-a393-4833-af43-3938582047fc,43dd4e31-0c9d-42c7-a2e1-53ccf0e09dba,444814009,Viral sinusitis (disorder),,resolved,2013-09-28T14:19:20+00:00,2013-09-28T14:19:20+00:00,2013,False
2f62a147-681c-4de8-9cc5-94818425a5c0,43dd4e31-0c9d-42c7-a2e1-53ccf0e09dba,55680006,Drug overdose,,active,2014-03-14T14:19:20+00:00,2014-03-14T14:19:20+00:00,2014,False
23d36a12-1b66-4a0b-99ee-fbae76541803,43dd4e31-0c9d-42c7-a2e1-53ccf0e09dba,444814009,Viral sinusitis (disorder),,resolved,2016-05-30T14:19:20+00:00,2016-05-30T14:19:20+00:00,2016,False
882203d8-e173-4ade-ba96-a540d768c8ea,43dd4e31-0c9d-42c7-a2e1-53ccf0e09dba,162864005,Body mass index 30+ - obesity (finding),,active,1993-04-16T14:19:20+00:00,1993-04-16T14:19:20+00:00,1993,True
3c34afb2-3c5a-40ce-a189-735f147476cb,43dd4e31-0c9d-42c7-a2e1-53ccf0e09dba,195662009,Acute viral pharyngitis (disorder),,resolved,2014-01-17T14:19:20+00:00,2014-01-17T14:19:20+00:00,2014,False
d9351f40-153e-41f1-8217-1809bf0bd84d,43dd4e31-0c9d-42c7-a2e1-53ccf0e09dba,444814009,Viral sinusitis (disorder),,resolved,2016-02-01T14:19:20+00:00,2016-02-01T14:19:20+00:00,2016,False
ad87f605-34af-4836-9338-b7fabde79b97,43dd4e31-0c9d-42c7-a2e1-53ccf0e09dba,271737000,Anemia (disorder),,active,2017-06-16T14:19:20+00:00,2017-06-16T14:19:20+00:00,2017,False
bb6047a3-1612-4a84-a38c-d457b5d2845d,43dd4e31-0c9d-42c7-a2e1-53ccf0e09dba,201834006,"Localized, primary osteoarthritis of the hand",,active,2004-04-14T14:19:20+00:00,2004-04-14T14:19:20+00:00,2004,True
4a622138-834a-4a5b-902e-c46c95e2ff2b,43dd4e31-0c9d-42c7-a2e1-53ccf0e09dba,58150001,Fracture of clavicle,,resolved,2012-08-22T14:19:20+00:00,2012-08-22T14:19:20+00:00,2012,False
f8832922-e8e2-4500-b163-3d2d909d43c2,43dd4e31-0c9d-42c7-a2e1-53ccf0e09dba,15777000,Prediabetes,,active,2016-06-10T14:19:20+00:00,2016-06-10T14:19:20+00:00,2016,True
acb5c20a-c9e0-4c9f-8a56-c5f881d9090a,39234650-0229-4aee-975b-c8ee68bab40b,230690007,Stroke,,active,1989-06-03T02:39:21+00:00,1989-06-03T02:39:21+00:00,1989,False
8c048488-a735-4f9f-8c76-1c0a8a915d02,39234650-0229-4aee-975b-c8ee68bab40b,399211009,History of myocardial infarction (situation),,active,2016-12-10T02:39:21+00:00,2016-12-10T02:39:21+00:00,2016,False
8bfb0988-bb18-4fd5-8c55-72d75c28d29f,39234650-0229-4aee-975b-c8ee68bab40b,428251008,History of appendectomy,,active,1957-04-17T02:39:21+00:00,1957-04-17T02:39:21+00:00,1957,False
53d14739-69c8-4521-956a-ebba58238a23,39234650-0229-4aee-975b-c8ee68bab40b,53741008,Coronary Heart Disease,,active,2012-12-29T02:39:21+00:00,2012-12-29T02:39:21+00:00,2012,False
0f9007a9-e2e1-44e3-abef-ed4bce20193c,39234650-0229-4aee-975b-c8ee68bab40b,444814009,Viral sinusitis (disorder),,resolved,2012-11-25T02:39:21+00:00,2012-11-25T02:39:21+00:00,2012,False
807d724e-d0d7-496b-93fe-5dc717fd7eda,39234650-0229-4aee-975b-c8ee68bab40b,38341003,Hypertension,,active,1938-06-18T02:39:21+00:00,1938-06-18T02:39:21+00:00,1938,True
4ca80fc5-b33d-48aa-b0bb-cdf98978d884,39234650-0229-4aee-975b-c8ee68bab40b,162864005,Body mass index 30+ - obesity (finding),,active,1959-01-10T02:39:21+00:00,1959-01-10T02:39:21+00:00,1959,True
e58c4d6d-80b0-4356-8f26-fe1b97a6e231,39234650-0229-4aee-975b-c8ee68bab40b,195662009,Acute viral pharyngitis (disorder),,resolved,2010-05-30T02:39:21+00:00,2010-05-30T02:39:21+00:00,2010,False
fc9a6552-14cf-46c9-9a70-5d8450f7211a,39234650-0229-4aee-975b-c8ee68bab40b,49436004,Atrial Fibrillation,,active,1967-01-28T02:39:21+00:00,1967-01-28T02:39:21+00:00,1967,True
bc366b8f-2119-4d2b-80e3-69e9e7b03857,39234650-0229-4aee-975b-c8ee68bab40b,74400008,Appendicitis,,active,1957-04-17T02:39:21+00:00,1957-04-17T02:39:21+00:00,1957,False
a4825cc1-fc62-4579-9982-e8e646cf4fb8,39234650-0229-4aee-975b-c8ee68bab40b,22298006,Myocardial Infarction,,active,2016-12-10T02:39:21+00:00,2016-12-10T02:39:21+00:00,2016,False
4d27f882-890d-4aaa-a22b-154b400d6ab6,45ecc2b1-2e0c-4e67-bdac-2979f439275a,35999006,Blighted ovum,,resolved,2005-01-31T14:01:55+00:00,2005-01-31T14:01:55+00:00,2005,False
d3445cf3-c571-4791-8d7f-12eea2e42cca,45ecc2b1-2e0c-4e67-bdac-2979f439275a,15777000,Prediabetes,,active,1996-04-08T14:01:55+00:00,1996-04-08T14:01:55+00:00,1996,True
7fa35e90-8c28-40b6-a8ef-e02b4dcd00a2,45ecc2b1-2e0c-4e67-bdac-2979f439275a,19169002,Miscarriage in first trimester,,active,1990-08-13T14:01:55+00:00,1990-08-13T14:01:55+00:00,1990,False
7aecde1a-d0ec-47cd-977d-bd01b4afcab8,45ecc2b1-2e0c-4e67-bdac-2979f439275a,197927001,Recurrent urinary tract infection,,active,1998-07-05T14:01:55+00:00,1998-07-05T14:01:55+00:00,1998,False
48f0e1a4-4842-421d-ac4d-c6092713b20f,45ecc2b1-2e0c-4e67-bdac-2979f439275a,230690007,Stroke,,active,2012-11-26T14:01:55+00:00,2012-11-26T14:01:55+00:00,2012,False
2df2c23b-35e9-4c28-b115-0b5c87243ffe,45ecc2b1-2e0c-4e67-bdac-2979f439275a,38341003,Hypertension,,active,1992-03-30T14:01:55+00:00,1992-03-30T14:01:55+00:00,1992,True
da27a4f1-c94f-4968-aef1-5aa52d675dbd,45ecc2b1-2e0c-4e67-bdac-2979f439275a,10509002,Acute bronchitis (disorder),,resolved,2011-06-09T14:01:55+00:00,2011-06-09T14:01:55+00:00,2011,False
a840ed47-fff8-4775-9af7-5b113e5d1a1b,45ecc2b1-2e0c-4e67-bdac-2979f439275a,271737000,Anemia (disorder),,active,1996-04-08T14:01:55+00:00,1996-04-08T14:01:55+00:00,1996,False
e3855b09-b24b-4e9d-b927-4caa2a9b9873,45ecc2b1-2e0c-4e67-bdac-2979f439275a,79586000,Tubal pregnancy,,active,1997-04-14T14:01:55+00:00,1997-04-14T14:01:55+00:00,1997,False
24132f2f-9e2d-4c6d-b643-936c8f99acb9,45ecc2b1-2e0c-4e67-bdac-2979f439275a,398254007,Preeclampsia,,resolved,2008-09-15T14:01:55+00:00,2008-09-15T14:01:55+00:00,2008,False
634d0da0-8736-4ca7-bd9f-ab47f2a19140,45ecc2b1-2e0c-4e67-bdac-2979f439275a,72892002,Normal pregnancy,,resolved,2007-03-19T14:01:55+00:00,2007-03-19T14:01:55+00:00,2007,False
42be22f1-9325-49cb-bf09-b3666bcb148a,45ecc2b1-2e0c-4e67-bdac-2979f439275a,72892002,Normal pregnancy,,resolved,2008-03-31T14:01:55+00:00,2008-03-31T14:01:55+00:00,2008,False
e714a3fe-3d5f-4072-8d29-5e98596ab44d,45ecc2b1-2e0c-4e67-bdac-2979f439275a,72892002,Normal pregnancy,,resolved,2005-10-03T14:01:55+00:00,2005-10-03T14:01:55+00:00,2005,False
ed425fcb-bb35-4858-810c-4bbaa5984f70,45ecc2b1-2e0c-4e67-bdac-2979f439275a,72892002,Normal pregnancy,,resolved,2005-01-31T14:01:55+00:00,2005-01-31T14:01:55+00:00,2005,False
ff58a8eb-a48b-4319-8cb5-5f5b0790c4f4,45ecc2b1-2e0c-4e67-bdac-2979f439275a,72892002,Normal pregnancy,,resolved,2003-02-10T14:01:55+00:00,2003-02-10T14:01:55+00:00,2003,False
29f93608-d77b-4b9d-8c27-73903571c514,47c09f86-2ff8-46e9-9544-8146fc723bab,195662009,Acute viral pharyngitis (disorder),,resolved,2020-02-20T06:58:56+00:00,2020-02-20T06:58:56+00:00,2020,False
98d2cbf3-14d1-47c5-a54a-0135f0f6da6d,47c09f86-2ff8-46e9-9544-8146fc723bab,271737000,Anemia (disorder),,active,1976-06-27T06:58:56+00:00,1976-06-27T06:58:56+00:00,1976,False
19bb83d7-afc1-4f7b-bc1d-424206463adb,47c09f86-2ff8-46e9-9544-8146fc723bab,19169002,Miscarriage in first trimester,,active,1969-11-30T06:58:56+00:00,1969-11-30T06:58:56+00:00,1969,False
a7edeafd-51cd-4722-b07e-4d44fb263d3b,47c09f86-2ff8-46e9-9544-8146fc723bab,283371005,Laceration of forearm,,resolved,2011-11-04T06:58:56+00:00,2011-11-04T06:58:56+00:00,2011,False
5145c323-d8a6-41e1-9913-8a032eb16ad7,47c09f86-2ff8-46e9-9544-8146fc723bab,15777000,Prediabetes,,active,1976-06-27T06:58:56+00:00,1976-06-27T06:58:56+00:00,1976,True
ea654c1d-0e8b-4bd1-9333-269909b46267,47c09f86-2ff8-46e9-9544-8146fc723bab,55822004,Hyperlipidemia,,active,2004-07-11T06:58:56+00:00,2004-07-11T06:58:56+00:00,2004,True
a40ff843-e655-4f42-bccb-415ec4791ed7,10fe9427-a075-4d8c-8af7-1d4d24f72112,444814009,Viral sinusitis (disorder),,resolved,2016-09-16T22:39:54+00:00,2016-09-16T22:39:54+00:00,2016,False
39fb9d67-2f07-43c7-98b4-847b71b92281,10fe9427-a075-4d8c-8af7-1d4d24f72112,36971009,Sinusitis (disorder),,resolved,2014-12-14T22:39:54+00:00,2014-12-14T22:39:54+00:00,2014,False
eedba946-f33e-404c-836e-648f4770b0aa,10fe9427-a075-4d8c-8af7-1d4d24f72112,39848009,Whiplash injury to neck,,resolved,2019-05-29T22:39:54+00:00,2019-05-29T22:39:54+00:00,2019,False
a8ed80fe-7b3c-475f-b9df-4d535c7da310,10fe9427-a075-4d8c-8af7-1d4d24f72112,370247008,Facial laceration,,resolved,2011-12-23T22:39:54+00:00,2011-12-23T22:39:54+00:00,2011,False
4516132c-8571-4951-8765-1e8948c08df0,10fe9427-a075-4d8c-8af7-1d4d24f72112,72892002,Normal pregnancy,,active,2021-02-16T22:39:54+00:00,2021-02-16T22:39:54+00:00,2021,False
75d98616-f1c1-4099-848f-fc031a23724d,10fe9427-a075-4d8c-8af7-1d4d24f72112,72892002,Normal pregnancy,,resolved,2020-02-04T22:39:54+00:00,2020-02-04T22:39:54+00:00,2020,False
5448e6bd-4690-45c5-a47e-225b5df0beea,10fe9427-a075-4d8c-8af7-1d4d24f72112,72892002,Normal pregnancy,,resolved,2017-09-26T22:39:54+00:00,2017-09-26T22:39:54+00:00,2017,False
5078173b-cf56-49e8-aa7e-f8eabd729d73,10fe9427-a075-4d8c-8af7-1d4d24f72112,72892002,Normal pregnancy,,resolved,2017-03-28T22:39:54+00:00,2017-03-28T22:39:54+00:00,2017,False
f366ec94-e5ba-48b2-aac8-1586b243deb4,10fe9427-a075-4d8c-8af7-1d4d24f72112,72892002,Normal pregnancy,,resolved,2014-04-15T22:39:54+00:00,2014-04-15T22:39:54+00:00,2014,False
97fb589b-6a95-4442-9116-a4355ebe41fe,10fe9427-a075-4d8c-8af7-1d4d24f72112,72892002,Normal pregnancy,,resolved,2013-08-20T22:39:54+00:00,2013-08-20T22:39:54+00:00,2013,False
9f90b8e3-676d-41b5-a592-0062d6f5af7b,10fe9427-a075-4d8c-8af7-1d4d24f72112,72892002,Normal pregnancy,,resolved,2012-09-04T22:39:54+00:00,2012-09-04T22:39:54+00:00,2012,False
cf07d060-ebe8-4cac-95f3-721b4f838e0a,10fe9427-a075-4d8c-8af7-1d4d24f72112,72892002,Normal pregnancy,,resolved,2009-12-15T22:39:54+00:00,2009-12-15T22:39:54+00:00,2009,False
a922f496-1a40-4d09-8484-fc60199360ef,bab7fbbe-9b84-4b2b-b541-bb1fe769772a,444814009,Viral sinusitis (disorder),,resolved,2018-05-21T07:21:10+00:00,2018-05-21T07:21:10+00:00,2018,False
69ef7c1e-8507-46af-8444-0841d1871b74,bab7fbbe-9b84-4b2b-b541-bb1fe769772a,38341003,Hypertension,,active,1978-11-13T07:21:10+00:00,1978-11-13T07:21:10+00:00,1978,True
ee56afb7-3193-4c57-b7fc-d767947be0bc,bab7fbbe-9b84-4b2b-b541-bb1fe769772a,162864005,Body mass index 30+ - obesity (finding),,active,1988-11-28T07:21:10+00:00,1988-11-28T07:21:10+00:00,1988,True
55bb5d97-185b-4943-96a1-37fb73986f45,bab7fbbe-9b84-4b2b-b541-bb1fe769772a,10509002,Acute bronchitis (disorder),,resolved,2020-05-14T07:21:10+00:00,2020-05-14T07:21:10+00:00,2020,False
0297d59d-7aac-4de1-9cc7-fb69a4627f68,bab7fbbe-9b84-4b2b-b541-bb1fe769772a,444814009,Viral sinusitis (disorder),,resolved,2015-08-04T07:21:10+00:00,2015-08-04T07:21:10+00:00,2015,False
eed0dd16-1882-45e9-9558-b303bfa67e9d,bab7fbbe-9b84-4b2b-b541-bb1fe769772a,444814009,Viral sinusitis (disorder),,resolved,2015-11-18T07:21:10+00:00,2015-11-18T07:21:10+00:00,2015,False
526a5eca-7aea-425f-b388-f5107f32d315,bab7fbbe-9b84-4b2b-b541-bb1fe769772a,55822004,Hyperlipidemia,,active,2005-01-31T07:21:10+00:00,2005-01-31T07:21:10+00:00,2005,True
032f317f-dbe3-4993-990a-5f33d33f2869,d5525459-8f3e-4e60-8ed2-5140d165db75,302870006,Hypertriglyceridemia (disorder),,active,1991-07-28T04:59:42+00:00,1991-07-28T04:59:42+00:00,1991,False
22c5040d-4f0d-45aa-b989-b71ac23988f4,d5525459-8f3e-4e60-8ed2-5140d165db75,271737000,Anemia (disorder),,active,1993-08-01T04:59:42+00:00,1993-08-01T04:59:42+00:00,1993,False
a04fdd35-b1b2-4c99-aefc-7acf1fa57110,d5525459-8f3e-4e60-8ed2-5140d165db75,284549007,Laceration of hand,,resolved,2014-11-07T04:59:42+00:00,2014-11-07T04:59:42+00:00,2014,False
7fac8919-43d4-4d5c-8496-e54f3fb89f48,d5525459-8f3e-4e60-8ed2-5140d165db75,44054006,Diabetes,,active,1988-07-24T04:59:42+00:00,1988-07-24T04:59:42+00:00,1988,True
55fd5f50-c140-484c-8eb4-ab8b60fce186,d5525459-8f3e-4e60-8ed2-5140d165db75,127013003,Diabetic renal disease (disorder),,active,2011-10-02T04:59:42+00:00,2011-10-02T04:59:42+00:00,2011,False
d252c2a3-020e-43d0-b788-c7b7728717fb,d5525459-8f3e-4e60-8ed2-5140d165db75,90560007,Gout,,active,1994-01-01T04:59:42+00:00,1994-01-01T04:59:42+00:00,1994,False
d6b61880-07fc-4c8a-987e-22716ee73dd8,d5525459-8f3e-4e60-8ed2-5140d165db75,237602007,Metabolic syndrome X (disorder),,active,1993-08-01T04:59:42+00:00,1993-08-01T04:59:42+00:00,1993,False
aade1a76-87b0-4c55-b9c1-7d59cdc1951c,d5525459-8f3e-4e60-8ed2-5140d165db75,368581000119106,Neuropathy due to type 2 diabetes mellitus (disorder),,active,1997-08-10T04:59:42+00:00,1997-08-10T04:59:42+00:00,1997,True
743821c3-dbd7-441e-b7b1-e48fa909e144,d5525459-8f3e-4e60-8ed2-5140d165db75,431855005,Chronic kidney disease stage 1 (disorder),,active,2011-10-02T04:59:42+00:00,2011-10-02T04:59:42+00:00,2011,True
3405a988-e5c7-4b14-bbff-44d992e2eb09,d5525459-8f3e-4e60-8ed2-5140d165db75,88805009,Chronic congestive heart failure (disorder),,active,2016-01-15T04:59:42+00:00,2016-01-15T04:59:42+00:00,2016,True
c87ac2f7-1300-42db-bcad-30769967190f,d5525459-8f3e-4e60-8ed2-5140d165db75,195662009,Acute viral pharyngitis (disorder),,resolved,2016-03-07T04:59:42+00:00,2016-03-07T04:59:42+00:00,2016,False
90fef1d4-c609-408a-924e-8b33ce254ad7,d5525459-8f3e-4e60-8ed2-5140d165db75,62106007,Concussion with no loss of consciousness,,resolved,2010-03-03T04:59:42+00:00,2010-03-03T04:59:42+00:00,2010,False
4fa17050-4c89-4c91-9728-db9ae0b5fc94,5f6d256f-fc32-4b10-ba9c-51aba830cfa4,79586000,Tubal pregnancy,,active,1990-12-15T05:46:40+00:00,1990-12-15T05:46:40+00:00,1990,False
50ff2348-4c40-4e4d-93a9-67d790f248cc,5f6d256f-fc32-4b10-ba9c-51aba830cfa4,162864005,Body mass index 30+ - obesity (finding),,active,1982-09-11T05:46:40+00:00,1982-09-11T05:46:40+00:00,1982,True
6786ab7c-ab05-45d0-b569-7611ceed79c2,5f6d256f-fc32-4b10-ba9c-51aba830cfa4,80394007,Hyperglycemia (disorder),,active,1993-09-11T05:46:40+00:00,1993-09-11T05:46:40+00:00,1993,False
d4eaf8f5-ae7f-4537-bc9c-4f5686f44023,5f6d256f-fc32-4b10-ba9c-51aba830cfa4,368581000119106,Neuropathy due to type 2 diabetes mellitus (disorder),,active,1992-09-05T05:46:40+00:00,1992-09-05T05:46:40+00:00,1992,True
708d4031-a469-4678-b62a-19f9fc1a3f92,5f6d256f-fc32-4b10-ba9c-51aba830cfa4,19169002,Miscarriage in first trimester,,active,1990-03-31T05:46:40+00:00,1990-03-31T05:46:40+00:00,1990,False
d804657f-ba1b-495c-92e9-aec48f2528db,5f6d256f-fc32-4b10-ba9c-51aba830cfa4,302870006,Hypertriglyceridemia (disorder),,active,1990-09-29T05:46:40+00:00,1990-09-29T05:46:40+00:00,1990,False
17b1d53b-d345-4e9d-9dd4-dd3a99129cfc,5f6d256f-fc32-4b10-ba9c-51aba830cfa4,15777000,Prediabetes,,active,1993-09-11T05:46:40+00:00,1993-09-11T05:46:40+00:00,1993,True
698dd433-4061-48ac-8f70-2c2db5f68a9c,5f6d256f-fc32-4b10-ba9c-51aba830cfa4,48333001,Burn injury(morphologic abnormality),,active,2000-09-17T05:46:40+00:00,2000-09-17T05:46:40+00:00,2000,False
ced65361-cc7c-45f2-874f-be1e7ba6fc34,5f6d256f-fc32-4b10-ba9c-51aba830cfa4,44054006,Diabetes,,active,1988-09-24T05:46:40+00:00,1988-09-24T05:46:40+00:00,1988,True
c41029f6-6e69-4c0b-a393-03c8fa595d75,5f6d256f-fc32-4b10-ba9c-51aba830cfa4,237602007,Metabolic syndrome X (disorder),,active,1990-09-29T05:46:40+00:00,1990-09-29T05:46:40+00:00,1990,False
44ae5759-f7cd-460d-8683-bc4de7df428f,5f6d256f-fc32-4b10-ba9c-51aba830cfa4,62106007,Concussion with no loss of consciousness,,resolved,1991-01-17T05:46:40+00:00,1991-01-17T05:46:40+00:00,1991,False
cc00a6c0-60a5-4923-9eaa-20460a3dff7d,5f6d256f-fc32-4b10-ba9c-51aba830cfa4,38341003,Hypertension,,active,1988-09-24T05:46:40+00:00,1988-09-24T05:46:40+00:00,1988,True
0796dd0d-5999-4007-927a-9a5447d6e415,5f6d256f-fc32-4b10-ba9c-51aba830cfa4,72892002,Normal pregnancy,,resolved,1990-12-15T05:46:40+00:00,1990-12-15T05:46:40+00:00,1990,False
6efce012-a640-4d5f-a3c9-3142d588a330,5f6d256f-fc32-4b10-ba9c-51aba830cfa4,10509002,Acute bronchitis (disorder),,resolved,1997-07-01T05:46:40+00:00,1997-07-01T05:46:40+00:00,1997,False
618c1a72-8f57-4474-8b2f-ba0a7001eaf7,5f6d256f-fc32-4b10-ba9c-51aba830cfa4,10509002,Acute bronchitis (disorder),,resolved,1994-02-08T05:46:40+00:00,1994-02-08T05:46:40+00:00,1994,False
ca222f1d-ce0e-4a12-b15f-49badf6d114d,5f6d256f-fc32-4b10-ba9c-51aba830cfa4,49436004,Atrial Fibrillation,,active,2000-07-29T05:46:40+00:00,2000-07-29T05:46:40+00:00,2000,True
bbb11c5d-3c96-4817-8ece-f3802689a6fe,5f6d256f-fc32-4b10-ba9c-51aba830cfa4,39848009,Whiplash injury to neck,,resolved,1999-08-03T05:46:40+00:00,1999-08-03T05:46:40+00:00,1999,False
87c95627-3b68-46b6-8524-8ac28230a82f,132f48ba-1d72-4e0c-a220-91786d7501aa,698754002,Chronic paralysis due to lesion of spinal cord,,active,2009-06-10T00:14:49+00:00,2009-06-10T00:14:49+00:00,2009,False
23712a6c-7d3b-46c7-b04c-baaff6fc0854,132f48ba-1d72-4e0c-a220-91786d7501aa,444814009,Viral sinusitis (disorder),,resolved,2011-04-02T00:14:49+00:00,2011-04-02T00:14:49+00:00,2011,False
df78ee14-7a79-40ea-9427-e5417945e164,132f48ba-1d72-4e0c-a220-91786d7501aa,302870006,Hypertriglyceridemia (disorder),,active,2019-09-20T00:14:49+00:00,2019-09-20T00:14:49+00:00,2019,False
c220621a-60d6-4dc6-94d4-82ad9a58db5d,132f48ba-1d72-4e0c-a220-91786d7501aa,237602007,Metabolic syndrome X (disorder),,active,2019-11-22T00:14:49+00:00,2019-11-22T00:14:49+00:00,2019,False
dc99df33-8a1d-42a8-8246-6b00bba77aa9,132f48ba-1d72-4e0c-a220-91786d7501aa,271737000,Anemia (disorder),,active,2017-11-10T00:14:49+00:00,2017-11-10T00:14:49+00:00,2017,False
6d8acd0c-80b8-4000-bb34-39397ffbd3b6,132f48ba-1d72-4e0c-a220-91786d7501aa,15777000,Prediabetes,,active,2019-11-22T00:14:49+00:00,2019-11-22T00:14:49+00:00,2019,True
7b311748-c6d6-4897-ad41-9282aab9808f,132f48ba-1d72-4e0c-a220-91786d7501aa,127013003,Diabetic renal disease (disorder),,active,2019-09-20T00:14:49+00:00,2019-09-20T00:14:49+00:00,2019,False
c64b0233-ee2a-4064-a6d6-75c4c93e4704,132f48ba-1d72-4e0c-a220-91786d7501aa,80394007,Hyperglycemia (disorder),,active,2019-11-22T00:14:49+00:00,2019-11-22T00:14:49+00:00,2019,False
75448cb2-1aca-4b6d-bb56-2217b19d9c7c,132f48ba-1d72-4e0c-a220-91786d7501aa,44054006,Diabetes,,active,2017-11-10T00:14:49+00:00,2017-11-10T00:14:49+00:00,2017,True
e7c29fcc-aa79-4682-a198-9393e265a957,132f48ba-1d72-4e0c-a220-91786d7501aa,431855005,Chronic kidney disease stage 1 (disorder),,active,2019-09-20T00:14:49+00:00,2019-09-20T00:14:49+00:00,2019,True
956c5bcb-4422-47c7-9e11-bfbc39a55e16,132f48ba-1d72-4e0c-a220-91786d7501aa,72892002,Normal pregnancy,,resolved,2015-05-15T00:14:49+00:00,2015-05-15T00:14:49+00:00,2015,False
1da9125d-2688-4e75-8510-a0a2edb84c03,fa064acf-b7f1-4279-83d3-7a94686da7ba,410429000,Cardiac Arrest,,active,1946-04-13T02:39:21+00:00,1946-04-13T02:39:21+00:00,1946,False
d8b4504c-39ec-490c-9880-d8e8159bfe48,fa064acf-b7f1-4279-83d3-7a94686da7ba,444814009,Viral sinusitis (disorder),,resolved,2016-08-29T02:39:21+00:00,2016-08-29T02:39:21+00:00,2016,False
c8a27999-1fde-4299-a582-e608e888d9d5,fa064acf-b7f1-4279-83d3-7a94686da7ba,237602007,Metabolic syndrome X (disorder),,active,1964-05-09T02:39:21+00:00,1964-05-09T02:39:21+00:00,1964,False
5fc8877e-1257-4d13-a81e-9914e607a0c4,fa064acf-b7f1-4279-83d3-7a94686da7ba,302870006,Hypertriglyceridemia (disorder),,active,1964-05-09T02:39:21+00:00,1964-05-09T02:39:21+00:00,1964,False
055921b5-114b-41e9-b80c-105c9b0ded33,fa064acf-b7f1-4279-83d3-7a94686da7ba,38341003,Hypertension,,active,1938-06-18T02:39:21+00:00,1938-06-18T02:39:21+00:00,1938,True
74e13f54-cb9b-4576-9255-3bb4d3b64d9c,fa064acf-b7f1-4279-83d3-7a94686da7ba,429007001,History of cardiac arrest (situation),,active,1946-04-13T02:39:21+00:00,1946-04-13T02:39:21+00:00,1946,False
ea190c26-7762-4585-b442-5e4927e41655,fa064acf-b7f1-4279-83d3-7a94686da7ba,284551006,Laceration of foot,,resolved,2017-10-22T02:39:21+00:00,2017-10-22T02:39:21+00:00,2017,False
25c898eb-adcd-46f0-a936-52e09f53f729,fa064acf-b7f1-4279-83d3-7a94686da7ba,80394007,Hyperglycemia (disorder),,active,1968-05-18T02:39:21+00:00,1968-05-18T02:39:21+00:00,1968,False
e6d6b346-860b-40ac-9042-4ddd6fc7502b,fa064acf-b7f1-4279-83d3-7a94686da7ba,15777000,Prediabetes,,active,1956-07-21T02:39:21+00:00,1956-07-21T02:39:21+00:00,1956,True
78ec76e1-5bd8-418b-adf9-300c52a4e816,fa064acf-b7f1-4279-83d3-7a94686da7ba,230690007,Stroke,,active,1992-09-12T02:39:21+00:00,1992-09-12T02:39:21+00:00,1992,False
151601fc-c504-45d7-89da-b4ba37fcb008,fa064acf-b7f1-4279-83d3-7a94686da7ba,444814009,Viral sinusitis (disorder),,resolved,2016-02-19T02:39:21+00:00,2016-02-19T02:39:21+00:00,2016,False
b65bf644-b89d-4f63-a61d-810c1709998c,fa064acf-b7f1-4279-83d3-7a94686da7ba,444814009,Viral sinusitis (disorder),,resolved,2012-09-23T02:39:21+00:00,2012-09-23T02:39:21+00:00,2012,False
b846e0f3-b308-4497-905f-af4c600aa434,fa064acf-b7f1-4279-83d3-7a94686da7ba,44054006,Diabetes,,active,1962-05-05T02:39:21+00:00,1962-05-05T02:39:21+00:00,1962,True
d067fa87-5b8a-445b-b9ce-20bbf4e79fb4,fa064acf-b7f1-4279-83d3-7a94686da7ba,239873007,Osteoarthritis of knee,,active,1972-04-11T02:39:21+00:00,1972-04-11T02:39:21+00:00,1972,True
a666d088-418b-497b-b603-ae36057073c1,fa064acf-b7f1-4279-83d3-7a94686da7ba,49436004,Atrial Fibrillation,,active,2014-11-01T02:39:21+00:00,2014-11-01T02:39:21+00:00,2014,True
fc5d9030-6255-48b3-9193-f3f947eaed42,fa064acf-b7f1-4279-83d3-7a94686da7ba,271737000,Anemia (disorder),,active,1960-04-30T02:39:21+00:00,1960-04-30T02:39:21+00:00,1960,False
5117138e-d3f9-4294-92cb-f358066cc319,ffb8ae8f-8c7f-4475-8c42-d38419108e94,254632001,Small cell carcinoma of lung (disorder),,active,2009-07-31T06:01:37+00:00,2009-07-31T06:01:37+00:00,2009,False
1896cc88-0c36-48aa-8a52-5511c211643b,ffb8ae8f-8c7f-4475-8c42-d38419108e94,444814009,Viral sinusitis (disorder),,resolved,2008-09-16T06:01:37+00:00,2008-09-16T06:01:37+00:00,2008,False
05f09b80-c8b3-4531-8a3c-f63b834c905b,ffb8ae8f-8c7f-4475-8c42-d38419108e94,92691004,Carcinoma in situ of prostate (disorder),,active,2003-01-07T06:01:37+00:00,2003-01-07T06:01:37+00:00,2003,False
89bb3bd2-8bd6-479c-9d13-479fb05a334e,ffb8ae8f-8c7f-4475-8c42-d38419108e94,162864005,Body mass index 30+ - obesity (finding),,active,1976-10-12T06:01:37+00:00,1976-10-12T06:01:37+00:00,1976,True
d1d15b50-1774-418c-9051-b2d819877591,ffb8ae8f-8c7f-4475-8c42-d38419108e94,70704007,Sprain of wrist,,resolved,2009-03-04T06:01:37+00:00,2009-03-04T06:01:37+00:00,2009,False
61d5b0c8-c22a-47a2-8f54-b1f1cecb8451,ffb8ae8f-8c7f-4475-8c42-d38419108e94,201834006,"Localized, primary osteoarthritis of the hand",,active,1971-09-28T06:01:37+00:00,1971-09-28T06:01:37+00:00,1971,True
f06e6482-b301-4449-962e-6cb59e97f7fe,ffb8ae8f-8c7f-4475-8c42-d38419108e94,5602001,Opioid abuse (disorder),,active,1992-11-10T06:01:37+00:00,1992-11-10T06:01:37+00:00,1992,False
c11ec103-d829-479c-9777-bd06dca0413e,ffb8ae8f-8c7f-4475-8c42-d38419108e94,68496003,Polyp of colon,,active,2011-10-01T06:01:37+00:00,2011-10-01T06:01:37+00:00,2011,False
6287931b-9a55-49fb-9a69-57e977e3e3a3,ffb8ae8f-8c7f-4475-8c42-d38419108e94,49436004,Atrial Fibrillation,,active,2006-01-24T06:01:37+00:00,2006-01-24T06:01:37+00:00,2006,True
09f45a4c-b9e7-4a45-925c-7d863e62bcd6,ffb8ae8f-8c7f-4475-8c42-d38419108e94,126906006,Neoplasm of prostate,,active,2003-01-07T06:01:37+00:00,2003-01-07T06:01:37+00:00,2003,False
f3110f25-803d-42d2-b530-953f655e54a9,ffb8ae8f-8c7f-4475-8c42-d38419108e94,162573006,Suspected lung cancer (situation),,active,2009-07-25T06:01:37+00:00,2009-07-25T06:01:37+00:00,2009,False
ec806055-8108-4097-a2aa-ffa28d457ae5,ffb8ae8f-8c7f-4475-8c42-d38419108e94,370143000,Major depression disorder,,active,1955-11-22T06:01:37+00:00,1955-11-22T06:01:37+00:00,1955,True
5c82e77b-c381-4d47-abcb-c27b0db4e1a8,ffb8ae8f-8c7f-4475-8c42-d38419108e94,67811000119102,"Primary small cell malignant neoplasm of lung, TNM stage 1 (disorder)",,active,2009-08-01T06:01:37+00:00,2009-08-01T06:01:37+00:00,2009,False
38429c8b-49f8-43bf-a430-0cd594d5a1c1,7d92e3ac-4bb6-4c7a-953a-ec8bb3b2da56,271737000,Anemia (disorder),,active,1987-06-25T03:48:02+00:00,1987-06-25T03:48:02+00:00,1987,False
00a76a21-1463-4350-bed6-53b726e41750,7d92e3ac-4bb6-4c7a-953a-ec8bb3b2da56,444814009,Viral sinusitis (disorder),,resolved,2016-05-30T03:48:02+00:00,2016-05-30T03:48:02+00:00,2016,False
c3c22a17-9a3a-4f92-8204-8db2cf69c17f,7d92e3ac-4bb6-4c7a-953a-ec8bb3b2da56,75498004,Acute bacterial sinusitis (disorder),,resolved,2012-02-24T03:48:02+00:00,2012-02-24T03:48:02+00:00,2012,False
cf27020c-19ee-4051-b423-d3d959f8d924,7d92e3ac-4bb6-4c7a-953a-ec8bb3b2da56,88805009,Chronic congestive heart failure (disorder),,active,2016-02-03T03:48:02+00:00,2016-02-03T03:48:02+00:00,2016,True
a1ba4e5f-d431-497e-9c0d-a05a829f011f,7d92e3ac-4bb6-4c7a-953a-ec8bb3b2da56,10509002,Acute bronchitis (disorder),,resolved,2015-06-29T03:48:02+00:00,2015-06-29T03:48:02+00:00,2015,False
43beb207-c9b2-41fc-b46f-2155210d6f98,7d92e3ac-4bb6-4c7a-953a-ec8bb3b2da56,15777000,Prediabetes,,active,1987-06-25T03:48:02+00:00,1987-06-25T03:48:02+00:00,1987,True
858c115a-05c5-4fc0-a98c-8d6825077c5a,7d92e3ac-4bb6-4c7a-953a-ec8bb3b2da56,10509002,Acute bronchitis (disorder),,resolved,2008-07-26T03:48:02+00:00,2008-07-26T03:48:02+00:00,2008,False
f2b6e43d-474c-47f4-880b-db9340027a4c,7d92e3ac-4bb6-4c7a-953a-ec8bb3b2da56,38341003,Hypertension,,active,1977-03-24T03:48:02+00:00,1977-03-24T03:48:02+00:00,1977,True
76b81ff3-4993-4a3e-9e41-f99ea0bd8940,f2316789-30c4-4c06-9193-0ca5475bbb1b,302870006,Hypertriglyceridemia (disorder),,active,2020-07-10T04:38:18+00:00,2020-07-10T04:38:18+00:00,2020,False
492c7095-c88a-4ff7-a2ee-e43a0a10169d,f2316789-30c4-4c06-9193-0ca5475bbb1b,40055000,Chronic sinusitis (disorder),,active,2003-08-07T04:38:18+00:00,2003-08-07T04:38:18+00:00,2003,False
2d0b6265-fc9e-47d9-9b9e-290c030cccc4,f2316789-30c4-4c06-9193-0ca5475bbb1b,44054006,Diabetes,,active,2017-07-07T04:38:18+00:00,2017-07-07T04:38:18+00:00,2017,True
7fd6a28e-1b8a-431f-a842-891a64886efd,f2316789-30c4-4c06-9193-0ca5475bbb1b,39848009,Whiplash injury to neck,,resolved,2014-12-30T04:38:18+00:00,2014-12-30T04:38:18+00:00,2014,False
d11e5df4-aea7-466e-bba4-a4805d0bedf0,f2316789-30c4-4c06-9193-0ca5475bbb1b,38341003,Hypertension,,active,2017-07-07T04:38:18+00:00,2017-07-07T04:38:18+00:00,2017,True
91cbc89c-f914-475b-a79f-29002015545e,f2316789-30c4-4c06-9193-0ca5475bbb1b,271737000,Anemia (disorder),,resolved,2016-06-24T04:38:18+00:00,2016-06-24T04:38:18+00:00,2016,False
34183614-5df2-49c0-8dcc-05a7da864ffb,f2316789-30c4-4c06-9193-0ca5475bbb1b,195662009,Acute viral pharyngitis (disorder),,resolved,2016-03-26T04:38:18+00:00,2016-03-26T04:38:18+00:00,2016,False
d642290b-1870-4626-9c49-59771487911b,f2316789-30c4-4c06-9193-0ca5475bbb1b,10509002,Acute bronchitis (disorder),,resolved,2014-06-17T04:38:18+00:00,2014-06-17T04:38:18+00:00,2014,False
7a22387b-3638-41e4-8ba3-bd21e23408b1,f2316789-30c4-4c06-9193-0ca5475bbb1b,72892002,Normal pregnancy,,resolved,2019-10-04T04:38:18+00:00,2019-10-04T04:38:18+00:00,2019,False
3afcff0e-2a45-4e6c-aed6-2c849c027479,f2316789-30c4-4c06-9193-0ca5475bbb1b,72892002,Normal pregnancy,,resolved,2016-06-24T04:38:18+00:00,2016-06-24T04:38:18+00:00,2016,False
550c1aa9-4809-4dac-bbfb-3efb33010e49,f2316789-30c4-4c06-9193-0ca5475bbb1b,72892002,Normal pregnancy,,resolved,2014-05-16T04:38:18+00:00,2014-05-16T04:38:18+00:00,2014,False
23aeb7d8-8c8f-4ef6-9082-473839f0b2cd,c6e10999-2d4f-405d-964c-2e61f0aebd76,237602007,Metabolic syndrome X (disorder),,active,1999-12-19T04:08:33+00:00,1999-12-19T04:08:33+00:00,1999,False
08da62e7-1f39-43ae-81a7-bbb9dfa91d63,c6e10999-2d4f-405d-964c-2e61f0aebd76,431855005,Chronic kidney disease stage 1 (disorder),,active,1999-12-19T04:08:33+00:00,1999-12-19T04:08:33+00:00,1999,True
1c5a8d58-e5fc-4fa8-b951-8171dc3fd1c2,c6e10999-2d4f-405d-964c-2e61f0aebd76,195662009,Acute viral pharyngitis (disorder),,resolved,2014-06-27T04:08:33+00:00,2014-06-27T04:08:33+00:00,2014,False
67f1c0a5-269c-4a75-8419-725e185a1257,c6e10999-2d4f-405d-964c-2e61f0aebd76,444814009,Viral sinusitis (disorder),,resolved,2014-11-11T04:08:33+00:00,2014-11-11T04:08:33+00:00,2014,False
5d6e5f6f-c7e9-46dc-ad87-ca585585fecb,c6e10999-2d4f-405d-964c-2e61f0aebd76,195662009,Acute viral pharyngitis (disorder),,resolved,2016-01-30T04:08:33+00:00,2016-01-30T04:08:33+00:00,2016,False
92ae85d9-2397-41a3-9b37-083c5ae56bb1,c6e10999-2d4f-405d-964c-2e61f0aebd76,271737000,Anemia (disorder),,active,1997-12-14T04:08:33+00:00,1997-12-14T04:08:33+00:00,1997,False
99a24edf-2272-4e94-8391-e054eb9182db,c6e10999-2d4f-405d-964c-2e61f0aebd76,444814009,Viral sinusitis (disorder),,resolved,2012-06-08T04:08:33+00:00,2012-06-08T04:08:33+00:00,2012,False
ebc844f1-6529-4058-8f2d-0d5cde05041a,c6e10999-2d4f-405d-964c-2e61f0aebd76,302870006,Hypertriglyceridemia (disorder),,active,1999-12-19T04:08:33+00:00,1999-12-19T04:08:33+00:00,1999,False
648e788e-188d-4ec5-afb0-b31957c6133f,c6e10999-2d4f-405d-964c-2e61f0aebd76,19169002,Miscarriage in first trimester,,active,1990-05-13T04:08:33+00:00,1990-05-13T04:08:33+00:00,1990,False
daa0873d-5562-46aa-9638-acefacf03b0f,c6e10999-2d4f-405d-964c-2e61f0aebd76,44465007,Sprain of ankle,,resolved,2017-04-06T04:08:33+00:00,2017-04-06T04:08:33+00:00,2017,False
4841ec2a-e600-4cc9-8e04-5e1f517eecbe,c6e10999-2d4f-405d-964c-2e61f0aebd76,703151001,History of single seizure (situation),,active,1967-01-12T04:08:33+00:00,1967-01-12T04:08:33+00:00,1967,False
714a076a-6dbb-4d2d-924f-db04adba4493,c6e10999-2d4f-405d-964c-2e61f0aebd76,80394007,Hyperglycemia (disorder),,active,1999-12-19T04:08:33+00:00,1999-12-19T04:08:33+00:00,1999,False
e61fe4aa-a3d2-4c12-a84b-c66364bae8e1,c6e10999-2d4f-405d-964c-2e61f0aebd76,444814009,Viral sinusitis (disorder),,resolved,2019-11-08T04:08:33+00:00,2019-11-08T04:08:33+00:00,2019,False
f17d3c9f-3b1d-4700-9d4c-fca14975d9ce,c6e10999-2d4f-405d-964c-2e61f0aebd76,162864005,Body mass index 30+ - obesity (finding),,active,1989-12-03T04:08:33+00:00,1989-12-03T04:08:33+00:00,1989,True
25e3b050-f533-4505-9182-17594ca9b783,c6e10999-2d4f-405d-964c-2e61f0aebd76,127013003,Diabetic renal disease (disorder),,active,1999-12-19T04:08:33+00:00,1999-12-19T04:08:33+00:00,1999,False
6ad68581-9c4a-494d-9c53-1ca81774bbc1,c6e10999-2d4f-405d-964c-2e61f0aebd76,44054006,Diabetes,,active,1997-12-14T04:08:33+00:00,1997-12-14T04:08:33+00:00,1997,True
c5ed5e02-3bd6-4e7f-b17d-20e3c66367d1,c6e10999-2d4f-405d-964c-2e61f0aebd76,128613002,Seizure disorder,,active,1967-01-12T04:08:33+00:00,1967-01-12T04:08:33+00:00,1967,False
a130e44f-6987-4428-9354-accb13cb67cf,c6e10999-2d4f-405d-964c-2e61f0aebd76,10509002,Acute bronchitis (disorder),,resolved,2021-02-11T04:08:33+00:00,2021-02-11T04:08:33+00:00,2021,False
9d4485dd-a528-4c0d-b8fb-ea60c3ed2598,c6e10999-2d4f-405d-964c-2e61f0aebd76,15777000,Prediabetes,,active,1999-12-19T04:08:33+00:00,1999-12-19T04:08:33+00:00,1999,True
bbad22c0-4d77-4dbe-9491-af6428a6dda8,75e95f92-3bfa-454f-aa99-99375173f201,444814009,Viral sinusitis (disorder),,resolved,2015-09-03T17:06:11+00:00,2015-09-03T17:06:11+00:00,2015,False
5651b243-4a80-4aca-8bbf-527c9a758079,75e95f92-3bfa-454f-aa99-99375173f201,62106007,Concussion with no loss of consciousness,,resolved,2012-07-16T17:06:11+00:00,2012-07-16T17:06:11+00:00,2012,False
9851997b-6cfb-4bbe-b263-27c79a6e3f05,75e95f92-3bfa-454f-aa99-99375173f201,40055000,Chronic sinusitis (disorder),,active,1997-11-19T17:06:11+00:00,1997-11-19T17:06:11+00:00,1997,False
674d382f-d8a3-4d41-b92c-f87d8dc72a7f,75e95f92-3bfa-454f-aa99-99375173f201,72892002,Normal pregnancy,,active,2020-11-19T17:06:11+00:00,2020-11-19T17:06:11+00:00,2020,False
570ab493-7fa6-4d1f-aae2-528cfa60028b,75e95f92-3bfa-454f-aa99-99375173f201,72892002,Normal pregnancy,,resolved,2017-09-28T17:06:11+00:00,2017-09-28T17:06:11+00:00,2017,False
c6d50613-d5a3-4c67-a20d-fea3ef515f51,4577f039-dafd-4751-861c-bb99b34cf71d,429007001,History of cardiac arrest (situation),,active,1961-08-19T07:44:08+00:00,1961-08-19T07:44:08+00:00,1961,False
ed1f4524-4986-4c1c-a68c-09b586e48a48,4577f039-dafd-4751-861c-bb99b34cf71d,195662009,Acute viral pharyngitis (disorder),,resolved,2012-04-30T07:44:08+00:00,2012-04-30T07:44:08+00:00,2012,False
74dc923e-0dab-4017-9cd5-8cb29122b1e2,4577f039-dafd-4751-861c-bb99b34cf71d,444814009,Viral sinusitis (disorder),,resolved,2018-08-26T07:44:08+00:00,2018-08-26T07:44:08+00:00,2018,False
9d29cfd9-798d-417a-9988-e3f33c393bab,4577f039-dafd-4751-861c-bb99b34cf71d,38341003,Hypertension,,active,1956-08-11T07:44:08+00:00,1956-08-11T07:44:08+00:00,1956,True
ea6cd903-e676-41dc-99c4-4dcfb9864a30,4577f039-dafd-4751-861c-bb99b34cf71d,271737000,Anemia (disorder),,active,1957-08-17T07:44:08+00:00,1957-08-17T07:44:08+00:00,1957,False
dee5c40c-99f7-4932-af65-e3a5c6890144,4577f039-dafd-4751-861c-bb99b34cf71d,62564004,Concussion with loss of consciousness,,resolved,2012-12-09T07:44:08+00:00,2012-12-09T07:44:08+00:00,2012,False
792d6bcf-f541-4e84-b9b5-bd67cdf42e2f,4577f039-dafd-4751-861c-bb99b34cf71d,410429000,Cardiac Arrest,,active,1961-08-19T07:44:08+00:00,1961-08-19T07:44:08+00:00,1961,False
9a41690d-f71f-4799-96ef-03edc62d81b7,4577f039-dafd-4751-861c-bb99b34cf71d,64859006,Osteoporosis (disorder),,active,2018-05-26T07:44:08+00:00,2018-05-26T07:44:08+00:00,2018,False
de430eb9-e124-4084-8fc1-8090312adcc4,4577f039-dafd-4751-861c-bb99b34cf71d,15777000,Prediabetes,,active,1957-08-17T07:44:08+00:00,1957-08-17T07:44:08+00:00,1957,True
1b24f59c-4b9c-4c08-ad52-3b322a18f49a,4577f039-dafd-4751-861c-bb99b34cf71d,90560007,Gout,,active,1969-04-01T07:44:08+00:00,1969-04-01T07:44:08+00:00,1969,False
b5449bd6-549e-49d5-a4b7-fa7e7e1facd1,4577f039-dafd-4751-861c-bb99b34cf71d,55680006,Drug overdose,,active,1991-12-23T07:44:08+00:00,1991-12-23T07:44:08+00:00,1991,False
d44d8e36-02be-4a37-80a7-8647582a8c56,4577f039-dafd-4751-861c-bb99b34cf71d,88805009,Chronic congestive heart failure (disorder),,active,2017-04-01T07:44:08+00:00,2017-04-01T07:44:08+00:00,2017,True
cbf3a19f-7e5f-4f7c-935c-c38a1a4bb4f0,4577f039-dafd-4751-861c-bb99b34cf71d,195662009,Acute viral pharyngitis (disorder),,resolved,2015-04-27T07:44:08+00:00,2015-04-27T07:44:08+00:00,2015,False
f4e94805-e5ea-4be9-b5ec-f4de139f5d00,4577f039-dafd-4751-861c-bb99b34cf71d,10509002,Acute bronchitis (disorder),,resolved,2020-03-09T07:44:08+00:00,2020-03-09T07:44:08+00:00,2020,False
2fb451f2-973d-4f38-9139-2bcb6ad70738,4577f039-dafd-4751-861c-bb99b34cf71d,185086009,Chronic obstructive bronchitis (disorder),,active,1979-07-28T07:44:08+00:00,1979-07-28T07:44:08+00:00,1979,False
30d8c78b-487e-4454-ab23-1452818701b7,6cd1cedb-08c2-473d-b8cf-ca3973587bcc,195662009,Acute viral pharyngitis (disorder),,resolved,2019-02-08T21:24:36+00:00,2019-02-08T21:24:36+00:00,2019,False
288ded87-2584-44b1-b865-942b38b725d3,6cd1cedb-08c2-473d-b8cf-ca3973587bcc,195662009,Acute viral pharyngitis (disorder),,resolved,2014-10-21T21:24:36+00:00,2014-10-21T21:24:36+00:00,2014,False
f94661b6-750f-42f6-a269-4a60b57e943f,6cd1cedb-08c2-473d-b8cf-ca3973587bcc,195662009,Acute viral pharyngitis (disorder),,resolved,2013-06-17T21:24:36+00:00,2013-06-17T21:24:36+00:00,2013,False
b7dc61af-ec0f-4849-9259-dcb5bec03f40,9af8e1d3-885b-4356-bf48-b60297671f9b,444814009,Viral sinusitis (disorder),,resolved,2020-10-17T02:05:05+00:00,2020-10-17T02:05:05+00:00,2020,False
b9d3a0f6-d548-4da5-9290-7094dd4bb1ce,9af8e1d3-885b-4356-bf48-b60297671f9b,43878008,Streptococcal sore throat (disorder),,resolved,2014-04-15T02:05:05+00:00,2014-04-15T02:05:05+00:00,2014,False
7f0e3584-e028-4fbe-b120-b396114de315,9af8e1d3-885b-4356-bf48-b60297671f9b,446096008,Perennial allergic rhinitis,,active,2010-12-22T02:05:05+00:00,2010-12-22T02:05:05+00:00,2010,False
676a7e45-3b9e-4dce-ae30-25c209631c65,9af8e1d3-885b-4356-bf48-b60297671f9b,195662009,Acute viral pharyngitis (disorder),,resolved,2016-07-19T02:05:05+00:00,2016-07-19T02:05:05+00:00,2016,False
1912b536-e4ce-47b8-b6b4-c1923bba0119,9af8e1d3-885b-4356-bf48-b60297671f9b,65363002,Otitis media,,resolved,2010-12-30T02:05:05+00:00,2010-12-30T02:05:05+00:00,2010,False
fce67425-1f34-4154-b377-e636c6d30c29,9af8e1d3-885b-4356-bf48-b60297671f9b,284551006,Laceration of foot,,resolved,2019-09-14T02:05:05+00:00,2019-09-14T02:05:05+00:00,2019,False
6a02f187-de5d-4b75-a457-83e03e827146,7099b4c5-6f47-4293-9690-f2afb23b9dd6,162864005,Body mass index 30+ - obesity (finding),,active,1972-08-20T00:41:27+00:00,1972-08-20T00:41:27+00:00,1972,True
d004f7b7-179f-4813-a888-c23bdc0ea588,7099b4c5-6f47-4293-9690-f2afb23b9dd6,15777000,Prediabetes,,active,1978-08-27T00:41:27+00:00,1978-08-27T00:41:27+00:00,1978,True
03f5d45f-1dd4-4a8f-b431-16004401fc6a,7099b4c5-6f47-4293-9690-f2afb23b9dd6,80394007,Hyperglycemia (disorder),,active,1985-12-01T00:41:27+00:00,1985-12-01T00:41:27+00:00,1985,False
4ef46545-a039-4a90-ae32-5c191ec1a2c0,7099b4c5-6f47-4293-9690-f2afb23b9dd6,444814009,Viral sinusitis (disorder),,resolved,2014-10-14T00:41:27+00:00,2014-10-14T00:41:27+00:00,2014,False
4f6e6efe-f21b-4168-a5ab-7b662298d6cc,7099b4c5-6f47-4293-9690-f2afb23b9dd6,92691004,Carcinoma in situ of prostate (disorder),,active,2017-12-17T00:41:27+00:00,2017-12-17T00:41:27+00:00,2017,False
e314b1fc-606b-4df9-96fb-619dda07fb15,7099b4c5-6f47-4293-9690-f2afb23b9dd6,431855005,Chronic kidney disease stage 1 (disorder),,active,2001-11-04T00:41:27+00:00,2001-11-04T00:41:27+00:00,2001,True
c5ce3467-5a9a-484b-a335-781fce84b1cd,7099b4c5-6f47-4293-9690-f2afb23b9dd6,444814009,Viral sinusitis (disorder),,resolved,2019-04-20T00:41:27+00:00,2019-04-20T00:41:27+00:00,2019,False
c12d0de9-24c7-48aa-80c6-12bd6be1399f,7099b4c5-6f47-4293-9690-f2afb23b9dd6,237602007,Metabolic syndrome X (disorder),,active,1984-09-02T00:41:27+00:00,1984-09-02T00:41:27+00:00,1984,False
502071c0-1df8-4d5b-bbf0-73f9e7504807,7099b4c5-6f47-4293-9690-f2afb23b9dd6,271737000,Anemia (disorder),,active,1978-08-27T00:41:27+00:00,1978-08-27T00:41:27+00:00,1978,False
980b65d9-ce88-4966-aa52-a2cbba23066e,7099b4c5-6f47-4293-9690-f2afb23b9dd6,90781000119102,Microalbuminuria due to type 2 diabetes mellitus (disorder),,active,2001-12-02T00:41:27+00:00,2001-12-02T00:41:27+00:00,2001,True
0d193289-9df7-44ea-8d00-86f33eb70eff,7099b4c5-6f47-4293-9690-f2afb23b9dd6,195662009,Acute viral pharyngitis (disorder),,resolved,2014-04-14T00:41:27+00:00,2014-04-14T00:41:27+00:00,2014,False
eada57de-8257-40a7-8984-f38cd05c4644,7099b4c5-6f47-4293-9690-f2afb23b9dd6,302870006,Hypertriglyceridemia (disorder),,active,1984-09-02T00:41:27+00:00,1984-09-02T00:41:27+00:00,1984,False
aa748243-9197-4068-8dd1-f7d52a98db52,7099b4c5-6f47-4293-9690-f2afb23b9dd6,127013003,Diabetic renal disease (disorder),,active,2001-11-04T00:41:27+00:00,2001-11-04T00:41:27+00:00,2001,False
f8fa5f28-e6a4-428c-95ff-c28229e6bf58,7099b4c5-6f47-4293-9690-f2afb23b9dd6,44054006,Diabetes,,active,1981-08-30T00:41:27+00:00,1981-08-30T00:41:27+00:00,1981,True
875eaf0d-a793-41db-8c06-6bcb81c530c1,7099b4c5-6f47-4293-9690-f2afb23b9dd6,444814009,Viral sinusitis (disorder),,resolved,2013-05-08T00:41:27+00:00,2013-05-08T00:41:27+00:00,2013,False
5f41cc53-c6ec-4617-9cb9-de0f132a4601,7099b4c5-6f47-4293-9690-f2afb23b9dd6,10509002,Acute bronchitis (disorder),,resolved,2015-06-28T00:41:27+00:00,2015-06-28T00:41:27+00:00,2015,False
ac7f4740-229e-4489-89a6-91fbb79629d5,7099b4c5-6f47-4293-9690-f2afb23b9dd6,126906006,Neoplasm of prostate,,active,2017-12-17T00:41:27+00:00,2017-12-17T00:41:27+00:00,2017,False
5cd34b2b-611a-442c-a05b-0457d3d28088,7099b4c5-6f47-4293-9690-f2afb23b9dd6,431856006,Chronic kidney disease stage 2 (disorder),,active,2001-12-02T00:41:27+00:00,2001-12-02T00:41:27+00:00,2001,True
90b28e9b-30ad-4083-923d-0a8253579d4d,7099b4c5-6f47-4293-9690-f2afb23b9dd6,68496003,Polyp of colon,,resolved,2019-04-03T00:41:27+00:00,2019-04-03T00:41:27+00:00,2019,False
8fbb9ce2-ce31-4790-b3f7-a6bf9802c366,7099b4c5-6f47-4293-9690-f2afb23b9dd6,370247008,Facial laceration,,resolved,2019-03-22T00:41:27+00:00,2019-03-22T00:41:27+00:00,2019,False
c0f1d666-4e32-48c4-b61d-8e9112804922,7099b4c5-6f47-4293-9690-f2afb23b9dd6,49436004,Atrial Fibrillation,,active,2016-10-16T00:41:27+00:00,2016-10-16T00:41:27+00:00,2016,True
70758a4d-cacc-4206-9621-571dd6de6528,881f534f-d041-425d-a542-cbf669f43e18,368581000119106,Neuropathy due to type 2 diabetes mellitus (disorder),,active,2010-10-20T13:06:23+00:00,2010-10-20T13:06:23+00:00,2010,True
594d70c6-bc90-4e27-864a-0f9d6f77c2bf,881f534f-d041-425d-a542-cbf669f43e18,302870006,Hypertriglyceridemia (disorder),,active,2006-01-18T13:06:23+00:00,2006-01-18T13:06:23+00:00,2006,False
d3687855-8d9a-4630-bffc-4fdb72be4daa,881f534f-d041-425d-a542-cbf669f43e18,35999006,Blighted ovum,,resolved,2016-08-10T13:06:23+00:00,2016-08-10T13:06:23+00:00,2016,False
e0650347-86bd-4a23-ade4-06f8a560d918,881f534f-d041-425d-a542-cbf669f43e18,80394007,Hyperglycemia (disorder),,active,2008-10-15T13:06:23+00:00,2008-10-15T13:06:23+00:00,2008,False
c38df46a-5d39-4920-9664-38c9044454c4,881f534f-d041-425d-a542-cbf669f43e18,19169002,Miscarriage in first trimester,,active,2013-09-25T13:06:23+00:00,2013-09-25T13:06:23+00:00,2013,False
0e34e23a-c09b-458d-879e-968f2a235808,881f534f-d041-425d-a542-cbf669f43e18,156073000,Fetus with unknown complication,,resolved,2014-10-22T13:06:23+00:00,2014-10-22T13:06:23+00:00,2014,False
6f806e9d-3ab6-4323-b67b-e350a5a2b205,881f534f-d041-425d-a542-cbf669f43e18,16114001,Fracture of ankle,,resolved,2015-01-20T13:06:23+00:00,2015-01-20T13:06:23+00:00,2015,False
07c4fa62-b6c4-44c0-9443-6f6e59dc47cb,881f534f-d041-425d-a542-cbf669f43e18,38341003,Hypertension,,active,2003-01-15T13:06:23+00:00,2003-01-15T13:06:23+00:00,2003,True
d15cff3f-c462-4e4e-ba24-c177d027872b,881f534f-d041-425d-a542-cbf669f43e18,15777000,Prediabetes,,active,2010-10-20T13:06:23+00:00,2010-10-20T13:06:23+00:00,2010,True
98019b0c-54c1-4093-9755-7d87ae2c2649,881f534f-d041-425d-a542-cbf669f43e18,35999006,Blighted ovum,,resolved,2013-09-25T13:06:23+00:00,2013-09-25T13:06:23+00:00,2013,False
faee62ba-e02a-4077-8827-ea09657fdc0f,881f534f-d041-425d-a542-cbf669f43e18,444814009,Viral sinusitis (disorder),,resolved,2017-07-29T13:06:23+00:00,2017-07-29T13:06:23+00:00,2017,False
a5f762c5-bcae-4e93-a740-511b293e1cda,881f534f-d041-425d-a542-cbf669f43e18,237602007,Metabolic syndrome X (disorder),,active,2006-01-18T13:06:23+00:00,2006-01-18T13:06:23+00:00,2006,False
9de83c01-5c23-4169-a4d6-bc862178e6d3,881f534f-d041-425d-a542-cbf669f43e18,156073000,Fetus with unknown complication,,resolved,2018-08-29T13:06:23+00:00,2018-08-29T13:06:23+00:00,2018,False
f132c368-e808-466c-b0a9-e893b6e83bda,881f534f-d041-425d-a542-cbf669f43e18,271737000,Anemia (disorder),,active,2006-01-18T13:06:23+00:00,2006-01-18T13:06:23+00:00,2006,False
abc9ea4f-6eb2-44b6-8f02-e16cb056b5ca,881f534f-d041-425d-a542-cbf669f43e18,44054006,Diabetes,,active,2003-01-15T13:06:23+00:00,2003-01-15T13:06:23+00:00,2003,True
155d8cb7-02be-473a-94c0-9ee2f8bac581,881f534f-d041-425d-a542-cbf669f43e18,444814009,Viral sinusitis (disorder),,resolved,2020-07-04T13:06:23+00:00,2020-07-04T13:06:23+00:00,2020,False
9f80e77a-1580-480f-a4e5-48ec05ca4354,881f534f-d041-425d-a542-cbf669f43e18,72892002,Normal pregnancy,,resolved,2018-12-12T13:06:23+00:00,2018-12-12T13:06:23+00:00,2018,False
60430126-0acb-4c15-9284-74db62005c7c,881f534f-d041-425d-a542-cbf669f43e18,72892002,Normal pregnancy,,resolved,2018-08-29T13:06:23+00:00,2018-08-29T13:06:23+00:00,2018,False
9b38e621-f8ba-403c-abc3-8e538168bb5f,881f534f-d041-425d-a542-cbf669f43e18,72892002,Normal pregnancy,,resolved,2016-08-10T13:06:23+00:00,2016-08-10T13:06:23+00:00,2016,False
d96d2f80-5d7c-47a1-b7a6-557a1d173c13,881f534f-d041-425d-a542-cbf669f43e18,72892002,Normal pregnancy,,resolved,2015-12-23T13:06:23+00:00,2015-12-23T13:06:23+00:00,2015,False
5d3da01a-5fe6-466e-bcfd-fc98a6f3ba5a,881f534f-d041-425d-a542-cbf669f43e18,72892002,Normal pregnancy,,resolved,2014-10-22T13:06:23+00:00,2014-10-22T13:06:23+00:00,2014,False
ecfad91f-5075-488a-a86c-7c766b41a21c,881f534f-d041-425d-a542-cbf669f43e18,72892002,Normal pregnancy,,resolved,2013-09-25T13:06:23+00:00,2013-09-25T13:06:23+00:00,2013,False
6976d796-3160-4670-8689-9644b48e0b13,ffd502c9-23e1-4f8f-bc8a-87373acad280,302870006,Hypertriglyceridemia (disorder),,active,2004-11-22T17:17:39+00:00,2004-11-22T17:17:39+00:00,2004,False
50756ac1-9441-43c1-a7e6-e39ca456f256,ffd502c9-23e1-4f8f-bc8a-87373acad280,15777000,Prediabetes,,active,2010-11-29T17:17:39+00:00,2010-11-29T17:17:39+00:00,2010,True
4fe6818b-f594-4ae6-b97f-ad0c7938f122,ffd502c9-23e1-4f8f-bc8a-87373acad280,237602007,Metabolic syndrome X (disorder),,active,2007-11-26T17:17:39+00:00,2007-11-26T17:17:39+00:00,2007,False
8f9977ce-b126-4d3b-bc73-e08ccfdac5ed,ffd502c9-23e1-4f8f-bc8a-87373acad280,444814009,Viral sinusitis (disorder),,resolved,2018-08-27T17:17:39+00:00,2018-08-27T17:17:39+00:00,2018,False
be7352f1-9556-466a-994e-6b93c30cbe46,ffd502c9-23e1-4f8f-bc8a-87373acad280,271737000,Anemia (disorder),,active,2001-11-19T17:17:39+00:00,2001-11-19T17:17:39+00:00,2001,False
4cd19cba-9b5e-4a3d-a36a-808e4f892ad9,ffd502c9-23e1-4f8f-bc8a-87373acad280,195662009,Acute viral pharyngitis (disorder),,resolved,2017-12-07T17:17:39+00:00,2017-12-07T17:17:39+00:00,2017,False
13826a1b-c6a5-4386-9459-691b3518120e,ffd502c9-23e1-4f8f-bc8a-87373acad280,368581000119106,Neuropathy due to type 2 diabetes mellitus (disorder),,active,2007-11-26T17:17:39+00:00,2007-11-26T17:17:39+00:00,2007,True
67ec2cf7-18b2-4865-b50f-bed4a7500ec7,ffd502c9-23e1-4f8f-bc8a-87373acad280,195662009,Acute viral pharyngitis (disorder),,resolved,2020-04-08T17:17:39+00:00,2020-04-08T17:17:39+00:00,2020,False
bb93ac67-f7ba-4d92-a744-c6d016f776e9,ffd502c9-23e1-4f8f-bc8a-87373acad280,44054006,Diabetes,,active,2001-11-19T17:17:39+00:00,2001-11-19T17:17:39+00:00,2001,True
37b37735-4469-4e16-8f3c-6ef06ff323b9,ffd502c9-23e1-4f8f-bc8a-87373acad280,80394007,Hyperglycemia (disorder),,active,2010-11-29T17:17:39+00:00,2010-11-29T17:17:39+00:00,2010,False
75f52759-12cd-4dbf-b397-51b477da09c7,80a75b5a-fd30-4f38-895d-d8098fe7206e,195662009,Acute viral pharyngitis (disorder),,resolved,2016-12-08T09:22:29+00:00,2016-12-08T09:22:29+00:00,2016,False
1288d728-bc04-421f-be95-35975b9e8f76,80a75b5a-fd30-4f38-895d-d8098fe7206e,195662009,Acute viral pharyngitis (disorder),,resolved,2014-04-11T09:22:29+00:00,2014-04-11T09:22:29+00:00,2014,False
76aac25f-9c27-4171-810b-0676a6612c58,80a75b5a-fd30-4f38-895d-d8098fe7206e,38341003,Hypertension,,active,2019-05-02T09:22:29+00:00,2019-05-02T09:22:29+00:00,2019,True
50a6cb61-097d-4635-bff4-f1594c0c64f1,80a75b5a-fd30-4f38-895d-d8098fe7206e,444814009,Viral sinusitis (disorder),,resolved,2018-04-24T09:22:29+00:00,2018-04-24T09:22:29+00:00,2018,False
cb3c2fc8-d324-4be6-9227-d52dc3d6da5f,80a75b5a-fd30-4f38-895d-d8098fe7206e,195662009,Acute viral pharyngitis (disorder),,resolved,2021-02-27T09:22:29+00:00,2021-02-27T09:22:29+00:00,2021,False
81bda7ba-bc88-4afe-9f3f-069c5b8301ad,80a75b5a-fd30-4f38-895d-d8098fe7206e,444814009,Viral sinusitis (disorder),,resolved,2019-06-17T09:22:29+00:00,2019-06-17T09:22:29+00:00,2019,False
db8a9de1-7660-4e18-8795-feecaaf33664,80a75b5a-fd30-4f38-895d-d8098fe7206e,10509002,Acute bronchitis (disorder),,resolved,2017-06-22T09:22:29+00:00,2017-06-22T09:22:29+00:00,2017,False
c5d42b45-e6cc-4c96-8fc7-24c671bfd8d9,80a75b5a-fd30-4f38-895d-d8098fe7206e,192127007,Child attention deficit disorder,,resolved,2008-07-18T09:22:29+00:00,2008-07-18T09:22:29+00:00,2008,False
9404c057-a383-4ca0-995f-8023956fd6e5,1410c2ee-05cb-4d45-86cc-f4980597f053,79586000,Tubal pregnancy,,active,1993-12-23T02:25:29+00:00,1993-12-23T02:25:29+00:00,1993,False
e624264d-c8bd-4769-adf1-cf3bce89963f,1410c2ee-05cb-4d45-86cc-f4980597f053,79586000,Tubal pregnancy,,resolved,1982-07-08T02:25:29+00:00,1982-07-08T02:25:29+00:00,1982,False
b0d7a00a-d5c1-4e4f-9170-18942cc6d7cf,1410c2ee-05cb-4d45-86cc-f4980597f053,83664006,Idiopathic atrophic hypothyroidism,,active,2002-02-24T02:25:29+00:00,2002-02-24T02:25:29+00:00,2002,True
e5a96e4f-d4b5-4ba9-bcef-bea790eaaf70,1410c2ee-05cb-4d45-86cc-f4980597f053,19169002,Miscarriage in first trimester,,active,1982-03-11T02:25:29+00:00,1982-03-11T02:25:29+00:00,1982,False
e8572826-ae29-4636-bedc-a1b9f0aa87aa,1410c2ee-05cb-4d45-86cc-f4980597f053,162864005,Body mass index 30+ - obesity (finding),,active,1992-03-12T02:25:29+00:00,1992-03-12T02:25:29+00:00,1992,True
20d83202-7f2d-4a45-a903-35c8dd887023,1410c2ee-05cb-4d45-86cc-f4980597f053,403190006,First degree burn,,resolved,2015-01-05T02:25:29+00:00,2015-01-05T02:25:29+00:00,2015,False
8cc7dcc5-b5b8-44f2-b5eb-595f07826fd1,1410c2ee-05cb-4d45-86cc-f4980597f053,55822004,Hyperlipidemia,,active,2015-05-28T02:25:29+00:00,2015-05-28T02:25:29+00:00,2015,True
6b872242-0495-4f95-bfd4-76522a267070,1410c2ee-05cb-4d45-86cc-f4980597f053,68496003,Polyp of colon,,resolved,2020-02-26T02:25:29+00:00,2020-02-26T02:25:29+00:00,2020,False
1596c42e-e931-41fb-abd6-c280301445a1,068973f7-ee9f-48ef-b4ec-fb6092b14302,162864005,Body mass index 30+ - obesity (finding),,active,1967-01-11T02:28:09+00:00,1967-01-11T02:28:09+00:00,1967,True
c4f17562-588a-41b1-8666-4367cd549977,068973f7-ee9f-48ef-b4ec-fb6092b14302,64859006,Osteoporosis (disorder),,active,2005-01-05T02:28:09+00:00,2005-01-05T02:28:09+00:00,2005,False
74e9585f-858e-4c5f-9d5a-388cad866b66,068973f7-ee9f-48ef-b4ec-fb6092b14302,239873007,Osteoarthritis of knee,,active,1978-12-18T02:28:09+00:00,1978-12-18T02:28:09+00:00,1978,True
ac5e6624-7b19-48da-9606-b1db2c6afd17,068973f7-ee9f-48ef-b4ec-fb6092b14302,444814009,Viral sinusitis (disorder),,resolved,2004-01-03T02:28:09+00:00,2004-01-03T02:28:09+00:00,2004,False
72d6339e-c1de-48ee-9efa-27f2c68ff620,068973f7-ee9f-48ef-b4ec-fb6092b14302,88805009,Chronic congestive heart failure (disorder),,active,2005-12-30T02:28:09+00:00,2005-12-30T02:28:09+00:00,2005,True
7f28e340-1453-42eb-afa0-5095b91c12d9,d00b766a-f5fa-4730-a64d-e8574994f460,713197008,Recurrent rectal polyp,,active,2021-02-19T20:44:32+00:00,2021-02-19T20:44:32+00:00,2021,False
2a89a247-b838-4813-99ac-70bc4cc02a1b,d00b766a-f5fa-4730-a64d-e8574994f460,38341003,Hypertension,,active,1966-12-01T20:44:32+00:00,1966-12-01T20:44:32+00:00,1966,True
8e3e1b92-4dd7-4d82-9f3e-b9529a8d4abf,d00b766a-f5fa-4730-a64d-e8574994f460,283385000,Laceration of thigh,,resolved,2016-01-26T20:44:32+00:00,2016-01-26T20:44:32+00:00,2016,False
d5d4f3f6-4b33-477a-8868-c45f3bdaecd2,d00b766a-f5fa-4730-a64d-e8574994f460,271737000,Anemia (disorder),,active,1979-12-20T20:44:32+00:00,1979-12-20T20:44:32+00:00,1979,False
84f5730d-4881-42b6-89e1-fe7d7c522382,d00b766a-f5fa-4730-a64d-e8574994f460,15777000,Prediabetes,,active,1979-12-20T20:44:32+00:00,1979-12-20T20:44:32+00:00,1979,True
82d25e95-8b7a-4909-816c-0d39659ca0f6,d00b766a-f5fa-4730-a64d-e8574994f460,68496003,Polyp of colon,,active,2020-02-25T20:44:32+00:00,2020-02-25T20:44:32+00:00,2020,False
0172967a-aa42-42b9-9bae-ae0993e529a8,d00b766a-f5fa-4730-a64d-e8574994f460,68496003,Polyp of colon,,resolved,2003-10-07T20:44:32+00:00,2003-10-07T20:44:32+00:00,2003,False
e7d09c76-9a95-4ca8-85c8-33e97830bf2a,d00b766a-f5fa-4730-a64d-e8574994f460,109838007,Overlapping malignant neoplasm of colon,,active,2021-02-23T20:44:32+00:00,2021-02-23T20:44:32+00:00,2021,False
8a20a9a5-74f6-4f80-b11d-51f9256effce,d00b766a-f5fa-4730-a64d-e8574994f460,10509002,Acute bronchitis (disorder),,resolved,2016-01-26T20:44:32+00:00,2016-01-26T20:44:32+00:00,2016,False
9f5549df-a2b0-46b8-b6a2-0be2d807b856,d00b766a-f5fa-4730-a64d-e8574994f460,87433001,Pulmonary emphysema (disorder),,active,2014-01-02T20:44:32+00:00,2014-01-02T20:44:32+00:00,2014,False
2f383444-5ad3-4b86-bace-61e854b9f69a,7c10b60c-42a6-4504-b446-f5268c573861,43878008,Streptococcal sore throat (disorder),,resolved,2014-03-30T01:13:00+00:00,2014-03-30T01:13:00+00:00,2014,False
1b22b3c0-dbd3-4df2-a317-d6b481334f03,7c10b60c-42a6-4504-b446-f5268c573861,43878008,Streptococcal sore throat (disorder),,resolved,2013-10-20T01:13:00+00:00,2013-10-20T01:13:00+00:00,2013,False
c090f42e-8a7c-4f39-91f0-551a575a8524,7c10b60c-42a6-4504-b446-f5268c573861,284549007,Laceration of hand,,resolved,2017-10-02T01:13:00+00:00,2017-10-02T01:13:00+00:00,2017,False
694671ad-a084-491e-9997-54e9c00cc341,7c10b60c-42a6-4504-b446-f5268c573861,284549007,Laceration of hand,,resolved,2011-08-21T01:13:00+00:00,2011-08-21T01:13:00+00:00,2011,False
db841b0d-0920-423f-8a19-f49db14e38f9,7c10b60c-42a6-4504-b446-f5268c573861,444814009,Viral sinusitis (disorder),,resolved,2012-10-17T05:19:57+00:00,2012-10-17T05:19:57+00:00,2012,False
bbe5781e-4501-40ce-a556-4c95de041312,68eec23c-3211-4eba-a28b-c26a2f7f49c4,40275004,Contact dermatitis,,resolved,2017-06-26T13:03:49+00:00,2017-06-26T13:03:49+00:00,2017,False
6644475e-c1c4-41f1-8e6e-2bbdc1c203cb,2744ab6f-91dd-4e4f-8208-fe52ee2c27d1,444814009,Viral sinusitis (disorder),,resolved,2013-07-05T23:07:44+00:00,2013-07-05T23:07:44+00:00,2013,False
2fe12b8a-0c51-4f5f-ac3d-2a69f7574817,2744ab6f-91dd-4e4f-8208-fe52ee2c27d1,162864005,Body mass index 30+ - obesity (finding),,active,2003-12-03T23:07:44+00:00,2003-12-03T23:07:44+00:00,2003,True
2908094d-fa69-4e7a-ac20-e6d2b56599d1,2744ab6f-91dd-4e4f-8208-fe52ee2c27d1,53741008,Coronary Heart Disease,,active,1971-12-08T23:07:44+00:00,1971-12-08T23:07:44+00:00,1971,False
8d64c056-9574-429a-9cbc-733af0b73a23,2744ab6f-91dd-4e4f-8208-fe52ee2c27d1,68496003,Polyp of colon,,active,2014-11-17T23:07:44+00:00,2014-11-17T23:07:44+00:00,2014,False
9141f5aa-2257-4a32-9a9d-295cbb5ea59a,2744ab6f-91dd-4e4f-8208-fe52ee2c27d1,444814009,Viral sinusitis (disorder),,resolved,2016-09-14T23:07:44+00:00,2016-09-14T23:07:44+00:00,2016,False
c3d6f495-c3c6-4b0c-a719-2dadcff75121,2744ab6f-91dd-4e4f-8208-fe52ee2c27d1,713197008,Recurrent rectal polyp,,active,2015-11-12T23:07:44+00:00,2015-11-12T23:07:44+00:00,2015,False
69581ee6-c829-4728-888d-10b3498a584a,2744ab6f-91dd-4e4f-8208-fe52ee2c27d1,444814009,Viral sinusitis (disorder),,resolved,2009-04-08T23:07:44+00:00,2009-04-08T23:07:44+00:00,2009,False
7fc52898-d665-4eae-b8ee-5c5037b3828a,2744ab6f-91dd-4e4f-8208-fe52ee2c27d1,230690007,Stroke,,active,2009-03-04T23:07:44+00:00,2009-03-04T23:07:44+00:00,2009,False
e30e3d10-5030-4cd4-bbb9-7dec14f4cb40,2744ab6f-91dd-4e4f-8208-fe52ee2c27d1,399211009,History of myocardial infarction (situation),,active,2016-11-30T23:07:44+00:00,2016-11-30T23:07:44+00:00,2016,False
630fe9ca-b128-461f-8cef-53f77efb393c,2744ab6f-91dd-4e4f-8208-fe52ee2c27d1,195662009,Acute viral pharyngitis (disorder),,resolved,2008-03-07T23:07:44+00:00,2008-03-07T23:07:44+00:00,2008,False
eb9f4f7b-c5c0-4106-ac15-e7af74dd0ffd,2744ab6f-91dd-4e4f-8208-fe52ee2c27d1,55822004,Hyperlipidemia,,active,2013-12-11T23:07:44+00:00,2013-12-11T23:07:44+00:00,2013,True
052d6822-9610-443a-b3b6-36a52c1fd71a,2744ab6f-91dd-4e4f-8208-fe52ee2c27d1,195662009,Acute viral pharyngitis (disorder),,resolved,2011-08-27T23:07:44+00:00,2011-08-27T23:07:44+00:00,2011,False
caff15f7-881d-430f-bc07-1dff57e80a4a,2744ab6f-91dd-4e4f-8208-fe52ee2c27d1,363406005,Malignant tumor of colon,,active,2015-11-18T23:07:44+00:00,2015-11-18T23:07:44+00:00,2015,False
77c3318c-ffc9-4757-9a6e-5433d89a9483,2744ab6f-91dd-4e4f-8208-fe52ee2c27d1,22298006,Myocardial Infarction,,active,2016-11-30T23:07:44+00:00,2016-11-30T23:07:44+00:00,2016,False
1acc6cff-8e02-4a10-88c2-ffc61a109bdd,186ff984-f437-4817-8d35-0997a8b7f405,44054006,Diabetes,,active,1991-12-29T05:07:21+00:00,1991-12-29T05:07:21+00:00,1991,True
d5bc1d01-d2c0-409a-b963-6eaaebb40f6f,186ff984-f437-4817-8d35-0997a8b7f405,40055000,Chronic sinusitis (disorder),,active,1965-08-15T05:07:21+00:00,1965-08-15T05:07:21+00:00,1965,False
22cc232d-6993-4624-9a8c-459b2d375c87,186ff984-f437-4817-8d35-0997a8b7f405,38341003,Hypertension,,active,1964-02-02T05:07:21+00:00,1964-02-02T05:07:21+00:00,1964,True
a85efdc0-fcd1-46f8-921c-95b613368f14,186ff984-f437-4817-8d35-0997a8b7f405,237602007,Metabolic syndrome X (disorder),,active,1996-12-15T05:07:21+00:00,1996-12-15T05:07:21+00:00,1996,False
53a01143-fa7f-4a9d-9ee8-e5b6df1991dc,186ff984-f437-4817-8d35-0997a8b7f405,368581000119106,Neuropathy due to type 2 diabetes mellitus (disorder),,active,1998-01-18T05:07:21+00:00,1998-01-18T05:07:21+00:00,1998,True
e80c3877-28b5-44da-8bef-f5f2ba465f73,186ff984-f437-4817-8d35-0997a8b7f405,302870006,Hypertriglyceridemia (disorder),,active,1994-01-02T05:07:21+00:00,1994-01-02T05:07:21+00:00,1994,False
2ee3e06b-9695-42d9-b65d-a774a45c638e,186ff984-f437-4817-8d35-0997a8b7f405,443165006,Pathological fracture due to osteoporosis (disorder),,resolved,2017-10-02T05:07:21+00:00,2017-10-02T05:07:21+00:00,2017,False
46a14308-2ac6-4cc2-9a5f-ba3134bcc3a6,186ff984-f437-4817-8d35-0997a8b7f405,64859006,Osteoporosis (disorder),,active,2006-01-22T05:07:21+00:00,2006-01-22T05:07:21+00:00,2006,False
98e4d684-9d0e-47e0-b075-c18f167ccac6,186ff984-f437-4817-8d35-0997a8b7f405,271737000,Anemia (disorder),,active,1989-12-24T05:07:21+00:00,1989-12-24T05:07:21+00:00,1989,False
8fbe19d8-8885-4482-9393-9686e9679cc8,186ff984-f437-4817-8d35-0997a8b7f405,68496003,Polyp of colon,,resolved,2010-12-06T05:07:21+00:00,2010-12-06T05:07:21+00:00,2010,False
de970de5-60b9-4213-8584-cf067980aea1,186ff984-f437-4817-8d35-0997a8b7f405,43878008,Streptococcal sore throat (disorder),,resolved,2014-08-01T05:07:21+00:00,2014-08-01T05:07:21+00:00,2014,False
fc8ba5d3-9148-4a8d-b8a6-656e75861cff,186ff984-f437-4817-8d35-0997a8b7f405,15777000,Prediabetes,,active,1987-12-20T05:07:21+00:00,1987-12-20T05:07:21+00:00,1987,True
34509268-088e-4093-9e02-d33d0aa4e33e,186ff984-f437-4817-8d35-0997a8b7f405,195662009,Acute viral pharyngitis (disorder),,resolved,2018-06-20T05:07:21+00:00,2018-06-20T05:07:21+00:00,2018,False
ca3fce1b-2bb8-4fc9-a562-7bb2eb5061bd,186ff984-f437-4817-8d35-0997a8b7f405,444814009,Viral sinusitis (disorder),,resolved,2014-08-20T05:07:21+00:00,2014-08-20T05:07:21+00:00,2014,False
cdf0b792-33a4-476c-82cf-2e599ec134bd,186ff984-f437-4817-8d35-0997a8b7f405,263102004,Fracture subluxation of wrist,,resolved,2017-10-02T05:07:21+00:00,2017-10-02T05:07:21+00:00,2017,False
8234c981-7f53-45d8-891f-96c1f32119bf,bd6f9f37-7295-4cd6-b212-134afcef1253,431855005,Chronic kidney disease stage 1 (disorder),,active,2020-04-18T21:37:43+00:00,2020-04-18T21:37:43+00:00,2020,True
db88bb7d-9920-42b9-b64e-3ed40cfe5b95,bd6f9f37-7295-4cd6-b212-134afcef1253,302870006,Hypertriglyceridemia (disorder),,active,2000-03-25T21:37:43+00:00,2000-03-25T21:37:43+00:00,2000,False
aea2c274-0544-439f-bcd1-43f266cb2538,bd6f9f37-7295-4cd6-b212-134afcef1253,444814009,Viral sinusitis (disorder),,resolved,2019-05-28T21:37:43+00:00,2019-05-28T21:37:43+00:00,2019,False
a9a6cf85-8e36-4330-94e1-589f9d8cc051,bd6f9f37-7295-4cd6-b212-134afcef1253,271737000,Anemia (disorder),,active,2004-04-03T21:37:43+00:00,2004-04-03T21:37:43+00:00,2004,False
4ce5c0d4-49f1-45e8-84db-0103a4a23b00,bd6f9f37-7295-4cd6-b212-134afcef1253,55822004,Hyperlipidemia,,active,2021-03-13T21:37:43+00:00,2021-03-13T21:37:43+00:00,2021,True
08fbe520-1f93-4270-8248-bc0dbf6e5be8,bd6f9f37-7295-4cd6-b212-134afcef1253,127013003,Diabetic renal disease (disorder),,active,2020-04-18T21:37:43+00:00,2020-04-18T21:37:43+00:00,2020,False
1c183c42-98a6-4c56-b367-bebb68a491f0,bd6f9f37-7295-4cd6-b212-134afcef1253,237602007,Metabolic syndrome X (disorder),,active,2000-03-25T21:37:43+00:00,2000-03-25T21:37:43+00:00,2000,False
9622fdab-300c-442e-bac9-5ea2854ad319,bd6f9f37-7295-4cd6-b212-134afcef1253,80394007,Hyperglycemia (disorder),,active,2000-03-25T21:37:43+00:00,2000-03-25T21:37:43+00:00,2000,False
bdde4f46-30a5-492c-aaf7-38ff9dcd788b,bd6f9f37-7295-4cd6-b212-134afcef1253,195662009,Acute viral pharyngitis (disorder),,resolved,2011-08-13T21:37:43+00:00,2011-08-13T21:37:43+00:00,2011,False
9fc0c104-7879-48a4-bc81-9071e1b16716,bd6f9f37-7295-4cd6-b212-134afcef1253,230690007,Stroke,,active,2019-01-26T21:37:43+00:00,2019-01-26T21:37:43+00:00,2019,False
c344d3f4-13ba-429b-83c4-44bc82ea05c1,bd6f9f37-7295-4cd6-b212-134afcef1253,40055000,Chronic sinusitis (disorder),,active,1998-12-07T21:37:43+00:00,1998-12-07T21:37:43+00:00,1998,False
511e547e-1916-46c4-a59d-3f4637548ad6,bd6f9f37-7295-4cd6-b212-134afcef1253,422034002,Diabetic retinopathy associated with type II diabetes mellitus (disorder),,active,2004-04-03T21:37:43+00:00,2004-04-03T21:37:43+00:00,2004,True
9ff43f84-e65c-455f-8e82-ccc4a7df4542,bd6f9f37-7295-4cd6-b212-134afcef1253,429007001,History of cardiac arrest (situation),,active,1971-02-27T21:37:43+00:00,1971-02-27T21:37:43+00:00,1971,False
d3894863-27ae-42ad-b19f-ab9ea02d9c51,bd6f9f37-7295-4cd6-b212-134afcef1253,195662009,Acute viral pharyngitis (disorder),,resolved,2016-02-26T21:37:43+00:00,2016-02-26T21:37:43+00:00,2016,False
a82a3c3e-1dc3-4079-b1a6-5f6486dcf91b,bd6f9f37-7295-4cd6-b212-134afcef1253,38341003,Hypertension,,active,1974-11-23T21:37:43+00:00,1974-11-23T21:37:43+00:00,1974,True
325f8c96-4e14-4817-8113-5733575d41fe,bd6f9f37-7295-4cd6-b212-134afcef1253,15777000,Prediabetes,,active,1996-03-16T21:37:43+00:00,1996-03-16T21:37:43+00:00,1996,True
9440dbf4-f93c-47e9-96c6-9cad9a6d9506,bd6f9f37-7295-4cd6-b212-134afcef1253,44054006,Diabetes,,active,1998-03-21T21:37:43+00:00,1998-03-21T21:37:43+00:00,1998,True
451dec4a-f963-4f6a-84a8-98d00cd5f341,bd6f9f37-7295-4cd6-b212-134afcef1253,90781000119102,Microalbuminuria due to type 2 diabetes mellitus (disorder),,active,2020-05-16T21:37:43+00:00,2020-05-16T21:37:43+00:00,2020,True
9b651da5-d909-4416-9192-d54196ec084c,bd6f9f37-7295-4cd6-b212-134afcef1253,185086009,Chronic obstructive bronchitis (disorder),,active,2017-03-05T21:37:43+00:00,2017-03-05T21:37:43+00:00,2017,False
2067504b-a94f-4b47-aaee-a9633821e15b,bd6f9f37-7295-4cd6-b212-134afcef1253,368581000119106,Neuropathy due to type 2 diabetes mellitus (disorder),,active,2012-04-14T21:37:43+00:00,2012-04-14T21:37:43+00:00,2012,True
95a624f2-5e67-4fb8-95d8-2a989a303cad,bd6f9f37-7295-4cd6-b212-134afcef1253,410429000,Cardiac Arrest,,active,1971-02-27T21:37:43+00:00,1971-02-27T21:37:43+00:00,1971,False
8b3f482b-6d5f-461f-a286-3f81a8c78e52,bd6f9f37-7295-4cd6-b212-134afcef1253,431856006,Chronic kidney disease stage 2 (disorder),,active,2020-05-16T21:37:43+00:00,2020-05-16T21:37:43+00:00,2020,True
42b87d29-3c4b-441d-b9ea-19dc8830d056,2f06f0fd-bc92-4450-9b66-4f15bd84d056,40055000,Chronic sinusitis (disorder),,active,1970-09-22T20:27:04+00:00,1970-09-22T20:27:04+00:00,1970,False
81376e69-bc4d-4016-a938-33fd47a87fb8,2f06f0fd-bc92-4450-9b66-4f15bd84d056,195662009,Acute viral pharyngitis (disorder),,resolved,2012-11-24T20:27:04+00:00,2012-11-24T20:27:04+00:00,2012,False
8fe56f32-d0c3-4660-9c51-5116779cb813,2f06f0fd-bc92-4450-9b66-4f15bd84d056,162864005,Body mass index 30+ - obesity (finding),,active,1990-06-16T20:27:04+00:00,1990-06-16T20:27:04+00:00,1990,True
3642b660-56ae-4129-bcca-4c7f86e03e9b,2f06f0fd-bc92-4450-9b66-4f15bd84d056,444814009,Viral sinusitis (disorder),,resolved,2015-09-18T20:27:04+00:00,2015-09-18T20:27:04+00:00,2015,False
e55eddc6-28cc-4963-a2f4-213a5b856898,2f06f0fd-bc92-4450-9b66-4f15bd84d056,444814009,Viral sinusitis (disorder),,resolved,2010-01-21T20:27:04+00:00,2010-01-21T20:27:04+00:00,2010,False
ae3e4c92-1ce0-4ce4-a725-7a16317fa8f5,2f06f0fd-bc92-4450-9b66-4f15bd84d056,195662009,Acute viral pharyngitis (disorder),,resolved,2013-05-05T20:27:04+00:00,2013-05-05T20:27:04+00:00,2013,False
126637bc-1cb5-4b98-b3f8-77d5d1766b2c,2f06f0fd-bc92-4450-9b66-4f15bd84d056,196416002,Impacted molars,,active,1999-07-21T20:27:04+00:00,1999-07-21T20:27:04+00:00,1999,False
3283958d-2403-4812-8152-d5924530a64a,2f06f0fd-bc92-4450-9b66-4f15bd84d056,55680006,Drug overdose,,active,2001-03-30T20:27:04+00:00,2001-03-30T20:27:04+00:00,2001,False
54a95ac8-2e97-47a5-bdcd-7f985321440c,2f06f0fd-bc92-4450-9b66-4f15bd84d056,38341003,Hypertension,,active,1986-06-07T20:27:04+00:00,1986-06-07T20:27:04+00:00,1986,True
1acf86f0-8f6b-40ed-a000-8d0b1e30eff6,17ff80a3-dda8-4a58-a8c5-6fe94ad0d747,36971009,Sinusitis (disorder),,resolved,2014-02-27T06:25:15+00:00,2014-02-27T06:25:15+00:00,2014,False
07a7242e-56d7-40e8-80a3-4702bd783933,17ff80a3-dda8-4a58-a8c5-6fe94ad0d747,40055000,Chronic sinusitis (disorder),,active,2014-03-20T06:25:15+00:00,2014-03-20T06:25:15+00:00,2014,False
bb1ce835-e7ef-4e63-9d8b-34b09e38f6e4,17ff80a3-dda8-4a58-a8c5-6fe94ad0d747,367498001,Seasonal allergic rhinitis,,active,2008-07-08T06:25:15+00:00,2008-07-08T06:25:15+00:00,2008,False
e42e146f-4ef8-4f6c-99dc-69c3359e8132,17ff80a3-dda8-4a58-a8c5-6fe94ad0d747,428251008,History of appendectomy,,active,2011-07-03T06:25:15+00:00,2011-07-03T06:25:15+00:00,2011,False
bb758532-63b7-46ba-966b-dd6cd5feafc5,17ff80a3-dda8-4a58-a8c5-6fe94ad0d747,74400008,Appendicitis,,active,2011-07-03T06:25:15+00:00,2011-07-03T06:25:15+00:00,2011,False
88809ede-132b-4b38-a331-64dd88053cc6,17ff80a3-dda8-4a58-a8c5-6fe94ad0d747,444814009,Viral sinusitis (disorder),,resolved,2018-01-01T06:25:15+00:00,2018-01-01T06:25:15+00:00,2018,False
18f91bc6-78e7-4f25-bece-224b725b67a9,17ff80a3-dda8-4a58-a8c5-6fe94ad0d747,10509002,Acute bronchitis (disorder),,resolved,2018-12-28T06:25:15+00:00,2018-12-28T06:25:15+00:00,2018,False
33e4fd55-df79-4545-b22c-1a92b120d391,17ff80a3-dda8-4a58-a8c5-6fe94ad0d747,10509002,Acute bronchitis (disorder),,resolved,2016-02-27T06:25:15+00:00,2016-02-27T06:25:15+00:00,2016,False
1979c11f-354e-4b30-a66a-f38035ac5015,17ff80a3-dda8-4a58-a8c5-6fe94ad0d747,24079001,Atopic dermatitis,,active,2004-03-06T06:25:15+00:00,2004-03-06T06:25:15+00:00,2004,False
c68b0e74-64c7-423a-9427-f2ba8e1c2bde,17ff80a3-dda8-4a58-a8c5-6fe94ad0d747,16114001,Fracture of ankle,,resolved,2016-05-25T06:25:15+00:00,2016-05-25T06:25:15+00:00,2016,False
0e7169cc-bb2a-48a5-b047-696d9098abd9,35ee91de-83bd-4fa3-9548-58384c91de93,19169002,Miscarriage in first trimester,,active,1997-01-18T08:45:17+00:00,1997-01-18T08:45:17+00:00,1997,False
a07b7f38-6692-434e-8f79-25236a68e807,35ee91de-83bd-4fa3-9548-58384c91de93,162864005,Body mass index 30+ - obesity (finding),,active,1994-01-22T08:45:17+00:00,1994-01-22T08:45:17+00:00,1994,True
7d265e2c-27e3-435f-ad01-1cf44c7b2bd1,35ee91de-83bd-4fa3-9548-58384c91de93,10509002,Acute bronchitis (disorder),,resolved,2013-01-29T08:45:17+00:00,2013-01-29T08:45:17+00:00,2013,False
08f9faed-0cd0-42ad-88ee-cc47223ff3f8,866bb57e-a566-4708-8381-3a0a400e93ab,65363002,Otitis media,,resolved,2020-02-22T13:51:19+00:00,2020-02-22T13:51:19+00:00,2020,False
b1fef1cc-1cc6-4a2e-8a21-fef2090b1583,866bb57e-a566-4708-8381-3a0a400e93ab,444814009,Viral sinusitis (disorder),,resolved,2017-09-14T13:51:19+00:00,2017-09-14T13:51:19+00:00,2017,False
8c67489c-f30d-4fd7-973c-5defda9b642e,866bb57e-a566-4708-8381-3a0a400e93ab,195662009,Acute viral pharyngitis (disorder),,resolved,2020-06-25T13:51:19+00:00,2020-06-25T13:51:19+00:00,2020,False
aa07008b-0001-49fb-b955-dbaa1abe1284,866bb57e-a566-4708-8381-3a0a400e93ab,239872002,Osteoarthritis of hip,,active,2002-07-19T19:27:45+00:00,2002-07-19T19:27:45+00:00,2002,True
901b3665-9e99-40bc-a16d-0802f1c28d78,d00b080d-706e-4cd8-ae87-6531e798b1fd,92691004,Carcinoma in situ of prostate (disorder),,active,2020-06-08T05:29:14+00:00,2020-06-08T05:29:14+00:00,2020,False
fbc43270-92d5-4aa4-abb6-05d27d2838a2,d00b080d-706e-4cd8-ae87-6531e798b1fd,275272006,Brain damage - traumatic,,active,2000-01-21T05:29:14+00:00,2000-01-21T05:29:14+00:00,2000,False
505f7a20-161c-483f-94a9-0e93c97a7a02,d00b080d-706e-4cd8-ae87-6531e798b1fd,162864005,Body mass index 30+ - obesity (finding),,active,1964-03-22T05:29:14+00:00,1964-03-22T05:29:14+00:00,1964,True
17a89cbc-aac3-4477-a318-7f37aea01fd5,d00b080d-706e-4cd8-ae87-6531e798b1fd,271737000,Anemia (disorder),,active,2000-10-01T05:29:14+00:00,2000-10-01T05:29:14+00:00,2000,False
5b169113-737e-4388-98c3-3b42126fc21d,d00b080d-706e-4cd8-ae87-6531e798b1fd,444814009,Viral sinusitis (disorder),,resolved,2016-05-19T05:29:14+00:00,2016-05-19T05:29:14+00:00,2016,False
29e1b8d7-4e1b-4df1-b87a-94433cb13d43,d00b080d-706e-4cd8-ae87-6531e798b1fd,446096008,Perennial allergic rhinitis,,active,1955-03-23T05:29:14+00:00,1955-03-23T05:29:14+00:00,1955,False
2f18c7ad-7428-4670-adb4-966dfd09e06c,d00b080d-706e-4cd8-ae87-6531e798b1fd,15777000,Prediabetes,,active,1996-09-22T05:29:14+00:00,1996-09-22T05:29:14+00:00,1996,True
382a596d-ae3c-440b-85dd-a44366868fbf,d00b080d-706e-4cd8-ae87-6531e798b1fd,126906006,Neoplasm of prostate,,active,2020-06-08T05:29:14+00:00,2020-06-08T05:29:14+00:00,2020,False
05ab229a-b58d-4545-92f2-f50d8c4b1563,d00b080d-706e-4cd8-ae87-6531e798b1fd,62106007,Concussion with no loss of consciousness,,resolved,2011-04-23T05:29:14+00:00,2011-04-23T05:29:14+00:00,2011,False
b4ac90cb-3bd1-4c81-902c-c18468921a2b,1ce88101-5829-4c50-9b30-3b9e166d51c8,195662009,Acute viral pharyngitis (disorder),,resolved,2020-07-17T06:01:37+00:00,2020-07-17T06:01:37+00:00,2020,False
c7d338f0-a96c-4f22-ad44-d35752b41588,1ce88101-5829-4c50-9b30-3b9e166d51c8,195662009,Acute viral pharyngitis (disorder),,resolved,2018-02-14T06:01:37+00:00,2018-02-14T06:01:37+00:00,2018,False
a5823e65-ff96-46d3-ae30-701266e710dd,1ce88101-5829-4c50-9b30-3b9e166d51c8,444814009,Viral sinusitis (disorder),,resolved,2012-11-27T06:01:37+00:00,2012-11-27T06:01:37+00:00,2012,False
b76fc326-033c-4a35-a111-d93772796022,1ce88101-5829-4c50-9b30-3b9e166d51c8,43878008,Streptococcal sore throat (disorder),,resolved,2014-05-15T06:01:37+00:00,2014-05-15T06:01:37+00:00,2014,False
4bad45be-9bda-4c25-a6aa-76208e056071,1ce88101-5829-4c50-9b30-3b9e166d51c8,64859006,Osteoporosis (disorder),,active,1996-12-03T06:01:37+00:00,1996-12-03T06:01:37+00:00,1996,False
dcbb2844-710d-463b-963a-abb15c808dac,1ce88101-5829-4c50-9b30-3b9e166d51c8,195662009,Acute viral pharyngitis (disorder),,resolved,2017-08-08T06:01:37+00:00,2017-08-08T06:01:37+00:00,2017,False
2b348c6b-ec55-4026-98a7-f8bef8dd0b6f,1ce88101-5829-4c50-9b30-3b9e166d51c8,62106007,Concussion with no loss of consciousness,,resolved,2015-01-18T06:01:37+00:00,2015-01-18T06:01:37+00:00,2015,False
d49a7b03-f398-47b1-83e1-e0f3b49a8040,1ce88101-5829-4c50-9b30-3b9e166d51c8,162864005,Body mass index 30+ - obesity (finding),,active,1978-10-17T06:01:37+00:00,1978-10-17T06:01:37+00:00,1978,True
211dba84-0c80-4329-879c-10c55fde4119,1ce88101-5829-4c50-9b30-3b9e166d51c8,40055000,Chronic sinusitis (disorder),,active,1950-02-13T06:01:37+00:00,1950-02-13T06:01:37+00:00,1950,False
6d9e120c-2b3b-4e90-aab9-4f012f6d5f12,f3d887cf-1b74-4922-b35d-32bfaa1670ec,195662009,Acute viral pharyngitis (disorder),,resolved,2020-02-05T17:27:53+00:00,2020-02-05T17:27:53+00:00,2020,False
d952d084-81c3-4623-921b-925faae70256,f3d887cf-1b74-4922-b35d-32bfaa1670ec,65363002,Otitis media,,resolved,2016-05-11T17:27:53+00:00,2016-05-11T17:27:53+00:00,2016,False
71f23896-2c72-40e5-9671-eaf7b46831ca,f3d887cf-1b74-4922-b35d-32bfaa1670ec,65363002,Otitis media,,resolved,2017-01-23T17:27:53+00:00,2017-01-23T17:27:53+00:00,2017,False
9ee4f4ca-fdf6-4617-9cc1-a352220d0827,f3d887cf-1b74-4922-b35d-32bfaa1670ec,43878008,Streptococcal sore throat (disorder),,resolved,2017-02-09T17:27:53+00:00,2017-02-09T17:27:53+00:00,2017,False
5694dc86-de19-460c-a3c0-965ab60220cf,43400618-8533-406d-8303-af7cc5714549,271737000,Anemia (disorder),,resolved,2013-04-20T13:54:53+00:00,2013-04-20T13:54:53+00:00,2013,False
1fb82013-eb4a-43cb-821d-4bafffdf3ebf,43400618-8533-406d-8303-af7cc5714549,15777000,Prediabetes,,active,2015-07-11T13:54:53+00:00,2015-07-11T13:54:53+00:00,2015,True
27b59c85-7663-48fb-8d2f-f8d41c51832e,43400618-8533-406d-8303-af7cc5714549,444814009,Viral sinusitis (disorder),,resolved,2016-01-03T13:54:53+00:00,2016-01-03T13:54:53+00:00,2016,False
267d06e3-5be4-4345-9d3a-915058e42340,43400618-8533-406d-8303-af7cc5714549,444814009,Viral sinusitis (disorder),,resolved,2018-09-09T13:54:53+00:00,2018-09-09T13:54:53+00:00,2018,False
4f1e59c6-f7bf-452e-b691-ada13677947e,43400618-8533-406d-8303-af7cc5714549,10509002,Acute bronchitis (disorder),,resolved,2018-05-12T13:54:53+00:00,2018-05-12T13:54:53+00:00,2018,False
8b2cafd3-09ff-49c1-8cb4-b2a0e0047557,43400618-8533-406d-8303-af7cc5714549,72892002,Normal pregnancy,,active,2021-01-23T13:54:53+00:00,2021-01-23T13:54:53+00:00,2021,False
00701321-62de-4989-9dd1-400ffe7d17b6,43400618-8533-406d-8303-af7cc5714549,72892002,Normal pregnancy,,resolved,2013-04-20T13:54:53+00:00,2013-04-20T13:54:53+00:00,2013,False
ccd49655-976a-44c4-86cc-082f8532ce7e,43400618-8533-406d-8303-af7cc5714549,72892002,Normal pregnancy,,resolved,2011-11-12T13:54:53+00:00,2011-11-12T13:54:53+00:00,2011,False
f111ae42-acad-4cc6-bf67-54bb482e2baa,43400618-8533-406d-8303-af7cc5714549,72892002,Normal pregnancy,,resolved,2009-11-28T13:54:53+00:00,2009-11-28T13:54:53+00:00,2009,False
9c39517a-d092-4235-9b15-b9188f5fc757,43400618-8533-406d-8303-af7cc5714549,72892002,Normal pregnancy,,resolved,2008-09-27T13:54:53+00:00,2008-09-27T13:54:53+00:00,2008,False
efd846e2-29c8-4c0b-bc44-e80f84c14e6a,43400618-8533-406d-8303-af7cc5714549,72892002,Normal pregnancy,,resolved,2006-01-07T13:54:53+00:00,2006-01-07T13:54:53+00:00,2006,False
91c78b40-053a-4c16-a21d-997fab14d0c7,43400618-8533-406d-8303-af7cc5714549,72892002,Normal pregnancy,,resolved,2005-06-11T13:54:53+00:00,2005-06-11T13:54:53+00:00,2005,False
302db849-a678-4ea3-9b26-2d4fb90959d6,43400618-8533-406d-8303-af7cc5714549,72892002,Normal pregnancy,,resolved,2000-11-18T13:54:53+00:00,2000-11-18T13:54:53+00:00,2000,False
aaff90aa-7192-4279-83bc-bb50c8c91a0f,8f65af92-c3c9-4316-bb7f-862c248788dd,422034002,Diabetic retinopathy associated with type II diabetes mellitus (disorder),,active,1994-09-23T11:51:55+00:00,1994-09-23T11:51:55+00:00,1994,True
31f1a8de-d38e-449f-9b24-a3cca1c11baa,8f65af92-c3c9-4316-bb7f-862c248788dd,237602007,Metabolic syndrome X (disorder),,active,1992-09-18T11:51:55+00:00,1992-09-18T11:51:55+00:00,1992,False
1fc5d41a-bf2e-479a-92b3-9b0d168556ff,8f65af92-c3c9-4316-bb7f-862c248788dd,271737000,Anemia (disorder),,active,1987-09-11T11:51:55+00:00,1987-09-11T11:51:55+00:00,1987,False
ca250ecf-48cd-4c3a-a68f-6f919f34c23b,8f65af92-c3c9-4316-bb7f-862c248788dd,40055000,Chronic sinusitis (disorder),,active,1978-08-25T11:51:55+00:00,1978-08-25T11:51:55+00:00,1978,False
268bb6af-27f1-4392-9c7c-fa21ce8ef2f8,8f65af92-c3c9-4316-bb7f-862c248788dd,68496003,Polyp of colon,,resolved,2012-03-09T11:51:55+00:00,2012-03-09T11:51:55+00:00,2012,False
5fb2aec1-1ec6-4338-9be1-623906574af5,8f65af92-c3c9-4316-bb7f-862c248788dd,44054006,Diabetes,,active,1990-09-14T11:51:55+00:00,1990-09-14T11:51:55+00:00,1990,True
7895c882-55e6-4035-bec2-cd721e8bb3cc,8f65af92-c3c9-4316-bb7f-862c248788dd,302870006,Hypertriglyceridemia (disorder),,active,1992-09-18T11:51:55+00:00,1992-09-18T11:51:55+00:00,1992,False
3510b4ae-348b-4e6f-b1b1-2a3709c40ffe,8f65af92-c3c9-4316-bb7f-862c248788dd,68496003,Polyp of colon,,resolved,2005-11-16T11:51:55+00:00,2005-11-16T11:51:55+00:00,2005,False
a11afc6d-cfb1-4574-938a-c60b0dae137b,8f65af92-c3c9-4316-bb7f-862c248788dd,53741008,Coronary Heart Disease,,active,2008-11-14T11:51:55+00:00,2008-11-14T11:51:55+00:00,2008,False
1d3f86c8-c914-4319-a376-b954c5aa6615,8f65af92-c3c9-4316-bb7f-862c248788dd,1501000119109,Proliferative diabetic retinopathy due to type II diabetes mellitus (disorder),,active,2000-09-29T11:51:55+00:00,2000-09-29T11:51:55+00:00,2000,True
aa4b5085-21c2-4b3b-bd15-7349ea913fdf,8f65af92-c3c9-4316-bb7f-862c248788dd,399211009,History of myocardial infarction (situation),,active,2017-01-13T11:51:55+00:00,2017-01-13T11:51:55+00:00,2017,False
04da322f-4d27-45e8-9354-717e11b2b8a8,8f65af92-c3c9-4316-bb7f-862c248788dd,19169002,Miscarriage in first trimester,,active,1991-09-06T11:51:55+00:00,1991-09-06T11:51:55+00:00,1991,False
eadcb990-598a-433c-b3af-fdb64db37abc,8f65af92-c3c9-4316-bb7f-862c248788dd,444814009,Viral sinusitis (disorder),,resolved,2015-08-12T11:51:55+00:00,2015-08-12T11:51:55+00:00,2015,False
575f4bf0-c74a-4116-a9ff-94ac4b428ee1,8f65af92-c3c9-4316-bb7f-862c248788dd,1551000119108,Nonproliferative diabetic retinopathy due to type 2 diabetes mellitus (disorder),,active,1996-09-27T11:51:55+00:00,1996-09-27T11:51:55+00:00,1996,True
c6064b68-eb1f-4dec-b7a7-82e99b5f9600,8f65af92-c3c9-4316-bb7f-862c248788dd,15777000,Prediabetes,,active,1985-02-01T11:51:55+00:00,1985-02-01T11:51:55+00:00,1985,True
66b5f55e-ccda-4ae9-aa58-f785e97ecd76,8f65af92-c3c9-4316-bb7f-862c248788dd,22298006,Myocardial Infarction,,active,2017-01-13T11:51:55+00:00,2017-01-13T11:51:55+00:00,2017,False
65d3c2f3-d809-4117-98b5-a0a48d655724,8f65af92-c3c9-4316-bb7f-862c248788dd,38822007,Cystitis,,resolved,2008-11-02T11:51:55+00:00,2008-11-02T11:51:55+00:00,2008,False
5eaa09e3-4fae-4268-b145-e3d4faae3e9d,2a3d4d46-512f-480f-8eb9-5a11ef3b2176,444814009,Viral sinusitis (disorder),,resolved,2012-08-28T12:01:49+00:00,2012-08-28T12:01:49+00:00,2012,False
b01e7da3-a906-4b05-8410-1412599add1e,2a3d4d46-512f-480f-8eb9-5a11ef3b2176,444814009,Viral sinusitis (disorder),,resolved,2018-04-14T12:01:49+00:00,2018-04-14T12:01:49+00:00,2018,False
65d2b86c-41d5-4960-a71a-9d4dd1c8afa5,2a3d4d46-512f-480f-8eb9-5a11ef3b2176,162864005,Body mass index 30+ - obesity (finding),,active,2000-11-19T12:01:49+00:00,2000-11-19T12:01:49+00:00,2000,True
146bf71b-6abe-4bc3-b891-7986a6f014a2,2a3d4d46-512f-480f-8eb9-5a11ef3b2176,239873007,Osteoarthritis of knee,,active,2011-10-03T12:01:49+00:00,2011-10-03T12:01:49+00:00,2011,True
1409b33c-38bf-4fab-a402-9da672ed682a,aba76b64-036c-4477-a48b-2e07a741114e,230690007,Stroke,,active,2017-12-20T00:07:44+00:00,2017-12-20T00:07:44+00:00,2017,False
ceb61e83-437f-437a-bed7-a52a117beffc,aba76b64-036c-4477-a48b-2e07a741114e,444814009,Viral sinusitis (disorder),,resolved,2020-06-12T00:07:44+00:00,2020-06-12T00:07:44+00:00,2020,False
e3cb2a4f-45a7-485a-ba90-89668e597e8d,aba76b64-036c-4477-a48b-2e07a741114e,271737000,Anemia (disorder),,active,1966-07-27T00:07:44+00:00,1966-07-27T00:07:44+00:00,1966,False
242910a7-ff13-44f4-8ba3-83e2c10cbc1d,aba76b64-036c-4477-a48b-2e07a741114e,79586000,Tubal pregnancy,,active,1961-11-08T00:07:44+00:00,1961-11-08T00:07:44+00:00,1961,False
bd31eaa4-fff4-413c-9a06-2567aeb4e4b1,aba76b64-036c-4477-a48b-2e07a741114e,444814009,Viral sinusitis (disorder),,resolved,2012-10-25T00:07:44+00:00,2012-10-25T00:07:44+00:00,2012,False
63beb47d-0b1d-4400-9d20-12cdc0c979fa,aba76b64-036c-4477-a48b-2e07a741114e,10509002,Acute bronchitis (disorder),,resolved,2013-06-03T00:07:44+00:00,2013-06-03T00:07:44+00:00,2013,False
6815899e-7829-4d85-a83c-d5fe24dc3b69,aba76b64-036c-4477-a48b-2e07a741114e,15777000,Prediabetes,,active,1966-07-27T00:07:44+00:00,1966-07-27T00:07:44+00:00,1966,True
04771f19-390a-457c-bbfe-6f824f528674,aba76b64-036c-4477-a48b-2e07a741114e,19169002,Miscarriage in first trimester,,active,1958-06-18T00:07:44+00:00,1958-06-18T00:07:44+00:00,1958,False
1cebbcc8-3f84-4c06-9891-6066753dc7c3,aba76b64-036c-4477-a48b-2e07a741114e,26929004,Alzheimer's disease (disorder),,active,2015-04-15T00:07:44+00:00,2015-04-15T00:07:44+00:00,2015,False
686d5151-5338-46fe-a875-f63b89818b5c,aba76b64-036c-4477-a48b-2e07a741114e,55822004,Hyperlipidemia,,active,2001-12-12T00:07:44+00:00,2001-12-12T00:07:44+00:00,2001,True
957d2fbc-6132-4abc-b2ef-ca08437b41ec,d8a00854-f768-4195-a025-9af34b2e0e9f,38341003,Hypertension,,active,2015-02-12T01:08:11+00:00,2015-02-12T01:08:11+00:00,2015,True
00634035-5b5e-402b-bfa4-81e375eae861,d8a00854-f768-4195-a025-9af34b2e0e9f,195662009,Acute viral pharyngitis (disorder),,resolved,2019-11-06T01:08:11+00:00,2019-11-06T01:08:11+00:00,2019,False
85ddf62e-e37a-4f25-b5c7-db01c6af5857,d8a00854-f768-4195-a025-9af34b2e0e9f,195662009,Acute viral pharyngitis (disorder),,resolved,2017-09-04T01:08:11+00:00,2017-09-04T01:08:11+00:00,2017,False
17bbb449-fb5f-443c-897b-7e4772aa04be,76bc2bcd-3074-46b9-bc18-18daf50825a2,444814009,Viral sinusitis (disorder),,resolved,2021-01-02T16:24:37+00:00,2021-01-02T16:24:37+00:00,2021,False
40551c4c-9652-497b-8e4d-4f8cb8f3d56f,76bc2bcd-3074-46b9-bc18-18daf50825a2,33737001,Fracture of rib,,resolved,2018-04-13T16:24:37+00:00,2018-04-13T16:24:37+00:00,2018,False
301e62ff-6b49-4d21-83cb-ba625b7971fe,76bc2bcd-3074-46b9-bc18-18daf50825a2,10509002,Acute bronchitis (disorder),,resolved,2016-10-16T16:24:37+00:00,2016-10-16T16:24:37+00:00,2016,False
6d897d61-e44e-4daf-a2a0-7c793e99f9c5,4f830f8a-7051-4bf4-9882-40f5c60e4159,74400008,Appendicitis,,active,2000-11-19T15:06:54+00:00,2000-11-19T15:06:54+00:00,2000,False
d9ef4518-654c-4892-a736-9d4021e22054,4f830f8a-7051-4bf4-9882-40f5c60e4159,428251008,History of appendectomy,,active,2000-11-19T15:06:54+00:00,2000-11-19T15:06:54+00:00,2000,False
33589752-b652-476a-b26d-d0b7f11a92ea,4f830f8a-7051-4bf4-9882-40f5c60e4159,38341003,Hypertension,,active,1991-01-19T15:06:54+00:00,1991-01-19T15:06:54+00:00,1991,True
a75b88a6-e220-429d-a718-38a2c6f7929a,4f830f8a-7051-4bf4-9882-40f5c60e4159,195662009,Acute viral pharyngitis (disorder),,resolved,2016-03-29T15:06:54+00:00,2016-03-29T15:06:54+00:00,2016,False
94adf4a0-c81e-4517-ae96-6600666f9525,4f830f8a-7051-4bf4-9882-40f5c60e4159,444814009,Viral sinusitis (disorder),,resolved,2012-06-11T15:06:54+00:00,2012-06-11T15:06:54+00:00,2012,False
1efae7f9-2b52-43df-b58c-d8222cd61575,4f830f8a-7051-4bf4-9882-40f5c60e4159,40055000,Chronic sinusitis (disorder),,active,2003-02-20T15:06:54+00:00,2003-02-20T15:06:54+00:00,2003,False
25170cf4-1ec5-4597-a02d-edf5c91af46d,4ef9f896-10bc-4479-acd6-1153e7318f14,444814009,Viral sinusitis (disorder),,resolved,2016-03-16T23:58:38+00:00,2016-03-16T23:58:38+00:00,2016,False
590a86ad-b092-466b-8666-5239888a0fe5,4ef9f896-10bc-4479-acd6-1153e7318f14,283385000,Laceration of thigh,,resolved,2013-01-26T23:58:38+00:00,2013-01-26T23:58:38+00:00,2013,False
0894e750-c11a-49d4-848d-cbd4873da9fa,4ef9f896-10bc-4479-acd6-1153e7318f14,38341003,Hypertension,,active,2011-03-27T23:58:38+00:00,2011-03-27T23:58:38+00:00,2011,True
4440bfe4-b752-4c5e-b113-e0a38067d3dd,4ef9f896-10bc-4479-acd6-1153e7318f14,162864005,Body mass index 30+ - obesity (finding),,active,2015-04-05T23:58:38+00:00,2015-04-05T23:58:38+00:00,2015,True
658e9111-71ba-4714-b211-bca1f301d8bb,3bffe2b3-b048-436d-b9b1-0d09263836e3,40055000,Chronic sinusitis (disorder),,active,1996-11-24T13:59:06+00:00,1996-11-24T13:59:06+00:00,1996,False
4cb38145-4965-4ca2-b8e5-a90b384f54c9,3bffe2b3-b048-436d-b9b1-0d09263836e3,444814009,Viral sinusitis (disorder),,resolved,2017-02-07T13:59:06+00:00,2017-02-07T13:59:06+00:00,2017,False
729e88e6-1916-4436-9752-a187785dd8af,3bffe2b3-b048-436d-b9b1-0d09263836e3,444814009,Viral sinusitis (disorder),,resolved,2011-04-22T13:59:06+00:00,2011-04-22T13:59:06+00:00,2011,False
9b2afedf-0575-488e-9455-e1dd41a3b720,3bffe2b3-b048-436d-b9b1-0d09263836e3,162864005,Body mass index 30+ - obesity (finding),,active,2018-03-30T13:59:06+00:00,2018-03-30T13:59:06+00:00,2018,True
66a83c35-23df-4e83-936f-bbd46cfd0a0b,3bffe2b3-b048-436d-b9b1-0d09263836e3,10509002,Acute bronchitis (disorder),,resolved,2015-03-18T13:59:06+00:00,2015-03-18T13:59:06+00:00,2015,False
4132e08e-41be-4307-af69-d3b2a5f7d66d,3bffe2b3-b048-436d-b9b1-0d09263836e3,444470001,Injury of anterior cruciate ligament,,resolved,2012-01-02T13:59:06+00:00,2012-01-02T13:59:06+00:00,2012,False
f97d9659-0083-47df-af39-bdfd29544bc6,3bffe2b3-b048-436d-b9b1-0d09263836e3,75498004,Acute bacterial sinusitis (disorder),,resolved,2011-07-14T13:59:06+00:00,2011-07-14T13:59:06+00:00,2011,False
82770b14-7d8e-4973-a3a3-b89fa15317fd,3bffe2b3-b048-436d-b9b1-0d09263836e3,444814009,Viral sinusitis (disorder),,resolved,2013-05-02T13:59:06+00:00,2013-05-02T13:59:06+00:00,2013,False
6a398379-1ede-459a-9577-822cc786cbeb,3bffe2b3-b048-436d-b9b1-0d09263836e3,72892002,Normal pregnancy,,resolved,2020-02-28T13:59:06+00:00,2020-02-28T13:59:06+00:00,2020,False
f9f340af-3466-4f43-ad76-4e5d0b3e3b81,2316fb73-df53-4896-b17d-df48a42ce2f8,43878008,Streptococcal sore throat (disorder),,resolved,2012-11-30T16:24:31+00:00,2012-11-30T16:24:31+00:00,2012,False
63b2bcf0-681f-45d5-966d-26b385550b2d,2316fb73-df53-4896-b17d-df48a42ce2f8,72892002,Normal pregnancy,,resolved,2020-07-24T16:24:31+00:00,2020-07-24T16:24:31+00:00,2020,False
683169ac-c3f8-41ce-8e4e-94349f911d6b,2316fb73-df53-4896-b17d-df48a42ce2f8,72892002,Normal pregnancy,,resolved,2019-05-17T16:24:31+00:00,2019-05-17T16:24:31+00:00,2019,False
014b651b-5ee8-41d4-9bfd-d185ff1ce0d1,beabfaa9-5f90-4aa4-860b-529ef87c8080,44465007,Sprain of ankle,,resolved,2017-03-25T23:45:08+00:00,2017-03-25T23:45:08+00:00,2017,False
c120ba99-7f89-4807-b9cc-f610fd3575e2,beabfaa9-5f90-4aa4-860b-529ef87c8080,128613002,Seizure disorder,,active,2012-08-23T23:45:08+00:00,2012-08-23T23:45:08+00:00,2012,False
2b7eed3d-7553-4fd5-a61b-db6984f41970,beabfaa9-5f90-4aa4-860b-529ef87c8080,15777000,Prediabetes,,active,2020-10-29T23:45:08+00:00,2020-10-29T23:45:08+00:00,2020,True
7a885401-0197-4cee-a65a-8085720ab30b,beabfaa9-5f90-4aa4-860b-529ef87c8080,703151001,History of single seizure (situation),,active,2012-08-23T23:45:08+00:00,2012-08-23T23:45:08+00:00,2012,False
f6adb57f-aa2e-419d-bf35-76757ec503f7,476d3544-6370-479f-9ac9-c43434aae12f,65363002,Otitis media,,active,2020-11-21T03:38:03+00:00,2020-11-21T03:38:03+00:00,2020,False
b6419d66-1edf-4822-9b50-3378185d46d9,476d3544-6370-479f-9ac9-c43434aae12f,195662009,Acute viral pharyngitis (disorder),,resolved,2019-09-17T03:38:03+00:00,2019-09-17T03:38:03+00:00,2019,False
92c1bb4e-c86d-43be-a86e-4b8ed41e2693,476d3544-6370-479f-9ac9-c43434aae12f,65363002,Otitis media,,resolved,2017-09-24T03:38:03+00:00,2017-09-24T03:38:03+00:00,2017,False
233e86d9-a2d7-4f0c-83c7-09ae1563da31,476d3544-6370-479f-9ac9-c43434aae12f,10509002,Acute bronchitis (disorder),,resolved,2020-03-14T03:38:03+00:00,2020-03-14T03:38:03+00:00,2020,False
804dfb16-6a6c-48a2-87a3-969aff91baa2,09075876-bd10-46cf-9455-d55dc7df9f59,195662009,Acute viral pharyngitis (disorder),,resolved,2014-06-25T19:32:30+00:00,2014-06-25T19:32:30+00:00,2014,False
73248b7f-248e-4d19-9ab1-e155ce4680ca,09075876-bd10-46cf-9455-d55dc7df9f59,55680006,Drug overdose,,active,2002-03-15T19:32:30+00:00,2002-03-15T19:32:30+00:00,2002,False
0a2c9424-81fa-4c6e-b838-34a0559d1dba,09075876-bd10-46cf-9455-d55dc7df9f59,162864005,Body mass index 30+ - obesity (finding),,active,1990-10-27T19:32:30+00:00,1990-10-27T19:32:30+00:00,1990,True
bb00464f-f084-4892-80d0-a5af4bb81911,09075876-bd10-46cf-9455-d55dc7df9f59,82423001,Chronic pain,,active,1992-06-13T19:32:30+00:00,1992-06-13T19:32:30+00:00,1992,False
1485dada-b699-460c-b67f-32538c0ac284,09075876-bd10-46cf-9455-d55dc7df9f59,284549007,Laceration of hand,,resolved,2019-04-27T19:32:30+00:00,2019-04-27T19:32:30+00:00,2019,False
13fb4ccd-1792-4bf9-bf74-6a79b112c060,09075876-bd10-46cf-9455-d55dc7df9f59,444814009,Viral sinusitis (disorder),,resolved,2019-11-09T19:32:30+00:00,2019-11-09T19:32:30+00:00,2019,False
15162c8b-c07f-41e6-b69b-935ba8e90c40,09075876-bd10-46cf-9455-d55dc7df9f59,444814009,Viral sinusitis (disorder),,resolved,2018-09-16T19:32:30+00:00,2018-09-16T19:32:30+00:00,2018,False
893a45e1-910f-404d-8aea-2102d11f5dc7,09075876-bd10-46cf-9455-d55dc7df9f59,444814009,Viral sinusitis (disorder),,resolved,2012-08-20T19:32:30+00:00,2012-08-20T19:32:30+00:00,2012,False
b3947ebf-e971-4fa7-b14e-070511567022,09075876-bd10-46cf-9455-d55dc7df9f59,15777000,Prediabetes,,active,2006-07-22T19:32:30+00:00,2006-07-22T19:32:30+00:00,2006,True
cce225af-07e2-4a9a-b14a-3a41b7e1593f,09075876-bd10-46cf-9455-d55dc7df9f59,271737000,Anemia (disorder),,active,2006-07-22T19:32:30+00:00,2006-07-22T19:32:30+00:00,2006,False
0fcd2d93-4cdc-4fbf-90c5-cee2ae772c3f,09075876-bd10-46cf-9455-d55dc7df9f59,444814009,Viral sinusitis (disorder),,resolved,2011-05-09T19:32:30+00:00,2011-05-09T19:32:30+00:00,2011,False
e30c74f6-ba78-4a28-8662-8f4899d3d59f,09075876-bd10-46cf-9455-d55dc7df9f59,196416002,Impacted molars,,active,1993-02-16T19:32:30+00:00,1993-02-16T19:32:30+00:00,1993,False
24057491-188f-456b-8486-2753a5cead88,09075876-bd10-46cf-9455-d55dc7df9f59,44465007,Sprain of ankle,,resolved,2015-09-01T19:32:30+00:00,2015-09-01T19:32:30+00:00,2015,False
7be6ce0e-4925-4b53-9f95-82ac073898bb,09075876-bd10-46cf-9455-d55dc7df9f59,124171000119105,Chronic intractable migraine without aura,,active,1992-03-08T19:32:30+00:00,1992-03-08T19:32:30+00:00,1992,False
1574b2c5-00aa-4134-a4d9-0f471abbf2f0,09075876-bd10-46cf-9455-d55dc7df9f59,370247008,Facial laceration,,resolved,2013-06-29T19:32:30+00:00,2013-06-29T19:32:30+00:00,2013,False
27284b87-0f90-4854-bcec-ec9203c115c3,d1934daf-4775-4b55-995b-4be2aa0e395b,271737000,Anemia (disorder),,active,2016-10-02T22:13:20+00:00,2016-10-02T22:13:20+00:00,2016,False
4a33f336-693e-4190-9a11-e127139a979d,d1934daf-4775-4b55-995b-4be2aa0e395b,444814009,Viral sinusitis (disorder),,resolved,2018-11-25T22:13:20+00:00,2018-11-25T22:13:20+00:00,2018,False
7f358e88-350a-4358-b574-7c2fd64c2814,d1934daf-4775-4b55-995b-4be2aa0e395b,40055000,Chronic sinusitis (disorder),,active,1966-09-20T22:13:20+00:00,1966-09-20T22:13:20+00:00,1966,False
72f56c28-6c5d-4387-b686-b3584c20dc6c,d1934daf-4775-4b55-995b-4be2aa0e395b,55822004,Hyperlipidemia,,active,2019-12-08T22:13:20+00:00,2019-12-08T22:13:20+00:00,2019,True
7e9da6e0-954e-4270-82d8-5924d71e56b3,d1934daf-4775-4b55-995b-4be2aa0e395b,15777000,Prediabetes,,active,2016-10-02T22:13:20+00:00,2016-10-02T22:13:20+00:00,2016,True
a0b96295-b929-4375-905a-6fb3b2127361,d1934daf-4775-4b55-995b-4be2aa0e395b,10509002,Acute bronchitis (disorder),,resolved,2018-06-07T22:13:20+00:00,2018-06-07T22:13:20+00:00,2018,False
aaceded2-6a1f-4a23-a9f4-fda0ff78acb5,d1934daf-4775-4b55-995b-4be2aa0e395b,284549007,Laceration of hand,,resolved,2018-08-16T22:13:20+00:00,2018-08-16T22:13:20+00:00,2018,False
f321b2ea-0ee9-4cac-8529-5ad4bdb0c4e7,e7de504a-311d-49be-b2bc-566a328bcc72,156073000,Fetus with unknown complication,,resolved,1984-07-12T09:49:33+00:00,1984-07-12T09:49:33+00:00,1984,False
474f8178-c1d8-4047-a75a-4876bfbe2b94,e7de504a-311d-49be-b2bc-566a328bcc72,19169002,Miscarriage in first trimester,,active,1963-01-24T09:49:33+00:00,1963-01-24T09:49:33+00:00,1963,False
1f661cfc-201b-42f3-a78b-a363b2e949d8,e7de504a-311d-49be-b2bc-566a328bcc72,403191005,Second degree burn,,resolved,1989-04-30T09:49:33+00:00,1989-04-30T09:49:33+00:00,1989,False
fec1a1ec-6212-4be8-95e1-9724ef51bc98,e7de504a-311d-49be-b2bc-566a328bcc72,72892002,Normal pregnancy,,resolved,1985-05-16T09:49:33+00:00,1985-05-16T09:49:33+00:00,1985,False
8dd78b95-6a9d-4f4c-92ed-576ea63b2bba,e7de504a-311d-49be-b2bc-566a328bcc72,15777000,Prediabetes,,active,1987-04-16T09:49:33+00:00,1987-04-16T09:49:33+00:00,1987,True
695430d3-0364-4131-87cb-9d3ae004a22c,e7de504a-311d-49be-b2bc-566a328bcc72,156073000,Fetus with unknown complication,,resolved,1985-05-16T09:49:33+00:00,1985-05-16T09:49:33+00:00,1985,False
34d08111-03d1-405b-8462-9600ed778676,e7de504a-311d-49be-b2bc-566a328bcc72,301011002,Escherichia coli urinary tract infection,,resolved,1991-07-02T09:49:33+00:00,1991-07-02T09:49:33+00:00,1991,False
8fb514c1-4509-4576-b8dd-7b26bdb29ce3,e7de504a-311d-49be-b2bc-566a328bcc72,68496003,Polyp of colon,,resolved,1987-07-16T09:49:33+00:00,1987-07-16T09:49:33+00:00,1987,False
1a65f4fd-4ecc-4a25-b456-22092e8f4d5c,e7de504a-311d-49be-b2bc-566a328bcc72,162864005,Body mass index 30+ - obesity (finding),,active,1963-01-17T09:49:33+00:00,1963-01-17T09:49:33+00:00,1963,True
8c412450-7cbf-40a0-b48f-8bf4cc6b9311,e7de504a-311d-49be-b2bc-566a328bcc72,283385000,Laceration of thigh,,resolved,1987-07-19T09:49:33+00:00,1987-07-19T09:49:33+00:00,1987,False
b85bbc6a-e6d9-4337-80ea-a5a3faefc7ae,e7de504a-311d-49be-b2bc-566a328bcc72,88805009,Chronic congestive heart failure (disorder),,active,1992-07-20T09:49:33+00:00,1992-07-20T09:49:33+00:00,1992,True
f95fe5b2-b6d8-4708-8728-9c3906524805,e7de504a-311d-49be-b2bc-566a328bcc72,195662009,Acute viral pharyngitis (disorder),,resolved,1983-03-29T09:49:33+00:00,1983-03-29T09:49:33+00:00,1983,False
be201427-33b1-46fd-a410-94ed275b798c,e7de504a-311d-49be-b2bc-566a328bcc72,35999006,Blighted ovum,,resolved,1984-12-06T09:49:33+00:00,1984-12-06T09:49:33+00:00,1984,False
3dfcf7a3-02bf-44f9-ba13-a29a4741c229,e7de504a-311d-49be-b2bc-566a328bcc72,55822004,Hyperlipidemia,,active,1985-04-11T09:49:33+00:00,1985-04-11T09:49:33+00:00,1985,True
2608802c-5ca4-4a65-a0f4-d78f4aac0117,e7de504a-311d-49be-b2bc-566a328bcc72,72892002,Normal pregnancy,,resolved,1984-12-06T09:49:33+00:00,1984-12-06T09:49:33+00:00,1984,False
50584bde-a297-41f5-800b-76ea4a7d4c49,e7de504a-311d-49be-b2bc-566a328bcc72,72892002,Normal pregnancy,,resolved,1984-07-12T09:49:33+00:00,1984-07-12T09:49:33+00:00,1984,False
a0049d49-df4c-47d6-8ced-3697b2270eef,c5ed5d78-5b3f-4a75-bdfb-5f318b068a20,74400008,Appendicitis,,active,1990-06-16T19:20:06+00:00,1990-06-16T19:20:06+00:00,1990,False
e352f1cf-51c1-4a68-9b62-f8682135d87d,c5ed5d78-5b3f-4a75-bdfb-5f318b068a20,7200002,Alcoholism,,active,1965-07-03T19:20:06+00:00,1965-07-03T19:20:06+00:00,1965,False
26376ff0-0131-44b4-91c5-04ad7639c8df,c5ed5d78-5b3f-4a75-bdfb-5f318b068a20,162864005,Body mass index 30+ - obesity (finding),,active,1953-02-07T19:20:06+00:00,1953-02-07T19:20:06+00:00,1953,True
64e76dec-931e-4b40-94dd-ca9f8360d1d8,c5ed5d78-5b3f-4a75-bdfb-5f318b068a20,126906006,Neoplasm of prostate,,active,1975-08-30T19:20:06+00:00,1975-08-30T19:20:06+00:00,1975,False
c9867075-7ab5-49dc-b676-018a0c384bd7,c5ed5d78-5b3f-4a75-bdfb-5f318b068a20,124171000119105,Chronic intractable migraine without aura,,active,1992-11-18T19:20:06+00:00,1992-11-18T19:20:06+00:00,1992,False
26e69803-0876-401d-8d62-948e321caba5,c5ed5d78-5b3f-4a75-bdfb-5f318b068a20,162573006,Suspected lung cancer (situation),,active,1993-09-21T19:20:06+00:00,1993-09-21T19:20:06+00:00,1993,False
88ca8b45-9510-46ca-8722-88d5457fd931,c5ed5d78-5b3f-4a75-bdfb-5f318b068a20,443165006,Pathological fracture due to osteoporosis (disorder),,resolved,1993-01-12T19:20:06+00:00,1993-01-12T19:20:06+00:00,1993,False
dfa73029-c076-4d7b-a43b-ab3449ae402d,c5ed5d78-5b3f-4a75-bdfb-5f318b068a20,64859006,Osteoporosis (disorder),,active,1985-10-26T19:20:06+00:00,1985-10-26T19:20:06+00:00,1985,False
e17323e3-dcd1-457a-8537-e9d63c12b0c8,c5ed5d78-5b3f-4a75-bdfb-5f318b068a20,254637007,Non-small cell lung cancer (disorder),,active,1993-10-03T19:20:06+00:00,1993-10-03T19:20:06+00:00,1993,False
1905b4a4-66e1-4d63-afad-968ce206c983,c5ed5d78-5b3f-4a75-bdfb-5f318b068a20,38341003,Hypertension,,active,1934-01-13T19:20:06+00:00,1934-01-13T19:20:06+00:00,1934,True
0c09a8d0-0f0e-4671-bb14-e58c26df444d,c5ed5d78-5b3f-4a75-bdfb-5f318b068a20,239873007,Osteoarthritis of knee,,active,1958-06-22T19:20:06+00:00,1958-06-22T19:20:06+00:00,1958,True
7a49194b-287b-4efe-b797-14b314e93b8c,c5ed5d78-5b3f-4a75-bdfb-5f318b068a20,196416002,Impacted molars,,active,1992-06-06T19:20:06+00:00,1992-06-06T19:20:06+00:00,1992,False
b4d63ea0-e137-4589-954b-1c3c8aeb4d32,c5ed5d78-5b3f-4a75-bdfb-5f318b068a20,263102004,Fracture subluxation of wrist,,resolved,1993-01-12T19:20:06+00:00,1993-01-12T19:20:06+00:00,1993,False
66c60688-2b2b-4a2c-bef4-43ffd206a5ea,c5ed5d78-5b3f-4a75-bdfb-5f318b068a20,92691004,Carcinoma in situ of prostate (disorder),,active,1975-08-30T19:20:06+00:00,1975-08-30T19:20:06+00:00,1975,False
49ddab5b-b5f7-4e51-94bb-12e211f4ceae,c5ed5d78-5b3f-4a75-bdfb-5f318b068a20,10509002,Acute bronchitis (disorder),,resolved,1993-12-26T19:20:06+00:00,1993-12-26T19:20:06+00:00,1993,False
323a1f6d-996b-4fdb-a852-0966df2937b5,c5ed5d78-5b3f-4a75-bdfb-5f318b068a20,88805009,Chronic congestive heart failure (disorder),,active,1995-07-02T19:20:06+00:00,1995-07-02T19:20:06+00:00,1995,True
ee447c7b-4bf5-439e-98ea-caeed739c5e7,c5ed5d78-5b3f-4a75-bdfb-5f318b068a20,82423001,Chronic pain,,active,1992-09-14T19:20:06+00:00,1992-09-14T19:20:06+00:00,1992,False
3a41470b-8339-4d9b-8c53-43ebc6706837,c5ed5d78-5b3f-4a75-bdfb-5f318b068a20,428251008,History of appendectomy,,active,1990-06-16T19:20:06+00:00,1990-06-16T19:20:06+00:00,1990,False
9c6733e5-3856-48fb-8b3d-a0fed186215b,c5ed5d78-5b3f-4a75-bdfb-5f318b068a20,424132000,"Non-small cell carcinoma of lung, TNM stage 1 (disorder)",,active,1993-10-05T19:20:06+00:00,1993-10-05T19:20:06+00:00,1993,False
62cf4e59-a658-4f85-a454-c2d49b879f56,c5ed5d78-5b3f-4a75-bdfb-5f318b068a20,55822004,Hyperlipidemia,,active,1963-10-26T19:20:06+00:00,1963-10-26T19:20:06+00:00,1963,True
3facc704-aa51-4b5f-98b7-6a54382f2ed8,948e608d-e408-4788-8cf2-8157c49c2940,15777000,Prediabetes,,active,2019-11-12T20:32:26+00:00,2019-11-12T20:32:26+00:00,2019,True
24c0f7c6-5615-489d-b581-b7e1dfd220b3,948e608d-e408-4788-8cf2-8157c49c2940,128613002,Seizure disorder,,active,1985-12-03T20:32:26+00:00,1985-12-03T20:32:26+00:00,1985,False
6666f352-7654-40dc-acfb-40c33b6a445d,948e608d-e408-4788-8cf2-8157c49c2940,444814009,Viral sinusitis (disorder),,resolved,2012-02-23T20:32:26+00:00,2012-02-23T20:32:26+00:00,2012,False
e34e5b1e-d3f2-4845-b0d1-f4e763fb8c9b,948e608d-e408-4788-8cf2-8157c49c2940,237602007,Metabolic syndrome X (disorder),,active,2019-11-12T20:32:26+00:00,2019-11-12T20:32:26+00:00,2019,False
398010fe-00cf-4fa4-b537-9e4e41e31cc7,948e608d-e408-4788-8cf2-8157c49c2940,84757009,Epilepsy,,active,1985-12-03T20:32:26+00:00,1985-12-03T20:32:26+00:00,1985,False
09d6796c-8c15-47bc-91f0-e7d5e310a689,948e608d-e408-4788-8cf2-8157c49c2940,307731004,Injury of tendon of the rotator cuff of shoulder,,resolved,2020-12-10T20:32:26+00:00,2020-12-10T20:32:26+00:00,2020,False
d2237f09-1809-4a66-9504-fba3f4edc1d7,948e608d-e408-4788-8cf2-8157c49c2940,703151001,History of single seizure (situation),,active,1985-12-03T20:32:26+00:00,1985-12-03T20:32:26+00:00,1985,False
6cb742b7-ae92-4cfc-927d-fa4ded8e8ee9,948e608d-e408-4788-8cf2-8157c49c2940,195662009,Acute viral pharyngitis (disorder),,resolved,2020-08-01T20:32:26+00:00,2020-08-01T20:32:26+00:00,2020,False
f7eb98d7-76e9-4ba0-93df-d668cfa7bd5e,948e608d-e408-4788-8cf2-8157c49c2940,38341003,Hypertension,,active,2019-03-05T20:32:26+00:00,2019-03-05T20:32:26+00:00,2019,True
b357a804-7541-4964-b7eb-0ebb51ef54a0,948e608d-e408-4788-8cf2-8157c49c2940,80394007,Hyperglycemia (disorder),,active,2019-11-12T20:32:26+00:00,2019-11-12T20:32:26+00:00,2019,False
72582be3-13f9-4101-9d2d-d696b7324483,948e608d-e408-4788-8cf2-8157c49c2940,162864005,Body mass index 30+ - obesity (finding),,active,2015-02-24T20:32:26+00:00,2015-02-24T20:32:26+00:00,2015,True
858cae1a-0f8e-4e2f-8890-13569764446f,948e608d-e408-4788-8cf2-8157c49c2940,302870006,Hypertriglyceridemia (disorder),,active,2019-11-12T20:32:26+00:00,2019-11-12T20:32:26+00:00,2019,False
532683cb-f739-4f4d-8eea-25ce794acd25,948e608d-e408-4788-8cf2-8157c49c2940,444814009,Viral sinusitis (disorder),,resolved,2012-05-12T20:32:26+00:00,2012-05-12T20:32:26+00:00,2012,False
0b7b2574-7bb6-4116-9016-985d75542000,948e608d-e408-4788-8cf2-8157c49c2940,271737000,Anemia (disorder),,active,2019-03-05T20:32:26+00:00,2019-03-05T20:32:26+00:00,2019,False
19ce253b-01eb-4064-9b4b-42822f9c0257,948e608d-e408-4788-8cf2-8157c49c2940,368581000119106,Neuropathy due to type 2 diabetes mellitus (disorder),,active,2019-11-12T20:32:26+00:00,2019-11-12T20:32:26+00:00,2019,True
bd46f7c9-177a-41ac-b6d1-a4950609ed44,948e608d-e408-4788-8cf2-8157c49c2940,431855005,Chronic kidney disease stage 1 (disorder),,active,2019-11-12T20:32:26+00:00,2019-11-12T20:32:26+00:00,2019,True
50b50008-4047-4329-8244-7fc3a5737101,948e608d-e408-4788-8cf2-8157c49c2940,127013003,Diabetic renal disease (disorder),,active,2019-11-12T20:32:26+00:00,2019-11-12T20:32:26+00:00,2019,False
792c8847-975e-435d-bdff-0a22a0228fe8,948e608d-e408-4788-8cf2-8157c49c2940,44054006,Diabetes,,active,2019-03-05T20:32:26+00:00,2019-03-05T20:32:26+00:00,2019,True
afda9778-2739-44a5-876b-52bb83dcf7c3,7cc7918f-fa5a-4818-8088-585e835d4aa7,38341003,Hypertension,,active,2019-11-21T12:41:17+00:00,2019-11-21T12:41:17+00:00,2019,True
0fbccc11-64eb-4d0e-ac0e-544a95b1a23e,7cc7918f-fa5a-4818-8088-585e835d4aa7,10509002,Acute bronchitis (disorder),,resolved,2013-01-04T12:41:17+00:00,2013-01-04T12:41:17+00:00,2013,False
cb39f818-82b2-475a-bb47-131505444024,7cc7918f-fa5a-4818-8088-585e835d4aa7,44465007,Sprain of ankle,,resolved,2013-07-08T12:41:17+00:00,2013-07-08T12:41:17+00:00,2013,False
d4c0c93c-6c67-491f-b375-0a24531a9128,9bf59715-246f-4ce2-85a6-58c1757f8d21,237602007,Metabolic syndrome X (disorder),,active,1988-02-08T16:34:40+00:00,1988-02-08T16:34:40+00:00,1988,False
0d1251c8-1cd9-4ab5-a45a-b188250200bc,9bf59715-246f-4ce2-85a6-58c1757f8d21,64859006,Osteoporosis (disorder),,active,2019-09-30T16:34:40+00:00,2019-09-30T16:34:40+00:00,2019,False
37bf2d05-a475-4695-9162-f5fdf41a6675,9bf59715-246f-4ce2-85a6-58c1757f8d21,422034002,Diabetic retinopathy associated with type II diabetes mellitus (disorder),,active,2011-06-06T16:34:40+00:00,2011-06-06T16:34:40+00:00,2011,True
9f5f82cc-d8ec-40b4-8de8-f07647791d1d,9bf59715-246f-4ce2-85a6-58c1757f8d21,302870006,Hypertriglyceridemia (disorder),,active,1985-02-04T16:34:40+00:00,1985-02-04T16:34:40+00:00,1985,False
d5e2ffa5-c75a-4fe3-9803-70f0883ebb3b,9bf59715-246f-4ce2-85a6-58c1757f8d21,36971009,Sinusitis (disorder),,resolved,2011-06-30T16:34:40+00:00,2011-06-30T16:34:40+00:00,2011,False
cce7f730-9ac5-4299-909a-c7e4bce8340c,9bf59715-246f-4ce2-85a6-58c1757f8d21,40055000,Chronic sinusitis (disorder),,active,2011-07-28T16:34:40+00:00,2011-07-28T16:34:40+00:00,2011,False
13af8bdd-9468-473b-8734-08fc34e8338e,9bf59715-246f-4ce2-85a6-58c1757f8d21,15777000,Prediabetes,,active,1988-02-08T16:34:40+00:00,1988-02-08T16:34:40+00:00,1988,True
2c370a96-d873-453b-aeed-9db07a27f0e0,9bf59715-246f-4ce2-85a6-58c1757f8d21,38341003,Hypertension,,active,1967-06-19T16:34:40+00:00,1967-06-19T16:34:40+00:00,1967,True
3d625afe-8839-4cea-8151-20fe16866387,9bf59715-246f-4ce2-85a6-58c1757f8d21,230690007,Stroke,,active,2011-10-24T16:34:40+00:00,2011-10-24T16:34:40+00:00,2011,False
6c083c22-546b-42d8-a15b-db4bda2e404b,9bf59715-246f-4ce2-85a6-58c1757f8d21,1551000119108,Nonproliferative diabetic retinopathy due to type 2 diabetes mellitus (disorder),,active,2012-08-20T16:34:40+00:00,2012-08-20T16:34:40+00:00,2012,True
63bc28a4-f462-41c3-8fe1-dcfa3cacdeb1,9bf59715-246f-4ce2-85a6-58c1757f8d21,195662009,Acute viral pharyngitis (disorder),,resolved,2020-12-24T16:34:40+00:00,2020-12-24T16:34:40+00:00,2020,False
994222b1-8835-4daa-ad5e-204f218cabf9,9bf59715-246f-4ce2-85a6-58c1757f8d21,80394007,Hyperglycemia (disorder),,active,1988-02-08T16:34:40+00:00,1988-02-08T16:34:40+00:00,1988,False
4026024f-e401-4b3e-b759-847f039fec0b,9bf59715-246f-4ce2-85a6-58c1757f8d21,271737000,Anemia (disorder),,active,1982-02-01T16:34:40+00:00,1982-02-01T16:34:40+00:00,1982,False
18c1215b-8fc4-466e-a15c-417004fb2535,9bf59715-246f-4ce2-85a6-58c1757f8d21,44054006,Diabetes,,active,1982-02-01T16:34:40+00:00,1982-02-01T16:34:40+00:00,1982,True
70f5288b-581a-48e9-b30c-9489cb0f0926,9bf59715-246f-4ce2-85a6-58c1757f8d21,55822004,Hyperlipidemia,,active,2004-12-13T16:34:40+00:00,2004-12-13T16:34:40+00:00,2004,True
dd5a27d7-5f63-4228-9249-81fc283a06d1,6e412edd-70a6-44cd-a109-2a908aba849f,109838007,Overlapping malignant neoplasm of colon,,resolved,2014-12-03T02:27:55+00:00,2014-12-03T02:27:55+00:00,2014,False
100803e9-586c-4e93-9dcd-c1b647be79b6,6e412edd-70a6-44cd-a109-2a908aba849f,68496003,Polyp of colon,,active,2014-11-27T02:27:55+00:00,2014-11-27T02:27:55+00:00,2014,False
597ce3c3-44fd-476c-93c9-7e7c9aa9d7ce,6e412edd-70a6-44cd-a109-2a908aba849f,15777000,Prediabetes,,active,1982-01-30T02:27:55+00:00,1982-01-30T02:27:55+00:00,1982,True
49934dbb-1628-4d04-8380-a7197466427a,6e412edd-70a6-44cd-a109-2a908aba849f,19169002,Miscarriage in first trimester,,active,1990-07-14T02:27:55+00:00,1990-07-14T02:27:55+00:00,1990,False
72face5b-731a-4648-a294-c47483a9b2d8,a9fb0d0f-fb3c-4173-ad19-ec9ba84f4d02,230690007,Stroke,,active,1986-05-21T11:06:44+00:00,1986-05-21T11:06:44+00:00,1986,False
aff66ea4-7dda-4621-b557-0f45b4ea75da,a9fb0d0f-fb3c-4173-ad19-ec9ba84f4d02,428251008,History of appendectomy,,active,1994-04-27T11:06:44+00:00,1994-04-27T11:06:44+00:00,1994,False
3b1960a5-a891-454e-972f-bb9f2bb6bb95,a9fb0d0f-fb3c-4173-ad19-ec9ba84f4d02,444814009,Viral sinusitis (disorder),,resolved,2012-02-11T11:06:44+00:00,2012-02-11T11:06:44+00:00,2012,False
6eda524a-1f74-4ca0-9771-d22689168715,a9fb0d0f-fb3c-4173-ad19-ec9ba84f4d02,197927001,Recurrent urinary tract infection,,active,1963-07-04T11:06:44+00:00,1963-07-04T11:06:44+00:00,1963,False
824a2ad9-a4e6-443d-9603-b1bdd794161a,a9fb0d0f-fb3c-4173-ad19-ec9ba84f4d02,74400008,Appendicitis,,active,1994-04-27T11:06:44+00:00,1994-04-27T11:06:44+00:00,1994,False
f5f858fa-b888-48d9-86cd-ba9978cb06bb,a9fb0d0f-fb3c-4173-ad19-ec9ba84f4d02,713197008,Recurrent rectal polyp,,active,2011-08-27T11:06:44+00:00,2011-08-27T11:06:44+00:00,2011,False
46ed643c-c8f0-4e48-aab1-cd2b09c37ae4,a9fb0d0f-fb3c-4173-ad19-ec9ba84f4d02,283371005,Laceration of forearm,,resolved,2007-11-24T11:06:44+00:00,2007-11-24T11:06:44+00:00,2007,False
e6deb7f2-1912-475d-b9c0-e8ce5332e9c3,a9fb0d0f-fb3c-4173-ad19-ec9ba84f4d02,10509002,Acute bronchitis (disorder),,resolved,2015-02-22T11:06:44+00:00,2015-02-22T11:06:44+00:00,2015,False
60e3a3ea-220d-4c6f-a168-02854b0aa5ae,a9fb0d0f-fb3c-4173-ad19-ec9ba84f4d02,10509002,Acute bronchitis (disorder),,resolved,2013-06-01T11:06:44+00:00,2013-06-01T11:06:44+00:00,2013,False
c9702037-d28c-4182-bb4f-dedbe8399857,a9fb0d0f-fb3c-4173-ad19-ec9ba84f4d02,109838007,Overlapping malignant neoplasm of colon,,resolved,2011-08-31T11:06:44+00:00,2011-08-31T11:06:44+00:00,2011,False
5a0ab56b-704c-461b-8251-c386cb7a5442,a9fb0d0f-fb3c-4173-ad19-ec9ba84f4d02,40055000,Chronic sinusitis (disorder),,active,1992-01-04T11:06:44+00:00,1992-01-04T11:06:44+00:00,1992,False
72c27906-db49-4ccf-8b5a-898b0b6e775e,a9fb0d0f-fb3c-4173-ad19-ec9ba84f4d02,88805009,Chronic congestive heart failure (disorder),,active,2017-05-08T11:06:44+00:00,2017-05-08T11:06:44+00:00,2017,True
4b64ee7c-d97c-4991-84d3-f149cabe63af,a9fb0d0f-fb3c-4173-ad19-ec9ba84f4d02,68496003,Polyp of colon,,active,2010-05-04T11:06:44+00:00,2010-05-04T11:06:44+00:00,2010,False
2d3b2f87-c139-4bd3-bfe3-04aa7c50c797,a9fb0d0f-fb3c-4173-ad19-ec9ba84f4d02,271737000,Anemia (disorder),,active,2011-08-31T11:06:44+00:00,2011-08-31T11:06:44+00:00,2011,False
c962a288-2a62-4159-98ae-284cb7ab1312,a9fb0d0f-fb3c-4173-ad19-ec9ba84f4d02,196416002,Impacted molars,,active,2010-03-31T11:06:44+00:00,2010-03-31T11:06:44+00:00,2010,False
9717e1a5-deb3-4451-9c61-70701d775fc3,a9fb0d0f-fb3c-4173-ad19-ec9ba84f4d02,26929004,Alzheimer's disease (disorder),,active,2012-02-15T11:06:44+00:00,2012-02-15T11:06:44+00:00,2012,False
23214777-740f-4d98-9a34-611fb7d4094c,a9fb0d0f-fb3c-4173-ad19-ec9ba84f4d02,38341003,Hypertension,,active,1958-07-02T11:06:44+00:00,1958-07-02T11:06:44+00:00,1958,True
86f0873f-6488-4e87-a19c-8f45a8ad352c,cc74fae7-b8e8-4e77-af46-fb7c3177bf1c,444814009,Viral sinusitis (disorder),,resolved,2014-06-24T21:25:11+00:00,2014-06-24T21:25:11+00:00,2014,False
1f92376e-ce23-4e88-a872-e2cd1e260b49,cc74fae7-b8e8-4e77-af46-fb7c3177bf1c,444814009,Viral sinusitis (disorder),,resolved,2016-09-04T21:25:11+00:00,2016-09-04T21:25:11+00:00,2016,False
de6463a7-4307-4589-a0e9-5fff00472cba,cc74fae7-b8e8-4e77-af46-fb7c3177bf1c,40055000,Chronic sinusitis (disorder),,active,2008-10-30T21:25:11+00:00,2008-10-30T21:25:11+00:00,2008,False
6482acc8-a485-4438-8fc5-07d4b8d3b96d,cc74fae7-b8e8-4e77-af46-fb7c3177bf1c,444814009,Viral sinusitis (disorder),,resolved,2019-02-05T21:25:11+00:00,2019-02-05T21:25:11+00:00,2019,False
42d61490-417a-473a-98bf-1af0d67c6b48,cc74fae7-b8e8-4e77-af46-fb7c3177bf1c,10509002,Acute bronchitis (disorder),,resolved,2014-07-30T21:25:11+00:00,2014-07-30T21:25:11+00:00,2014,False
e5bc1eb8-d650-46b1-998f-57a154d524c8,494743a2-fea5-4827-8f02-c2b91e4a4c9e,195662009,Acute viral pharyngitis (disorder),,resolved,2019-07-06T19:22:39+00:00,2019-07-06T19:22:39+00:00,2019,False
20c8d947-86de-48b8-8a91-6646b587e802,494743a2-fea5-4827-8f02-c2b91e4a4c9e,15777000,Prediabetes,,active,1990-09-23T19:22:39+00:00,1990-09-23T19:22:39+00:00,1990,True
c01f26a3-14b0-4019-b88d-785114983652,494743a2-fea5-4827-8f02-c2b91e4a4c9e,271737000,Anemia (disorder),,active,2000-10-08T19:22:39+00:00,2000-10-08T19:22:39+00:00,2000,False
f887712b-8e59-40bb-8ad4-7dad21dcaf94,494743a2-fea5-4827-8f02-c2b91e4a4c9e,38341003,Hypertension,,active,1990-09-23T19:22:39+00:00,1990-09-23T19:22:39+00:00,1990,True
e6ac4801-7779-4406-8510-bfe55e4e4360,494743a2-fea5-4827-8f02-c2b91e4a4c9e,55822004,Hyperlipidemia,,active,2014-02-02T19:22:39+00:00,2014-02-02T19:22:39+00:00,2014,True
0e1c280c-6ef2-4ce7-9922-997abd6932a2,a85b31e5-8f0c-480d-9e81-67408608dd7a,44465007,Sprain of ankle,,resolved,2020-07-29T12:18:46+00:00,2020-07-29T12:18:46+00:00,2020,False
4465fc5e-b24c-4969-b403-4d396662fe4d,a85b31e5-8f0c-480d-9e81-67408608dd7a,10509002,Acute bronchitis (disorder),,resolved,2019-12-04T12:18:46+00:00,2019-12-04T12:18:46+00:00,2019,False
5cea4476-531f-4a53-a26f-9dd67e4629a3,02fe5c57-6ef7-441b-8e1b-6ba103854594,65363002,Otitis media,,active,2020-10-03T12:43:16+00:00,2020-10-03T12:43:16+00:00,2020,False
8b3135b5-431c-4260-91f3-9092f29901c5,641f77f3-3580-4a9f-b663-9b2b71ccdc34,444814009,Viral sinusitis (disorder),,resolved,2019-01-12T13:35:44+00:00,2019-01-12T13:35:44+00:00,2019,False
ce0d4336-21fe-4c0f-8c19-3ef022f3d0d2,641f77f3-3580-4a9f-b663-9b2b71ccdc34,444814009,Viral sinusitis (disorder),,resolved,2019-12-04T13:35:44+00:00,2019-12-04T13:35:44+00:00,2019,False
a3a9f672-e587-4e69-9a44-76f28e4a036b,641f77f3-3580-4a9f-b663-9b2b71ccdc34,65363002,Otitis media,,resolved,2012-09-16T13:35:44+00:00,2012-09-16T13:35:44+00:00,2012,False
5d3a5774-3005-4b54-8908-eb11cd908297,641f77f3-3580-4a9f-b663-9b2b71ccdc34,10509002,Acute bronchitis (disorder),,resolved,2016-08-17T13:35:44+00:00,2016-08-17T13:35:44+00:00,2016,False
3240e7f2-a66c-4957-8a15-b7180ecc3bac,641f77f3-3580-4a9f-b663-9b2b71ccdc34,444814009,Viral sinusitis (disorder),,resolved,2013-08-28T13:35:44+00:00,2013-08-28T13:35:44+00:00,2013,False
5f085dfe-85c9-43db-8f99-28582bd6ea8f,641f77f3-3580-4a9f-b663-9b2b71ccdc34,10509002,Acute bronchitis (disorder),,resolved,2012-04-14T13:35:44+00:00,2012-04-14T13:35:44+00:00,2012,False
52385411-f411-4b72-b0d1-c630a71063a2,911103a3-0657-495c-b170-b2ee6078b5c8,195662009,Acute viral pharyngitis (disorder),,resolved,2020-08-23T08:59:56+00:00,2020-08-23T08:59:56+00:00,2020,False
e86602bd-4784-4188-8790-a9ed17cc53fb,911103a3-0657-495c-b170-b2ee6078b5c8,65363002,Otitis media,,resolved,2020-02-29T08:59:56+00:00,2020-02-29T08:59:56+00:00,2020,False
e0a3c61b-5468-41be-88c2-d8acf20cfcc1,911103a3-0657-495c-b170-b2ee6078b5c8,444814009,Viral sinusitis (disorder),,resolved,2012-04-06T08:59:56+00:00,2012-04-06T08:59:56+00:00,2012,False
81b08398-beac-48e2-b757-40f6e78354d4,911103a3-0657-495c-b170-b2ee6078b5c8,68496003,Polyp of colon,,resolved,2012-06-28T08:59:56+00:00,2012-06-28T08:59:56+00:00,2012,False
052eb0d9-a269-4ddc-83c9-15f74d8692b5,911103a3-0657-495c-b170-b2ee6078b5c8,38341003,Hypertension,,active,1975-12-13T08:59:56+00:00,1975-12-13T08:59:56+00:00,1975,True
698c5205-21f3-4e0c-9aba-9b131fcbacae,911103a3-0657-495c-b170-b2ee6078b5c8,284551006,Laceration of foot,,resolved,2018-01-17T08:59:56+00:00,2018-01-17T08:59:56+00:00,2018,False
b8509fe9-07df-4212-a7c7-fb61c2592e14,e0f40fe5-d579-41f7-87f6-6b2f5f6d1e5b,74400008,Appendicitis,,active,1962-03-13T15:25:25+00:00,1962-03-13T15:25:25+00:00,1962,False
3dc02caf-0814-4d8b-ad57-87215be51be0,e0f40fe5-d579-41f7-87f6-6b2f5f6d1e5b,19169002,Miscarriage in first trimester,,active,1991-10-30T15:25:25+00:00,1991-10-30T15:25:25+00:00,1991,False
8b923765-2825-427b-b291-e8fb1a835495,e0f40fe5-d579-41f7-87f6-6b2f5f6d1e5b,201834006,"Localized, primary osteoarthritis of the hand",,active,2016-02-26T15:25:25+00:00,2016-02-26T15:25:25+00:00,2016,True
352c0d43-bfaf-4343-a4e5-321129ae5438,e0f40fe5-d579-41f7-87f6-6b2f5f6d1e5b,444814009,Viral sinusitis (disorder),,resolved,2011-11-20T15:25:25+00:00,2011-11-20T15:25:25+00:00,2011,False
ca1ab480-7164-4134-bd88-a93371bbc2cf,e0f40fe5-d579-41f7-87f6-6b2f5f6d1e5b,428251008,History of appendectomy,,active,1962-03-13T15:25:25+00:00,1962-03-13T15:25:25+00:00,1962,False
c1767159-6887-4242-925e-2441a001c80c,e0f40fe5-d579-41f7-87f6-6b2f5f6d1e5b,10509002,Acute bronchitis (disorder),,resolved,2021-02-21T15:25:25+00:00,2021-02-21T15:25:25+00:00,2021,False
a9fcf95c-e496-40bc-85e8-5237e502df42,e0f40fe5-d579-41f7-87f6-6b2f5f6d1e5b,10509002,Acute bronchitis (disorder),,resolved,2013-08-17T15:25:25+00:00,2013-08-17T15:25:25+00:00,2013,False
0581dc6c-399b-461f-9161-def1db4f0522,e0f40fe5-d579-41f7-87f6-6b2f5f6d1e5b,162864005,Body mass index 30+ - obesity (finding),,active,1991-03-20T15:25:25+00:00,1991-03-20T15:25:25+00:00,1991,True
5f7f6eb2-4f38-4484-a74b-123e0d267997,1d4685c4-e83e-4a73-a8e5-147a4c0b4ed4,53741008,Coronary Heart Disease,,active,1974-12-23T23:11:46+00:00,1974-12-23T23:11:46+00:00,1974,False
41d99843-94d6-42ce-8d3d-6c845a7a8043,1d4685c4-e83e-4a73-a8e5-147a4c0b4ed4,271737000,Anemia (disorder),,active,1957-06-24T23:11:46+00:00,1957-06-24T23:11:46+00:00,1957,False
d24cb1a9-ac18-4bd7-89d4-c3f68b516e9a,1d4685c4-e83e-4a73-a8e5-147a4c0b4ed4,237602007,Metabolic syndrome X (disorder),,active,1959-06-29T23:11:46+00:00,1959-06-29T23:11:46+00:00,1959,False
b54c9e9f-0fb8-4eac-b2f3-befef146c09c,1d4685c4-e83e-4a73-a8e5-147a4c0b4ed4,92691004,Carcinoma in situ of prostate (disorder),,active,1972-05-09T23:11:46+00:00,1972-05-09T23:11:46+00:00,1972,False
f88cdbc5-50bd-40b8-846a-c595bd9d1985,1d4685c4-e83e-4a73-a8e5-147a4c0b4ed4,162864005,Body mass index 30+ - obesity (finding),,active,1932-11-21T23:11:46+00:00,1932-11-21T23:11:46+00:00,1932,True
68f126d1-04ee-4999-9662-837048c3b555,1d4685c4-e83e-4a73-a8e5-147a4c0b4ed4,75498004,Acute bacterial sinusitis (disorder),,resolved,1976-04-15T23:11:46+00:00,1976-04-15T23:11:46+00:00,1976,False
7ef65a9c-c52e-4721-a73a-cea77bb97034,1d4685c4-e83e-4a73-a8e5-147a4c0b4ed4,15777000,Prediabetes,,active,1953-06-15T23:11:46+00:00,1953-06-15T23:11:46+00:00,1953,True
de05edcf-8e72-470f-9b98-8fc3b9599c20,1d4685c4-e83e-4a73-a8e5-147a4c0b4ed4,38341003,Hypertension,,active,1957-06-24T23:11:46+00:00,1957-06-24T23:11:46+00:00,1957,True
1f523b43-0166-45cf-b752-523524112b3d,1d4685c4-e83e-4a73-a8e5-147a4c0b4ed4,44054006,Diabetes,,active,1957-06-24T23:11:46+00:00,1957-06-24T23:11:46+00:00,1957,True
9b335fc7-4bc3-4ba8-a906-fe9628534f1b,1d4685c4-e83e-4a73-a8e5-147a4c0b4ed4,449868002,Smokes tobacco daily,,active,1968-07-29T23:11:46+00:00,1968-07-29T23:11:46+00:00,1968,False
f814f881-9b4d-4ee5-be3b-364011b1ac45,1d4685c4-e83e-4a73-a8e5-147a4c0b4ed4,431855005,Chronic kidney disease stage 1 (disorder),,active,1960-02-08T23:11:46+00:00,1960-02-08T23:11:46+00:00,1960,True
698ea2e9-fb1f-4d08-87a0-43bc765cd706,1d4685c4-e83e-4a73-a8e5-147a4c0b4ed4,302870006,Hypertriglyceridemia (disorder),,active,1959-06-29T23:11:46+00:00,1959-06-29T23:11:46+00:00,1959,False
ab22924c-b690-4e29-a380-f9239c8f7ecb,1d4685c4-e83e-4a73-a8e5-147a4c0b4ed4,43878008,Streptococcal sore throat (disorder),,resolved,1968-08-10T23:11:46+00:00,1968-08-10T23:11:46+00:00,1968,False
88929bec-86dc-4ee0-aff1-a7e71c96a0e5,1d4685c4-e83e-4a73-a8e5-147a4c0b4ed4,230265002,Familial Alzheimer's disease of early onset (disorder),,active,1973-05-14T23:11:46+00:00,1973-05-14T23:11:46+00:00,1973,False
7095d826-a2e9-47bd-a76a-e9af40493ce0,1d4685c4-e83e-4a73-a8e5-147a4c0b4ed4,239873007,Osteoarthritis of knee,,active,1958-09-07T23:11:46+00:00,1958-09-07T23:11:46+00:00,1958,True
8186e249-e7fa-48e3-bce0-d792a6a2a412,1d4685c4-e83e-4a73-a8e5-147a4c0b4ed4,444814009,Viral sinusitis (disorder),,resolved,1973-02-07T23:11:46+00:00,1973-02-07T23:11:46+00:00,1973,False
2c2cea9d-8fe8-4b92-b6e1-09c0fea8efb9,1d4685c4-e83e-4a73-a8e5-147a4c0b4ed4,127013003,Diabetic renal disease (disorder),,active,1960-02-08T23:11:46+00:00,1960-02-08T23:11:46+00:00,1960,False
ef8bfa80-663a-4062-bb1f-0b7871124971,1d4685c4-e83e-4a73-a8e5-147a4c0b4ed4,126906006,Neoplasm of prostate,,active,1972-05-09T23:11:46+00:00,1972-05-09T23:11:46+00:00,1972,False
d129620b-1e0d-4cb8-a837-3c5d605348cb,1d4685c4-e83e-4a73-a8e5-147a4c0b4ed4,314994000,Metastasis from malignant tumor of prostate (disorder),,active,1972-08-07T23:11:46+00:00,1972-08-07T23:11:46+00:00,1972,False
92dd18b9-07c0-4734-9d9d-8c4d108eb65e,1d4685c4-e83e-4a73-a8e5-147a4c0b4ed4,68496003,Polyp of colon,,resolved,1965-09-18T23:11:46+00:00,1965-09-18T23:11:46+00:00,1965,False
6fa347f7-2db6-4921-af60-0106486bc062,91562621-cc8f-4731-b97d-9ff78bcb055c,44465007,Sprain of ankle,,active,2021-03-29T03:00:49+00:00,2021-03-29T03:00:49+00:00,2021,False
edf6e93b-7353-46ef-8079-800fd234136f,91562621-cc8f-4731-b97d-9ff78bcb055c,444814009,Viral sinusitis (disorder),,resolved,2012-11-19T03:00:49+00:00,2012-11-19T03:00:49+00:00,2012,False
b820ffc5-f557-4e12-97b1-890f54cac74a,7a18395e-05fb-44ad-9481-82774944b537,428251008,History of appendectomy,,active,1982-06-05T22:37:08+00:00,1982-06-05T22:37:08+00:00,1982,False
37f2432b-6fcf-41ea-bf20-370ee1b1e1d5,7a18395e-05fb-44ad-9481-82774944b537,47693006,Rupture of appendix,,active,1982-06-05T22:37:08+00:00,1982-06-05T22:37:08+00:00,1982,False
a991560b-b1e9-4528-bdf5-8dd9a83773eb,7a18395e-05fb-44ad-9481-82774944b537,444814009,Viral sinusitis (disorder),,resolved,2014-07-12T22:37:08+00:00,2014-07-12T22:37:08+00:00,2014,False
e1aec450-4d17-4caa-8d0e-fb142046c9b6,7a18395e-05fb-44ad-9481-82774944b537,196416002,Impacted molars,,active,2010-11-27T22:37:08+00:00,2010-11-27T22:37:08+00:00,2010,False
0df82109-b0df-489a-8b9b-692403d187a2,7a18395e-05fb-44ad-9481-82774944b537,40055000,Chronic sinusitis (disorder),,active,2005-05-24T22:37:08+00:00,2005-05-24T22:37:08+00:00,2005,False
3bda737f-a1ea-4108-8129-df551fc1a56d,7a18395e-05fb-44ad-9481-82774944b537,82423001,Chronic pain,,active,1993-07-25T22:37:08+00:00,1993-07-25T22:37:08+00:00,1993,False
a7078c9e-29be-4a68-9428-1b297e0d00db,7a18395e-05fb-44ad-9481-82774944b537,10509002,Acute bronchitis (disorder),,resolved,2017-09-03T22:37:08+00:00,2017-09-03T22:37:08+00:00,2017,False
b91caa9d-73ae-4eb9-8174-8c8032ab7fc6,7a18395e-05fb-44ad-9481-82774944b537,444814009,Viral sinusitis (disorder),,resolved,2020-03-03T22:37:08+00:00,2020-03-03T22:37:08+00:00,2020,False
63ca6601-3e57-415e-8f31-f9b217b38eb4,7a18395e-05fb-44ad-9481-82774944b537,271737000,Anemia (disorder),,active,1994-02-20T22:37:08+00:00,1994-02-20T22:37:08+00:00,1994,False
7fbead43-93e7-4ac3-aaaf-5fac203c573a,7a18395e-05fb-44ad-9481-82774944b537,74400008,Appendicitis,,active,1982-06-05T22:37:08+00:00,1982-06-05T22:37:08+00:00,1982,False
1f3f5099-4cd9-48b2-b407-83c519f0eb07,7a18395e-05fb-44ad-9481-82774944b537,15777000,Prediabetes,,active,1990-02-11T22:37:08+00:00,1990-02-11T22:37:08+00:00,1990,True
4e4f948d-c1c3-4fcb-991c-c8e6b0c3ddee,7a18395e-05fb-44ad-9481-82774944b537,58150001,Fracture of clavicle,,resolved,2017-04-19T22:37:08+00:00,2017-04-19T22:37:08+00:00,2017,False
dcd36c87-d2a5-4d9c-8bf3-4d50fef86ad7,7a18395e-05fb-44ad-9481-82774944b537,55822004,Hyperlipidemia,,active,2017-06-25T22:37:08+00:00,2017-06-25T22:37:08+00:00,2017,True
f6b60246-112c-4a34-b01f-02e532a3092e,7a18395e-05fb-44ad-9481-82774944b537,10509002,Acute bronchitis (disorder),,resolved,2014-07-10T22:37:08+00:00,2014-07-10T22:37:08+00:00,2014,False
519fb443-c290-4467-8800-e1e2b6f162a5,7a18395e-05fb-44ad-9481-82774944b537,72892002,Normal pregnancy,,resolved,2012-12-02T22:37:08+00:00,2012-12-02T22:37:08+00:00,2012,False
8c14dad8-1bd8-48d1-b133-a346de121d94,d67a0cff-8f7e-46f7-bb99-577a6623e59a,428251008,History of appendectomy,,active,1953-11-29T01:23:28+00:00,1953-11-29T01:23:28+00:00,1953,False
fd144b34-9c79-4fcc-a161-84625e8b2b4a,d67a0cff-8f7e-46f7-bb99-577a6623e59a,703151001,History of single seizure (situation),,active,1978-11-21T01:23:28+00:00,1978-11-21T01:23:28+00:00,1978,False
d3acb01a-465e-4eab-850e-7218758d6747,d67a0cff-8f7e-46f7-bb99-577a6623e59a,195662009,Acute viral pharyngitis (disorder),,resolved,2018-07-14T01:23:28+00:00,2018-07-14T01:23:28+00:00,2018,False
0c09b6e7-0478-4b43-bc3d-5c648cad188c,d67a0cff-8f7e-46f7-bb99-577a6623e59a,271737000,Anemia (disorder),,active,1973-10-17T01:23:28+00:00,1973-10-17T01:23:28+00:00,1973,False
c318e09b-1507-4bb0-a85f-2977b8fed7b5,d67a0cff-8f7e-46f7-bb99-577a6623e59a,128613002,Seizure disorder,,active,1978-11-21T01:23:28+00:00,1978-11-21T01:23:28+00:00,1978,False
9ff18d2c-c27b-4390-af94-23a616fa1ca5,d67a0cff-8f7e-46f7-bb99-577a6623e59a,195662009,Acute viral pharyngitis (disorder),,resolved,2019-05-23T01:23:28+00:00,2019-05-23T01:23:28+00:00,2019,False
f8fbb32d-49ba-4d39-a8cd-67a8e262779e,d67a0cff-8f7e-46f7-bb99-577a6623e59a,15777000,Prediabetes,,active,1973-10-17T01:23:28+00:00,1973-10-17T01:23:28+00:00,1973,True
3b657511-a09f-4c6f-a24c-de523927b8f8,d67a0cff-8f7e-46f7-bb99-577a6623e59a,74400008,Appendicitis,,active,1953-11-29T01:23:28+00:00,1953-11-29T01:23:28+00:00,1953,False
fc659b4b-e66e-4ee1-bc1f-539a8584d13f,d67a0cff-8f7e-46f7-bb99-577a6623e59a,263102004,Fracture subluxation of wrist,,resolved,2018-12-18T01:23:28+00:00,2018-12-18T01:23:28+00:00,2018,False
2c71910a-2c0f-43c8-bd97-b372a80e02f0,d67a0cff-8f7e-46f7-bb99-577a6623e59a,444814009,Viral sinusitis (disorder),,resolved,2016-09-04T01:23:28+00:00,2016-09-04T01:23:28+00:00,2016,False
84f26596-8b50-4c51-998b-07fa5475e616,d67a0cff-8f7e-46f7-bb99-577a6623e59a,44465007,Sprain of ankle,,resolved,2019-12-13T01:23:28+00:00,2019-12-13T01:23:28+00:00,2019,False
0072965e-7fd4-4bda-9d33-30945af79d51,d67a0cff-8f7e-46f7-bb99-577a6623e59a,403190006,First degree burn,,resolved,2012-06-24T01:23:28+00:00,2012-06-24T01:23:28+00:00,2012,False
4fef21ca-8e13-4f4d-88b4-7f8fcb65561d,63731047-b5a9-4b05-a14b-8cf6507efc98,284551006,Laceration of foot,,resolved,2018-11-17T09:21:52+00:00,2018-11-17T09:21:52+00:00,2018,False
60fff065-5adc-4267-b0d5-e9f809eaef53,63731047-b5a9-4b05-a14b-8cf6507efc98,68496003,Polyp of colon,,resolved,2019-07-29T09:21:52+00:00,2019-07-29T09:21:52+00:00,2019,False
45ffb732-d0d2-404e-b673-b01b645abbc3,63731047-b5a9-4b05-a14b-8cf6507efc98,410429000,Cardiac Arrest,,active,2016-04-26T09:21:52+00:00,2016-04-26T09:21:52+00:00,2016,False
fd79614e-b3c4-4e68-9a30-101caeb11d84,63731047-b5a9-4b05-a14b-8cf6507efc98,87433001,Pulmonary emphysema (disorder),,active,1988-07-26T09:21:52+00:00,1988-07-26T09:21:52+00:00,1988,False
6d1ded2c-76aa-4603-99b9-8bc4330fcce9,63731047-b5a9-4b05-a14b-8cf6507efc98,10509002,Acute bronchitis (disorder),,resolved,2018-10-17T09:21:52+00:00,2018-10-17T09:21:52+00:00,2018,False
28aa1393-6daa-45d7-a121-15bd6deeab75,63731047-b5a9-4b05-a14b-8cf6507efc98,429007001,History of cardiac arrest (situation),,active,2016-04-26T09:21:52+00:00,2016-04-26T09:21:52+00:00,2016,False
af71dc0f-6edc-44ab-b52c-3e3c6a5cbbfb,63731047-b5a9-4b05-a14b-8cf6507efc98,10509002,Acute bronchitis (disorder),,resolved,2016-08-26T09:21:52+00:00,2016-08-26T09:21:52+00:00,2016,False
ba4f9337-6d28-451d-8f45-e216ab1f3aa9,99852f4e-9d55-4b8a-b399-824bd7929f0c,162864005,Body mass index 30+ - obesity (finding),,active,1975-06-23T21:51:36+00:00,1975-06-23T21:51:36+00:00,1975,True
f5075b8a-bc55-44a7-82e1-6aadb443f157,99852f4e-9d55-4b8a-b399-824bd7929f0c,283371005,Laceration of forearm,,resolved,1973-07-09T21:51:36+00:00,1973-07-09T21:51:36+00:00,1973,False
ea4d7915-1dbe-4425-9d2e-42f36f4e9237,99852f4e-9d55-4b8a-b399-824bd7929f0c,195662009,Acute viral pharyngitis (disorder),,resolved,1971-04-25T21:51:36+00:00,1971-04-25T21:51:36+00:00,1971,False
3178abdb-461f-45fe-974e-e7c1fcd801ec,99852f4e-9d55-4b8a-b399-824bd7929f0c,230265002,Familial Alzheimer's disease of early onset (disorder),,active,1970-10-26T21:51:36+00:00,1970-10-26T21:51:36+00:00,1970,False
cb603b7a-f417-4c86-bc53-f14111a46b44,99852f4e-9d55-4b8a-b399-824bd7929f0c,403190006,First degree burn,,resolved,1977-05-10T21:51:36+00:00,1977-05-10T21:51:36+00:00,1977,False
97920583-10fa-45c3-af4d-5cf375a7e3cb,99852f4e-9d55-4b8a-b399-824bd7929f0c,62106007,Concussion with no loss of consciousness,,resolved,1972-06-14T21:51:36+00:00,1972-06-14T21:51:36+00:00,1972,False
21f60a64-3a86-4bef-8f0d-333a21d8bf0a,71304c2e-64b0-4b57-91f6-2c1ff771d72c,302870006,Hypertriglyceridemia (disorder),,active,1988-01-21T18:42:18+00:00,1988-01-21T18:42:18+00:00,1988,False
e1b5e7ae-982c-4d39-bb3d-2c89a5dbe7f8,71304c2e-64b0-4b57-91f6-2c1ff771d72c,195662009,Acute viral pharyngitis (disorder),,resolved,2013-09-17T18:42:18+00:00,2013-09-17T18:42:18+00:00,2013,False
fdf3aa68-294d-411e-9a66-fd84f1e3e2d7,71304c2e-64b0-4b57-91f6-2c1ff771d72c,444814009,Viral sinusitis (disorder),,resolved,2020-10-21T18:42:18+00:00,2020-10-21T18:42:18+00:00,2020,False
63438c3d-8d57-448a-931c-fa6611718d64,71304c2e-64b0-4b57-91f6-2c1ff771d72c,15777000,Prediabetes,,active,2004-10-07T18:42:18+00:00,2004-10-07T18:42:18+00:00,2004,True
f58cf2ac-a7b7-43ed-be8c-114842062dd9,71304c2e-64b0-4b57-91f6-2c1ff771d72c,271737000,Anemia (disorder),,active,1988-01-21T18:42:18+00:00,1988-01-21T18:42:18+00:00,1988,False
061986f3-4089-4a26-bc2d-0f7b8093937f,71304c2e-64b0-4b57-91f6-2c1ff771d72c,368581000119106,Neuropathy due to type 2 diabetes mellitus (disorder),,active,2015-10-08T18:42:18+00:00,2015-10-08T18:42:18+00:00,2015,True
cc8fa99a-46d4-4993-b40f-52a6d592c075,71304c2e-64b0-4b57-91f6-2c1ff771d72c,237602007,Metabolic syndrome X (disorder),,active,1992-09-17T18:42:18+00:00,1992-09-17T18:42:18+00:00,1992,False
6d12258e-829d-4955-b6bf-2af32889e284,71304c2e-64b0-4b57-91f6-2c1ff771d72c,195662009,Acute viral pharyngitis (disorder),,resolved,2020-10-21T18:42:18+00:00,2020-10-21T18:42:18+00:00,2020,False
3a280366-8758-48f7-9363-07137cbbadd7,71304c2e-64b0-4b57-91f6-2c1ff771d72c,80394007,Hyperglycemia (disorder),,active,2004-10-07T18:42:18+00:00,2004-10-07T18:42:18+00:00,2004,False
fae9ebe8-3b95-457c-a08c-21f19e8ea786,71304c2e-64b0-4b57-91f6-2c1ff771d72c,444814009,Viral sinusitis (disorder),,resolved,2019-12-06T18:42:18+00:00,2019-12-06T18:42:18+00:00,2019,False
0611e873-ad06-462d-8ce6-c4d12b20eedb,71304c2e-64b0-4b57-91f6-2c1ff771d72c,19169002,Miscarriage in first trimester,,active,1986-11-13T18:42:18+00:00,1986-11-13T18:42:18+00:00,1986,False
95d8ae15-aa5c-467c-84ec-b4d51d4b3e28,71304c2e-64b0-4b57-91f6-2c1ff771d72c,44054006,Diabetes,,active,1985-01-17T18:42:18+00:00,1985-01-17T18:42:18+00:00,1985,True
69238472-5432-4b64-bc2f-647e2b1118d2,fcece34f-2e51-43b5-acb0-361c3472e679,429007001,History of cardiac arrest (situation),,active,2000-12-18T05:41:52+00:00,2000-12-18T05:41:52+00:00,2000,False
810f9c68-af13-4f12-a2cb-ee7fc316c29f,fcece34f-2e51-43b5-acb0-361c3472e679,410429000,Cardiac Arrest,,active,2000-12-18T05:41:52+00:00,2000-12-18T05:41:52+00:00,2000,False
098ff338-8395-4244-bdfb-5558fe6fa510,fcece34f-2e51-43b5-acb0-361c3472e679,444814009,Viral sinusitis (disorder),,resolved,2017-04-05T05:41:52+00:00,2017-04-05T05:41:52+00:00,2017,False
04c63369-ec8f-4419-b4b9-f946522de0da,fcece34f-2e51-43b5-acb0-361c3472e679,444814009,Viral sinusitis (disorder),,resolved,2011-12-18T05:41:52+00:00,2011-12-18T05:41:52+00:00,2011,False
f63a77b6-5bc2-4216-988b-29542d727606,64de554d-c28d-42bd-bd78-74628938a02f,162864005,Body mass index 30+ - obesity (finding),,active,1998-11-05T03:48:02+00:00,1998-11-05T03:48:02+00:00,1998,True
0aa4c648-2de4-4dd7-9d48-529105223e45,64de554d-c28d-42bd-bd78-74628938a02f,271737000,Anemia (disorder),,active,2000-11-09T03:48:02+00:00,2000-11-09T03:48:02+00:00,2000,False
9eb8fecb-63ca-4623-b29b-f7b5aeae89e1,64de554d-c28d-42bd-bd78-74628938a02f,10509002,Acute bronchitis (disorder),,resolved,2017-09-06T03:48:02+00:00,2017-09-06T03:48:02+00:00,2017,False
e969ed69-4092-47de-9857-d00d0221c1fc,64de554d-c28d-42bd-bd78-74628938a02f,10509002,Acute bronchitis (disorder),,resolved,2013-09-18T03:48:02+00:00,2013-09-18T03:48:02+00:00,2013,False
613b2325-5acf-4991-adaf-26e03c1dd8e9,64de554d-c28d-42bd-bd78-74628938a02f,239873007,Osteoarthritis of knee,,active,2021-01-13T03:48:02+00:00,2021-01-13T03:48:02+00:00,2021,True
91e9405b-1896-4cb5-9200-6ac885bb6017,64de554d-c28d-42bd-bd78-74628938a02f,15777000,Prediabetes,,active,2000-11-09T03:48:02+00:00,2000-11-09T03:48:02+00:00,2000,True
9adf5fc0-4513-4590-865d-fff837f2b337,429342a7-e550-482e-8213-f2711cc3eca8,65363002,Otitis media,,resolved,2020-03-30T19:03:13+00:00,2020-03-30T19:03:13+00:00,2020,False
7135c3da-5b9b-4b25-869e-9a8f9a610025,429342a7-e550-482e-8213-f2711cc3eca8,65363002,Otitis media,,resolved,2018-08-01T19:03:13+00:00,2018-08-01T19:03:13+00:00,2018,False
84bdc89d-0cff-4d96-944b-7c629a56b060,429342a7-e550-482e-8213-f2711cc3eca8,444814009,Viral sinusitis (disorder),,resolved,2018-04-29T19:03:13+00:00,2018-04-29T19:03:13+00:00,2018,False
e2ca55af-99b6-4f34-9628-dc237eaf1b23,429342a7-e550-482e-8213-f2711cc3eca8,65363002,Otitis media,,resolved,2016-12-27T19:03:13+00:00,2016-12-27T19:03:13+00:00,2016,False
3bd115b9-e4a7-4926-ad99-c7f8b27cfb10,429342a7-e550-482e-8213-f2711cc3eca8,444814009,Viral sinusitis (disorder),,resolved,2019-05-06T19:03:13+00:00,2019-05-06T19:03:13+00:00,2019,False
d543c525-9989-4d13-a36f-ea658dcc0d77,429342a7-e550-482e-8213-f2711cc3eca8,10509002,Acute bronchitis (disorder),,resolved,2020-03-12T19:03:13+00:00,2020-03-12T19:03:13+00:00,2020,False
9a584eee-3521-4e0f-bf9f-5007f9624515,b9c78609-bca3-4004-a5ed-246e5f3ff229,156073000,Fetus with unknown complication,,resolved,2012-04-04T06:37:42+00:00,2012-04-04T06:37:42+00:00,2012,False
c25d703a-509e-4aed-a6e4-9939df4151e4,b9c78609-bca3-4004-a5ed-246e5f3ff229,195662009,Acute viral pharyngitis (disorder),,resolved,2017-10-03T06:37:42+00:00,2017-10-03T06:37:42+00:00,2017,False
40aa33a5-179e-4a09-b173-95432419d8d6,b9c78609-bca3-4004-a5ed-246e5f3ff229,38341003,Hypertension,,active,2000-10-25T06:37:42+00:00,2000-10-25T06:37:42+00:00,2000,True
299e141b-9c56-4429-8592-37ef06d2a2a9,b9c78609-bca3-4004-a5ed-246e5f3ff229,19169002,Miscarriage in first trimester,,active,2012-04-04T06:37:42+00:00,2012-04-04T06:37:42+00:00,2012,False
a9c5da80-8e89-4fe9-9469-7329ef567772,b9c78609-bca3-4004-a5ed-246e5f3ff229,444814009,Viral sinusitis (disorder),,resolved,2018-01-30T06:37:42+00:00,2018-01-30T06:37:42+00:00,2018,False
4e05a889-6a51-4dc2-a186-f2a94387ad85,b9c78609-bca3-4004-a5ed-246e5f3ff229,162864005,Body mass index 30+ - obesity (finding),,active,1996-12-25T06:37:42+00:00,1996-12-25T06:37:42+00:00,1996,True
5b29eb5d-6fa3-4fd2-a9b4-031ce8220b9a,b9c78609-bca3-4004-a5ed-246e5f3ff229,72892002,Normal pregnancy,,resolved,2019-11-20T06:37:42+00:00,2019-11-20T06:37:42+00:00,2019,False
7594302b-1d05-4f27-8ee5-173b57a7f82c,b9c78609-bca3-4004-a5ed-246e5f3ff229,72892002,Normal pregnancy,,resolved,2016-10-12T06:37:42+00:00,2016-10-12T06:37:42+00:00,2016,False
364eab35-4138-4eb7-b4ec-8f2c7274bca5,b9c78609-bca3-4004-a5ed-246e5f3ff229,72892002,Normal pregnancy,,resolved,2016-06-01T06:37:42+00:00,2016-06-01T06:37:42+00:00,2016,False
a86eb08d-41bd-43d3-b9fa-8aeabbede79f,b9c78609-bca3-4004-a5ed-246e5f3ff229,72892002,Normal pregnancy,,resolved,2015-01-07T06:37:42+00:00,2015-01-07T06:37:42+00:00,2015,False
c5e75775-7cbb-4a53-8f0b-74394c0dbfd4,b9c78609-bca3-4004-a5ed-246e5f3ff229,72892002,Normal pregnancy,,resolved,2013-07-31T06:37:42+00:00,2013-07-31T06:37:42+00:00,2013,False
6d5d9400-8155-480e-b20f-11025484d5b9,b9c78609-bca3-4004-a5ed-246e5f3ff229,72892002,Normal pregnancy,,resolved,2012-04-04T06:37:42+00:00,2012-04-04T06:37:42+00:00,2012,False
37b449d0-3b2d-4a69-aeb9-acece3f5d7b7,f71747e7-e5dd-4e04-8d0a-0c6bc545c2a4,53741008,Coronary Heart Disease,,active,1978-02-06T23:11:46+00:00,1978-02-06T23:11:46+00:00,1978,False
b608e41d-8f9f-43da-95e1-28389e18956a,f71747e7-e5dd-4e04-8d0a-0c6bc545c2a4,162864005,Body mass index 30+ - obesity (finding),,active,1936-06-29T23:11:46+00:00,1936-06-29T23:11:46+00:00,1936,True
3e1a7b8a-ea37-4fe1-a000-4acd64610f96,f71747e7-e5dd-4e04-8d0a-0c6bc545c2a4,444814009,Viral sinusitis (disorder),,resolved,1974-04-05T23:11:46+00:00,1974-04-05T23:11:46+00:00,1974,False
2ffeefdb-99e2-4a02-9fd1-d113e48faa15,f71747e7-e5dd-4e04-8d0a-0c6bc545c2a4,271737000,Anemia (disorder),,active,1958-10-13T23:11:46+00:00,1958-10-13T23:11:46+00:00,1958,False
2ef4d807-3b60-46f3-ad72-d4d244e769a9,f71747e7-e5dd-4e04-8d0a-0c6bc545c2a4,239873007,Osteoarthritis of knee,,active,1944-09-10T23:11:46+00:00,1944-09-10T23:11:46+00:00,1944,True
027c5765-f3a2-404c-a4ce-f9d7b4ea6334,f71747e7-e5dd-4e04-8d0a-0c6bc545c2a4,230690007,Stroke,,active,1975-08-25T23:11:46+00:00,1975-08-25T23:11:46+00:00,1975,False
5956ec38-271d-4ba7-9cf4-42961f334c83,f71747e7-e5dd-4e04-8d0a-0c6bc545c2a4,444814009,Viral sinusitis (disorder),,resolved,1976-01-11T23:11:46+00:00,1976-01-11T23:11:46+00:00,1976,False
f6c1473f-aad5-471b-808e-a702fb17052e,f71747e7-e5dd-4e04-8d0a-0c6bc545c2a4,15777000,Prediabetes,,active,1958-10-13T23:11:46+00:00,1958-10-13T23:11:46+00:00,1958,True
2810be29-d081-4bce-9364-7b618e15bfb9,f71747e7-e5dd-4e04-8d0a-0c6bc545c2a4,399211009,History of myocardial infarction (situation),,active,1979-02-19T23:11:46+00:00,1979-02-19T23:11:46+00:00,1979,False
e4ddb8ef-587a-4a45-b336-929afda19bae,f71747e7-e5dd-4e04-8d0a-0c6bc545c2a4,10509002,Acute bronchitis (disorder),,resolved,1975-01-12T23:11:46+00:00,1975-01-12T23:11:46+00:00,1975,False
75777033-f031-4ec8-8df9-b4f0ad5097e7,f71747e7-e5dd-4e04-8d0a-0c6bc545c2a4,38341003,Hypertension,,active,1929-06-17T23:11:46+00:00,1929-06-17T23:11:46+00:00,1929,True
5f8f9729-4aba-43dd-aff7-e5c778043184,f71747e7-e5dd-4e04-8d0a-0c6bc545c2a4,49436004,Atrial Fibrillation,,active,1976-01-26T23:11:46+00:00,1976-01-26T23:11:46+00:00,1976,True
b0a25097-7a26-4b1c-8f20-ffc42ccac18a,f71747e7-e5dd-4e04-8d0a-0c6bc545c2a4,22298006,Myocardial Infarction,,active,1979-02-19T23:11:46+00:00,1979-02-19T23:11:46+00:00,1979,False
4500fca4-a6d5-4b1d-a5c6-a9a6d488b6e1,f71747e7-e5dd-4e04-8d0a-0c6bc545c2a4,195662009,Acute viral pharyngitis (disorder),,resolved,1978-06-04T23:11:46+00:00,1978-06-04T23:11:46+00:00,1978,False
4e02eb58-f594-4f16-a57e-5bce6afeb17c,c4d8bbb7-7214-4260-8a67-065f51f0af18,162864005,Body mass index 30+ - obesity (finding),,active,1980-01-07T07:57:54+00:00,1980-01-07T07:57:54+00:00,1980,True
b9237a89-bc0e-4862-bc72-fc636678caa8,c4d8bbb7-7214-4260-8a67-065f51f0af18,444814009,Viral sinusitis (disorder),,resolved,2012-03-08T07:57:54+00:00,2012-03-08T07:57:54+00:00,2012,False
a6c249f3-6433-4914-aaa6-0ba9ce2291f3,c4d8bbb7-7214-4260-8a67-065f51f0af18,444814009,Viral sinusitis (disorder),,resolved,2017-11-22T07:57:54+00:00,2017-11-22T07:57:54+00:00,2017,False
35ca9a7c-d45c-4c6d-8fb5-a76deec5856d,c4d8bbb7-7214-4260-8a67-065f51f0af18,38341003,Hypertension,,active,1969-09-22T07:57:54+00:00,1969-09-22T07:57:54+00:00,1969,True
b7bf6bf0-d640-4f0d-ad6c-be97e8b7fba4,c4d8bbb7-7214-4260-8a67-065f51f0af18,444814009,Viral sinusitis (disorder),,resolved,2016-07-08T07:57:54+00:00,2016-07-08T07:57:54+00:00,2016,False
87f5eac8-d973-40ad-a2ef-725911dc2040,c4d8bbb7-7214-4260-8a67-065f51f0af18,90560007,Gout,,active,2000-07-17T07:57:54+00:00,2000-07-17T07:57:54+00:00,2000,False
62ea7dc8-0ac3-4272-8553-71a96dc1fdf2,6bb3d38f-ae2e-40cf-a31e-baaea0b8bcc1,68496003,Polyp of colon,,resolved,1994-06-12T21:51:36+00:00,1994-06-12T21:51:36+00:00,1994,False
70d110fc-a2bb-4425-97fc-45e82887d9a7,6bb3d38f-ae2e-40cf-a31e-baaea0b8bcc1,230690007,Stroke,,active,2007-09-17T21:51:36+00:00,2007-09-17T21:51:36+00:00,2007,False
378f6870-6926-4aa9-83f2-40dcc69f2e74,6bb3d38f-ae2e-40cf-a31e-baaea0b8bcc1,443165006,Pathological fracture due to osteoporosis (disorder),,resolved,2012-07-11T21:51:36+00:00,2012-07-11T21:51:36+00:00,2012,False
70f7c99f-c696-4815-bf7f-2a5b1474d86c,6bb3d38f-ae2e-40cf-a31e-baaea0b8bcc1,444814009,Viral sinusitis (disorder),,resolved,2016-12-25T21:51:36+00:00,2016-12-25T21:51:36+00:00,2016,False
269819a4-a795-49a8-998a-c83689cee35b,6bb3d38f-ae2e-40cf-a31e-baaea0b8bcc1,38341003,Hypertension,,active,1942-08-10T21:51:36+00:00,1942-08-10T21:51:36+00:00,1942,True
ee90660f-175c-4967-b3b8-835501252c3a,6bb3d38f-ae2e-40cf-a31e-baaea0b8bcc1,64859006,Osteoporosis (disorder),,active,2004-11-08T21:51:36+00:00,2004-11-08T21:51:36+00:00,2004,False
1c0c8894-b27b-4f85-a33b-633d9fcf7346,6bb3d38f-ae2e-40cf-a31e-baaea0b8bcc1,443165006,Pathological fracture due to osteoporosis (disorder),,resolved,2015-08-25T21:51:36+00:00,2015-08-25T21:51:36+00:00,2015,False
c2d3ebf9-b237-4e93-be23-eb24c03aa30c,6bb3d38f-ae2e-40cf-a31e-baaea0b8bcc1,68496003,Polyp of colon,,active,2000-10-03T21:51:36+00:00,2000-10-03T21:51:36+00:00,2000,False
c5425bc9-1e03-4c2f-a77b-ed7d45c2f7de,6bb3d38f-ae2e-40cf-a31e-baaea0b8bcc1,443165006,Pathological fracture due to osteoporosis (disorder),,resolved,2011-07-17T21:51:36+00:00,2011-07-17T21:51:36+00:00,2011,False
6fb7bd8b-9781-4390-8af6-6078d5414c63,6bb3d38f-ae2e-40cf-a31e-baaea0b8bcc1,263102004,Fracture subluxation of wrist,,resolved,2014-07-31T21:51:36+00:00,2014-07-31T21:51:36+00:00,2014,False
2dba910d-3f30-4a73-bb90-f3e5810c8242,6bb3d38f-ae2e-40cf-a31e-baaea0b8bcc1,19169002,Miscarriage in first trimester,,active,1952-12-15T21:51:36+00:00,1952-12-15T21:51:36+00:00,1952,False
ad6678c4-e425-4719-937c-4aca7e597a30,6bb3d38f-ae2e-40cf-a31e-baaea0b8bcc1,65966004,Fracture of forearm,,resolved,2012-07-11T21:51:36+00:00,2012-07-11T21:51:36+00:00,2012,False
2526525a-89ce-414c-b206-eae88df9a7d9,6bb3d38f-ae2e-40cf-a31e-baaea0b8bcc1,26929004,Alzheimer's disease (disorder),,active,2015-01-05T21:51:36+00:00,2015-01-05T21:51:36+00:00,2015,False
2bf286c3-b8bd-4afe-8342-51d942220c4b,6bb3d38f-ae2e-40cf-a31e-baaea0b8bcc1,195662009,Acute viral pharyngitis (disorder),,resolved,2017-10-27T21:51:36+00:00,2017-10-27T21:51:36+00:00,2017,False
ee8c7033-beab-4aa1-995e-4361221d9944,6bb3d38f-ae2e-40cf-a31e-baaea0b8bcc1,443165006,Pathological fracture due to osteoporosis (disorder),,resolved,2014-07-31T21:51:36+00:00,2014-07-31T21:51:36+00:00,2014,False
5d3d84df-d163-4eb2-b97b-367747388599,6bb3d38f-ae2e-40cf-a31e-baaea0b8bcc1,88805009,Chronic congestive heart failure (disorder),,active,2018-06-12T21:51:36+00:00,2018-06-12T21:51:36+00:00,2018,True
49bae98a-5a84-4831-a102-141620edca6d,6bb3d38f-ae2e-40cf-a31e-baaea0b8bcc1,15777000,Prediabetes,,active,1970-07-06T21:51:36+00:00,1970-07-06T21:51:36+00:00,1970,True
1e9e7cf1-537d-4cab-8a77-e852c18eb107,6bb3d38f-ae2e-40cf-a31e-baaea0b8bcc1,33737001,Fracture of rib,,resolved,2015-08-25T21:51:36+00:00,2015-08-25T21:51:36+00:00,2015,False
447e92cf-c9d8-49e4-a04d-59c79b0b2a77,6bb3d38f-ae2e-40cf-a31e-baaea0b8bcc1,58150001,Fracture of clavicle,,resolved,2011-07-17T21:51:36+00:00,2011-07-17T21:51:36+00:00,2011,False
0a545df6-d449-4970-9df9-c48e9121d118,6bb3d38f-ae2e-40cf-a31e-baaea0b8bcc1,55822004,Hyperlipidemia,,active,1981-07-27T21:51:36+00:00,1981-07-27T21:51:36+00:00,1981,True
8d214a0e-73f7-492c-86cc-b09e8ffa4c4d,59bc5dbb-1957-47ef-b6b5-25952e6bfdab,43878008,Streptococcal sore throat (disorder),,resolved,2016-03-28T07:00:48+00:00,2016-03-28T07:00:48+00:00,2016,False
7eab3b23-9ba9-4628-b94c-d14846ea1fcf,59bc5dbb-1957-47ef-b6b5-25952e6bfdab,444814009,Viral sinusitis (disorder),,resolved,2015-04-11T07:00:48+00:00,2015-04-11T07:00:48+00:00,2015,False
f3974fa0-4e88-4596-b048-994b6f64a0f1,59bc5dbb-1957-47ef-b6b5-25952e6bfdab,44465007,Sprain of ankle,,resolved,2020-07-14T07:00:48+00:00,2020-07-14T07:00:48+00:00,2020,False
8c061097-f8ea-46fb-ab0d-3d33a475c24b,d63abf62-0f84-4649-94d2-052d9363ac00,75498004,Acute bacterial sinusitis (disorder),,resolved,2015-07-09T22:11:24+00:00,2015-07-09T22:11:24+00:00,2015,False
5c58c5da-0bba-4fa4-974d-5957ab1b9018,d63abf62-0f84-4649-94d2-052d9363ac00,444814009,Viral sinusitis (disorder),,resolved,2017-11-29T22:11:24+00:00,2017-11-29T22:11:24+00:00,2017,False
39923c1d-3013-4f2b-9104-316b3ec782fe,d63abf62-0f84-4649-94d2-052d9363ac00,444814009,Viral sinusitis (disorder),,resolved,2014-09-16T22:11:24+00:00,2014-09-16T22:11:24+00:00,2014,False
7bab9c75-3848-46a1-b5c7-dddd1bfc9ef4,d63abf62-0f84-4649-94d2-052d9363ac00,192127007,Child attention deficit disorder,,resolved,2016-11-15T22:11:24+00:00,2016-11-15T22:11:24+00:00,2016,False
143f316b-86ef-45ff-8861-cb1b76a47df7,67cbf090-4ddb-4799-99ff-a28abe2740b1,10509002,Acute bronchitis (disorder),,resolved,2019-07-30T06:49:25+00:00,2019-07-30T06:49:25+00:00,2019,False
3fbd1828-20bd-4441-a880-8732c64a79ec,67cbf090-4ddb-4799-99ff-a28abe2740b1,19169002,Miscarriage in first trimester,,active,2009-12-25T06:49:25+00:00,2009-12-25T06:49:25+00:00,2009,False
3b4d253a-e6c5-4b3c-b1e9-5226b2504a6f,67cbf090-4ddb-4799-99ff-a28abe2740b1,72892002,Normal pregnancy,,resolved,2015-02-13T06:49:25+00:00,2015-02-13T06:49:25+00:00,2015,False
d55d4ad7-1b67-445a-9c31-6c49604ee03f,67cbf090-4ddb-4799-99ff-a28abe2740b1,195662009,Acute viral pharyngitis (disorder),,resolved,2013-07-13T06:49:25+00:00,2013-07-13T06:49:25+00:00,2013,False
58da3954-d5b0-48aa-ac92-d6a2a51d5452,67cbf090-4ddb-4799-99ff-a28abe2740b1,72892002,Normal pregnancy,,resolved,2013-10-11T06:49:25+00:00,2013-10-11T06:49:25+00:00,2013,False
3cb58653-7dfd-43ae-b627-98c775008862,67cbf090-4ddb-4799-99ff-a28abe2740b1,38341003,Hypertension,,active,2004-07-23T06:49:25+00:00,2004-07-23T06:49:25+00:00,2004,True
cfb00237-cdb3-49c2-a8eb-4de02928568c,8d1f86a8-3284-43bd-b45e-5931948c97e4,19169002,Miscarriage in first trimester,,active,1979-09-22T16:42:50+00:00,1979-09-22T16:42:50+00:00,1979,False
bf2961c5-28ba-4645-a593-a86305cb5a5c,8d1f86a8-3284-43bd-b45e-5931948c97e4,44054006,Diabetes,,active,1999-01-02T16:42:50+00:00,1999-01-02T16:42:50+00:00,1999,True
a43436fb-2142-4fd5-8860-8e32818cd1b2,8d1f86a8-3284-43bd-b45e-5931948c97e4,444814009,Viral sinusitis (disorder),,resolved,2018-08-28T16:42:50+00:00,2018-08-28T16:42:50+00:00,2018,False
6d680779-51f9-4249-81b2-e4d7edd557b9,8d1f86a8-3284-43bd-b45e-5931948c97e4,302870006,Hypertriglyceridemia (disorder),,active,2000-01-08T16:42:50+00:00,2000-01-08T16:42:50+00:00,2000,False
e1b41a5d-f08e-406b-92ce-2dd62b449daf,8d1f86a8-3284-43bd-b45e-5931948c97e4,444814009,Viral sinusitis (disorder),,resolved,2016-03-21T16:42:50+00:00,2016-03-21T16:42:50+00:00,2016,False
ae0360c9-0667-4dcc-a477-9222b0a4eb79,8d1f86a8-3284-43bd-b45e-5931948c97e4,80394007,Hyperglycemia (disorder),,active,2000-01-08T16:42:50+00:00,2000-01-08T16:42:50+00:00,2000,False
7c44ae28-682e-44fa-b999-297d02cf3777,8d1f86a8-3284-43bd-b45e-5931948c97e4,271737000,Anemia (disorder),,active,1996-12-28T16:42:50+00:00,1996-12-28T16:42:50+00:00,1996,False
62d9e20e-2000-44e5-8d88-11c52e572cb3,8d1f86a8-3284-43bd-b45e-5931948c97e4,195662009,Acute viral pharyngitis (disorder),,resolved,2020-07-23T16:42:50+00:00,2020-07-23T16:42:50+00:00,2020,False
85a75abd-882a-42f9-a9d2-524c6e7f8604,8d1f86a8-3284-43bd-b45e-5931948c97e4,40055000,Chronic sinusitis (disorder),,active,2011-03-11T16:42:50+00:00,2011-03-11T16:42:50+00:00,2011,False
5f2b1861-a884-4aed-b192-ab72bc746d15,8d1f86a8-3284-43bd-b45e-5931948c97e4,15777000,Prediabetes,,active,1994-11-26T16:42:50+00:00,1994-11-26T16:42:50+00:00,1994,True
c6608b08-2ce1-4ff4-9bbc-9f7fa955e6d1,8d1f86a8-3284-43bd-b45e-5931948c97e4,38341003,Hypertension,,active,1968-05-18T16:42:50+00:00,1968-05-18T16:42:50+00:00,1968,True
4e6d27f0-acc9-4738-82f7-a6b85b0049ec,8d1f86a8-3284-43bd-b45e-5931948c97e4,162864005,Body mass index 30+ - obesity (finding),,active,1992-11-21T16:42:50+00:00,1992-11-21T16:42:50+00:00,1992,True
34a4a165-d921-4fd4-8ea9-b971841967e6,8d1f86a8-3284-43bd-b45e-5931948c97e4,444814009,Viral sinusitis (disorder),,resolved,2013-03-22T16:42:50+00:00,2013-03-22T16:42:50+00:00,2013,False
6c498ed1-f99a-457a-a22f-beb50ad47d56,8d1f86a8-3284-43bd-b45e-5931948c97e4,239873007,Osteoarthritis of knee,,active,1988-05-04T16:42:50+00:00,1988-05-04T16:42:50+00:00,1988,True
22d85e0b-77e3-47f3-a938-7b9ffb1a8496,8d1f86a8-3284-43bd-b45e-5931948c97e4,68496003,Polyp of colon,,resolved,2014-05-11T16:42:50+00:00,2014-05-11T16:42:50+00:00,2014,False
197f6812-6767-4459-9a35-98fda4894f33,8d1f86a8-3284-43bd-b45e-5931948c97e4,237602007,Metabolic syndrome X (disorder),,active,2000-01-08T16:42:50+00:00,2000-01-08T16:42:50+00:00,2000,False
0c230c71-0f5b-4bf5-b739-35706b2ca7b3,4e8ed886-fd5f-40bb-8feb-f339b04d853a,128613002,Seizure disorder,,active,2007-06-04T05:28:45+00:00,2007-06-04T05:28:45+00:00,2007,False
a79f2af7-52c1-4163-8444-a5fba4f355d9,4e8ed886-fd5f-40bb-8feb-f339b04d853a,84757009,Epilepsy,,active,2007-06-04T05:28:45+00:00,2007-06-04T05:28:45+00:00,2007,False
6ee337ab-1a7d-4ddf-a692-61d25408ccbd,4e8ed886-fd5f-40bb-8feb-f339b04d853a,703151001,History of single seizure (situation),,active,2007-06-04T05:28:45+00:00,2007-06-04T05:28:45+00:00,2007,False
9fb87c6b-20d4-4c79-a02e-d401e87df46a,e24537ec-c094-4b68-9fb1-c4a418de84ed,43878008,Streptococcal sore throat (disorder),,resolved,2017-11-07T06:38:28+00:00,2017-11-07T06:38:28+00:00,2017,False
f961ffa5-b0de-489e-82d7-68c0096d6d4b,e24537ec-c094-4b68-9fb1-c4a418de84ed,162864005,Body mass index 30+ - obesity (finding),,active,1999-11-11T06:38:28+00:00,1999-11-11T06:38:28+00:00,1999,True
9d5ca7ae-e6a6-4d4c-a392-5ec1c7044d5e,e24537ec-c094-4b68-9fb1-c4a418de84ed,370247008,Facial laceration,,resolved,2011-11-13T06:38:28+00:00,2011-11-13T06:38:28+00:00,2011,False
988bee2b-5492-4a0b-bdff-b2cced190bef,e62229aa-7327-48d5-bbe8-6b8295de0e55,444814009,Viral sinusitis (disorder),,resolved,2016-06-12T14:50:44+00:00,2016-06-12T14:50:44+00:00,2016,False
058ff4b9-8bb0-4ddc-b059-124b77357053,e62229aa-7327-48d5-bbe8-6b8295de0e55,443165006,Pathological fracture due to osteoporosis (disorder),,active,2021-02-12T14:50:44+00:00,2021-02-12T14:50:44+00:00,2021,False
5269bb21-1c9c-4fb9-a16a-7f169d6a43ea,e62229aa-7327-48d5-bbe8-6b8295de0e55,65966004,Fracture of forearm,,active,2021-02-12T14:50:44+00:00,2021-02-12T14:50:44+00:00,2021,False
6a8cd8b0-d0ec-459b-b2fc-47be8816f0bb,e62229aa-7327-48d5-bbe8-6b8295de0e55,429007001,History of cardiac arrest (situation),,active,2006-08-24T14:50:44+00:00,2006-08-24T14:50:44+00:00,2006,False
e9dffce7-bf73-4e2e-8b4f-a9edb0d2b4b6,e62229aa-7327-48d5-bbe8-6b8295de0e55,410429000,Cardiac Arrest,,active,2006-08-24T14:50:44+00:00,2006-08-24T14:50:44+00:00,2006,False
9aa95920-29c2-486a-b281-04e453ded0e6,e62229aa-7327-48d5-bbe8-6b8295de0e55,64859006,Osteoporosis (disorder),,active,2011-03-24T14:50:44+00:00,2011-03-24T14:50:44+00:00,2011,False
2279aee2-e9cd-423f-8e83-eaa6b9afd29c,e62229aa-7327-48d5-bbe8-6b8295de0e55,10509002,Acute bronchitis (disorder),,resolved,2014-10-24T14:50:44+00:00,2014-10-24T14:50:44+00:00,2014,False
7c51790d-840a-4736-b38b-adcdc19c0c91,e62229aa-7327-48d5-bbe8-6b8295de0e55,283371005,Laceration of forearm,,resolved,2020-02-27T14:50:44+00:00,2020-02-27T14:50:44+00:00,2020,False
2ae56c3f-feb9-4dfd-afbf-698628636a36,e62229aa-7327-48d5-bbe8-6b8295de0e55,65966004,Fracture of forearm,,resolved,1955-10-06T14:50:44+00:00,1955-10-06T14:50:44+00:00,1955,False
e1edfa76-d3ab-4366-9d9d-81003203c4f8,b218cee9-019d-47a4-b161-e97c0fd6f736,44054006,Diabetes,,active,2010-12-31T01:17:52+00:00,2010-12-31T01:17:52+00:00,2010,True
cc2c4ecf-7730-4c1e-a7b8-25ae485724ce,b218cee9-019d-47a4-b161-e97c0fd6f736,302870006,Hypertriglyceridemia (disorder),,active,2013-01-04T01:17:52+00:00,2013-01-04T01:17:52+00:00,2013,False
153ee3d9-d5e3-400c-91b3-8f956c409d68,b218cee9-019d-47a4-b161-e97c0fd6f736,15777000,Prediabetes,,active,2013-01-04T01:17:52+00:00,2013-01-04T01:17:52+00:00,2013,True
e651903a-0b39-4db8-b3c3-fbdbd73c3086,b218cee9-019d-47a4-b161-e97c0fd6f736,38341003,Hypertension,,active,2010-12-31T01:17:52+00:00,2010-12-31T01:17:52+00:00,2010,True
ce55aa18-b44b-44f4-ab3c-dbe06f37de7f,b218cee9-019d-47a4-b161-e97c0fd6f736,237602007,Metabolic syndrome X (disorder),,active,2013-01-04T01:17:52+00:00,2013-01-04T01:17:52+00:00,2013,False
4dd265b6-4e76-4bdb-b001-dcaeb4f6f09d,b218cee9-019d-47a4-b161-e97c0fd6f736,271737000,Anemia (disorder),,active,2013-01-04T01:17:52+00:00,2013-01-04T01:17:52+00:00,2013,False
95fa93e7-83c0-408c-8881-36f47d22a03f,b218cee9-019d-47a4-b161-e97c0fd6f736,195662009,Acute viral pharyngitis (disorder),,resolved,2017-07-02T01:17:52+00:00,2017-07-02T01:17:52+00:00,2017,False
8708de34-b925-4019-bf7e-85779df4e4f8,b218cee9-019d-47a4-b161-e97c0fd6f736,368581000119106,Neuropathy due to type 2 diabetes mellitus (disorder),,active,2017-01-13T01:17:52+00:00,2017-01-13T01:17:52+00:00,2017,True
31c3f651-a1ee-4a5b-b6ed-61aa18a67f7b,b218cee9-019d-47a4-b161-e97c0fd6f736,80394007,Hyperglycemia (disorder),,active,2013-01-04T01:17:52+00:00,2013-01-04T01:17:52+00:00,2013,False
b8b54c65-d44f-4c81-a1d3-6d4a1b40e83c,34a17aef-dd20-4eda-bf6c-f121e454616d,444814009,Viral sinusitis (disorder),,resolved,1981-03-22T00:41:27+00:00,1981-03-22T00:41:27+00:00,1981,False
14135781-591c-473e-a5a1-70ab15239d6f,34a17aef-dd20-4eda-bf6c-f121e454616d,87433001,Pulmonary emphysema (disorder),,active,1977-05-01T00:41:27+00:00,1977-05-01T00:41:27+00:00,1977,False
64221848-0ae8-4974-abd1-62ca2222b956,ed6a17f3-deb2-4e7a-9548-5d15d2d47c05,410429000,Cardiac Arrest,,active,1937-03-31T02:28:09+00:00,1937-03-31T02:28:09+00:00,1937,False
fd30318b-1be6-48bd-901e-b44dee19bd73,ed6a17f3-deb2-4e7a-9548-5d15d2d47c05,398254007,Preeclampsia,,resolved,1959-09-16T02:28:09+00:00,1959-09-16T02:28:09+00:00,1959,False
b0bd15ce-85a9-4062-b0de-91a93d61a799,ed6a17f3-deb2-4e7a-9548-5d15d2d47c05,262574004,Bullet wound,,active,1962-02-22T02:28:09+00:00,1962-02-22T02:28:09+00:00,1962,False
19041281-e124-449a-94a3-7f315651e2a9,ed6a17f3-deb2-4e7a-9548-5d15d2d47c05,429007001,History of cardiac arrest (situation),,active,1937-03-31T02:28:09+00:00,1937-03-31T02:28:09+00:00,1937,False
cab2adb4-cbe7-444b-93e4-a47721ba8636,ed6a17f3-deb2-4e7a-9548-5d15d2d47c05,40055000,Chronic sinusitis (disorder),,active,1949-05-23T02:28:09+00:00,1949-05-23T02:28:09+00:00,1949,False
2f51edfd-2845-4f74-8c0c-7f0104216f23,ed6a17f3-deb2-4e7a-9548-5d15d2d47c05,15777000,Prediabetes,,active,1960-09-28T02:28:09+00:00,1960-09-28T02:28:09+00:00,1960,True
6fedbc2e-bd76-4804-ac89-67eb11883c90,ed6a17f3-deb2-4e7a-9548-5d15d2d47c05,72892002,Normal pregnancy,,resolved,1961-01-04T02:28:09+00:00,1961-01-04T02:28:09+00:00,1961,False
6324000b-919d-4ebe-8e4d-5811899ae5b7,ed6a17f3-deb2-4e7a-9548-5d15d2d47c05,72892002,Normal pregnancy,,resolved,1960-02-24T02:28:09+00:00,1960-02-24T02:28:09+00:00,1960,False
ccddc2a8-7dd6-44a4-aa6f-84d3c29ee79a,ed6a17f3-deb2-4e7a-9548-5d15d2d47c05,72892002,Normal pregnancy,,resolved,1959-04-01T02:28:09+00:00,1959-04-01T02:28:09+00:00,1959,False
0b44398c-50df-4771-98cd-b8cd4b95dd0f,ed6a17f3-deb2-4e7a-9548-5d15d2d47c05,72892002,Normal pregnancy,,resolved,1958-03-12T02:28:09+00:00,1958-03-12T02:28:09+00:00,1958,False
c9f1a7de-2a2c-40dd-b260-46330c993d8a,ed6a17f3-deb2-4e7a-9548-5d15d2d47c05,72892002,Normal pregnancy,,resolved,1955-10-26T02:28:09+00:00,1955-10-26T02:28:09+00:00,1955,False
9c7cee1c-85bb-430e-aa2e-e474aee1a4f2,ed6a17f3-deb2-4e7a-9548-5d15d2d47c05,72892002,Normal pregnancy,,resolved,1954-11-03T02:28:09+00:00,1954-11-03T02:28:09+00:00,1954,False
ef58b00a-ae4e-467b-8679-bb44acbb5744,ed6a17f3-deb2-4e7a-9548-5d15d2d47c05,72892002,Normal pregnancy,,resolved,1953-05-06T02:28:09+00:00,1953-05-06T02:28:09+00:00,1953,False
37afba27-22f7-44fa-9e4c-0a2be2b7bb38,ed6a17f3-deb2-4e7a-9548-5d15d2d47c05,72892002,Normal pregnancy,,resolved,1952-06-11T02:28:09+00:00,1952-06-11T02:28:09+00:00,1952,False
34fbabcf-2ed7-4c06-bfa2-0b9d10313fae,37d21e26-efbe-46cb-83f5-eb0a7199ced6,10509002,Acute bronchitis (disorder),,resolved,2015-11-28T14:22:28+00:00,2015-11-28T14:22:28+00:00,2015,False
c4e96ab3-ff59-4e0c-aa41-29354cd9cb96,37d21e26-efbe-46cb-83f5-eb0a7199ced6,195662009,Acute viral pharyngitis (disorder),,resolved,2018-05-07T14:22:28+00:00,2018-05-07T14:22:28+00:00,2018,False
4776761a-ad1b-4573-b879-deb77b1f2308,37d21e26-efbe-46cb-83f5-eb0a7199ced6,444814009,Viral sinusitis (disorder),,resolved,2018-06-11T14:22:28+00:00,2018-06-11T14:22:28+00:00,2018,False
7fbf8a83-30dd-488e-bc1f-087cbce28421,37d21e26-efbe-46cb-83f5-eb0a7199ced6,38822007,Cystitis,,resolved,2017-02-22T14:22:28+00:00,2017-02-22T14:22:28+00:00,2017,False
1a132d51-7ddb-4f8b-9d7d-7f8240a8a37d,37d21e26-efbe-46cb-83f5-eb0a7199ced6,40055000,Chronic sinusitis (disorder),,active,1979-06-15T14:22:28+00:00,1979-06-15T14:22:28+00:00,1979,False
5c0d38a6-772b-4b39-b876-a85a33fdaf31,37d21e26-efbe-46cb-83f5-eb0a7199ced6,444814009,Viral sinusitis (disorder),,resolved,2019-09-17T14:22:28+00:00,2019-09-17T14:22:28+00:00,2019,False
a6d4aa93-ec3e-4733-b3bb-3bc805d7b6cc,37d21e26-efbe-46cb-83f5-eb0a7199ced6,195662009,Acute viral pharyngitis (disorder),,resolved,2012-09-19T14:22:28+00:00,2012-09-19T14:22:28+00:00,2012,False
2c75dadc-4d4e-4005-a37b-489631e3030e,beeb8131-bd2f-46e7-aa10-6553343d32ce,271737000,Anemia (disorder),,active,1985-05-23T05:38:17+00:00,1985-05-23T05:38:17+00:00,1985,False
dea33f51-88e6-4374-bd0d-e75371d141c0,beeb8131-bd2f-46e7-aa10-6553343d32ce,15777000,Prediabetes,,active,1985-05-23T05:38:17+00:00,1985-05-23T05:38:17+00:00,1985,True
f6ba15f1-6098-4663-8006-0c3127683f18,beeb8131-bd2f-46e7-aa10-6553343d32ce,195662009,Acute viral pharyngitis (disorder),,resolved,2016-08-24T05:38:17+00:00,2016-08-24T05:38:17+00:00,2016,False
898eee7b-4c31-4683-b343-243d72e9beae,beeb8131-bd2f-46e7-aa10-6553343d32ce,38341003,Hypertension,,active,1984-05-17T05:38:17+00:00,1984-05-17T05:38:17+00:00,1984,True
55b8408e-a399-4b51-a4ec-81113271df3c,beeb8131-bd2f-46e7-aa10-6553343d32ce,40055000,Chronic sinusitis (disorder),,active,1966-03-30T05:38:17+00:00,1966-03-30T05:38:17+00:00,1966,False
fd0ac38e-c424-4016-aad4-d2e3bde49a42,b93452c9-fb17-4666-909e-b10bb074407b,40055000,Chronic sinusitis (disorder),,active,1965-06-18T07:45:08+00:00,1965-06-18T07:45:08+00:00,1965,False
48b5dd9a-1e9c-4eeb-9042-ae1934c4283d,b93452c9-fb17-4666-909e-b10bb074407b,19169002,Miscarriage in first trimester,,active,1979-01-06T07:45:08+00:00,1979-01-06T07:45:08+00:00,1979,False
56a54f6c-3d64-4346-9b81-417c360bda4b,b93452c9-fb17-4666-909e-b10bb074407b,162864005,Body mass index 30+ - obesity (finding),,active,1986-10-04T07:45:08+00:00,1986-10-04T07:45:08+00:00,1986,True
d65b05d3-3925-48a7-bd08-e70bd255db0c,b93452c9-fb17-4666-909e-b10bb074407b,263102004,Fracture subluxation of wrist,,resolved,2013-06-29T07:45:08+00:00,2013-06-29T07:45:08+00:00,2013,False
81440be5-6c14-45bc-be99-9f1b0d9faac2,a3d8b846-e2b6-4102-9943-d329a9b06ea8,195662009,Acute viral pharyngitis (disorder),,resolved,2017-01-08T04:42:02+00:00,2017-01-08T04:42:02+00:00,2017,False
f9d756c2-fa36-4f13-9b3f-a94441ffb4b9,a3d8b846-e2b6-4102-9943-d329a9b06ea8,65363002,Otitis media,,resolved,2019-03-27T04:42:02+00:00,2019-03-27T04:42:02+00:00,2019,False
ca18134f-9f57-4469-9994-e83158f38100,a3d8b846-e2b6-4102-9943-d329a9b06ea8,444814009,Viral sinusitis (disorder),,resolved,2015-06-22T04:42:02+00:00,2015-06-22T04:42:02+00:00,2015,False
1ba1e4b8-d12b-4c6f-ae48-7a794a228f15,a3d8b846-e2b6-4102-9943-d329a9b06ea8,10509002,Acute bronchitis (disorder),,resolved,2018-04-10T04:42:02+00:00,2018-04-10T04:42:02+00:00,2018,False
2361beea-c833-4b2e-91ea-c2c773e5c042,a3d8b846-e2b6-4102-9943-d329a9b06ea8,10509002,Acute bronchitis (disorder),,resolved,2013-04-28T04:42:02+00:00,2013-04-28T04:42:02+00:00,2013,False
3a01831d-6b82-4b91-b6fb-2e133e010626,c0d63c39-42aa-4f2c-9669-fa487d5f6f54,15777000,Prediabetes,,active,2020-04-10T17:37:51+00:00,2020-04-10T17:37:51+00:00,2020,True
c2b2036b-1196-410c-a97a-c17c0b2fe6b4,c0d63c39-42aa-4f2c-9669-fa487d5f6f54,444814009,Viral sinusitis (disorder),,resolved,2013-07-06T17:37:51+00:00,2013-07-06T17:37:51+00:00,2013,False
1c32b665-1d96-40e5-a3dd-70feedb2ad5a,c0d63c39-42aa-4f2c-9669-fa487d5f6f54,444814009,Viral sinusitis (disorder),,resolved,2014-01-17T17:37:51+00:00,2014-01-17T17:37:51+00:00,2014,False
cacada84-d95c-43c4-a415-94d8453f9f17,c0d63c39-42aa-4f2c-9669-fa487d5f6f54,10509002,Acute bronchitis (disorder),,resolved,2012-02-24T17:37:51+00:00,2012-02-24T17:37:51+00:00,2012,False
b80f31eb-3c08-4bfa-a072-f4dda76639fc,c0d63c39-42aa-4f2c-9669-fa487d5f6f54,10509002,Acute bronchitis (disorder),,resolved,2020-06-27T17:37:51+00:00,2020-06-27T17:37:51+00:00,2020,False
7e0feb50-6f29-4188-931b-3d076b72eddd,c0d63c39-42aa-4f2c-9669-fa487d5f6f54,38341003,Hypertension,,active,2016-04-01T17:37:51+00:00,2016-04-01T17:37:51+00:00,2016,True
69d398f3-717d-4ba5-b20b-fd56c4900d16,7e50540e-d263-4fd4-a2da-b97279871200,162864005,Body mass index 30+ - obesity (finding),,active,1983-04-17T23:52:38+00:00,1983-04-17T23:52:38+00:00,1983,True
6609ace8-d477-48f5-9db9-e671245c38d2,7e50540e-d263-4fd4-a2da-b97279871200,19169002,Miscarriage in first trimester,,active,1958-02-23T23:52:38+00:00,1958-02-23T23:52:38+00:00,1958,False
ded0b904-ed59-4973-b107-2a681cc1309b,7e50540e-d263-4fd4-a2da-b97279871200,49436004,Atrial Fibrillation,,active,2015-07-26T23:52:38+00:00,2015-07-26T23:52:38+00:00,2015,True
c2425bdf-fac5-4fdb-b343-6fe50ab4d5fd,7e50540e-d263-4fd4-a2da-b97279871200,195662009,Acute viral pharyngitis (disorder),,resolved,2013-06-05T23:52:38+00:00,2013-06-05T23:52:38+00:00,2013,False
2f65d277-7834-4d1e-8164-b3893b09115e,7e50540e-d263-4fd4-a2da-b97279871200,10509002,Acute bronchitis (disorder),,resolved,2017-12-25T23:52:38+00:00,2017-12-25T23:52:38+00:00,2017,False
b764f209-3ebf-4991-b684-5a97631eea1f,7e50540e-d263-4fd4-a2da-b97279871200,10509002,Acute bronchitis (disorder),,resolved,2016-06-24T23:52:38+00:00,2016-06-24T23:52:38+00:00,2016,False
340670e9-d223-4ca5-9c6f-8c324477907d,7e50540e-d263-4fd4-a2da-b97279871200,444814009,Viral sinusitis (disorder),,resolved,2016-09-19T23:52:38+00:00,2016-09-19T23:52:38+00:00,2016,False
3562bfec-58c1-428c-a558-ddc8ac5cb7b4,7e50540e-d263-4fd4-a2da-b97279871200,43878008,Streptococcal sore throat (disorder),,resolved,2015-11-03T23:52:38+00:00,2015-11-03T23:52:38+00:00,2015,False
7aab2635-556a-4e1b-8b6f-5faefffbeb89,7e50540e-d263-4fd4-a2da-b97279871200,55822004,Hyperlipidemia,,active,1991-11-24T23:52:38+00:00,1991-11-24T23:52:38+00:00,1991,True
4339f19b-5f09-45c5-97c9-d1d5cfae2c2b,7e50540e-d263-4fd4-a2da-b97279871200,239873007,Osteoarthritis of knee,,active,1996-10-05T23:52:38+00:00,1996-10-05T23:52:38+00:00,1996,True
a4896609-80c2-472e-9c23-e52de91cad80,2a86a2c6-0885-4046-a09d-9d2474d9a493,53741008,Coronary Heart Disease,,active,1972-11-27T23:11:46+00:00,1972-11-27T23:11:46+00:00,1972,False
e9b1a844-8106-42d7-b05d-b49d14bffd47,2a86a2c6-0885-4046-a09d-9d2474d9a493,444814009,Viral sinusitis (disorder),,resolved,1976-08-23T23:11:46+00:00,1976-08-23T23:11:46+00:00,1976,False
00d79610-8aa2-4599-83dd-cb6722a5b4fb,2a86a2c6-0885-4046-a09d-9d2474d9a493,230690007,Stroke,,active,1975-03-03T23:11:46+00:00,1975-03-03T23:11:46+00:00,1975,False
83749f58-9de6-48fb-8cf8-54ba23146aea,2a86a2c6-0885-4046-a09d-9d2474d9a493,10509002,Acute bronchitis (disorder),,resolved,1981-03-06T23:11:46+00:00,1981-03-06T23:11:46+00:00,1981,False
475af576-aff3-4dd1-aad6-ffa99dee8039,2a86a2c6-0885-4046-a09d-9d2474d9a493,40055000,Chronic sinusitis (disorder),,active,1918-02-20T23:11:46+00:00,1918-02-20T23:11:46+00:00,1918,False
1920975b-aab4-41bb-98d2-50169c13d295,2a86a2c6-0885-4046-a09d-9d2474d9a493,22298006,Myocardial Infarction,,active,1984-11-26T23:11:46+00:00,1984-11-26T23:11:46+00:00,1984,False
c582083d-a2a5-43f5-9e44-f4ef43bbfd37,2a86a2c6-0885-4046-a09d-9d2474d9a493,399211009,History of myocardial infarction (situation),,active,1984-11-26T23:11:46+00:00,1984-11-26T23:11:46+00:00,1984,False
fa29c648-d75a-46f0-89e8-337a877919b4,2a86a2c6-0885-4046-a09d-9d2474d9a493,30832001,Rupture of patellar tendon,,resolved,1978-10-14T23:11:46+00:00,1978-10-14T23:11:46+00:00,1978,False
f49b3b19-7c71-4724-be83-1d7357b75d6a,1fc53917-6bc1-4f87-9008-c91e94f0e188,195662009,Acute viral pharyngitis (disorder),,resolved,2017-05-19T13:45:42+00:00,2017-05-19T13:45:42+00:00,2017,False
540862c6-787d-40b9-9a8d-986616546858,1fc53917-6bc1-4f87-9008-c91e94f0e188,444814009,Viral sinusitis (disorder),,resolved,2016-03-15T13:45:42+00:00,2016-03-15T13:45:42+00:00,2016,False
0d5f9c8d-a7ef-44cf-b5b8-ffe1493fd71a,1fc53917-6bc1-4f87-9008-c91e94f0e188,40055000,Chronic sinusitis (disorder),,active,1993-05-04T13:45:42+00:00,1993-05-04T13:45:42+00:00,1993,False
181aa83a-8a8a-4013-b716-9fcff714d283,1fc53917-6bc1-4f87-9008-c91e94f0e188,75498004,Acute bacterial sinusitis (disorder),,resolved,2018-06-19T13:45:42+00:00,2018-06-19T13:45:42+00:00,2018,False
5bd3db05-2c3c-4490-b16d-48c6f23191d7,1fc53917-6bc1-4f87-9008-c91e94f0e188,195662009,Acute viral pharyngitis (disorder),,resolved,2018-09-25T13:45:42+00:00,2018-09-25T13:45:42+00:00,2018,False
65a50736-42e1-4445-9e6c-902b779101b1,1fc53917-6bc1-4f87-9008-c91e94f0e188,38341003,Hypertension,,active,1984-06-01T13:45:42+00:00,1984-06-01T13:45:42+00:00,1984,True
16cf4651-7ff4-4912-9e87-cce0ee014601,1fc53917-6bc1-4f87-9008-c91e94f0e188,196416002,Impacted molars,,active,1991-12-08T13:45:42+00:00,1991-12-08T13:45:42+00:00,1991,False
649b6fbf-b422-49da-bb8a-4247a4cec0a0,1fc53917-6bc1-4f87-9008-c91e94f0e188,271737000,Anemia (disorder),,active,2004-03-19T13:45:42+00:00,2004-03-19T13:45:42+00:00,2004,False
3906425a-bac9-4ad3-9516-5a6b7e89227a,1fc53917-6bc1-4f87-9008-c91e94f0e188,10509002,Acute bronchitis (disorder),,resolved,2012-11-30T13:45:42+00:00,2012-11-30T13:45:42+00:00,2012,False
fc06757c-e4e9-49e1-a368-fa4c229bac0b,1fc53917-6bc1-4f87-9008-c91e94f0e188,44465007,Sprain of ankle,,resolved,2017-03-27T13:45:42+00:00,2017-03-27T13:45:42+00:00,2017,False
1bf4be8c-1213-4bb0-94fe-b34e83392223,1fc53917-6bc1-4f87-9008-c91e94f0e188,15777000,Prediabetes,,active,1993-05-14T13:45:42+00:00,1993-05-14T13:45:42+00:00,1993,True
c8b0dac2-7e69-4555-b549-031f54773018,1fc53917-6bc1-4f87-9008-c91e94f0e188,55680006,Drug overdose,,active,1992-07-26T13:45:42+00:00,1992-07-26T13:45:42+00:00,1992,False
47d1d49e-ea9f-4471-850c-512df2d29726,9da7d8c2-daef-4722-832e-dcf495d13a4e,195662009,Acute viral pharyngitis (disorder),,resolved,2013-05-11T18:51:00+00:00,2013-05-11T18:51:00+00:00,2013,False
2a180b36-05c1-4b90-9c67-1014c9cadccd,9da7d8c2-daef-4722-832e-dcf495d13a4e,68496003,Polyp of colon,,resolved,2010-01-10T18:51:00+00:00,2010-01-10T18:51:00+00:00,2010,False
9599e5dc-f9cd-4e5a-880f-5756d7ec50fc,9da7d8c2-daef-4722-832e-dcf495d13a4e,444814009,Viral sinusitis (disorder),,resolved,2012-01-26T18:51:00+00:00,2012-01-26T18:51:00+00:00,2012,False
89510109-66d0-45fa-a606-caa3f62406b5,9da7d8c2-daef-4722-832e-dcf495d13a4e,230690007,Stroke,,active,1988-07-28T18:51:00+00:00,1988-07-28T18:51:00+00:00,1988,False
1a679f5c-5c58-4977-b163-3c37a2acf101,9da7d8c2-daef-4722-832e-dcf495d13a4e,43878008,Streptococcal sore throat (disorder),,resolved,2016-11-06T18:51:00+00:00,2016-11-06T18:51:00+00:00,2016,False
b32e3b07-4b70-4124-ad83-8e604394ef26,9da7d8c2-daef-4722-832e-dcf495d13a4e,444814009,Viral sinusitis (disorder),,resolved,2013-06-17T18:51:00+00:00,2013-06-17T18:51:00+00:00,2013,False
fdc1e353-3065-4793-983c-5915b04efe3d,9da7d8c2-daef-4722-832e-dcf495d13a4e,38341003,Hypertension,,active,1968-03-07T18:51:00+00:00,1968-03-07T18:51:00+00:00,1968,True
041e1552-184d-409f-87e4-b5d816fa0845,9da7d8c2-daef-4722-832e-dcf495d13a4e,162864005,Body mass index 30+ - obesity (finding),,active,1996-02-01T18:51:00+00:00,1996-02-01T18:51:00+00:00,1996,True
6c99ebf7-2bd3-4e56-8876-57e6e788ee00,1ac8947d-038f-4cc7-81fa-a32e694187e8,444814009,Viral sinusitis (disorder),,resolved,2008-12-31T16:42:48+00:00,2008-12-31T16:42:48+00:00,2008,False
a673a496-03ff-435b-b06d-83d9861709f0,1ac8947d-038f-4cc7-81fa-a32e694187e8,302870006,Hypertriglyceridemia (disorder),,active,1996-05-20T16:42:48+00:00,1996-05-20T16:42:48+00:00,1996,False
8ba6815f-4bd2-460e-b3dc-ba34c1fe12df,1ac8947d-038f-4cc7-81fa-a32e694187e8,47693006,Rupture of appendix,,active,1978-04-21T16:42:48+00:00,1978-04-21T16:42:48+00:00,1978,False
8317d8f3-3263-425d-85d7-f734e0dbd654,1ac8947d-038f-4cc7-81fa-a32e694187e8,162864005,Body mass index 30+ - obesity (finding),,active,1986-04-21T16:42:48+00:00,1986-04-21T16:42:48+00:00,1986,True
13622575-6bc2-4d52-bb5a-0cd90d8ae14d,1ac8947d-038f-4cc7-81fa-a32e694187e8,237602007,Metabolic syndrome X (disorder),,active,1996-05-20T16:42:48+00:00,1996-05-20T16:42:48+00:00,1996,False
a6b7e8ed-b9be-4644-a4b1-c48f3ea43f27,1ac8947d-038f-4cc7-81fa-a32e694187e8,422034002,Diabetic retinopathy associated with type II diabetes mellitus (disorder),,active,2009-10-26T16:42:48+00:00,2009-10-26T16:42:48+00:00,2009,True
844f965f-ee6e-4649-a6f1-240d040e7079,1ac8947d-038f-4cc7-81fa-a32e694187e8,444814009,Viral sinusitis (disorder),,resolved,2009-10-27T16:42:48+00:00,2009-10-27T16:42:48+00:00,2009,False
c5c4d282-17ae-4e00-938a-473ea29ad6bd,1ac8947d-038f-4cc7-81fa-a32e694187e8,19169002,Miscarriage in first trimester,,active,1983-05-30T16:42:48+00:00,1983-05-30T16:42:48+00:00,1983,False
ac0f8b2e-6be5-4473-9810-a0c2168204ea,1ac8947d-038f-4cc7-81fa-a32e694187e8,44054006,Diabetes,,active,1994-05-16T16:42:48+00:00,1994-05-16T16:42:48+00:00,1994,True
99e35a7a-8295-4ece-8642-040e9b1db855,1ac8947d-038f-4cc7-81fa-a32e694187e8,368581000119106,Neuropathy due to type 2 diabetes mellitus (disorder),,active,2004-05-31T16:42:48+00:00,2004-05-31T16:42:48+00:00,2004,True
d09d5268-a344-4f31-b791-021f0f70e844,1ac8947d-038f-4cc7-81fa-a32e694187e8,74400008,Appendicitis,,active,1978-04-21T16:42:48+00:00,1978-04-21T16:42:48+00:00,1978,False
fc17ec3a-408c-4843-8e04-415e2093bf49,1ac8947d-038f-4cc7-81fa-a32e694187e8,15777000,Prediabetes,,active,2001-05-14T16:42:48+00:00,2001-05-14T16:42:48+00:00,2001,True
ff208cbd-9873-4a12-910c-197e74b474a3,1ac8947d-038f-4cc7-81fa-a32e694187e8,283385000,Laceration of thigh,,resolved,2012-10-08T16:42:48+00:00,2012-10-08T16:42:48+00:00,2012,False
7ca8b144-f21e-468e-8739-fa04fd7d6fc5,1ac8947d-038f-4cc7-81fa-a32e694187e8,87433001,Pulmonary emphysema (disorder),,active,2007-06-18T16:42:48+00:00,2007-06-18T16:42:48+00:00,2007,False
a263dbff-1a2f-4bcd-bc44-33d62412f11f,1ac8947d-038f-4cc7-81fa-a32e694187e8,428251008,History of appendectomy,,active,1978-04-21T16:42:48+00:00,1978-04-21T16:42:48+00:00,1978,False
92b6289f-3e47-415f-8b1d-8e0a35e25342,c20ccf5d-19ac-4dfe-bdc3-3d1d6344facc,10509002,Acute bronchitis (disorder),,resolved,2012-06-18T07:46:10+00:00,2012-06-18T07:46:10+00:00,2012,False
e1b31f1a-e29d-4cd2-937a-23f9db3596fa,c20ccf5d-19ac-4dfe-bdc3-3d1d6344facc,39848009,Whiplash injury to neck,,resolved,2018-12-12T07:46:10+00:00,2018-12-12T07:46:10+00:00,2018,False
278ea84a-3bda-4d6e-9736-820c35acc629,c20ccf5d-19ac-4dfe-bdc3-3d1d6344facc,62564004,Concussion with loss of consciousness,,resolved,2017-01-21T07:46:10+00:00,2017-01-21T07:46:10+00:00,2017,False
9d390694-2afe-4360-8dc0-ab58cb53d216,d64b37f5-d3b5-4c25-abe8-23ebe8f5a04e,162864005,Body mass index 30+ - obesity (finding),,active,1986-08-19T19:08:38+00:00,1986-08-19T19:08:38+00:00,1986,True
a92a5627-14f4-4f86-8ebb-80d54ee99d4e,d64b37f5-d3b5-4c25-abe8-23ebe8f5a04e,444814009,Viral sinusitis (disorder),,resolved,2018-04-10T19:08:38+00:00,2018-04-10T19:08:38+00:00,2018,False
74ceadb4-4e9a-47f7-9003-302028bd29e3,d64b37f5-d3b5-4c25-abe8-23ebe8f5a04e,26929004,Alzheimer's disease (disorder),,active,2017-01-03T19:08:38+00:00,2017-01-03T19:08:38+00:00,2017,False
35be2fd5-ba74-490b-940f-40d0ded0f7f1,d64b37f5-d3b5-4c25-abe8-23ebe8f5a04e,444814009,Viral sinusitis (disorder),,resolved,2019-06-01T19:08:38+00:00,2019-06-01T19:08:38+00:00,2019,False
acc0ecab-e165-45c4-a971-ed7f04860d3f,d64b37f5-d3b5-4c25-abe8-23ebe8f5a04e,62564004,Concussion with loss of consciousness,,resolved,2011-12-18T19:08:38+00:00,2011-12-18T19:08:38+00:00,2011,False
8d1026d2-a3ac-4d72-9e18-07b2a1f9b591,d64b37f5-d3b5-4c25-abe8-23ebe8f5a04e,444814009,Viral sinusitis (disorder),,resolved,2017-12-15T19:08:38+00:00,2017-12-15T19:08:38+00:00,2017,False
0b039b9a-212e-4d40-9610-98d89dc70cef,d64b37f5-d3b5-4c25-abe8-23ebe8f5a04e,55822004,Hyperlipidemia,,active,1995-09-05T19:08:38+00:00,1995-09-05T19:08:38+00:00,1995,True
72fad2c0-f2c9-46f1-9704-b5005ac3a19b,d64b37f5-d3b5-4c25-abe8-23ebe8f5a04e,68496003,Polyp of colon,,resolved,2014-11-02T19:08:38+00:00,2014-11-02T19:08:38+00:00,2014,False
c311d783-28db-4f9d-ae2b-b334e6e5cb57,dbf9798e-4b52-4cd9-a9eb-ec36149c859a,74400008,Appendicitis,,active,2001-03-29T23:59:05+00:00,2001-03-29T23:59:05+00:00,2001,False
0bc2e5a5-cbca-435f-b907-e19d38fb5814,dbf9798e-4b52-4cd9-a9eb-ec36149c859a,428251008,History of appendectomy,,active,2001-03-29T23:59:05+00:00,2001-03-29T23:59:05+00:00,2001,False
7a7ad4a5-3abf-458b-af48-fa9a2fa2b3ae,dbf9798e-4b52-4cd9-a9eb-ec36149c859a,72892002,Normal pregnancy,,resolved,2020-05-04T23:59:05+00:00,2020-05-04T23:59:05+00:00,2020,False
05b235c5-1c3d-4ab2-946f-1cb0573afa01,dbf9798e-4b52-4cd9-a9eb-ec36149c859a,198992004,Antepartum eclampsia,,resolved,2020-11-16T23:59:05+00:00,2020-11-16T23:59:05+00:00,2020,False
3b0fab2e-47c3-4272-97a5-3cd7ac03f71b,dbf9798e-4b52-4cd9-a9eb-ec36149c859a,72892002,Normal pregnancy,,resolved,2012-06-04T23:59:05+00:00,2012-06-04T23:59:05+00:00,2012,False
5e781bb3-240a-4332-984f-cb58f788627c,dbf9798e-4b52-4cd9-a9eb-ec36149c859a,38341003,Hypertension,,active,2010-05-24T23:59:05+00:00,2010-05-24T23:59:05+00:00,2010,True
f7d6e266-6cd7-42d7-b8e0-f527e7bf40e2,963dabe4-84e7-4751-b432-e34bdbdbde05,283371005,Laceration of forearm,,resolved,2011-11-06T09:25:28+00:00,2011-11-06T09:25:28+00:00,2011,False
66c50e41-41a0-4061-9a4d-d8955ac7313f,963dabe4-84e7-4751-b432-e34bdbdbde05,232353008,Perennial allergic rhinitis with seasonal variation,,active,1996-09-26T09:25:28+00:00,1996-09-26T09:25:28+00:00,1996,False
cf1dd31e-8f19-4861-a5fb-7a898a75110a,963dabe4-84e7-4751-b432-e34bdbdbde05,271737000,Anemia (disorder),,active,2010-12-26T09:25:28+00:00,2010-12-26T09:25:28+00:00,2010,False
1feb73c3-d905-4267-8aff-e0a47b04d905,963dabe4-84e7-4751-b432-e34bdbdbde05,15777000,Prediabetes,,active,2010-12-26T09:25:28+00:00,2010-12-26T09:25:28+00:00,2010,True
1fe7b084-71f8-4840-a637-878f102be09b,6d23a95e-7e18-4201-90ec-9501fa89fbd2,15777000,Prediabetes,,active,2018-11-27T20:43:11+00:00,2018-11-27T20:43:11+00:00,2018,True
7f3c2e49-900c-406f-bd57-f34fd47ed6da,6d23a95e-7e18-4201-90ec-9501fa89fbd2,10509002,Acute bronchitis (disorder),,resolved,2012-11-15T20:43:11+00:00,2012-11-15T20:43:11+00:00,2012,False
2d2ce513-15cf-4e0c-bb31-cee488e136ab,6d23a95e-7e18-4201-90ec-9501fa89fbd2,38341003,Hypertension,,active,1999-02-16T20:43:11+00:00,1999-02-16T20:43:11+00:00,1999,True
b62fe4a3-96f5-4fa6-af9e-40b56cfc412c,0ac13d55-d566-450a-aea0-f6a71f1ad73b,444814009,Viral sinusitis (disorder),,resolved,2006-02-06T12:17:10+00:00,2006-02-06T12:17:10+00:00,2006,False
283558c2-ca74-41f6-86f2-1e04ff6cd429,0ac13d55-d566-450a-aea0-f6a71f1ad73b,444814009,Viral sinusitis (disorder),,resolved,1999-10-21T12:17:10+00:00,1999-10-21T12:17:10+00:00,1999,False
b31b0ad3-53e1-4eee-92a8-56e50c9da1cb,0ac13d55-d566-450a-aea0-f6a71f1ad73b,232353008,Perennial allergic rhinitis with seasonal variation,,active,1954-04-25T12:17:10+00:00,1954-04-25T12:17:10+00:00,1954,False
cd38f9f7-fb1f-4769-82f6-66233078e4a2,0ac13d55-d566-450a-aea0-f6a71f1ad73b,429007001,History of cardiac arrest (situation),,active,1970-03-17T12:17:10+00:00,1970-03-17T12:17:10+00:00,1970,False
30a9d361-c725-4837-8906-0e52b19847a5,0ac13d55-d566-450a-aea0-f6a71f1ad73b,239872002,Osteoarthritis of hip,,active,1997-04-07T12:17:10+00:00,1997-04-07T12:17:10+00:00,1997,True
6c46bb1f-513e-4b76-ac8d-ae4936fada24,0ac13d55-d566-450a-aea0-f6a71f1ad73b,410429000,Cardiac Arrest,,active,1970-03-17T12:17:10+00:00,1970-03-17T12:17:10+00:00,1970,False
ffcb5c47-7691-4784-9654-893527327e25,0ac13d55-d566-450a-aea0-f6a71f1ad73b,40055000,Chronic sinusitis (disorder),,active,1988-04-11T12:17:10+00:00,1988-04-11T12:17:10+00:00,1988,False
69b2d4c2-dc46-440c-93f2-a5553e59f1e4,0ac13d55-d566-450a-aea0-f6a71f1ad73b,88805009,Chronic congestive heart failure (disorder),,active,2008-04-23T12:17:10+00:00,2008-04-23T12:17:10+00:00,2008,True
6e93fd28-cd9a-4cbd-aecd-a5c42682a5d3,0ac13d55-d566-450a-aea0-f6a71f1ad73b,38341003,Hypertension,,active,1967-07-18T12:17:10+00:00,1967-07-18T12:17:10+00:00,1967,True
b8753196-7d5a-4010-9cd2-8c33dbcff866,3ce34794-f9f4-45a0-824e-19760b2f80c8,444814009,Viral sinusitis (disorder),,resolved,2021-01-01T15:24:23+00:00,2021-01-01T15:24:23+00:00,2021,False
91c00722-e107-4ce2-a0fe-a1379987e3f9,3ce34794-f9f4-45a0-824e-19760b2f80c8,38341003,Hypertension,,active,1959-10-05T15:24:23+00:00,1959-10-05T15:24:23+00:00,1959,True
0565ef5e-6f23-4c11-85f3-d9b9b470c3a2,3ce34794-f9f4-45a0-824e-19760b2f80c8,40055000,Chronic sinusitis (disorder),,active,1977-08-08T15:24:23+00:00,1977-08-08T15:24:23+00:00,1977,False
3d5cb522-a5ca-4725-a6f0-47535ecbd1d8,3ce34794-f9f4-45a0-824e-19760b2f80c8,444814009,Viral sinusitis (disorder),,resolved,2018-02-25T15:24:23+00:00,2018-02-25T15:24:23+00:00,2018,False
5728e5c7-d5fb-48f9-9a4e-c7bdb6452289,3ce34794-f9f4-45a0-824e-19760b2f80c8,195662009,Acute viral pharyngitis (disorder),,resolved,2013-10-08T15:24:23+00:00,2013-10-08T15:24:23+00:00,2013,False
ccf5dfd4-2c82-4975-aa9a-a1e3b5a110be,3ce34794-f9f4-45a0-824e-19760b2f80c8,10509002,Acute bronchitis (disorder),,resolved,2015-03-25T15:24:23+00:00,2015-03-25T15:24:23+00:00,2015,False
727e6861-26f3-455b-a858-62b678711edf,9a82c90c-ba2d-4b36-a523-ee13e38b8e39,74400008,Appendicitis,,active,1986-01-10T04:16:23+00:00,1986-01-10T04:16:23+00:00,1986,False
eddd6248-ea32-486e-90fe-5685854a4650,9a82c90c-ba2d-4b36-a523-ee13e38b8e39,195662009,Acute viral pharyngitis (disorder),,resolved,2016-03-12T04:16:23+00:00,2016-03-12T04:16:23+00:00,2016,False
d981470e-0ca6-4f3f-94de-f8994ce15794,9a82c90c-ba2d-4b36-a523-ee13e38b8e39,428251008,History of appendectomy,,active,1986-01-10T04:16:23+00:00,1986-01-10T04:16:23+00:00,1986,False
095fd409-5192-4440-8da0-d18dbe31b704,9a82c90c-ba2d-4b36-a523-ee13e38b8e39,284551006,Laceration of foot,,resolved,2016-10-04T04:16:23+00:00,2016-10-04T04:16:23+00:00,2016,False
a1a9b536-b050-49ee-a408-ca442ec1e0c5,9a82c90c-ba2d-4b36-a523-ee13e38b8e39,65966004,Fracture of forearm,,resolved,2018-09-15T04:16:23+00:00,2018-09-15T04:16:23+00:00,2018,False
1ceaff92-1ffe-465c-ba1f-056ceb0ae5d3,9a82c90c-ba2d-4b36-a523-ee13e38b8e39,47693006,Rupture of appendix,,active,1986-01-10T04:16:23+00:00,1986-01-10T04:16:23+00:00,1986,False
007fdbec-4ce9-4171-9871-64d4d50fc45e,9a82c90c-ba2d-4b36-a523-ee13e38b8e39,271737000,Anemia (disorder),,active,1975-12-05T04:16:23+00:00,1975-12-05T04:16:23+00:00,1975,False
70ff2ca5-2462-4c1d-9a96-0f8a61fc88b8,9a82c90c-ba2d-4b36-a523-ee13e38b8e39,15777000,Prediabetes,,active,1974-03-08T04:16:23+00:00,1974-03-08T04:16:23+00:00,1974,True
48f0e8c7-1191-499e-8af7-accede1cac5b,9a82c90c-ba2d-4b36-a523-ee13e38b8e39,68496003,Polyp of colon,,resolved,2017-01-14T04:16:23+00:00,2017-01-14T04:16:23+00:00,2017,False
9625dde0-e233-49e6-be9a-cb525436be4f,9a82c90c-ba2d-4b36-a523-ee13e38b8e39,444814009,Viral sinusitis (disorder),,resolved,2018-11-11T04:16:23+00:00,2018-11-11T04:16:23+00:00,2018,False
d5a4fa97-dbb7-4f75-8cc2-147a1fc72e2b,9a82c90c-ba2d-4b36-a523-ee13e38b8e39,40055000,Chronic sinusitis (disorder),,active,1983-03-13T04:16:23+00:00,1983-03-13T04:16:23+00:00,1983,False
f67532b8-8322-46b4-9f87-40d057d7916a,9a82c90c-ba2d-4b36-a523-ee13e38b8e39,38341003,Hypertension,,active,1970-02-27T04:16:23+00:00,1970-02-27T04:16:23+00:00,1970,True
130ba03a-517b-4ae9-a3ff-c9cc5439bfdf,9a82c90c-ba2d-4b36-a523-ee13e38b8e39,55822004,Hyperlipidemia,,active,2009-02-27T04:16:23+00:00,2009-02-27T04:16:23+00:00,2009,True
69dc9188-0052-4d2b-9de9-779df341ddcf,6bb97c2b-8762-4763-ad16-2d88db590b74,444814009,Viral sinusitis (disorder),,resolved,2017-02-14T10:09:19+00:00,2017-02-14T10:09:19+00:00,2017,False
589f27eb-7624-4b87-a7c5-c5f6a32a15ec,6bb97c2b-8762-4763-ad16-2d88db590b74,444814009,Viral sinusitis (disorder),,resolved,2020-03-14T10:09:19+00:00,2020-03-14T10:09:19+00:00,2020,False
7fd9b4f2-cbba-4ec5-8fad-5f829d0b321a,6bb97c2b-8762-4763-ad16-2d88db590b74,40055000,Chronic sinusitis (disorder),,active,2000-01-07T10:09:19+00:00,2000-01-07T10:09:19+00:00,2000,False
4d1e2dc8-9240-4637-a803-26351231baf9,3eba51ce-4d42-4e70-b1a9-136c6721ea56,74400008,Appendicitis,,active,1972-09-06T07:21:52+00:00,1972-09-06T07:21:52+00:00,1972,False
f4ee9406-59ce-4c2b-9a45-966867e5d7e0,3eba51ce-4d42-4e70-b1a9-136c6721ea56,428251008,History of appendectomy,,active,1972-09-06T07:21:52+00:00,1972-09-06T07:21:52+00:00,1972,False
52838fd7-75e8-4eea-ad23-bf73f9536cdf,3eba51ce-4d42-4e70-b1a9-136c6721ea56,162864005,Body mass index 30+ - obesity (finding),,active,1998-10-16T07:21:52+00:00,1998-10-16T07:21:52+00:00,1998,True
86e89602-cfe7-480e-8ec7-6ce9f75311c9,3eba51ce-4d42-4e70-b1a9-136c6721ea56,444814009,Viral sinusitis (disorder),,resolved,2017-04-18T07:21:52+00:00,2017-04-18T07:21:52+00:00,2017,False
c7dc9454-6f06-4a2e-8380-361bd5ee1ee3,3eba51ce-4d42-4e70-b1a9-136c6721ea56,44465007,Sprain of ankle,,resolved,2017-06-05T07:21:52+00:00,2017-06-05T07:21:52+00:00,2017,False
21d38b6f-f65d-456e-a892-fbf77ad7d45e,3eba51ce-4d42-4e70-b1a9-136c6721ea56,444814009,Viral sinusitis (disorder),,resolved,2019-11-25T07:21:52+00:00,2019-11-25T07:21:52+00:00,2019,False
021c7e06-846b-4026-97b7-8cd483287199,3eba51ce-4d42-4e70-b1a9-136c6721ea56,195662009,Acute viral pharyngitis (disorder),,resolved,2012-04-13T07:21:52+00:00,2012-04-13T07:21:52+00:00,2012,False
bb3b0464-8f1c-4014-bc0e-ac882c8a9b51,3eba51ce-4d42-4e70-b1a9-136c6721ea56,444814009,Viral sinusitis (disorder),,resolved,2011-07-23T07:21:52+00:00,2011-07-23T07:21:52+00:00,2011,False
6693695b-fa22-4774-8af5-42d5a66c90c4,3eba51ce-4d42-4e70-b1a9-136c6721ea56,40055000,Chronic sinusitis (disorder),,active,1981-04-02T07:21:52+00:00,1981-04-02T07:21:52+00:00,1981,False
d59ddfe0-a584-4f76-b804-0136c5b85d03,3eba51ce-4d42-4e70-b1a9-136c6721ea56,195662009,Acute viral pharyngitis (disorder),,resolved,2011-10-03T07:21:52+00:00,2011-10-03T07:21:52+00:00,2011,False
05a5766a-6a46-4d61-99fb-36c0d4ad4ed0,3eba51ce-4d42-4e70-b1a9-136c6721ea56,47693006,Rupture of appendix,,active,1972-09-06T07:21:52+00:00,1972-09-06T07:21:52+00:00,1972,False
aafce7da-1186-4add-ba04-c55e94c10f92,3eba51ce-4d42-4e70-b1a9-136c6721ea56,62106007,Concussion with no loss of consciousness,,resolved,2019-07-09T07:21:52+00:00,2019-07-09T07:21:52+00:00,2019,False
a9faaf95-b38a-41b9-89f1-76040ccc39ff,365d73bb-4e5f-4f7d-8aa0-a5f46289b915,10509002,Acute bronchitis (disorder),,resolved,2012-09-07T21:04:39+00:00,2012-09-07T21:04:39+00:00,2012,False
7847e536-bdd6-4870-9fb7-0098b2daf79d,0a616e8d-e5d1-463e-af36-c2a4d4803be5,307731004,Injury of tendon of the rotator cuff of shoulder,,resolved,2015-12-23T05:25:47+00:00,2015-12-23T05:25:47+00:00,2015,False
9d746af2-a99b-42da-853e-d0babce0eff6,0a616e8d-e5d1-463e-af36-c2a4d4803be5,444814009,Viral sinusitis (disorder),,resolved,2011-08-05T05:25:47+00:00,2011-08-05T05:25:47+00:00,2011,False
819a7024-b7ce-4bb6-8a36-757b3d4ff872,0a616e8d-e5d1-463e-af36-c2a4d4803be5,162864005,Body mass index 30+ - obesity (finding),,active,2002-05-05T05:25:47+00:00,2002-05-05T05:25:47+00:00,2002,True
6e3062c8-b40d-4794-a53d-cbfaa7f8ea38,0a616e8d-e5d1-463e-af36-c2a4d4803be5,10509002,Acute bronchitis (disorder),,resolved,2017-03-28T05:25:47+00:00,2017-03-28T05:25:47+00:00,2017,False
cc4f20d0-b1b4-4541-8417-983e079de06a,0a616e8d-e5d1-463e-af36-c2a4d4803be5,284551006,Laceration of foot,,resolved,2019-11-02T05:25:47+00:00,2019-11-02T05:25:47+00:00,2019,False
b0756271-f3f4-4539-a20e-918247478b98,0a616e8d-e5d1-463e-af36-c2a4d4803be5,271737000,Anemia (disorder),,active,2000-04-30T05:25:47+00:00,2000-04-30T05:25:47+00:00,2000,False
24ab96f2-cf8d-4a78-8c59-ccf7ff9e205f,0a616e8d-e5d1-463e-af36-c2a4d4803be5,55822004,Hyperlipidemia,,active,1996-04-21T05:25:47+00:00,1996-04-21T05:25:47+00:00,1996,True
b1a1f237-95d0-4daf-98fb-71b9d59bfd93,0a616e8d-e5d1-463e-af36-c2a4d4803be5,87433001,Pulmonary emphysema (disorder),,active,2000-04-30T05:25:47+00:00,2000-04-30T05:25:47+00:00,2000,False
8fa04721-934c-446e-8acb-8f93183e8df6,f17e9000-364e-466f-9a73-427cbdcead3d,124171000119105,Chronic intractable migraine without aura,,active,1992-01-22T19:20:06+00:00,1992-01-22T19:20:06+00:00,1992,False
d10dc04c-4b35-4d98-a2bc-f6241b210b7e,f17e9000-364e-466f-9a73-427cbdcead3d,230690007,Stroke,,active,1955-09-24T19:20:06+00:00,1955-09-24T19:20:06+00:00,1955,False
ad4134f1-7c97-4918-926f-efc9a3b534dd,f17e9000-364e-466f-9a73-427cbdcead3d,195662009,Acute viral pharyngitis (disorder),,resolved,1985-06-08T19:20:06+00:00,1985-06-08T19:20:06+00:00,1985,False
9f5490fd-9eed-4774-a6be-9c0a3412d375,f17e9000-364e-466f-9a73-427cbdcead3d,15777000,Prediabetes,,active,1949-09-17T19:20:06+00:00,1949-09-17T19:20:06+00:00,1949,True
3a3ab2d8-cbdb-4ded-8a31-892a466a204f,f17e9000-364e-466f-9a73-427cbdcead3d,65966004,Fracture of forearm,,resolved,1987-04-26T19:20:06+00:00,1987-04-26T19:20:06+00:00,1987,False
3e6b9925-8dea-4376-bf70-fe61092d8d80,f17e9000-364e-466f-9a73-427cbdcead3d,196416002,Impacted molars,,active,1992-05-01T19:20:06+00:00,1992-05-01T19:20:06+00:00,1992,False
f82f973a-2edb-427d-9ea5-a1b00cfcc350,f17e9000-364e-466f-9a73-427cbdcead3d,162864005,Body mass index 30+ - obesity (finding),,active,1940-09-07T19:20:06+00:00,1940-09-07T19:20:06+00:00,1940,True
71ecd120-f6d1-4cfd-afaf-4e58d1484b6e,f17e9000-364e-466f-9a73-427cbdcead3d,195662009,Acute viral pharyngitis (disorder),,resolved,1992-02-11T19:20:06+00:00,1992-02-11T19:20:06+00:00,1992,False
81357810-0e64-4379-946d-e5874d6fd6ff,f17e9000-364e-466f-9a73-427cbdcead3d,271737000,Anemia (disorder),,active,1949-09-17T19:20:06+00:00,1949-09-17T19:20:06+00:00,1949,False
161568fc-4e4f-42c0-9f0c-000d6ecba562,f17e9000-364e-466f-9a73-427cbdcead3d,82423001,Chronic pain,,active,1991-12-09T19:20:06+00:00,1991-12-09T19:20:06+00:00,1991,False
2a537362-cb7c-445b-80fa-49a7176b4668,f17e9000-364e-466f-9a73-427cbdcead3d,88805009,Chronic congestive heart failure (disorder),,active,1990-07-03T19:20:06+00:00,1990-07-03T19:20:06+00:00,1990,True
45d98b93-2969-47fb-b36a-5c8d2e45bd76,f17e9000-364e-466f-9a73-427cbdcead3d,55822004,Hyperlipidemia,,active,1982-11-27T19:20:06+00:00,1982-11-27T19:20:06+00:00,1982,True
cfcceaf4-c229-452a-9f40-f95dbede458e,9efca32a-04f9-438a-990c-a287e8b62aac,431855005,Chronic kidney disease stage 1 (disorder),,active,1972-05-08T23:11:46+00:00,1972-05-08T23:11:46+00:00,1972,True
df1e6bda-92de-4e63-afde-73e4d575870f,9efca32a-04f9-438a-990c-a287e8b62aac,422034002,Diabetic retinopathy associated with type II diabetes mellitus (disorder),,active,1959-05-11T23:11:46+00:00,1959-05-11T23:11:46+00:00,1959,True
fb0a8ac4-a6ff-4b98-82d7-7d5dea47a1b7,9efca32a-04f9-438a-990c-a287e8b62aac,444814009,Viral sinusitis (disorder),,resolved,1976-01-10T23:11:46+00:00,1976-01-10T23:11:46+00:00,1976,False
5f0ad084-230d-432a-b725-cc985b0c1698,9efca32a-04f9-438a-990c-a287e8b62aac,38341003,Hypertension,,active,1929-01-28T23:11:46+00:00,1929-01-28T23:11:46+00:00,1929,True
3c133303-617d-41e4-9253-14bba98969f0,9efca32a-04f9-438a-990c-a287e8b62aac,302870006,Hypertriglyceridemia (disorder),,active,1953-04-27T23:11:46+00:00,1953-04-27T23:11:46+00:00,1953,False
a0be8fa4-d441-4ed2-841c-e30061ff73ce,9efca32a-04f9-438a-990c-a287e8b62aac,1551000119108,Nonproliferative diabetic retinopathy due to type 2 diabetes mellitus (disorder),,active,1970-11-23T23:11:46+00:00,1970-11-23T23:11:46+00:00,1970,True
cf37fe39-f541-4927-8a61-22bae2c7c18f,9efca32a-04f9-438a-990c-a287e8b62aac,314994000,Metastasis from malignant tumor of prostate (disorder),,active,1977-11-07T23:11:46+00:00,1977-11-07T23:11:46+00:00,1977,False
52356ea3-9a5e-4c00-9311-e2f6e4dfaec3,9efca32a-04f9-438a-990c-a287e8b62aac,40055000,Chronic sinusitis (disorder),,active,1922-10-02T23:11:46+00:00,1922-10-02T23:11:46+00:00,1922,False
22779678-aae5-44bd-b9fb-51eda1ad6322,9efca32a-04f9-438a-990c-a287e8b62aac,237602007,Metabolic syndrome X (disorder),,active,1953-04-27T23:11:46+00:00,1953-04-27T23:11:46+00:00,1953,False
077147c1-4ff5-4475-ae06-11cd8d513fa8,9efca32a-04f9-438a-990c-a287e8b62aac,127013003,Diabetic renal disease (disorder),,active,1972-05-08T23:11:46+00:00,1972-05-08T23:11:46+00:00,1972,False
c48d3ff5-86cd-4fc0-8a45-c311def6f844,9efca32a-04f9-438a-990c-a287e8b62aac,271737000,Anemia (disorder),,active,1951-04-23T23:11:46+00:00,1951-04-23T23:11:46+00:00,1951,False
9c97c77c-6a71-45c4-b067-32d167941c7f,9efca32a-04f9-438a-990c-a287e8b62aac,126906006,Neoplasm of prostate,,active,1977-11-07T23:11:46+00:00,1977-11-07T23:11:46+00:00,1977,False
5afe4a6e-a54a-41fd-b9e6-e5de058d80f7,9efca32a-04f9-438a-990c-a287e8b62aac,15777000,Prediabetes,,active,1957-05-06T23:11:46+00:00,1957-05-06T23:11:46+00:00,1957,True
c54489bc-e98b-4797-87e4-6f9592a0543e,9efca32a-04f9-438a-990c-a287e8b62aac,44054006,Diabetes,,active,1951-04-23T23:11:46+00:00,1951-04-23T23:11:46+00:00,1951,True
ea79282d-3729-4568-bad4-ec1788dd70ca,9efca32a-04f9-438a-990c-a287e8b62aac,80394007,Hyperglycemia (disorder),,active,1957-05-06T23:11:46+00:00,1957-05-06T23:11:46+00:00,1957,False
8db30914-3b30-467b-b84b-107e2d805da0,0d585094-1e04-4c71-8735-444e99bf7a99,195662009,Acute viral pharyngitis (disorder),,resolved,2020-11-03T07:27:38+00:00,2020-11-03T07:27:38+00:00,2020,False
a5ecec7a-6f64-40f8-a444-9b9ab19079ab,dba34946-91c6-464b-b8eb-c02f01e23c4f,271737000,Anemia (disorder),,active,1971-10-10T14:38:07+00:00,1971-10-10T14:38:07+00:00,1971,False
4d818577-5b4f-492e-985c-65e4fcfeb8a8,dba34946-91c6-464b-b8eb-c02f01e23c4f,444814009,Viral sinusitis (disorder),,resolved,2018-10-09T14:38:07+00:00,2018-10-09T14:38:07+00:00,2018,False
24e93cd4-b49d-448e-a3f1-e22691869be3,dba34946-91c6-464b-b8eb-c02f01e23c4f,53741008,Coronary Heart Disease,,active,2018-11-18T14:38:07+00:00,2018-11-18T14:38:07+00:00,2018,False
971fbc1c-739a-4655-a5f1-9434893d4f22,dba34946-91c6-464b-b8eb-c02f01e23c4f,40055000,Chronic sinusitis (disorder),,active,1938-02-14T14:38:07+00:00,1938-02-14T14:38:07+00:00,1938,False
22fd7c6b-aac4-430b-8aa3-97bea6306585,dba34946-91c6-464b-b8eb-c02f01e23c4f,15777000,Prediabetes,,active,1971-10-10T14:38:07+00:00,1971-10-10T14:38:07+00:00,1971,True
b62f846e-60e3-4ffb-a2cf-a8df98e05a5a,dba34946-91c6-464b-b8eb-c02f01e23c4f,444814009,Viral sinusitis (disorder),,resolved,2011-05-30T14:38:07+00:00,2011-05-30T14:38:07+00:00,2011,False
5ce4130d-3cfc-4768-b736-4c76234caf9e,dba34946-91c6-464b-b8eb-c02f01e23c4f,444814009,Viral sinusitis (disorder),,resolved,2020-03-16T14:38:07+00:00,2020-03-16T14:38:07+00:00,2020,False
a0e8b4b1-bb5f-411f-b8f9-7b4f1df374c9,dba34946-91c6-464b-b8eb-c02f01e23c4f,162864005,Body mass index 30+ - obesity (finding),,active,1958-03-30T14:38:07+00:00,1958-03-30T14:38:07+00:00,1958,True
67c84448-1381-483c-833b-17ea3df5053f,8c0f46f4-dd7b-4a5f-bd35-f0f41a2f8882,271737000,Anemia (disorder),,active,2012-07-04T21:44:25+00:00,2012-07-04T21:44:25+00:00,2012,False
d5c33406-1107-42d8-8e5c-830c0c3e23a2,8c0f46f4-dd7b-4a5f-bd35-f0f41a2f8882,195662009,Acute viral pharyngitis (disorder),,resolved,2019-12-01T21:44:25+00:00,2019-12-01T21:44:25+00:00,2019,False
f5df7fdf-04a3-48c6-bcf7-06d2425e10fb,8c0f46f4-dd7b-4a5f-bd35-f0f41a2f8882,444814009,Viral sinusitis (disorder),,resolved,2014-11-27T21:44:25+00:00,2014-11-27T21:44:25+00:00,2014,False
5a81d67b-bee2-4dd8-8079-efddd7a7598d,8c0f46f4-dd7b-4a5f-bd35-f0f41a2f8882,195662009,Acute viral pharyngitis (disorder),,resolved,2018-06-28T21:44:25+00:00,2018-06-28T21:44:25+00:00,2018,False
8c209a3e-8958-4693-bd53-21a04876134f,8c0f46f4-dd7b-4a5f-bd35-f0f41a2f8882,15777000,Prediabetes,,active,2012-07-04T21:44:25+00:00,2012-07-04T21:44:25+00:00,2012,True
ac8be05a-aad6-4062-b087-17b46b136248,8c0f46f4-dd7b-4a5f-bd35-f0f41a2f8882,36971009,Sinusitis (disorder),,resolved,2011-06-17T21:44:25+00:00,2011-06-17T21:44:25+00:00,2011,False
0043f6f1-a65d-4098-8e04-8630b4f21197,8c0f46f4-dd7b-4a5f-bd35-f0f41a2f8882,162864005,Body mass index 30+ - obesity (finding),,active,2004-09-29T21:44:25+00:00,2004-09-29T21:44:25+00:00,2004,True
1ff1cedd-e016-4751-b170-f963a6df55a3,8c0f46f4-dd7b-4a5f-bd35-f0f41a2f8882,444814009,Viral sinusitis (disorder),,resolved,2013-07-22T21:44:25+00:00,2013-07-22T21:44:25+00:00,2013,False
57f0d7f2-89fd-4608-81bc-a1f1c7e5e0af,8c0f46f4-dd7b-4a5f-bd35-f0f41a2f8882,40055000,Chronic sinusitis (disorder),,active,2011-07-15T21:44:25+00:00,2011-07-15T21:44:25+00:00,2011,False
8a5cbc9d-6397-439a-8592-4c129ad0e9c8,32cd9fa4-7a32-4de1-bce2-548e37151540,444814009,Viral sinusitis (disorder),,resolved,2020-01-12T04:03:34+00:00,2020-01-12T04:03:34+00:00,2020,False
5e8063ce-15b4-4652-8d0f-4f41694a9024,32cd9fa4-7a32-4de1-bce2-548e37151540,10509002,Acute bronchitis (disorder),,resolved,2017-09-14T04:03:34+00:00,2017-09-14T04:03:34+00:00,2017,False
37951d3f-788f-4a3d-aacf-e68ed0e961c1,32cd9fa4-7a32-4de1-bce2-548e37151540,195662009,Acute viral pharyngitis (disorder),,resolved,2019-10-10T04:03:34+00:00,2019-10-10T04:03:34+00:00,2019,False
32464ee7-4134-4871-8f7d-24806c7bcebf,32cd9fa4-7a32-4de1-bce2-548e37151540,271737000,Anemia (disorder),,active,2010-04-27T04:03:34+00:00,2010-04-27T04:03:34+00:00,2010,False
a96e7307-62d6-4d80-ac0a-eb1560689c7c,32cd9fa4-7a32-4de1-bce2-548e37151540,15777000,Prediabetes,,active,2004-11-02T04:03:34+00:00,2004-11-02T04:03:34+00:00,2004,True
2e51370c-e229-41dc-904f-5eee599c720e,32cd9fa4-7a32-4de1-bce2-548e37151540,307731004,Injury of tendon of the rotator cuff of shoulder,,resolved,2011-08-12T04:03:34+00:00,2011-08-12T04:03:34+00:00,2011,False
85300446-6dda-47e3-8c9b-e7dbe930b97b,cd94c5d0-a196-4991-bdcc-6923d6590598,19169002,Miscarriage in first trimester,,active,1960-10-06T04:57:07+00:00,1960-10-06T04:57:07+00:00,1960,False
11bb11e9-f312-454b-9dfb-e39afd60c702,cd94c5d0-a196-4991-bdcc-6923d6590598,162864005,Body mass index 30+ - obesity (finding),,active,1977-01-13T04:57:07+00:00,1977-01-13T04:57:07+00:00,1977,True
b9f42eaa-8708-40c4-a774-edd8042967e8,cd94c5d0-a196-4991-bdcc-6923d6590598,38341003,Hypertension,,active,1955-12-29T04:57:07+00:00,1955-12-29T04:57:07+00:00,1955,True
ab582df3-6b7a-4e14-af6a-75da408c7217,cd94c5d0-a196-4991-bdcc-6923d6590598,88805009,Chronic congestive heart failure (disorder),,active,2008-06-04T04:57:07+00:00,2008-06-04T04:57:07+00:00,2008,True
1f5c606c-9436-4dc8-b1ca-b0db2185e0de,cd94c5d0-a196-4991-bdcc-6923d6590598,68496003,Polyp of colon,,resolved,2007-05-30T04:57:07+00:00,2007-05-30T04:57:07+00:00,2007,False
fc4f88cc-474f-4ca3-a3f0-b58f16660b07,cd94c5d0-a196-4991-bdcc-6923d6590598,10509002,Acute bronchitis (disorder),,resolved,2008-05-14T04:57:07+00:00,2008-05-14T04:57:07+00:00,2008,False
324c85b6-50c0-497c-8595-65e16e1d3f05,b16cc087-d48a-4292-a78c-aba3e85e516e,162864005,Body mass index 30+ - obesity (finding),,active,2004-10-02T20:15:51+00:00,2004-10-02T20:15:51+00:00,2004,True
f11d36e5-1ecf-4a51-9938-9304cd76acb8,b16cc087-d48a-4292-a78c-aba3e85e516e,444814009,Viral sinusitis (disorder),,resolved,2016-07-03T20:15:51+00:00,2016-07-03T20:15:51+00:00,2016,False
2013e019-67f8-46cd-942d-f1c3932d5ad9,a92edacf-c0ab-4fc4-931f-033a8d4bf314,195662009,Acute viral pharyngitis (disorder),,resolved,2012-01-22T10:00:37+00:00,2012-01-22T10:00:37+00:00,2012,False
ae267654-c987-408f-ac8d-145e627eb0d1,a92edacf-c0ab-4fc4-931f-033a8d4bf314,72892002,Normal pregnancy,,active,2021-03-21T10:00:37+00:00,2021-03-21T10:00:37+00:00,2021,False
bfc49332-1e3d-423c-a556-6add1db5791a,a92edacf-c0ab-4fc4-931f-033a8d4bf314,10509002,Acute bronchitis (disorder),,resolved,2020-10-24T10:00:37+00:00,2020-10-24T10:00:37+00:00,2020,False
b0ed6231-23aa-4bc0-bb26-8528b80c8cba,a92edacf-c0ab-4fc4-931f-033a8d4bf314,10509002,Acute bronchitis (disorder),,resolved,2014-05-20T10:00:37+00:00,2014-05-20T10:00:37+00:00,2014,False
0c948634-9289-4c36-bcfc-6ffa49351290,d78af07c-9cb9-4f31-9b11-c45a28f2eec8,162864005,Body mass index 30+ - obesity (finding),,active,2018-09-17T15:29:24+00:00,2018-09-17T15:29:24+00:00,2018,True
6124b352-5455-46ba-a46b-c0db810fbd64,a539adfd-de8f-4cb5-bd45-a084b89be0e1,10509002,Acute bronchitis (disorder),,resolved,2019-09-18T14:05:06+00:00,2019-09-18T14:05:06+00:00,2019,False
a8f3c3ea-5436-4ee1-b563-62a1303f058d,a539adfd-de8f-4cb5-bd45-a084b89be0e1,43878008,Streptococcal sore throat (disorder),,resolved,2021-03-11T14:05:06+00:00,2021-03-11T14:05:06+00:00,2021,False
ce326f02-d92f-4dd4-8da0-a7d401e34838,a539adfd-de8f-4cb5-bd45-a084b89be0e1,65363002,Otitis media,,resolved,2020-04-13T14:05:06+00:00,2020-04-13T14:05:06+00:00,2020,False
2bd2f1a4-9c8e-4578-9924-c0d10f3852cf,55b33527-6ab6-45b9-b181-25e08e3da8e4,195662009,Acute viral pharyngitis (disorder),,resolved,2018-07-30T04:53:43+00:00,2018-07-30T04:53:43+00:00,2018,False
5d81e11d-5015-4e33-9d10-68807d262d4c,55b33527-6ab6-45b9-b181-25e08e3da8e4,444814009,Viral sinusitis (disorder),,resolved,2015-02-18T04:53:43+00:00,2015-02-18T04:53:43+00:00,2015,False
bc2f3a71-58c0-44ff-8b74-c22f450680ca,55b33527-6ab6-45b9-b181-25e08e3da8e4,444814009,Viral sinusitis (disorder),,resolved,2020-03-15T04:53:43+00:00,2020-03-15T04:53:43+00:00,2020,False
d86ef837-094a-4d35-9343-580da144f7c3,55b33527-6ab6-45b9-b181-25e08e3da8e4,284549007,Laceration of hand,,resolved,2016-11-21T04:53:43+00:00,2016-11-21T04:53:43+00:00,2016,False
38be9f2f-66d3-42ce-88e2-bf5f9d754583,55b33527-6ab6-45b9-b181-25e08e3da8e4,44465007,Sprain of ankle,,resolved,2019-07-30T04:53:43+00:00,2019-07-30T04:53:43+00:00,2019,False
768f4db2-683d-4897-832c-800805222f37,55b33527-6ab6-45b9-b181-25e08e3da8e4,65363002,Otitis media,,resolved,2015-05-01T04:53:43+00:00,2015-05-01T04:53:43+00:00,2015,False
bc2f90f4-b7f6-4bc8-87c7-8bfefed55048,cf5f5ab6-3540-42ec-8c7c-c45f9f11ad2f,162864005,Body mass index 30+ - obesity (finding),,active,1990-04-20T07:02:12+00:00,1990-04-20T07:02:12+00:00,1990,True
e7fdee15-9c6b-41b0-a9de-d02687e2017d,cf5f5ab6-3540-42ec-8c7c-c45f9f11ad2f,262574004,Bullet wound,,active,2014-08-24T07:02:12+00:00,2014-08-24T07:02:12+00:00,2014,False
89023558-505f-4f30-9c20-c54ca67165b9,cf5f5ab6-3540-42ec-8c7c-c45f9f11ad2f,19169002,Miscarriage in first trimester,,active,1999-04-16T07:02:12+00:00,1999-04-16T07:02:12+00:00,1999,False
1904e80e-35a6-49ca-8cd2-79292d2b758b,cf5f5ab6-3540-42ec-8c7c-c45f9f11ad2f,15777000,Prediabetes,,active,1999-12-17T07:02:12+00:00,1999-12-17T07:02:12+00:00,1999,True
b7f6dc01-87f7-42d2-a463-dd5e38fa08bd,cf5f5ab6-3540-42ec-8c7c-c45f9f11ad2f,10509002,Acute bronchitis (disorder),,resolved,2011-10-06T07:02:12+00:00,2011-10-06T07:02:12+00:00,2011,False
cbf47468-b958-4d9c-b7ea-054f2a7f2129,cf5f5ab6-3540-42ec-8c7c-c45f9f11ad2f,55822004,Hyperlipidemia,,active,2009-02-06T07:02:12+00:00,2009-02-06T07:02:12+00:00,2009,True
fdf68e99-33c9-4efb-952f-5c8e01cb2c7c,cf5f5ab6-3540-42ec-8c7c-c45f9f11ad2f,271737000,Anemia (disorder),,active,1999-12-17T07:02:12+00:00,1999-12-17T07:02:12+00:00,1999,False
ff6c76f8-b3ac-49b5-8bc6-5f2d4c4f3151,bc1fe641-74ad-4eea-9f9b-5df10b94fc97,10509002,Acute bronchitis (disorder),,resolved,2014-03-01T05:34:59+00:00,2014-03-01T05:34:59+00:00,2014,False
3fe62738-9109-46cf-8b38-5bdbd4434e81,bc1fe641-74ad-4eea-9f9b-5df10b94fc97,62106007,Concussion with no loss of consciousness,,resolved,2012-06-17T05:34:59+00:00,2012-06-17T05:34:59+00:00,2012,False
65347b02-07e0-4f2c-a7ec-4c4b4c034d55,9df87ee4-4ade-45c5-8601-910e8ff9db99,53741008,Coronary Heart Disease,,active,1997-10-05T18:38:58+00:00,1997-10-05T18:38:58+00:00,1997,False
9fdbff4d-2e20-4f9d-afdb-05de9732fba7,9df87ee4-4ade-45c5-8601-910e8ff9db99,399211009,History of myocardial infarction (situation),,active,1997-03-02T18:38:58+00:00,1997-03-02T18:38:58+00:00,1997,False
888376f2-9f48-43c8-87b4-f77073a328cd,9df87ee4-4ade-45c5-8601-910e8ff9db99,162864005,Body mass index 30+ - obesity (finding),,active,1970-06-21T18:38:58+00:00,1970-06-21T18:38:58+00:00,1970,True
557638bd-e395-4618-89f7-cf1ece93f887,9df87ee4-4ade-45c5-8601-910e8ff9db99,88805009,Chronic congestive heart failure (disorder),,active,2012-05-27T18:38:58+00:00,2012-05-27T18:38:58+00:00,2012,True
c49ad991-4150-4427-a611-d9b2d8ed7b67,9df87ee4-4ade-45c5-8601-910e8ff9db99,26929004,Alzheimer's disease (disorder),,active,2006-07-02T18:38:58+00:00,2006-07-02T18:38:58+00:00,2006,False
1a6dcd66-536b-4c9b-b6d0-1bd9fc0cf821,9df87ee4-4ade-45c5-8601-910e8ff9db99,22298006,Myocardial Infarction,,active,1997-03-02T18:38:58+00:00,1997-03-02T18:38:58+00:00,1997,False
0ca3b7fc-068b-444f-ab72-fe7ab0f601a5,bfe0a5d7-986b-46ed-b355-9ca232c4688e,444814009,Viral sinusitis (disorder),,resolved,2016-10-13T09:11:40+00:00,2016-10-13T09:11:40+00:00,2016,False
23d7d04b-c33b-441e-9938-21dc214a01c8,bfe0a5d7-986b-46ed-b355-9ca232c4688e,239873007,Osteoarthritis of knee,,active,1971-04-29T09:11:40+00:00,1971-04-29T09:11:40+00:00,1971,True
2d5798ac-20fa-4135-ba13-00a466e5b7b6,bfe0a5d7-986b-46ed-b355-9ca232c4688e,284551006,Laceration of foot,,resolved,2019-05-11T09:11:40+00:00,2019-05-11T09:11:40+00:00,2019,False
4e676269-bd38-4f54-8aae-ab9dddc4ef5c,bfe0a5d7-986b-46ed-b355-9ca232c4688e,444814009,Viral sinusitis (disorder),,resolved,2014-08-06T09:11:40+00:00,2014-08-06T09:11:40+00:00,2014,False
c9fbfba8-bc64-4aa1-9593-55bd769be8e8,bfe0a5d7-986b-46ed-b355-9ca232c4688e,162864005,Body mass index 30+ - obesity (finding),,active,1958-07-18T09:11:40+00:00,1958-07-18T09:11:40+00:00,1958,True
5af5bff1-0b37-42ae-a237-cb2c383f4916,4abd4e21-7776-47bd-91c8-36ee607c1398,35999006,Blighted ovum,,resolved,2018-09-13T03:17:17+00:00,2018-09-13T03:17:17+00:00,2018,False
ef62a3aa-d491-4201-8317-85510f6e4fd3,4abd4e21-7776-47bd-91c8-36ee607c1398,19169002,Miscarriage in first trimester,,active,2018-09-13T03:17:17+00:00,2018-09-13T03:17:17+00:00,2018,False
f8547aaa-3f4a-4726-aae4-3ed4568a6452,4abd4e21-7776-47bd-91c8-36ee607c1398,444814009,Viral sinusitis (disorder),,resolved,2020-03-02T03:17:17+00:00,2020-03-02T03:17:17+00:00,2020,False
3dfdff2d-3fde-47af-ae0c-c577264783d7,4abd4e21-7776-47bd-91c8-36ee607c1398,72892002,Normal pregnancy,,resolved,2018-09-13T03:17:17+00:00,2018-09-13T03:17:17+00:00,2018,False
8e8d216e-2da1-4320-a841-6217bce83c28,4abd4e21-7776-47bd-91c8-36ee607c1398,72892002,Normal pregnancy,,resolved,2014-03-27T03:17:17+00:00,2014-03-27T03:17:17+00:00,2014,False
decaf4dc-061d-4c4a-847b-7063c45031d6,a6889c6d-6915-4fac-9d2f-fc6c42b3a82e,271737000,Anemia (disorder),,active,1955-07-09T19:20:06+00:00,1955-07-09T19:20:06+00:00,1955,False
f0390915-d879-4682-b2ea-ae83dd7a696c,a6889c6d-6915-4fac-9d2f-fc6c42b3a82e,444814009,Viral sinusitis (disorder),,resolved,1978-02-21T19:20:06+00:00,1978-02-21T19:20:06+00:00,1978,False
5da1bef5-b2e6-492b-a111-333598ccb8bc,a6889c6d-6915-4fac-9d2f-fc6c42b3a82e,40055000,Chronic sinusitis (disorder),,active,1923-12-09T19:20:06+00:00,1923-12-09T19:20:06+00:00,1923,False
bda3438a-14cf-4e6f-9594-3ed27c79dd41,a6889c6d-6915-4fac-9d2f-fc6c42b3a82e,88805009,Chronic congestive heart failure (disorder),,active,1979-07-06T19:20:06+00:00,1979-07-06T19:20:06+00:00,1979,True
834d755e-f424-442a-bd1d-4f4541c5604b,a6889c6d-6915-4fac-9d2f-fc6c42b3a82e,185086009,Chronic obstructive bronchitis (disorder),,active,1968-07-20T19:20:06+00:00,1968-07-20T19:20:06+00:00,1968,False
a469af1d-a602-48e5-bef2-adb96d483436,a6889c6d-6915-4fac-9d2f-fc6c42b3a82e,201834006,"Localized, primary osteoarthritis of the hand",,active,1963-06-21T19:20:06+00:00,1963-06-21T19:20:06+00:00,1963,True
c2eacf87-067e-40b1-95b0-aa4f643b85ce,a6889c6d-6915-4fac-9d2f-fc6c42b3a82e,15777000,Prediabetes,,active,1944-03-04T19:20:06+00:00,1944-03-04T19:20:06+00:00,1944,True
905ae485-e20a-439d-a9d6-022e685d0bd1,ba18818d-faef-44cd-9744-b12d8973d402,36971009,Sinusitis (disorder),,resolved,2017-08-14T02:43:19+00:00,2017-08-14T02:43:19+00:00,2017,False
9972ddd2-cd00-4638-b219-aee1c68ef0ea,ba18818d-faef-44cd-9744-b12d8973d402,128613002,Seizure disorder,,active,1959-11-28T02:43:19+00:00,1959-11-28T02:43:19+00:00,1959,False
525c4202-6617-47e2-ab6b-e0be4aa956df,ba18818d-faef-44cd-9744-b12d8973d402,162864005,Body mass index 30+ - obesity (finding),,active,1989-12-06T02:43:19+00:00,1989-12-06T02:43:19+00:00,1989,True
d6ac7e88-cb1a-4749-b7f5-a30014dbffb9,ba18818d-faef-44cd-9744-b12d8973d402,53741008,Coronary Heart Disease,,active,2013-02-13T02:43:19+00:00,2013-02-13T02:43:19+00:00,2013,False
dcb8d2df-e16e-41f6-a035-2bf1043645a8,ba18818d-faef-44cd-9744-b12d8973d402,15777000,Prediabetes,,active,1997-12-24T02:43:19+00:00,1997-12-24T02:43:19+00:00,1997,True
49209cc7-687a-40b0-b413-ddb5dc185b5e,ba18818d-faef-44cd-9744-b12d8973d402,703151001,History of single seizure (situation),,active,1959-11-28T02:43:19+00:00,1959-11-28T02:43:19+00:00,1959,False
9ece7099-7818-4bf1-84d7-cb142b3545c1,ba18818d-faef-44cd-9744-b12d8973d402,47693006,Rupture of appendix,,active,1951-12-02T02:43:19+00:00,1951-12-02T02:43:19+00:00,1951,False
c8072756-d3cc-4778-bbc8-556de810c103,ba18818d-faef-44cd-9744-b12d8973d402,74400008,Appendicitis,,active,1951-12-02T02:43:19+00:00,1951-12-02T02:43:19+00:00,1951,False
3dd0386c-4372-4dcd-bc43-d33c019c4ef4,ba18818d-faef-44cd-9744-b12d8973d402,84757009,Epilepsy,,active,1960-03-05T02:43:19+00:00,1960-03-05T02:43:19+00:00,1960,False
689f2292-2a09-48c9-b4bc-f54f62596a13,ba18818d-faef-44cd-9744-b12d8973d402,26929004,Alzheimer's disease (disorder),,active,2020-03-25T02:43:19+00:00,2020-03-25T02:43:19+00:00,2020,False
72790acd-b009-4d6d-861e-c1a066dac5e6,ba18818d-faef-44cd-9744-b12d8973d402,271737000,Anemia (disorder),,active,2001-12-12T02:43:19+00:00,2001-12-12T02:43:19+00:00,2001,False
1b7708c6-80ab-4f8e-8064-b14f90e5e004,ba18818d-faef-44cd-9744-b12d8973d402,428251008,History of appendectomy,,active,1951-12-02T02:43:19+00:00,1951-12-02T02:43:19+00:00,1951,False
a4524095-c563-458a-8fac-0f0b1917dcd1,ba18818d-faef-44cd-9744-b12d8973d402,38341003,Hypertension,,active,1968-04-03T02:43:19+00:00,1968-04-03T02:43:19+00:00,1968,True
68652f33-e95a-48d7-ab00-4e9e485a401b,d39173c2-7dc5-4a08-aba0-3f14f6b70d94,449868002,Smokes tobacco daily,,active,1970-11-03T19:08:38+00:00,1970-11-03T19:08:38+00:00,1970,False
ba1a9473-2ac1-4105-9d18-3c40dfedaabb,d39173c2-7dc5-4a08-aba0-3f14f6b70d94,314994000,Metastasis from malignant tumor of prostate (disorder),,active,2003-03-26T19:08:38+00:00,2003-03-26T19:08:38+00:00,2003,False
04a37cb5-02c3-4822-b31d-0e894c80e5df,d39173c2-7dc5-4a08-aba0-3f14f6b70d94,195662009,Acute viral pharyngitis (disorder),,resolved,2005-12-12T19:08:38+00:00,2005-12-12T19:08:38+00:00,2005,False
e2d8ebfe-4d1e-4b52-9ce1-c93b5574cd09,d39173c2-7dc5-4a08-aba0-3f14f6b70d94,15777000,Prediabetes,,active,1979-05-29T19:08:38+00:00,1979-05-29T19:08:38+00:00,1979,True
3bdd5e7d-10a5-4653-9a1e-a2604963097b,d39173c2-7dc5-4a08-aba0-3f14f6b70d94,126906006,Neoplasm of prostate,,active,2003-03-26T19:08:38+00:00,2003-03-26T19:08:38+00:00,2003,False
c7c48815-cb3d-4b6e-aad8-969c46d4ac05,d39173c2-7dc5-4a08-aba0-3f14f6b70d94,195662009,Acute viral pharyngitis (disorder),,resolved,2005-02-04T19:08:38+00:00,2005-02-04T19:08:38+00:00,2005,False
c6edb18e-5591-4899-aa47-b2fcc9dfd353,d39173c2-7dc5-4a08-aba0-3f14f6b70d94,444814009,Viral sinusitis (disorder),,resolved,2002-04-07T19:08:38+00:00,2002-04-07T19:08:38+00:00,2002,False
918983c2-50b8-44c1-b19d-df1e2b2adde5,d39173c2-7dc5-4a08-aba0-3f14f6b70d94,271737000,Anemia (disorder),,active,1986-08-19T19:08:38+00:00,1986-08-19T19:08:38+00:00,1986,False
9736f7d2-9adc-433b-9928-a052ea2bd292,d39173c2-7dc5-4a08-aba0-3f14f6b70d94,55822004,Hyperlipidemia,,active,1998-03-03T19:08:38+00:00,1998-03-03T19:08:38+00:00,1998,True
75f5887e-723c-43a2-9d2a-24528aef79c6,22d7a9b8-7756-4eb7-a95f-6e86e0c93761,195662009,Acute viral pharyngitis (disorder),,resolved,2013-07-31T21:19:24+00:00,2013-07-31T21:19:24+00:00,2013,False
4af18d27-1d76-47be-9dc1-efa7cc435e12,22d7a9b8-7756-4eb7-a95f-6e86e0c93761,162864005,Body mass index 30+ - obesity (finding),,active,2014-07-16T21:19:24+00:00,2014-07-16T21:19:24+00:00,2014,True
7b8b0a32-dee7-4582-957e-7abce465f6ab,22d7a9b8-7756-4eb7-a95f-6e86e0c93761,444814009,Viral sinusitis (disorder),,resolved,2017-03-20T21:19:24+00:00,2017-03-20T21:19:24+00:00,2017,False
d465a29a-cca0-4bd8-bf79-1b0cba9df7cc,22d7a9b8-7756-4eb7-a95f-6e86e0c93761,195662009,Acute viral pharyngitis (disorder),,resolved,2014-07-08T21:19:24+00:00,2014-07-08T21:19:24+00:00,2014,False
51375207-d088-4542-a0f5-f79e1445e94d,22d7a9b8-7756-4eb7-a95f-6e86e0c93761,53741008,Coronary Heart Disease,,active,2012-07-11T21:19:24+00:00,2012-07-11T21:19:24+00:00,2012,False
42bfe424-0205-4ffb-9e20-7f3ce4c4ad06,bf3cb50a-d753-4ddc-ad83-839250edcba9,446096008,Perennial allergic rhinitis,,active,2005-12-08T18:39:52+00:00,2005-12-08T18:39:52+00:00,2005,False
0e756cf6-43c7-4d47-ad26-d85dc0981c5e,bf3cb50a-d753-4ddc-ad83-839250edcba9,444814009,Viral sinusitis (disorder),,resolved,2020-11-28T18:39:52+00:00,2020-11-28T18:39:52+00:00,2020,False
588ee249-7827-4739-b2ca-4f3c5da08362,bf3cb50a-d753-4ddc-ad83-839250edcba9,62106007,Concussion with no loss of consciousness,,resolved,2020-01-02T18:39:52+00:00,2020-01-02T18:39:52+00:00,2020,False
49646c4e-6279-41d9-8217-ea6ed51f37ea,bf3cb50a-d753-4ddc-ad83-839250edcba9,24079001,Atopic dermatitis,,resolved,2003-01-08T18:39:52+00:00,2003-01-08T18:39:52+00:00,2003,False
aa661216-942e-4327-b471-6641570eed48,bf3cb50a-d753-4ddc-ad83-839250edcba9,444814009,Viral sinusitis (disorder),,resolved,2011-07-26T18:39:52+00:00,2011-07-26T18:39:52+00:00,2011,False
b6e36869-6d4e-4ec9-9c01-c751f11d35c5,bf3cb50a-d753-4ddc-ad83-839250edcba9,195662009,Acute viral pharyngitis (disorder),,resolved,2015-10-05T18:39:52+00:00,2015-10-05T18:39:52+00:00,2015,False
5117a33e-4afd-4bc6-8c86-b087838f12fd,bf3cb50a-d753-4ddc-ad83-839250edcba9,195662009,Acute viral pharyngitis (disorder),,resolved,2014-10-25T18:39:52+00:00,2014-10-25T18:39:52+00:00,2014,False
d4c410c4-3509-480c-9b7b-266679e7c25f,bf3cb50a-d753-4ddc-ad83-839250edcba9,195662009,Acute viral pharyngitis (disorder),,resolved,2013-09-19T18:39:52+00:00,2013-09-19T18:39:52+00:00,2013,False
24da1eb3-d4c0-4093-ae88-c5701f51795f,bf3cb50a-d753-4ddc-ad83-839250edcba9,10509002,Acute bronchitis (disorder),,resolved,2016-05-03T18:39:52+00:00,2016-05-03T18:39:52+00:00,2016,False
88003470-141b-4760-bd74-e42e99ed03a8,bf3cb50a-d753-4ddc-ad83-839250edcba9,10509002,Acute bronchitis (disorder),,resolved,2013-09-05T18:39:52+00:00,2013-09-05T18:39:52+00:00,2013,False
91811a8e-bb50-4989-bbcb-22653b9116c7,bf3cb50a-d753-4ddc-ad83-839250edcba9,10509002,Acute bronchitis (disorder),,resolved,2013-03-29T18:39:52+00:00,2013-03-29T18:39:52+00:00,2013,False
4a0467d6-f9bc-4f94-b0f3-9d9935bd27a9,616eaeb2-a67a-44e5-a7e6-9bbd85e47c5c,162864005,Body mass index 30+ - obesity (finding),,active,2016-03-16T20:15:35+00:00,2016-03-16T20:15:35+00:00,2016,True
6b8bcc89-5077-474a-b9eb-82fe0871a5c3,616eaeb2-a67a-44e5-a7e6-9bbd85e47c5c,444814009,Viral sinusitis (disorder),,resolved,2019-10-26T20:15:35+00:00,2019-10-26T20:15:35+00:00,2019,False
6900a4e4-45b7-4288-a56f-d4474e42b0dc,616eaeb2-a67a-44e5-a7e6-9bbd85e47c5c,444814009,Viral sinusitis (disorder),,resolved,2017-03-28T20:15:35+00:00,2017-03-28T20:15:35+00:00,2017,False
cf95b8be-e713-40b6-9789-d3fafd207079,45a69bf0-7116-4f9f-a1d9-29700439b4a4,230265002,Familial Alzheimer's disease of early onset (disorder),,active,2001-06-13T13:33:52+00:00,2001-06-13T13:33:52+00:00,2001,False
4040bb10-9c9d-4616-842b-43b9b71c434c,45a69bf0-7116-4f9f-a1d9-29700439b4a4,162864005,Body mass index 30+ - obesity (finding),,active,1995-01-18T13:33:52+00:00,1995-01-18T13:33:52+00:00,1995,True
856f081b-3ba5-425b-b239-7f08059700a4,45a69bf0-7116-4f9f-a1d9-29700439b4a4,284551006,Laceration of foot,,resolved,2007-05-21T13:33:52+00:00,2007-05-21T13:33:52+00:00,2007,False
de6a4fb8-6c13-410d-980f-6ab0d5067735,45a69bf0-7116-4f9f-a1d9-29700439b4a4,239872002,Osteoarthritis of hip,,active,1998-05-19T13:33:52+00:00,1998-05-19T13:33:52+00:00,1998,True
a405ac54-de90-45de-9445-ee8803cf0598,45a69bf0-7116-4f9f-a1d9-29700439b4a4,10509002,Acute bronchitis (disorder),,resolved,1998-05-02T13:33:52+00:00,1998-05-02T13:33:52+00:00,1998,False
780124dc-2b13-42f8-9a39-e7717f1f687f,0f49d2d0-59be-4f72-a22b-0a582367b44b,162864005,Body mass index 30+ - obesity (finding),,active,1981-09-20T06:58:56+00:00,1981-09-20T06:58:56+00:00,1981,True
b97ea741-c297-49c7-a1c6-314325de10ab,0f49d2d0-59be-4f72-a22b-0a582367b44b,88805009,Chronic congestive heart failure (disorder),,active,2015-09-15T06:58:56+00:00,2015-09-15T06:58:56+00:00,2015,True
14891f1e-51ca-4207-838c-1e310d185e39,0f49d2d0-59be-4f72-a22b-0a582367b44b,10509002,Acute bronchitis (disorder),,resolved,2008-05-30T06:58:56+00:00,2008-05-30T06:58:56+00:00,2008,False
374d78d6-95d8-47db-99fe-94b8d6f5c0de,ee9f8dd8-72d2-4769-8020-89e504b1504b,38341003,Hypertension,,active,2005-07-29T20:37:06+00:00,2005-07-29T20:37:06+00:00,2005,True
ad704e0b-c6c8-4cad-9aa6-99214197ffd0,d9427379-943a-42c1-b3d0-6b5056a12696,444814009,Viral sinusitis (disorder),,resolved,2016-01-26T04:14:01+00:00,2016-01-26T04:14:01+00:00,2016,False
054e014b-5a2e-4a4f-a150-e25f4a4a5273,d9427379-943a-42c1-b3d0-6b5056a12696,38341003,Hypertension,,active,1997-07-05T04:14:01+00:00,1997-07-05T04:14:01+00:00,1997,True
452eb617-c744-452b-b1a2-1e80847e6ac7,d9427379-943a-42c1-b3d0-6b5056a12696,44465007,Sprain of ankle,,resolved,2021-02-16T04:14:01+00:00,2021-02-16T04:14:01+00:00,2021,False
f7011324-8205-48e4-82a1-035f5868143c,fc5a70dc-3adf-4e0b-94b6-461f2d8c334f,10509002,Acute bronchitis (disorder),,resolved,2013-06-18T19:30:54+00:00,2013-06-18T19:30:54+00:00,2013,False
5f4ca6d3-c3a6-44dc-8e90-6bb42ed9de17,fc5a70dc-3adf-4e0b-94b6-461f2d8c334f,44465007,Sprain of ankle,,resolved,2017-01-26T19:30:54+00:00,2017-01-26T19:30:54+00:00,2017,False
b2aeda80-e944-4d1b-8877-f111ebfcd0d9,fc5a70dc-3adf-4e0b-94b6-461f2d8c334f,65363002,Otitis media,,resolved,2010-12-29T19:30:54+00:00,2010-12-29T19:30:54+00:00,2010,False
e1b4bfc3-84d3-4694-93e9-b38c30d1bb25,4ab63f42-aa13-45cb-86bf-bdec7ea43fd2,444814009,Viral sinusitis (disorder),,resolved,2019-06-09T23:44:32+00:00,2019-06-09T23:44:32+00:00,2019,False
3444ff11-c8f7-4857-b56d-83bbd04b184b,4ab63f42-aa13-45cb-86bf-bdec7ea43fd2,65966004,Fracture of forearm,,resolved,2012-06-07T23:44:32+00:00,2012-06-07T23:44:32+00:00,2012,False
b26224c9-a463-40f9-8c4e-133caddddf0b,cf842278-01a7-4be1-8830-22d8ba5991b1,195662009,Acute viral pharyngitis (disorder),,resolved,2019-06-19T05:02:05+00:00,2019-06-19T05:02:05+00:00,2019,False
86a03fbb-28c0-4b04-b8c0-1c1d197281d4,cf842278-01a7-4be1-8830-22d8ba5991b1,195662009,Acute viral pharyngitis (disorder),,resolved,2013-08-22T05:02:05+00:00,2013-08-22T05:02:05+00:00,2013,False
793875b8-fde4-4921-8c60-d0c414313374,cf842278-01a7-4be1-8830-22d8ba5991b1,43878008,Streptococcal sore throat (disorder),,resolved,2014-02-03T05:02:05+00:00,2014-02-03T05:02:05+00:00,2014,False
916288bc-1f04-48f3-90b1-a5b038a7b5d9,272539c2-e516-4f16-8f47-573923bf9924,65966004,Fracture of forearm,,resolved,2020-07-23T17:53:15+00:00,2020-07-23T17:53:15+00:00,2020,False
20a001a7-216b-4a12-b1be-c2643bcc8393,272539c2-e516-4f16-8f47-573923bf9924,75498004,Acute bacterial sinusitis (disorder),,resolved,2020-05-24T17:53:15+00:00,2020-05-24T17:53:15+00:00,2020,False
d1d4dc61-984f-40f2-b942-3b09cf8ca8e5,272539c2-e516-4f16-8f47-573923bf9924,40055000,Chronic sinusitis (disorder),,active,2020-06-21T17:53:15+00:00,2020-06-21T17:53:15+00:00,2020,False
0d81e8fa-cd24-438d-9d1b-6823663447c9,272539c2-e516-4f16-8f47-573923bf9924,284549007,Laceration of hand,,resolved,2018-08-12T17:53:15+00:00,2018-08-12T17:53:15+00:00,2018,False
dc51b491-9fe5-4733-8235-d5cb1630c156,272539c2-e516-4f16-8f47-573923bf9924,367498001,Seasonal allergic rhinitis,,active,2014-11-18T17:53:15+00:00,2014-11-18T17:53:15+00:00,2014,False
7209a4c9-9b04-49a5-9b93-3a0e7bd29c5d,272539c2-e516-4f16-8f47-573923bf9924,192127007,Child attention deficit disorder,,active,2020-11-09T17:53:15+00:00,2020-11-09T17:53:15+00:00,2020,False
ab4e1072-fa60-4a16-89c8-d4e616af1ad3,272539c2-e516-4f16-8f47-573923bf9924,241929008,Acute allergic reaction,,resolved,2013-09-07T17:53:15+00:00,2013-09-07T17:53:15+00:00,2013,False
c61a7a97-e9cb-4899-8fe5-cdcd2dfb28bd,272539c2-e516-4f16-8f47-573923bf9924,444814009,Viral sinusitis (disorder),,resolved,2019-09-15T17:53:15+00:00,2019-09-15T17:53:15+00:00,2019,False
f6f8befd-9349-4c2b-9b43-294c71bc82b8,274b7371-cb91-4b85-82a2-eabc4aa77779,58150001,Fracture of clavicle,,resolved,2015-11-28T20:33:20+00:00,2015-11-28T20:33:20+00:00,2015,False
a770ae94-aee8-4872-883e-4a7667927d6e,274b7371-cb91-4b85-82a2-eabc4aa77779,15777000,Prediabetes,,active,1977-06-03T20:33:20+00:00,1977-06-03T20:33:20+00:00,1977,True
70b32218-0506-42cb-917c-7d820a3afc7e,274b7371-cb91-4b85-82a2-eabc4aa77779,43878008,Streptococcal sore throat (disorder),,resolved,2020-01-26T20:33:20+00:00,2020-01-26T20:33:20+00:00,2020,False
54887cf9-c213-495f-b0e7-e42b44b6c245,274b7371-cb91-4b85-82a2-eabc4aa77779,195662009,Acute viral pharyngitis (disorder),,resolved,2019-01-23T20:33:20+00:00,2019-01-23T20:33:20+00:00,2019,False
22f0c77c-2648-42ac-9e04-5f32cdc02af2,274b7371-cb91-4b85-82a2-eabc4aa77779,43878008,Streptococcal sore throat (disorder),,resolved,2014-07-08T20:33:20+00:00,2014-07-08T20:33:20+00:00,2014,False
d616fe9a-d610-41b2-b6e1-dee83caa48bd,274b7371-cb91-4b85-82a2-eabc4aa77779,271737000,Anemia (disorder),,active,1978-07-28T20:33:20+00:00,1978-07-28T20:33:20+00:00,1978,False
0167f536-7e62-4001-845f-d94a6dc2d8ec,274b7371-cb91-4b85-82a2-eabc4aa77779,444814009,Viral sinusitis (disorder),,resolved,2014-12-16T20:33:20+00:00,2014-12-16T20:33:20+00:00,2014,False
33491433-d48c-4a7e-8a12-8e7e06379989,98ab6aa3-882b-4206-8a91-e9a8dfa69008,162864005,Body mass index 30+ - obesity (finding),,active,2018-09-20T13:11:35+00:00,2018-09-20T13:11:35+00:00,2018,True
14a3b7e1-47dd-49b4-8a9b-fb5093c3d468,98ab6aa3-882b-4206-8a91-e9a8dfa69008,43878008,Streptococcal sore throat (disorder),,resolved,2011-12-07T13:11:35+00:00,2011-12-07T13:11:35+00:00,2011,False
6ea1c56a-17e4-47a9-ba16-6122a73c643a,98ab6aa3-882b-4206-8a91-e9a8dfa69008,195662009,Acute viral pharyngitis (disorder),,resolved,2017-05-22T13:11:35+00:00,2017-05-22T13:11:35+00:00,2017,False
d178b20f-4708-46d9-9d6e-7384ae5914f3,98ab6aa3-882b-4206-8a91-e9a8dfa69008,58150001,Fracture of clavicle,,resolved,2014-11-01T13:11:35+00:00,2014-11-01T13:11:35+00:00,2014,False
3fbda298-a73a-4428-b659-b377d41030c4,98ab6aa3-882b-4206-8a91-e9a8dfa69008,239872002,Osteoarthritis of hip,,active,2019-09-06T13:11:35+00:00,2019-09-06T13:11:35+00:00,2019,True
cdca1aef-42b0-4d8e-97af-1965f965412e,53ead9ff-9ae0-432f-a314-017550d0420c,10509002,Acute bronchitis (disorder),,resolved,2011-11-03T16:12:57+00:00,2011-11-03T16:12:57+00:00,2011,False
c95176a2-f2fd-4aef-855d-3bc22ff6bbcd,d809375c-fef0-42fa-8529-603016123ea5,444814009,Viral sinusitis (disorder),,resolved,2011-05-20T10:07:20+00:00,2011-05-20T10:07:20+00:00,2011,False
e5a8fc55-c6d8-4767-8a4b-7f4398e8ffaa,d809375c-fef0-42fa-8529-603016123ea5,195662009,Acute viral pharyngitis (disorder),,resolved,2018-12-21T10:07:20+00:00,2018-12-21T10:07:20+00:00,2018,False
4cc8235b-c51f-4c0c-8088-37777ad67cff,d809375c-fef0-42fa-8529-603016123ea5,444814009,Viral sinusitis (disorder),,resolved,2012-02-10T10:07:20+00:00,2012-02-10T10:07:20+00:00,2012,False
d5967a92-77c0-4332-9a4f-bac028518e1c,d809375c-fef0-42fa-8529-603016123ea5,124171000119105,Chronic intractable migraine without aura,,active,2013-05-12T10:07:20+00:00,2013-05-12T10:07:20+00:00,2013,False
fc342d8d-0164-48a9-9406-0b74cb3f61c9,d809375c-fef0-42fa-8529-603016123ea5,72892002,Normal pregnancy,,resolved,2013-09-02T10:07:20+00:00,2013-09-02T10:07:20+00:00,2013,False
f7dd5c62-1d29-401d-8c2a-c9a9b31981f4,51764196-d9e4-4713-86a5-7bdc6847bd01,399211009,History of myocardial infarction (situation),,active,1997-12-22T09:28:35+00:00,1997-12-22T09:28:35+00:00,1997,False
165c9135-181e-4628-a417-ffb0de99f27f,51764196-d9e4-4713-86a5-7bdc6847bd01,47693006,Rupture of appendix,,active,1983-10-27T09:28:35+00:00,1983-10-27T09:28:35+00:00,1983,False
6ca8ebbe-457f-4865-9616-6d25de28ed72,51764196-d9e4-4713-86a5-7bdc6847bd01,74400008,Appendicitis,,active,1983-10-27T09:28:35+00:00,1983-10-27T09:28:35+00:00,1983,False
22b9ba0f-5ea0-4242-9ee0-d8b95c750d0c,51764196-d9e4-4713-86a5-7bdc6847bd01,22298006,Myocardial Infarction,,active,1997-12-22T09:28:35+00:00,1997-12-22T09:28:35+00:00,1997,False
3ad362fa-6b4c-42be-bb0c-cfb6f5e4e436,51764196-d9e4-4713-86a5-7bdc6847bd01,444814009,Viral sinusitis (disorder),,resolved,2016-09-05T09:28:35+00:00,2016-09-05T09:28:35+00:00,2016,False
38bc3950-47d2-46d8-9c61-b6d8e151056f,51764196-d9e4-4713-86a5-7bdc6847bd01,195662009,Acute viral pharyngitis (disorder),,resolved,2017-01-30T09:28:35+00:00,2017-01-30T09:28:35+00:00,2017,False
ef39bc70-350f-41de-807e-54a806292671,51764196-d9e4-4713-86a5-7bdc6847bd01,53741008,Coronary Heart Disease,,active,1987-06-22T09:28:35+00:00,1987-06-22T09:28:35+00:00,1987,False
a022d599-9e99-4e98-bd39-e4d48dfb3216,51764196-d9e4-4713-86a5-7bdc6847bd01,428251008,History of appendectomy,,active,1983-10-27T09:28:35+00:00,1983-10-27T09:28:35+00:00,1983,False
88c1a11c-6ac6-4186-be77-ec47433762da,51764196-d9e4-4713-86a5-7bdc6847bd01,10509002,Acute bronchitis (disorder),,resolved,2014-09-28T09:28:35+00:00,2014-09-28T09:28:35+00:00,2014,False
1ef59d42-ec8b-44b7-b3bd-f3d1136e6cf8,51764196-d9e4-4713-86a5-7bdc6847bd01,40055000,Chronic sinusitis (disorder),,active,1965-10-03T09:28:35+00:00,1965-10-03T09:28:35+00:00,1965,False
b8ee3b0b-84dd-42ac-afa5-e40729c705e3,e2d08f86-4813-4f3a-971f-87c09e0ec0c7,444814009,Viral sinusitis (disorder),,resolved,2014-12-09T14:37:55+00:00,2014-12-09T14:37:55+00:00,2014,False
bcf3ac38-fdbc-4fff-bfdc-9b1dac601cf1,e2d08f86-4813-4f3a-971f-87c09e0ec0c7,195662009,Acute viral pharyngitis (disorder),,resolved,2018-06-23T14:37:55+00:00,2018-06-23T14:37:55+00:00,2018,False
337d6d69-1df2-4ccc-a4e8-f5b41dfa4191,e2d08f86-4813-4f3a-971f-87c09e0ec0c7,195662009,Acute viral pharyngitis (disorder),,resolved,2011-07-17T14:37:55+00:00,2011-07-17T14:37:55+00:00,2011,False
78935944-9ae0-4007-bd9b-686c09beb649,c931bf62-c468-49f1-9ef7-93ccbc949a87,75498004,Acute bacterial sinusitis (disorder),,resolved,2014-12-25T20:32:10+00:00,2014-12-25T20:32:10+00:00,2014,False
9aac4b85-8b89-47f4-bdd6-ac36a0ce0b5d,c931bf62-c468-49f1-9ef7-93ccbc949a87,195662009,Acute viral pharyngitis (disorder),,resolved,2013-09-23T20:32:10+00:00,2013-09-23T20:32:10+00:00,2013,False
a091cef2-8135-4a5f-be56-9bf853780418,c931bf62-c468-49f1-9ef7-93ccbc949a87,38341003,Hypertension,,active,1992-09-26T20:32:10+00:00,1992-09-26T20:32:10+00:00,1992,True
ca8b76a1-fb3d-403c-aaa0-1ba571b401bb,c931bf62-c468-49f1-9ef7-93ccbc949a87,40055000,Chronic sinusitis (disorder),,active,2015-01-22T20:32:10+00:00,2015-01-22T20:32:10+00:00,2015,False
87b3e4ba-1853-40fa-9631-10dec81eab8c,c931bf62-c468-49f1-9ef7-93ccbc949a87,162864005,Body mass index 30+ - obesity (finding),,active,2014-02-01T20:32:10+00:00,2014-02-01T20:32:10+00:00,2014,True
53165efd-5ef7-4b11-900a-e9ea13020ede,c931bf62-c468-49f1-9ef7-93ccbc949a87,444814009,Viral sinusitis (disorder),,resolved,2019-04-01T20:32:10+00:00,2019-04-01T20:32:10+00:00,2019,False
03ae262c-7507-4cae-b9c5-95adbb768672,4e9ac5eb-f87d-4c8d-80d0-07d9a01c94d1,68496003,Polyp of colon,,resolved,2015-06-30T02:42:26+00:00,2015-06-30T02:42:26+00:00,2015,False
6d0f438d-bf0b-4234-a2b3-769e09809084,4e9ac5eb-f87d-4c8d-80d0-07d9a01c94d1,283371005,Laceration of forearm,,resolved,2018-06-01T02:42:26+00:00,2018-06-01T02:42:26+00:00,2018,False
9ca7f00d-12a8-4b0e-8032-4ad768a05843,d4dd52b4-152b-4748-9abd-6cc91a9e2be1,162864005,Body mass index 30+ - obesity (finding),,active,1999-04-22T16:37:44+00:00,1999-04-22T16:37:44+00:00,1999,True
9329d32b-35a4-4329-914a-67b40ed2cdb5,d4dd52b4-152b-4748-9abd-6cc91a9e2be1,70704007,Sprain of wrist,,resolved,2012-09-18T16:37:44+00:00,2012-09-18T16:37:44+00:00,2012,False
f05207fa-fa42-4858-8eae-123bc99ce87c,d4dd52b4-152b-4748-9abd-6cc91a9e2be1,195662009,Acute viral pharyngitis (disorder),,resolved,2020-02-05T16:37:44+00:00,2020-02-05T16:37:44+00:00,2020,False
1a3707b5-efcb-4aff-8fff-bb784fad1acb,d4dd52b4-152b-4748-9abd-6cc91a9e2be1,444814009,Viral sinusitis (disorder),,resolved,2016-01-31T16:37:44+00:00,2016-01-31T16:37:44+00:00,2016,False
cb014367-be57-4ab4-9ef0-26be9bc6a9d0,d4dd52b4-152b-4748-9abd-6cc91a9e2be1,15777000,Prediabetes,,active,2019-06-13T16:37:44+00:00,2019-06-13T16:37:44+00:00,2019,True
2cd71892-618e-4658-b311-6b85e7c0eb1d,d4dd52b4-152b-4748-9abd-6cc91a9e2be1,38341003,Hypertension,,active,1992-04-09T16:37:44+00:00,1992-04-09T16:37:44+00:00,1992,True
0a8dfe5d-faf1-46a0-b85d-5d504374c9ab,d4dd52b4-152b-4748-9abd-6cc91a9e2be1,55680006,Drug overdose,,active,1993-11-18T16:37:44+00:00,1993-11-18T16:37:44+00:00,1993,False
bc9fef52-8fc1-49d8-94b1-a9376f173e45,76e3464d-4f85-4cbf-af90-0866063056cc,403191005,Second degree burn,,resolved,2021-01-12T16:30:19+00:00,2021-01-12T16:30:19+00:00,2021,False
ec63427d-608c-41a7-a07b-8411f000dfe6,76e3464d-4f85-4cbf-af90-0866063056cc,162864005,Body mass index 30+ - obesity (finding),,active,2015-09-09T16:30:19+00:00,2015-09-09T16:30:19+00:00,2015,True
f0cb29bf-16a7-4dea-892c-b7c72e6bd9c7,76e3464d-4f85-4cbf-af90-0866063056cc,10509002,Acute bronchitis (disorder),,resolved,2012-06-17T16:30:19+00:00,2012-06-17T16:30:19+00:00,2012,False
befab1ed-1a16-4c73-b32d-c05b0dc07332,76e3464d-4f85-4cbf-af90-0866063056cc,10509002,Acute bronchitis (disorder),,resolved,2020-06-27T16:30:19+00:00,2020-06-27T16:30:19+00:00,2020,False
35957f34-31b2-4b64-a909-9c6453cc0150,f46d1649-8a02-4de8-8cff-f76fae267d3a,444814009,Viral sinusitis (disorder),,resolved,2015-11-29T05:19:57+00:00,2015-11-29T05:19:57+00:00,2015,False
40bb0a5b-628a-4d2f-9a64-7e4e1a363906,f46d1649-8a02-4de8-8cff-f76fae267d3a,271737000,Anemia (disorder),,active,1976-01-05T05:19:57+00:00,1976-01-05T05:19:57+00:00,1976,False
64d90c44-cdfe-460c-a99b-0c3181213a95,f46d1649-8a02-4de8-8cff-f76fae267d3a,230690007,Stroke,,active,2007-11-19T05:19:57+00:00,2007-11-19T05:19:57+00:00,2007,False
0582c77b-52f2-46ef-bccc-4ebf05f844f3,f46d1649-8a02-4de8-8cff-f76fae267d3a,53741008,Coronary Heart Disease,,active,2018-12-24T05:19:57+00:00,2018-12-24T05:19:57+00:00,2018,False
3cf80490-42d8-441c-9fe5-916e8236bda1,f46d1649-8a02-4de8-8cff-f76fae267d3a,40055000,Chronic sinusitis (disorder),,active,1968-03-21T05:19:57+00:00,1968-03-21T05:19:57+00:00,1968,False
68a1578d-ee54-470d-8fec-53780c9a1611,f46d1649-8a02-4de8-8cff-f76fae267d3a,38341003,Hypertension,,active,1931-03-09T05:19:57+00:00,1931-03-09T05:19:57+00:00,1931,True
8ecc5800-80e9-4eeb-bdb7-4ca2a109c139,f46d1649-8a02-4de8-8cff-f76fae267d3a,43878008,Streptococcal sore throat (disorder),,resolved,2014-03-22T05:19:57+00:00,2014-03-22T05:19:57+00:00,2014,False
6f408c14-7d52-4e2f-a7e9-890121bad549,f46d1649-8a02-4de8-8cff-f76fae267d3a,49436004,Atrial Fibrillation,,active,1992-12-21T05:19:57+00:00,1992-12-21T05:19:57+00:00,1992,True
c2c1106a-e942-4edc-befe-807f163ec260,f46d1649-8a02-4de8-8cff-f76fae267d3a,83664006,Idiopathic atrophic hypothyroidism,,active,1976-01-05T05:19:57+00:00,1976-01-05T05:19:57+00:00,1976,True
b10776a0-658a-4597-bd79-0bf173601e1c,f46d1649-8a02-4de8-8cff-f76fae267d3a,162864005,Body mass index 30+ - obesity (finding),,active,1957-01-28T05:19:57+00:00,1957-01-28T05:19:57+00:00,1957,True
3470e79c-2cbf-4110-be38-d540c38dfd0a,f1f26587-7199-4c0f-880d-d9cd0799ac15,162864005,Body mass index 30+ - obesity (finding),,active,2019-07-05T04:47:46+00:00,2019-07-05T04:47:46+00:00,2019,True
cee5229a-9cc7-46d7-b327-798e84fcc9a9,f1f26587-7199-4c0f-880d-d9cd0799ac15,10509002,Acute bronchitis (disorder),,resolved,2014-06-08T04:47:46+00:00,2014-06-08T04:47:46+00:00,2014,False
57f08c1a-76e4-4d9b-9a42-f5a7df309176,f1f26587-7199-4c0f-880d-d9cd0799ac15,38341003,Hypertension,,active,2016-07-01T04:47:46+00:00,2016-07-01T04:47:46+00:00,2016,True
9d984487-a0bf-4c8d-aef1-2ef0a1471db6,3d6cdb4d-8387-4e3d-97ca-f01c30122329,75498004,Acute bacterial sinusitis (disorder),,resolved,2018-05-07T04:37:16+00:00,2018-05-07T04:37:16+00:00,2018,False
ef0c5afc-5595-4d49-9387-66f0d8ba8316,3d6cdb4d-8387-4e3d-97ca-f01c30122329,24079001,Atopic dermatitis,,active,2008-09-17T04:37:16+00:00,2008-09-17T04:37:16+00:00,2008,False
053c4666-45da-47ac-bf33-3a4d231e376f,3d6cdb4d-8387-4e3d-97ca-f01c30122329,444814009,Viral sinusitis (disorder),,resolved,2017-03-14T04:37:16+00:00,2017-03-14T04:37:16+00:00,2017,False
a0567bc2-71e7-452a-8e24-8fec5afbaa6a,3d6cdb4d-8387-4e3d-97ca-f01c30122329,444814009,Viral sinusitis (disorder),,resolved,2013-11-16T04:37:16+00:00,2013-11-16T04:37:16+00:00,2013,False
bc013612-d409-4341-b8ee-14c2f7cea1ae,3d6cdb4d-8387-4e3d-97ca-f01c30122329,195662009,Acute viral pharyngitis (disorder),,resolved,2018-08-20T04:37:16+00:00,2018-08-20T04:37:16+00:00,2018,False
19a35e6b-435d-4137-81bd-e8900be9bc96,3d6cdb4d-8387-4e3d-97ca-f01c30122329,444814009,Viral sinusitis (disorder),,resolved,2013-02-23T04:37:16+00:00,2013-02-23T04:37:16+00:00,2013,False
4bd10f28-b20e-4bf7-8d64-6fe2c2e16728,3d6cdb4d-8387-4e3d-97ca-f01c30122329,43878008,Streptococcal sore throat (disorder),,resolved,2019-10-26T04:37:16+00:00,2019-10-26T04:37:16+00:00,2019,False
00770be5-8d97-44b6-95bf-4320ee57c09a,3d6cdb4d-8387-4e3d-97ca-f01c30122329,370247008,Facial laceration,,resolved,2012-12-09T04:37:16+00:00,2012-12-09T04:37:16+00:00,2012,False
7ea3bf86-97a8-45a9-a108-c8ac3ff826e1,79c96478-7878-4703-9e94-b999f2bc3295,75498004,Acute bacterial sinusitis (disorder),,resolved,2017-02-04T19:47:23+00:00,2017-02-04T19:47:23+00:00,2017,False
6248675c-e328-4f03-ab75-f1b559b68c13,79c96478-7878-4703-9e94-b999f2bc3295,38341003,Hypertension,,active,1990-10-09T19:47:23+00:00,1990-10-09T19:47:23+00:00,1990,True
e4f7aec5-7d48-49f9-856f-f3b398329da3,79c96478-7878-4703-9e94-b999f2bc3295,232353008,Perennial allergic rhinitis with seasonal variation,,active,1977-04-24T19:47:23+00:00,1977-04-24T19:47:23+00:00,1977,False
7562af48-cfa9-4c01-a8c9-b4922745e3be,79c96478-7878-4703-9e94-b999f2bc3295,444814009,Viral sinusitis (disorder),,resolved,2016-07-12T19:47:23+00:00,2016-07-12T19:47:23+00:00,2016,False
0a8bfe7f-01b5-44e0-95b5-5be55a8a67c9,79c96478-7878-4703-9e94-b999f2bc3295,43878008,Streptococcal sore throat (disorder),,resolved,2012-07-10T19:47:23+00:00,2012-07-10T19:47:23+00:00,2012,False
dd6db086-1425-4ad5-aa4e-5d3d981ed1f7,79c96478-7878-4703-9e94-b999f2bc3295,239872002,Osteoarthritis of hip,,active,2010-04-09T19:47:23+00:00,2010-04-09T19:47:23+00:00,2010,True
f740caab-18d3-4138-ac7b-2a0fb4d9f84d,79c96478-7878-4703-9e94-b999f2bc3295,444814009,Viral sinusitis (disorder),,resolved,2011-12-09T19:47:23+00:00,2011-12-09T19:47:23+00:00,2011,False
d9104689-d166-4fa8-ba23-1bb915362222,8a6f7e61-55dc-4dc3-bf12-b3531b690b05,65363002,Otitis media,,active,2021-02-25T00:46:35+00:00,2021-02-25T00:46:35+00:00,2021,False
12efde97-c1c4-4b55-84ee-830eb19dc422,8a6f7e61-55dc-4dc3-bf12-b3531b690b05,65363002,Otitis media,,resolved,2020-09-22T00:46:35+00:00,2020-09-22T00:46:35+00:00,2020,False
16b70697-069d-416c-bb37-cded01125568,8a6f7e61-55dc-4dc3-bf12-b3531b690b05,65363002,Otitis media,,resolved,2019-01-18T00:46:35+00:00,2019-01-18T00:46:35+00:00,2019,False
2a71b691-e136-4035-9abb-37ddad8400c4,8a6f7e61-55dc-4dc3-bf12-b3531b690b05,16114001,Fracture of ankle,,resolved,2019-04-18T00:46:35+00:00,2019-04-18T00:46:35+00:00,2019,False
836e6e8c-ea8a-4d5b-972c-dfab762adcec,8a6f7e61-55dc-4dc3-bf12-b3531b690b05,10509002,Acute bronchitis (disorder),,resolved,2020-11-09T00:46:35+00:00,2020-11-09T00:46:35+00:00,2020,False
ae827118-afbd-4465-aaa9-37dfbca1e5a1,f70bdfe3-5925-4ab5-bf9b-6369d2004eeb,444814009,Viral sinusitis (disorder),,resolved,2000-08-13T07:21:10+00:00,2000-08-13T07:21:10+00:00,2000,False
b7245aa6-aa30-4622-ab42-ed07c0cb38f1,f70bdfe3-5925-4ab5-bf9b-6369d2004eeb,82423001,Chronic pain,,active,1993-04-27T07:21:10+00:00,1993-04-27T07:21:10+00:00,1993,False
f1b57023-1c07-4ad9-91ee-8c2b6871445f,f70bdfe3-5925-4ab5-bf9b-6369d2004eeb,410429000,Cardiac Arrest,,active,2006-05-08T07:21:10+00:00,2006-05-08T07:21:10+00:00,2006,False
42097650-841f-4fec-b204-60a26489de4a,f70bdfe3-5925-4ab5-bf9b-6369d2004eeb,53741008,Coronary Heart Disease,,active,1990-11-19T07:21:10+00:00,1990-11-19T07:21:10+00:00,1990,False
d80ad7f0-cd71-43ca-9730-673935d5668a,f70bdfe3-5925-4ab5-bf9b-6369d2004eeb,55680006,Drug overdose,,active,1997-05-05T07:21:10+00:00,1997-05-05T07:21:10+00:00,1997,False
6a5806ae-b53d-4a35-b69b-b8ebf016f48a,f70bdfe3-5925-4ab5-bf9b-6369d2004eeb,429007001,History of cardiac arrest (situation),,active,2006-05-08T07:21:10+00:00,2006-05-08T07:21:10+00:00,2006,False
94d1479b-7f53-4259-b7b9-9cf5ec790f1b,2c4e4abf-b81d-4791-9046-7cdff816061f,44465007,Sprain of ankle,,resolved,2019-05-05T09:38:05+00:00,2019-05-05T09:38:05+00:00,2019,False
7ec1712f-1372-4e0d-9456-296b316da2c0,2c4e4abf-b81d-4791-9046-7cdff816061f,444814009,Viral sinusitis (disorder),,resolved,2016-08-31T09:38:05+00:00,2016-08-31T09:38:05+00:00,2016,False
9a6d2235-3a7f-4cd8-b013-9507362168c0,2c4e4abf-b81d-4791-9046-7cdff816061f,195662009,Acute viral pharyngitis (disorder),,resolved,2015-02-19T09:38:05+00:00,2015-02-19T09:38:05+00:00,2015,False
fc798ea5-0847-4d02-ac85-bd22e83096ae,2c4e4abf-b81d-4791-9046-7cdff816061f,43878008,Streptococcal sore throat (disorder),,resolved,2013-07-15T09:38:05+00:00,2013-07-15T09:38:05+00:00,2013,False
d3ffee3d-64f3-41b6-a323-3251dac8ddd1,2c4e4abf-b81d-4791-9046-7cdff816061f,271737000,Anemia (disorder),,active,1982-11-24T09:38:05+00:00,1982-11-24T09:38:05+00:00,1982,False
a21d495b-f820-4624-a5a8-c3ef966d15ab,2c4e4abf-b81d-4791-9046-7cdff816061f,15777000,Prediabetes,,active,1982-11-24T09:38:05+00:00,1982-11-24T09:38:05+00:00,1982,True
7daae8b2-b646-46b3-ae98-151d48f60728,f03992c7-caa3-4534-9776-8e83259bb98e,156073000,Fetus with unknown complication,,resolved,2012-04-04T10:46:22+00:00,2012-04-04T10:46:22+00:00,2012,False
918437aa-2dc5-4df4-bc85-69e05b6550d5,f03992c7-caa3-4534-9776-8e83259bb98e,19169002,Miscarriage in first trimester,,active,1992-12-30T10:46:22+00:00,1992-12-30T10:46:22+00:00,1992,False
fab1fdd7-f434-4872-addd-c25ca1cb0987,f03992c7-caa3-4534-9776-8e83259bb98e,124171000119105,Chronic intractable migraine without aura,,active,2008-09-14T10:46:22+00:00,2008-09-14T10:46:22+00:00,2008,False
2813c969-7d03-4db9-98c3-3cbdda032c85,f03992c7-caa3-4534-9776-8e83259bb98e,65363002,Otitis media,,resolved,2014-10-18T10:46:22+00:00,2014-10-18T10:46:22+00:00,2014,False
9fcade1b-fae0-4357-9452-03997d8e0272,f03992c7-caa3-4534-9776-8e83259bb98e,162864005,Body mass index 30+ - obesity (finding),,active,2004-08-11T10:46:22+00:00,2004-08-11T10:46:22+00:00,2004,True
89629252-172f-4c81-bc55-eca27b887d84,f03992c7-caa3-4534-9776-8e83259bb98e,62106007,Concussion with no loss of consciousness,,resolved,2011-10-09T10:46:22+00:00,2011-10-09T10:46:22+00:00,2011,False
49b35625-3cca-448d-8c7b-33b0e07bbc7d,f03992c7-caa3-4534-9776-8e83259bb98e,38341003,Hypertension,,active,1982-07-21T10:46:22+00:00,1982-07-21T10:46:22+00:00,1982,True
08f11d8d-74d4-4fb4-aa1f-09fa2816456a,f03992c7-caa3-4534-9776-8e83259bb98e,68496003,Polyp of colon,,resolved,2014-02-12T10:46:22+00:00,2014-02-12T10:46:22+00:00,2014,False
a53bb68b-e20f-4e4d-b2d6-f56d487f97d9,f03992c7-caa3-4534-9776-8e83259bb98e,10509002,Acute bronchitis (disorder),,resolved,2013-05-28T10:46:22+00:00,2013-05-28T10:46:22+00:00,2013,False
898ad046-ca57-4cc5-9f83-26f7255026bd,f03992c7-caa3-4534-9776-8e83259bb98e,72892002,Normal pregnancy,,resolved,2012-04-04T10:46:22+00:00,2012-04-04T10:46:22+00:00,2012,False
43f2598f-89ae-4f1c-8ced-46d930b8bc6c,f03992c7-caa3-4534-9776-8e83259bb98e,195662009,Acute viral pharyngitis (disorder),,resolved,2013-09-21T10:46:22+00:00,2013-09-21T10:46:22+00:00,2013,False
21299346-7373-41c6-903a-9f5d737858e6,f03992c7-caa3-4534-9776-8e83259bb98e,70704007,Sprain of wrist,,resolved,2015-10-18T10:46:22+00:00,2015-10-18T10:46:22+00:00,2015,False
23adb513-5956-4a30-9f8c-7ffad6777014,fdc61ab3-9be9-412c-b470-dfa65cb5e6e6,10509002,Acute bronchitis (disorder),,resolved,2018-06-20T04:27:08+00:00,2018-06-20T04:27:08+00:00,2018,False
9d2dd599-f5c1-43de-8495-5377818eda62,fdc61ab3-9be9-412c-b470-dfa65cb5e6e6,195662009,Acute viral pharyngitis (disorder),,resolved,2019-09-27T04:27:08+00:00,2019-09-27T04:27:08+00:00,2019,False
ca182272-bf36-46b3-bc65-4fe0215019c6,fdc61ab3-9be9-412c-b470-dfa65cb5e6e6,19169002,Miscarriage in first trimester,,active,2000-09-29T04:27:08+00:00,2000-09-29T04:27:08+00:00,2000,False
dae79ed9-73c6-4c8c-825e-2c4771c36aaa,f2012e2f-8631-476e-94a8-57ec2ae01d2e,444814009,Viral sinusitis (disorder),,resolved,2018-07-25T03:55:27+00:00,2018-07-25T03:55:27+00:00,2018,False
630c79c4-ac60-4ece-90d2-2a500cd3fe81,f2012e2f-8631-476e-94a8-57ec2ae01d2e,10509002,Acute bronchitis (disorder),,resolved,2019-11-15T03:55:27+00:00,2019-11-15T03:55:27+00:00,2019,False
c2b91834-f83d-45d6-a561-6bfe85d14633,f2012e2f-8631-476e-94a8-57ec2ae01d2e,10509002,Acute bronchitis (disorder),,resolved,2015-07-17T03:55:27+00:00,2015-07-17T03:55:27+00:00,2015,False
cbd0f83f-d98b-4265-a25c-134c44e890c5,f2012e2f-8631-476e-94a8-57ec2ae01d2e,195662009,Acute viral pharyngitis (disorder),,resolved,2020-01-02T03:55:27+00:00,2020-01-02T03:55:27+00:00,2020,False
950bda9e-71d6-4137-8882-75b474c14828,f2012e2f-8631-476e-94a8-57ec2ae01d2e,40055000,Chronic sinusitis (disorder),,active,1980-02-19T03:55:27+00:00,1980-02-19T03:55:27+00:00,1980,False
6f2abf12-7975-4b43-81fd-329544a68abf,f2012e2f-8631-476e-94a8-57ec2ae01d2e,19169002,Miscarriage in first trimester,,active,1973-02-18T03:55:27+00:00,1973-02-18T03:55:27+00:00,1973,False
9b8f40bd-02cd-4941-810c-46ceac95af09,f2012e2f-8631-476e-94a8-57ec2ae01d2e,15777000,Prediabetes,,active,1983-03-06T03:55:27+00:00,1983-03-06T03:55:27+00:00,1983,True
4eb502a1-69ea-4e37-8860-1c4d3266dd14,31e064cb-7fff-42ba-b8be-f56531f4eb1f,444814009,Viral sinusitis (disorder),,resolved,2016-04-29T20:53:23+00:00,2016-04-29T20:53:23+00:00,2016,False
d8b883bd-6748-4d15-afd9-1278b7fcef2f,31e064cb-7fff-42ba-b8be-f56531f4eb1f,195662009,Acute viral pharyngitis (disorder),,resolved,2012-01-14T20:53:23+00:00,2012-01-14T20:53:23+00:00,2012,False
0e13c186-c3b2-4185-98e0-40f27590012b,31e064cb-7fff-42ba-b8be-f56531f4eb1f,36971009,Sinusitis (disorder),,resolved,2013-01-13T20:53:23+00:00,2013-01-13T20:53:23+00:00,2013,False
aaa8e036-98f8-400c-884c-4fe9b6ed8fe9,31e064cb-7fff-42ba-b8be-f56531f4eb1f,162864005,Body mass index 30+ - obesity (finding),,active,2011-01-07T20:53:23+00:00,2011-01-07T20:53:23+00:00,2011,True
90e43a3e-f796-4e6c-aafc-8ad5a0d370ce,31e064cb-7fff-42ba-b8be-f56531f4eb1f,239873007,Osteoarthritis of knee,,active,2021-02-09T20:53:23+00:00,2021-02-09T20:53:23+00:00,2021,True
6de23579-646a-47df-951b-8590e553d3ea,31e064cb-7fff-42ba-b8be-f56531f4eb1f,58150001,Fracture of clavicle,,resolved,2013-02-15T20:53:23+00:00,2013-02-15T20:53:23+00:00,2013,False
ece29919-a2ee-4fa3-9c23-a647aca698b7,31e064cb-7fff-42ba-b8be-f56531f4eb1f,195662009,Acute viral pharyngitis (disorder),,resolved,2013-11-19T20:53:23+00:00,2013-11-19T20:53:23+00:00,2013,False
890984f7-d4e9-4288-b80c-8f894ea68554,31e064cb-7fff-42ba-b8be-f56531f4eb1f,40055000,Chronic sinusitis (disorder),,active,2013-01-27T20:53:23+00:00,2013-01-27T20:53:23+00:00,2013,False
1d617025-ff85-416f-b277-a4645e05cdb9,6d6dfbdb-0a26-45c9-95f3-5c30ae39c2cd,162864005,Body mass index 30+ - obesity (finding),,active,2010-03-06T20:27:04+00:00,2010-03-06T20:27:04+00:00,2010,True
a90b796a-b208-4ff8-82ad-e6f4dbaea1e5,6d6dfbdb-0a26-45c9-95f3-5c30ae39c2cd,444814009,Viral sinusitis (disorder),,resolved,2013-01-06T20:27:04+00:00,2013-01-06T20:27:04+00:00,2013,False
2c7e4a01-4b1f-4a8c-814a-ec66228e35f0,6d6dfbdb-0a26-45c9-95f3-5c30ae39c2cd,38341003,Hypertension,,active,1986-02-08T20:27:04+00:00,1986-02-08T20:27:04+00:00,1986,True
f8143972-6c72-4ad0-9362-bf5de2fb696f,6d6dfbdb-0a26-45c9-95f3-5c30ae39c2cd,283385000,Laceration of thigh,,resolved,2015-10-05T20:27:04+00:00,2015-10-05T20:27:04+00:00,2015,False
8ff6d14c-e351-4468-a93c-ce60fab3bc96,7e8fa5f4-2b82-42f4-ac84-546a11500bf5,444814009,Viral sinusitis (disorder),,resolved,2014-01-30T09:57:58+00:00,2014-01-30T09:57:58+00:00,2014,False
5044e32b-2e44-4dd4-88d6-7b9cdddd58fe,7e8fa5f4-2b82-42f4-ac84-546a11500bf5,444814009,Viral sinusitis (disorder),,resolved,2015-07-17T09:57:58+00:00,2015-07-17T09:57:58+00:00,2015,False
d3b7faa4-e5ca-43af-981c-5f21418f82ac,7e8fa5f4-2b82-42f4-ac84-546a11500bf5,40055000,Chronic sinusitis (disorder),,active,2008-11-20T09:57:58+00:00,2008-11-20T09:57:58+00:00,2008,False
357a9747-eec8-4324-a0b5-49d7401cbfce,7e8fa5f4-2b82-42f4-ac84-546a11500bf5,10509002,Acute bronchitis (disorder),,resolved,2012-11-19T09:57:58+00:00,2012-11-19T09:57:58+00:00,2012,False
3e0c8cce-8d21-4ca8-8da9-4b007169b2b3,3f76db0e-4f33-4ded-b815-1500f47618f4,195662009,Acute viral pharyngitis (disorder),,resolved,2020-04-23T00:21:59+00:00,2020-04-23T00:21:59+00:00,2020,False
15c413ce-2d60-4f46-8cb0-8abd8102740d,3f76db0e-4f33-4ded-b815-1500f47618f4,44465007,Sprain of ankle,,resolved,2020-05-31T00:21:59+00:00,2020-05-31T00:21:59+00:00,2020,False
18803c9a-cc5d-485a-9d60-98c577aecd1a,a656ed17-26cc-47cb-981e-22207719cc22,195662009,Acute viral pharyngitis (disorder),,resolved,2018-03-05T09:13:12+00:00,2018-03-05T09:13:12+00:00,2018,False
539faddd-5e8e-42a0-a801-eefd689c49f8,a656ed17-26cc-47cb-981e-22207719cc22,10509002,Acute bronchitis (disorder),,resolved,2011-04-15T09:13:12+00:00,2011-04-15T09:13:12+00:00,2011,False
0eedfc44-9bdc-405a-a0c0-1eb5fcb741fc,a656ed17-26cc-47cb-981e-22207719cc22,16114001,Fracture of ankle,,resolved,2018-12-03T09:13:12+00:00,2018-12-03T09:13:12+00:00,2018,False
d8fcd461-cb7c-47b0-b07e-00bbed6ba916,bae2bf00-eca1-47fb-bb43-272f8de1449c,237602007,Metabolic syndrome X (disorder),,active,2020-10-09T19:28:31+00:00,2020-10-09T19:28:31+00:00,2020,False
2a989ece-0168-4eef-9c25-40e6ae3a0fd2,bae2bf00-eca1-47fb-bb43-272f8de1449c,703151001,History of single seizure (situation),,active,1976-01-16T19:28:31+00:00,1976-01-16T19:28:31+00:00,1976,False
5411e9e7-c1b6-4c80-ada7-ceca32234e34,bae2bf00-eca1-47fb-bb43-272f8de1449c,10509002,Acute bronchitis (disorder),,resolved,2019-06-16T19:28:31+00:00,2019-06-16T19:28:31+00:00,2019,False
f30e72ea-084d-47dc-9dcd-5ceb328884af,bae2bf00-eca1-47fb-bb43-272f8de1449c,84757009,Epilepsy,,active,1976-01-16T19:28:31+00:00,1976-01-16T19:28:31+00:00,1976,False
21952250-5050-45f9-856c-7e27be5f24bf,bae2bf00-eca1-47fb-bb43-272f8de1449c,162864005,Body mass index 30+ - obesity (finding),,active,2013-03-08T19:28:31+00:00,2013-03-08T19:28:31+00:00,2013,True
ae7c4a66-6789-49d4-bb91-729dbef6dff7,bae2bf00-eca1-47fb-bb43-272f8de1449c,128613002,Seizure disorder,,active,1976-01-16T19:28:31+00:00,1976-01-16T19:28:31+00:00,1976,False
8a69a588-1cf3-49b3-bcc1-29201eca2383,bae2bf00-eca1-47fb-bb43-272f8de1449c,44054006,Diabetes,,active,2020-01-31T19:28:31+00:00,2020-01-31T19:28:31+00:00,2020,True
31367235-0621-4e72-b5a7-338050c67932,bae2bf00-eca1-47fb-bb43-272f8de1449c,446096008,Perennial allergic rhinitis,,active,1981-01-21T19:28:31+00:00,1981-01-21T19:28:31+00:00,1981,False
4916630c-fd07-43b8-81ba-fff31022941e,bae2bf00-eca1-47fb-bb43-272f8de1449c,201834006,"Localized, primary osteoarthritis of the hand",,active,2021-01-04T19:28:31+00:00,2021-01-04T19:28:31+00:00,2021,True
96a928db-e9b2-4648-a247-7ce9a3a42031,bae2bf00-eca1-47fb-bb43-272f8de1449c,444814009,Viral sinusitis (disorder),,resolved,2020-10-05T19:28:31+00:00,2020-10-05T19:28:31+00:00,2020,False
cd96624b-a05f-45cc-8e37-e06205a51e38,bae2bf00-eca1-47fb-bb43-272f8de1449c,444814009,Viral sinusitis (disorder),,resolved,2012-05-30T19:28:31+00:00,2012-05-30T19:28:31+00:00,2012,False
a449961d-c76e-4bcf-bb6a-2b8ad3502a77,bae2bf00-eca1-47fb-bb43-272f8de1449c,302870006,Hypertriglyceridemia (disorder),,active,2020-10-09T19:28:31+00:00,2020-10-09T19:28:31+00:00,2020,False
6f24ed0c-64d5-43c7-ba49-322672001b3f,ad5f593e-8dc6-41f9-b458-74843e268431,53741008,Coronary Heart Disease,,active,1976-05-18T04:46:42+00:00,1976-05-18T04:46:42+00:00,1976,False
f2df76bf-3d64-4721-92db-eaaa263c76f3,ad5f593e-8dc6-41f9-b458-74843e268431,444814009,Viral sinusitis (disorder),,resolved,1969-04-28T04:46:42+00:00,1969-04-28T04:46:42+00:00,1969,False
4f4275e4-aa19-4b6d-9dfb-6b7b1f7106b2,ad5f593e-8dc6-41f9-b458-74843e268431,444814009,Viral sinusitis (disorder),,resolved,1969-01-14T04:46:42+00:00,1969-01-14T04:46:42+00:00,1969,False
45e40ed0-4464-4521-aad4-316774bbe768,ad5f593e-8dc6-41f9-b458-74843e268431,399211009,History of myocardial infarction (situation),,active,1976-07-06T04:46:42+00:00,1976-07-06T04:46:42+00:00,1976,False
5103fa20-c8cf-45b4-8809-ace5859a1825,ad5f593e-8dc6-41f9-b458-74843e268431,444814009,Viral sinusitis (disorder),,resolved,1970-10-18T04:46:42+00:00,1970-10-18T04:46:42+00:00,1970,False
f68d4a9d-77f0-4532-ae90-fd2c5e0ad940,ad5f593e-8dc6-41f9-b458-74843e268431,43878008,Streptococcal sore throat (disorder),,resolved,1975-02-20T04:46:42+00:00,1975-02-20T04:46:42+00:00,1975,False
844fbc33-627a-4b04-b03b-ba1a4ea15010,ad5f593e-8dc6-41f9-b458-74843e268431,10509002,Acute bronchitis (disorder),,resolved,1976-05-06T04:46:42+00:00,1976-05-06T04:46:42+00:00,1976,False
3873fc68-cd67-4bac-92e6-61404cddfa06,ad5f593e-8dc6-41f9-b458-74843e268431,70704007,Sprain of wrist,,resolved,1971-08-03T04:46:42+00:00,1971-08-03T04:46:42+00:00,1971,False
b804fb89-15d4-4717-8132-0db0630f8302,ad5f593e-8dc6-41f9-b458-74843e268431,10509002,Acute bronchitis (disorder),,resolved,1972-07-11T04:46:42+00:00,1972-07-11T04:46:42+00:00,1972,False
ea1933e8-d303-44f0-93ba-398fddd89024,ad5f593e-8dc6-41f9-b458-74843e268431,75498004,Acute bacterial sinusitis (disorder),,resolved,1975-06-29T04:46:42+00:00,1975-06-29T04:46:42+00:00,1975,False
66f6d65d-892f-40d1-a712-a6fb0d5681c8,ad5f593e-8dc6-41f9-b458-74843e268431,444814009,Viral sinusitis (disorder),,resolved,1973-06-16T04:46:42+00:00,1973-06-16T04:46:42+00:00,1973,False
b9f2db63-481a-443f-86fe-b6020a3eccdc,ad5f593e-8dc6-41f9-b458-74843e268431,40055000,Chronic sinusitis (disorder),,active,1956-06-19T04:46:42+00:00,1956-06-19T04:46:42+00:00,1956,False
dfdeb19a-8371-4db2-a70e-68abce146e75,ad5f593e-8dc6-41f9-b458-74843e268431,43878008,Streptococcal sore throat (disorder),,resolved,1968-12-11T04:46:42+00:00,1968-12-11T04:46:42+00:00,1968,False
f4785e90-498d-4394-8acf-eb0b93ec97ef,ad5f593e-8dc6-41f9-b458-74843e268431,22298006,Myocardial Infarction,,active,1976-07-06T04:46:42+00:00,1976-07-06T04:46:42+00:00,1976,False
3efb0aad-3189-4526-848b-40125bd2f90a,15e2659f-d069-4b26-8a61-9bd62694d8e0,64859006,Osteoporosis (disorder),,active,2012-07-20T02:10:31+00:00,2012-07-20T02:10:31+00:00,2012,False
cee40f79-e6ab-412c-93f0-1ff498f1124f,15e2659f-d069-4b26-8a61-9bd62694d8e0,10509002,Acute bronchitis (disorder),,resolved,2017-01-27T02:10:31+00:00,2017-01-27T02:10:31+00:00,2017,False
7c498f62-a45a-41b3-b992-5ff26a043de0,15e2659f-d069-4b26-8a61-9bd62694d8e0,19169002,Miscarriage in first trimester,,active,1961-12-22T02:10:31+00:00,1961-12-22T02:10:31+00:00,1961,False
dba82685-e099-48d8-b8fd-0c3c0e7739ef,15e2659f-d069-4b26-8a61-9bd62694d8e0,55822004,Hyperlipidemia,,active,1998-05-01T02:10:31+00:00,1998-05-01T02:10:31+00:00,1998,True
3a525a12-f150-4560-852f-d11d7bf4b676,15e2659f-d069-4b26-8a61-9bd62694d8e0,283371005,Laceration of forearm,,resolved,2012-03-05T02:10:31+00:00,2012-03-05T02:10:31+00:00,2012,False
80c05630-41e7-4dc1-a40b-02483e6906da,620346f3-d278-44c7-85c1-0d24ab1f7ca3,65363002,Otitis media,,resolved,2017-02-07T02:42:41+00:00,2017-02-07T02:42:41+00:00,2017,False
13f02b1d-45d4-47b7-ac47-a7c1af6a076a,75846ad8-d173-4824-b414-f4d15f0963a3,195662009,Acute viral pharyngitis (disorder),,resolved,2013-06-05T05:22:30+00:00,2013-06-05T05:22:30+00:00,2013,False
86d2d257-bf28-4283-947e-196ae1b5b473,75846ad8-d173-4824-b414-f4d15f0963a3,43878008,Streptococcal sore throat (disorder),,resolved,2011-08-02T05:22:30+00:00,2011-08-02T05:22:30+00:00,2011,False
02f4773f-a95d-41f2-8396-a3cedd5ec38d,75846ad8-d173-4824-b414-f4d15f0963a3,195662009,Acute viral pharyngitis (disorder),,resolved,2021-03-09T05:22:30+00:00,2021-03-09T05:22:30+00:00,2021,False
62286ba6-63fc-4672-b051-a69270df9554,75846ad8-d173-4824-b414-f4d15f0963a3,10509002,Acute bronchitis (disorder),,resolved,2016-09-05T05:22:30+00:00,2016-09-05T05:22:30+00:00,2016,False
cd744e6f-7cb3-4fa7-921b-e67b0e95ad84,806be451-d26f-436c-829c-9da92bde28f0,271737000,Anemia (disorder),,active,2012-12-19T17:10:31+00:00,2012-12-19T17:10:31+00:00,2012,False
ea4b4836-27fe-4615-9a83-8904288a7e94,806be451-d26f-436c-829c-9da92bde28f0,444814009,Viral sinusitis (disorder),,resolved,2017-09-23T17:10:31+00:00,2017-09-23T17:10:31+00:00,2017,False
a8d18071-2739-49e2-8b08-1b4d0d33afa6,806be451-d26f-436c-829c-9da92bde28f0,196416002,Impacted molars,,active,2015-11-17T17:10:31+00:00,2015-11-17T17:10:31+00:00,2015,False
1a67a03f-d456-47c4-8588-051e2556df27,806be451-d26f-436c-829c-9da92bde28f0,58150001,Fracture of clavicle,,resolved,2015-10-08T17:10:31+00:00,2015-10-08T17:10:31+00:00,2015,False
60f8fd5e-29bb-4749-86e3-662d417e7b72,806be451-d26f-436c-829c-9da92bde28f0,444814009,Viral sinusitis (disorder),,resolved,2015-05-24T17:10:31+00:00,2015-05-24T17:10:31+00:00,2015,False
241a5d94-4abb-4d6d-b84b-96182adf62c9,806be451-d26f-436c-829c-9da92bde28f0,44465007,Sprain of ankle,,resolved,2013-10-04T17:10:31+00:00,2013-10-04T17:10:31+00:00,2013,False
ddf4ff5f-b7f8-43b3-9b0e-95624e7e3fb7,806be451-d26f-436c-829c-9da92bde28f0,15777000,Prediabetes,,active,2012-12-19T17:10:31+00:00,2012-12-19T17:10:31+00:00,2012,True
b0a58bdb-18dd-485f-97cb-b16364a9efa3,be23efb3-8311-4cb1-aa2e-a7bc9958f442,444814009,Viral sinusitis (disorder),,resolved,2017-11-01T16:59:14+00:00,2017-11-01T16:59:14+00:00,2017,False
f2f2f5b8-5708-4ecf-ac1e-f7f8f69beeaf,be23efb3-8311-4cb1-aa2e-a7bc9958f442,10509002,Acute bronchitis (disorder),,resolved,2013-12-28T16:59:14+00:00,2013-12-28T16:59:14+00:00,2013,False
74a4eead-d168-42aa-810d-9c77180ceec2,be23efb3-8311-4cb1-aa2e-a7bc9958f442,162864005,Body mass index 30+ - obesity (finding),,active,2004-04-10T16:59:14+00:00,2004-04-10T16:59:14+00:00,2004,True
2d55fe9d-0974-4c47-9aa7-aa1a97554bad,be23efb3-8311-4cb1-aa2e-a7bc9958f442,195662009,Acute viral pharyngitis (disorder),,resolved,2016-09-02T16:59:14+00:00,2016-09-02T16:59:14+00:00,2016,False
201539b7-18f6-4c4d-968e-ce7e842cecda,7a1d7980-05d3-48ab-a3eb-48ac40a5db6d,65363002,Otitis media,,resolved,2019-11-12T00:49:23+00:00,2019-11-12T00:49:23+00:00,2019,False
b6ce51b8-f11c-4ad4-8122-67f16b50bb64,7a1d7980-05d3-48ab-a3eb-48ac40a5db6d,10509002,Acute bronchitis (disorder),,resolved,2019-04-17T00:49:23+00:00,2019-04-17T00:49:23+00:00,2019,False
0fcc1e31-f80d-45a0-aeae-5b936dff7bfb,7a1d7980-05d3-48ab-a3eb-48ac40a5db6d,241929008,Acute allergic reaction,,resolved,2020-06-09T00:49:23+00:00,2020-06-09T00:49:23+00:00,2020,False
d92df503-9825-40d2-9816-84af59215346,7a1d7980-05d3-48ab-a3eb-48ac40a5db6d,195662009,Acute viral pharyngitis (disorder),,resolved,2019-04-19T00:49:23+00:00,2019-04-19T00:49:23+00:00,2019,False
1b5583da-5a82-41ab-b61a-2362a001519c,d5457ac9-b89e-4b36-9632-568eec511981,79586000,Tubal pregnancy,,active,2006-02-13T20:04:48+00:00,2006-02-13T20:04:48+00:00,2006,False
a72eb625-f9bd-4714-9397-247f13f6b906,d5457ac9-b89e-4b36-9632-568eec511981,19169002,Miscarriage in first trimester,,active,2005-03-28T20:04:48+00:00,2005-03-28T20:04:48+00:00,2005,False
a5883c83-daa4-4ae2-bd76-83caaa037699,d5457ac9-b89e-4b36-9632-568eec511981,53741008,Coronary Heart Disease,,active,2011-02-14T20:04:48+00:00,2011-02-14T20:04:48+00:00,2011,False
843e1954-a094-4e1d-ab99-b1eaf5d8e172,d5457ac9-b89e-4b36-9632-568eec511981,398254007,Preeclampsia,,resolved,2012-05-28T20:04:48+00:00,2012-05-28T20:04:48+00:00,2012,False
38660908-7912-4a17-94b5-a803ecc9b464,d5457ac9-b89e-4b36-9632-568eec511981,444814009,Viral sinusitis (disorder),,resolved,2019-02-27T20:04:48+00:00,2019-02-27T20:04:48+00:00,2019,False
fb0f4702-f156-4219-913d-453a28a71d5f,d5457ac9-b89e-4b36-9632-568eec511981,444814009,Viral sinusitis (disorder),,resolved,2016-04-13T20:04:48+00:00,2016-04-13T20:04:48+00:00,2016,False
738b0b97-217d-4b63-b8f1-fba65dd16724,d5457ac9-b89e-4b36-9632-568eec511981,444814009,Viral sinusitis (disorder),,resolved,2012-01-15T20:04:48+00:00,2012-01-15T20:04:48+00:00,2012,False
3c441047-30c9-41b2-8c98-e73d187656f0,d5457ac9-b89e-4b36-9632-568eec511981,72892002,Normal pregnancy,,resolved,2014-09-22T20:04:48+00:00,2014-09-22T20:04:48+00:00,2014,False
168fed60-f741-413e-b4fe-85422f535a81,d5457ac9-b89e-4b36-9632-568eec511981,72892002,Normal pregnancy,,resolved,2014-03-31T20:04:48+00:00,2014-03-31T20:04:48+00:00,2014,False
1f52349a-ed6c-4068-8bc4-184cec255c78,d5457ac9-b89e-4b36-9632-568eec511981,72892002,Normal pregnancy,,resolved,2013-04-22T20:04:48+00:00,2013-04-22T20:04:48+00:00,2013,False
1fcaab5e-2659-4aac-9e10-97d1612f316e,d5457ac9-b89e-4b36-9632-568eec511981,72892002,Normal pregnancy,,resolved,2011-12-12T20:04:48+00:00,2011-12-12T20:04:48+00:00,2011,False
459e91e0-1362-45ad-a0f5-86b181205b90,b3166d04-e777-4bbf-97fb-b1f0b49ec35d,62106007,Concussion with no loss of consciousness,,active,2021-02-07T16:59:44+00:00,2021-02-07T16:59:44+00:00,2021,False
7345a024-5412-4c85-a5aa-71c7401c5e30,b3166d04-e777-4bbf-97fb-b1f0b49ec35d,43878008,Streptococcal sore throat (disorder),,resolved,2013-04-28T16:59:44+00:00,2013-04-28T16:59:44+00:00,2013,False
5c7a3bd5-153d-4a8f-b070-b262daf3bb59,b3166d04-e777-4bbf-97fb-b1f0b49ec35d,263102004,Fracture subluxation of wrist,,resolved,2011-09-07T16:59:44+00:00,2011-09-07T16:59:44+00:00,2011,False
a93c5fdc-f41c-420f-973b-5e101e63bb18,b3166d04-e777-4bbf-97fb-b1f0b49ec35d,444814009,Viral sinusitis (disorder),,resolved,2020-02-28T16:59:44+00:00,2020-02-28T16:59:44+00:00,2020,False
3630a978-11f3-4fe6-980d-b48ae15b9cee,b3166d04-e777-4bbf-97fb-b1f0b49ec35d,403191005,Second degree burn,,resolved,2012-08-02T16:59:44+00:00,2012-08-02T16:59:44+00:00,2012,False
b5ff1e78-40ea-46d8-9ddf-357a19279fa5,e3fe3889-3e2c-4285-a923-448be93a8e73,36971009,Sinusitis (disorder),,resolved,2014-04-01T11:50:40+00:00,2014-04-01T11:50:40+00:00,2014,False
154d70b6-50d6-4f7a-b2c6-e500ee1305a7,e3fe3889-3e2c-4285-a923-448be93a8e73,40055000,Chronic sinusitis (disorder),,active,2014-04-22T11:50:40+00:00,2014-04-22T11:50:40+00:00,2014,False
e280b1e6-3623-446e-8eb6-21e6f4a0a856,e3fe3889-3e2c-4285-a923-448be93a8e73,162864005,Body mass index 30+ - obesity (finding),,active,2014-04-10T11:50:40+00:00,2014-04-10T11:50:40+00:00,2014,True
4487c12f-3e28-4773-a1f7-7c95779e1da7,e3fe3889-3e2c-4285-a923-448be93a8e73,283371005,Laceration of forearm,,resolved,2013-10-10T11:50:40+00:00,2013-10-10T11:50:40+00:00,2013,False
edcb027d-2587-46af-a874-178a3894842f,ebb1f0e2-4fa6-4889-a43b-9cda3c737078,35999006,Blighted ovum,,resolved,2017-07-23T22:26:37+00:00,2017-07-23T22:26:37+00:00,2017,False
72c1acc6-dea7-4582-8fe4-ee14a4fc192b,ebb1f0e2-4fa6-4889-a43b-9cda3c737078,302870006,Hypertriglyceridemia (disorder),,active,2016-04-24T22:26:37+00:00,2016-04-24T22:26:37+00:00,2016,False
44b4aac3-fc78-42bb-9849-d5a1dfe979b7,ebb1f0e2-4fa6-4889-a43b-9cda3c737078,198992004,Antepartum eclampsia,,resolved,2011-10-16T22:26:37+00:00,2011-10-16T22:26:37+00:00,2011,False
b7019e69-748b-4019-95a9-24707e5a0592,ebb1f0e2-4fa6-4889-a43b-9cda3c737078,80394007,Hyperglycemia (disorder),,active,2016-04-24T22:26:37+00:00,2016-04-24T22:26:37+00:00,2016,False
7b888da7-37d2-489f-968b-afe24acf2df8,ebb1f0e2-4fa6-4889-a43b-9cda3c737078,162864005,Body mass index 30+ - obesity (finding),,active,2007-04-15T22:26:37+00:00,2007-04-15T22:26:37+00:00,2007,True
7a41e65a-1585-442c-961b-097b47490ae4,ebb1f0e2-4fa6-4889-a43b-9cda3c737078,271737000,Anemia (disorder),,active,2016-04-24T22:26:37+00:00,2016-04-24T22:26:37+00:00,2016,False
4892c42b-4403-4e64-9383-fb3426b6a904,ebb1f0e2-4fa6-4889-a43b-9cda3c737078,82423001,Chronic pain,,active,2014-06-14T22:26:37+00:00,2014-06-14T22:26:37+00:00,2014,False
8fb82887-fe11-4f69-806b-ac865528b743,ebb1f0e2-4fa6-4889-a43b-9cda3c737078,237602007,Metabolic syndrome X (disorder),,active,2016-04-24T22:26:37+00:00,2016-04-24T22:26:37+00:00,2016,False
7aeec179-10f1-486f-97c7-272904d69bc2,ebb1f0e2-4fa6-4889-a43b-9cda3c737078,72892002,Normal pregnancy,,resolved,2017-07-23T22:26:37+00:00,2017-07-23T22:26:37+00:00,2017,False
3d0772f1-d668-47da-af12-a3cdc6845c82,ebb1f0e2-4fa6-4889-a43b-9cda3c737078,15777000,Prediabetes,,active,2016-04-24T22:26:37+00:00,2016-04-24T22:26:37+00:00,2016,True
5e511d6f-d952-43f4-8fe7-2e94e701656c,ebb1f0e2-4fa6-4889-a43b-9cda3c737078,19169002,Miscarriage in first trimester,,active,2017-07-23T22:26:37+00:00,2017-07-23T22:26:37+00:00,2017,False
be11f7ad-3dd4-4bf5-812e-67707879dcff,ebb1f0e2-4fa6-4889-a43b-9cda3c737078,10509002,Acute bronchitis (disorder),,resolved,2015-09-21T22:26:37+00:00,2015-09-21T22:26:37+00:00,2015,False
aafa470f-a8ec-4994-a420-430328a29993,ebb1f0e2-4fa6-4889-a43b-9cda3c737078,72892002,Normal pregnancy,,resolved,2013-09-01T22:26:37+00:00,2013-09-01T22:26:37+00:00,2013,False
e0770133-998b-45c0-940c-5e68060cc7eb,ebb1f0e2-4fa6-4889-a43b-9cda3c737078,72892002,Normal pregnancy,,resolved,2011-04-03T22:26:37+00:00,2011-04-03T22:26:37+00:00,2011,False
681199da-f2e1-45e6-80f2-7a1fb9e668f2,ebb1f0e2-4fa6-4889-a43b-9cda3c737078,44054006,Diabetes,,active,2013-04-21T22:26:37+00:00,2013-04-21T22:26:37+00:00,2013,True
89287c9a-9626-4cce-b722-b232fc556eea,33fe8be3-339f-4c63-904e-101edba71ab5,444814009,Viral sinusitis (disorder),,resolved,2019-09-21T11:50:19+00:00,2019-09-21T11:50:19+00:00,2019,False
8a1e1cd3-af3d-44a5-9320-623a66347629,33fe8be3-339f-4c63-904e-101edba71ab5,195662009,Acute viral pharyngitis (disorder),,resolved,2016-10-13T11:50:19+00:00,2016-10-13T11:50:19+00:00,2016,False
b83d25e8-7daa-4cc5-8fca-e2a9a444989b,33fe8be3-339f-4c63-904e-101edba71ab5,38341003,Hypertension,,active,1999-03-27T11:50:19+00:00,1999-03-27T11:50:19+00:00,1999,True
ae98360c-1222-4db3-9db2-8e464a1a0687,33fe8be3-339f-4c63-904e-101edba71ab5,16114001,Fracture of ankle,,resolved,2012-05-07T11:50:19+00:00,2012-05-07T11:50:19+00:00,2012,False
0e78cc79-7ca9-4117-9f4d-d31e66561517,33fe8be3-339f-4c63-904e-101edba71ab5,198992004,Antepartum eclampsia,,resolved,2013-07-13T11:50:19+00:00,2013-07-13T11:50:19+00:00,2013,False
c7f0590e-6ea6-4d0a-99fe-c605270ce216,33fe8be3-339f-4c63-904e-101edba71ab5,72892002,Normal pregnancy,,resolved,2019-09-14T11:50:19+00:00,2019-09-14T11:50:19+00:00,2019,False
41487a56-3a22-4162-b880-b6504ac16594,33fe8be3-339f-4c63-904e-101edba71ab5,72892002,Normal pregnancy,,resolved,2015-06-13T11:50:19+00:00,2015-06-13T11:50:19+00:00,2015,False
1fc4f4dc-88f9-4179-89b2-ff40c79573c2,33fe8be3-339f-4c63-904e-101edba71ab5,72892002,Normal pregnancy,,resolved,2014-01-18T11:50:19+00:00,2014-01-18T11:50:19+00:00,2014,False
fbb1b5b1-d9a7-4e14-a49e-e834cf89eb90,33fe8be3-339f-4c63-904e-101edba71ab5,72892002,Normal pregnancy,,resolved,2012-12-29T11:50:19+00:00,2012-12-29T11:50:19+00:00,2012,False
a80ebb67-951f-4fe0-95d5-85b0ef54154a,8008b382-91cc-468f-95e5-7d6982b7ebb9,65363002,Otitis media,,resolved,2011-04-30T04:55:29+00:00,2011-04-30T04:55:29+00:00,2011,False
e1748652-400e-4039-ab75-cbde66e80f7a,8008b382-91cc-468f-95e5-7d6982b7ebb9,444814009,Viral sinusitis (disorder),,resolved,2017-04-06T04:55:29+00:00,2017-04-06T04:55:29+00:00,2017,False
03d3a577-10cc-42e9-a9fb-bf8c3caceded,8008b382-91cc-468f-95e5-7d6982b7ebb9,444814009,Viral sinusitis (disorder),,resolved,2011-09-19T04:55:29+00:00,2011-09-19T04:55:29+00:00,2011,False
4075a03c-b52d-44ee-8cd8-dfb2040a6f33,8008b382-91cc-468f-95e5-7d6982b7ebb9,10509002,Acute bronchitis (disorder),,resolved,2015-02-24T04:55:29+00:00,2015-02-24T04:55:29+00:00,2015,False
f72d731c-055d-47dc-b87d-1afba6da585d,8008b382-91cc-468f-95e5-7d6982b7ebb9,49436004,Atrial Fibrillation,,active,2018-03-19T04:55:29+00:00,2018-03-19T04:55:29+00:00,2018,True
94cbe48b-d9e1-4488-a1da-265fd4af2c38,8008b382-91cc-468f-95e5-7d6982b7ebb9,26929004,Alzheimer's disease (disorder),,active,2020-03-30T04:55:29+00:00,2020-03-30T04:55:29+00:00,2020,False
ad896a72-e35d-4a3a-a677-4dcf2d456d01,71a8a403-9ec4-4677-96f6-5a1f53c89da0,713197008,Recurrent rectal polyp,,active,2014-04-03T16:54:01+00:00,2014-04-03T16:54:01+00:00,2014,False
2e106a25-e387-42c2-bf67-5ef36d44091f,71a8a403-9ec4-4677-96f6-5a1f53c89da0,68496003,Polyp of colon,,resolved,1992-03-19T16:54:01+00:00,1992-03-19T16:54:01+00:00,1992,False
284c3c07-3913-40df-9ffb-9ec9ea35fcf7,71a8a403-9ec4-4677-96f6-5a1f53c89da0,162864005,Body mass index 30+ - obesity (finding),,active,1981-07-23T16:54:01+00:00,1981-07-23T16:54:01+00:00,1981,True
046cab96-fa9e-42e7-84f0-6c3bb7e6c6cf,71a8a403-9ec4-4677-96f6-5a1f53c89da0,271737000,Anemia (disorder),,active,2014-04-07T16:54:01+00:00,2014-04-07T16:54:01+00:00,2014,False
f444e449-adb6-4c33-8b5c-59c7432af422,71a8a403-9ec4-4677-96f6-5a1f53c89da0,38341003,Hypertension,,active,1960-04-14T16:54:01+00:00,1960-04-14T16:54:01+00:00,1960,True
5ec70139-94dc-4858-ad0e-86d7e1499037,71a8a403-9ec4-4677-96f6-5a1f53c89da0,68496003,Polyp of colon,,active,2013-03-09T16:54:01+00:00,2013-03-09T16:54:01+00:00,2013,False
92afd749-88ee-41ff-9ef3-12f8deb5702a,71a8a403-9ec4-4677-96f6-5a1f53c89da0,109838007,Overlapping malignant neoplasm of colon,,resolved,2014-04-07T16:54:01+00:00,2014-04-07T16:54:01+00:00,2014,False
280b756d-3348-45f4-bda2-e8a252a73d7b,5b6f6c39-f3ac-443a-859b-9ace3335e4a8,64859006,Osteoporosis (disorder),,active,1999-01-12T10:10:39+00:00,1999-01-12T10:10:39+00:00,1999,False
2c5f46b3-d696-4f8e-9a5a-dbaafe478941,5b6f6c39-f3ac-443a-859b-9ace3335e4a8,75498004,Acute bacterial sinusitis (disorder),,resolved,1994-04-17T10:10:39+00:00,1994-04-17T10:10:39+00:00,1994,False
51dec497-e3b1-4ae2-9c91-60360e19dba3,5b6f6c39-f3ac-443a-859b-9ace3335e4a8,162864005,Body mass index 30+ - obesity (finding),,active,1976-04-16T10:10:39+00:00,1976-04-16T10:10:39+00:00,1976,True
8a8b9973-29fb-496d-8824-2729bfbdb4f9,5b6f6c39-f3ac-443a-859b-9ace3335e4a8,284549007,Laceration of hand,,resolved,1998-04-18T10:10:39+00:00,1998-04-18T10:10:39+00:00,1998,False
91a0402a-14a2-43bd-aaff-cfacf8b6a54f,5b6f6c39-f3ac-443a-859b-9ace3335e4a8,75498004,Acute bacterial sinusitis (disorder),,resolved,1993-02-13T10:10:39+00:00,1993-02-13T10:10:39+00:00,1993,False
9ecdde95-0734-4096-a505-262fe9ee1e8b,5b6f6c39-f3ac-443a-859b-9ace3335e4a8,233604007,Pneumonia,,active,1999-07-23T10:10:39+00:00,1999-07-23T10:10:39+00:00,1999,False
71fbfd7e-f9f1-491b-af32-87ebeb51b531,5b6f6c39-f3ac-443a-859b-9ace3335e4a8,40055000,Chronic sinusitis (disorder),,active,1994-05-01T10:10:39+00:00,1994-05-01T10:10:39+00:00,1994,False
3734d171-7dda-40af-a1b1-364570fdd9a3,5b6f6c39-f3ac-443a-859b-9ace3335e4a8,444814009,Viral sinusitis (disorder),,resolved,1997-03-20T10:10:39+00:00,1997-03-20T10:10:39+00:00,1997,False
46753f75-358b-4980-842b-ca67fff409d6,5b6f6c39-f3ac-443a-859b-9ace3335e4a8,444814009,Viral sinusitis (disorder),,resolved,1994-12-03T10:10:39+00:00,1994-12-03T10:10:39+00:00,1994,False
6507e72d-1ca9-4962-9f66-5b2fface344a,5b6f6c39-f3ac-443a-859b-9ace3335e4a8,444814009,Viral sinusitis (disorder),,resolved,1993-11-21T10:10:39+00:00,1993-11-21T10:10:39+00:00,1993,False
1018c53c-9a5a-4d93-b41e-050ac68661cf,5b6f6c39-f3ac-443a-859b-9ace3335e4a8,55822004,Hyperlipidemia,,active,1979-02-02T10:10:39+00:00,1979-02-02T10:10:39+00:00,1979,True
8ec1b28f-4e7b-437e-accf-e5c2e822eab1,5b6f6c39-f3ac-443a-859b-9ace3335e4a8,230265002,Familial Alzheimer's disease of early onset (disorder),,active,1994-12-16T10:10:39+00:00,1994-12-16T10:10:39+00:00,1994,False
343f65c7-8a4f-4c85-b676-184c85c24f83,58f620b1-910c-41b8-81cf-f8c7afd828b6,24079001,Atopic dermatitis,,resolved,1994-12-29T04:33:40+00:00,1994-12-29T04:33:40+00:00,1994,False
f33d6e88-bba1-4fcd-86a1-b57c50d4fea4,58f620b1-910c-41b8-81cf-f8c7afd828b6,38341003,Hypertension,,active,2013-04-04T04:33:40+00:00,2013-04-04T04:33:40+00:00,2013,True
d3f2cbac-02e1-493c-93ca-ef857e7b8c3e,58f620b1-910c-41b8-81cf-f8c7afd828b6,62564004,Concussion with loss of consciousness,,resolved,2011-04-27T04:33:40+00:00,2011-04-27T04:33:40+00:00,2011,False
d4acf5b7-b1c0-459f-83f1-0b5505bd8dec,58f620b1-910c-41b8-81cf-f8c7afd828b6,65966004,Fracture of forearm,,resolved,2020-07-08T04:33:40+00:00,2020-07-08T04:33:40+00:00,2020,False
14483cd5-35fc-436c-9095-d074be9c1536,58f620b1-910c-41b8-81cf-f8c7afd828b6,444814009,Viral sinusitis (disorder),,resolved,2012-10-24T04:33:40+00:00,2012-10-24T04:33:40+00:00,2012,False
8923e50e-f515-409b-b61e-fdefa9fc5c7a,58f620b1-910c-41b8-81cf-f8c7afd828b6,72892002,Normal pregnancy,,resolved,2019-08-22T04:33:40+00:00,2019-08-22T04:33:40+00:00,2019,False
eb9b68fa-deb2-42e0-a7d3-7b4dccd98b33,58f620b1-910c-41b8-81cf-f8c7afd828b6,232353008,Perennial allergic rhinitis with seasonal variation,,active,1996-12-28T04:33:40+00:00,1996-12-28T04:33:40+00:00,1996,False
4e3ad227-c827-4559-8aac-1454cfff8db5,58f620b1-910c-41b8-81cf-f8c7afd828b6,72892002,Normal pregnancy,,resolved,2016-08-11T04:33:40+00:00,2016-08-11T04:33:40+00:00,2016,False
d7bc54da-84d2-4e1f-9a99-9e7bff831851,563460b4-b997-4772-a548-a9f877eb4c12,74400008,Appendicitis,,active,2000-02-23T12:11:31+00:00,2000-02-23T12:11:31+00:00,2000,False
0e5c75f3-8489-4db1-878c-bbbda0a3294a,563460b4-b997-4772-a548-a9f877eb4c12,38341003,Hypertension,,active,2007-12-14T12:11:31+00:00,2007-12-14T12:11:31+00:00,2007,True
688b5dc1-5055-4c60-8edf-c104dea87ce2,563460b4-b997-4772-a548-a9f877eb4c12,10509002,Acute bronchitis (disorder),,resolved,2011-12-07T12:11:31+00:00,2011-12-07T12:11:31+00:00,2011,False
7c5de9f5-f197-40f0-ba7c-d2ced882e23c,563460b4-b997-4772-a548-a9f877eb4c12,428251008,History of appendectomy,,active,2000-02-23T12:11:31+00:00,2000-02-23T12:11:31+00:00,2000,False
15b475b1-0037-47dc-9e50-75a9d533c0cb,4551370c-c3eb-4164-a2ff-b528f73a4e0f,446096008,Perennial allergic rhinitis,,resolved,2002-03-09T13:19:02+00:00,2002-03-09T13:19:02+00:00,2002,False
c812f0e5-802b-405e-877b-c572b3afbdc6,4551370c-c3eb-4164-a2ff-b528f73a4e0f,195662009,Acute viral pharyngitis (disorder),,resolved,2013-11-06T13:19:02+00:00,2013-11-06T13:19:02+00:00,2013,False
89890cb2-a194-4b8d-be0f-429644b141d3,523ce6ff-60bd-4d69-a8b4-9770f0e8e9f7,65363002,Otitis media,,resolved,2016-07-29T17:22:34+00:00,2016-07-29T17:22:34+00:00,2016,False
2ea8f3dc-f0d0-41b7-9887-cacf1b88294c,523ce6ff-60bd-4d69-a8b4-9770f0e8e9f7,232353008,Perennial allergic rhinitis with seasonal variation,,active,2017-12-13T17:22:34+00:00,2017-12-13T17:22:34+00:00,2017,False
70c7dd59-3a50-4c27-b7f3-1a6fa9139aa6,523ce6ff-60bd-4d69-a8b4-9770f0e8e9f7,70704007,Sprain of wrist,,resolved,2016-01-01T17:22:34+00:00,2016-01-01T17:22:34+00:00,2016,False
a1f421fa-bf69-4ede-93a5-14762ea153d1,523ce6ff-60bd-4d69-a8b4-9770f0e8e9f7,444814009,Viral sinusitis (disorder),,resolved,2020-05-15T17:22:34+00:00,2020-05-15T17:22:34+00:00,2020,False
e23f3ef1-5b17-4305-a06d-0b09d6c1a06d,3afaeb2a-9f18-40b5-8fe7-dfd882de2f2b,195662009,Acute viral pharyngitis (disorder),,resolved,2011-06-08T13:09:09+00:00,2011-06-08T13:09:09+00:00,2011,False
ac979a32-e415-46cb-85f7-4b7bbf2188b1,3afaeb2a-9f18-40b5-8fe7-dfd882de2f2b,65275009,Acute Cholecystitis,,resolved,2017-06-24T13:09:09+00:00,2017-06-24T13:09:09+00:00,2017,False
fb3d7c03-6f5d-45c5-8012-bee3c20defbd,3afaeb2a-9f18-40b5-8fe7-dfd882de2f2b,19169002,Miscarriage in first trimester,,active,1984-02-20T13:09:09+00:00,1984-02-20T13:09:09+00:00,1984,False
9f49c6b4-e829-4ac7-8208-15a375871c36,3afaeb2a-9f18-40b5-8fe7-dfd882de2f2b,15777000,Prediabetes,,active,2003-03-10T13:09:09+00:00,2003-03-10T13:09:09+00:00,2003,True
eb451a10-6125-442c-8d8c-d0721c08bfd8,3afaeb2a-9f18-40b5-8fe7-dfd882de2f2b,235919008,Cholelithiasis,,resolved,2017-06-24T13:09:09+00:00,2017-06-24T13:09:09+00:00,2017,False
c9059fc9-4734-403c-a6fe-d597d072cad1,3afaeb2a-9f18-40b5-8fe7-dfd882de2f2b,444814009,Viral sinusitis (disorder),,resolved,2014-10-23T13:09:09+00:00,2014-10-23T13:09:09+00:00,2014,False
19a58a00-3273-4320-b9e1-c95fa585c445,3afaeb2a-9f18-40b5-8fe7-dfd882de2f2b,444814009,Viral sinusitis (disorder),,resolved,2020-07-05T13:09:09+00:00,2020-07-05T13:09:09+00:00,2020,False
108c7e3b-ec1d-405f-9a5f-7a5bd9c9432b,0cd536b8-674b-4bae-b0b0-181400ffc022,62564004,Concussion with loss of consciousness,,resolved,2015-11-30T16:05:17+00:00,2015-11-30T16:05:17+00:00,2015,False
d61f1151-da95-4767-a8dd-50374b579d97,0cd536b8-674b-4bae-b0b0-181400ffc022,65363002,Otitis media,,resolved,2017-12-19T16:05:17+00:00,2017-12-19T16:05:17+00:00,2017,False
195870ac-96e1-4e02-99b7-4a6596324941,0cd536b8-674b-4bae-b0b0-181400ffc022,444814009,Viral sinusitis (disorder),,resolved,2019-06-19T16:05:17+00:00,2019-06-19T16:05:17+00:00,2019,False
c48d0b45-5709-41c5-a302-4eef6586eaf3,0cd536b8-674b-4bae-b0b0-181400ffc022,195662009,Acute viral pharyngitis (disorder),,resolved,2012-05-22T16:05:17+00:00,2012-05-22T16:05:17+00:00,2012,False
6a73b80d-e7d9-4f7d-b0e0-3d18c931bdf1,0cd536b8-674b-4bae-b0b0-181400ffc022,195662009,Acute viral pharyngitis (disorder),,resolved,2019-08-26T16:05:17+00:00,2019-08-26T16:05:17+00:00,2019,False
8f3310f0-59cc-4e4a-b7b8-d41705f746b5,0cd536b8-674b-4bae-b0b0-181400ffc022,43878008,Streptococcal sore throat (disorder),,resolved,2019-10-09T16:05:17+00:00,2019-10-09T16:05:17+00:00,2019,False
a6454abd-bac6-4ff8-bff1-2e5b8b61e1dd,082fd114-0415-4ce4-8293-0caebb0fe9de,444814009,Viral sinusitis (disorder),,resolved,2019-06-20T00:29:21+00:00,2019-06-20T00:29:21+00:00,2019,False
991682b2-7fbb-4c81-86e4-af02b1ff31d2,082fd114-0415-4ce4-8293-0caebb0fe9de,39848009,Whiplash injury to neck,,resolved,2016-05-22T00:29:21+00:00,2016-05-22T00:29:21+00:00,2016,False
b40e1fd5-b884-4187-969c-3587407f0323,082fd114-0415-4ce4-8293-0caebb0fe9de,36971009,Sinusitis (disorder),,resolved,2015-02-21T00:29:21+00:00,2015-02-21T00:29:21+00:00,2015,False
57c2e313-4620-4438-9596-d2ce0324d47e,082fd114-0415-4ce4-8293-0caebb0fe9de,43878008,Streptococcal sore throat (disorder),,resolved,2014-05-16T00:29:21+00:00,2014-05-16T00:29:21+00:00,2014,False
6d4a47b0-e3e9-4c8c-9ef4-63e2b0a70753,082fd114-0415-4ce4-8293-0caebb0fe9de,69896004,Rheumatoid arthritis,,resolved,2009-04-04T00:29:21+00:00,2009-04-04T00:29:21+00:00,2009,False
22856b5c-bf01-42b4-906b-c46485b45607,082fd114-0415-4ce4-8293-0caebb0fe9de,44465007,Sprain of ankle,,resolved,2018-03-11T00:29:21+00:00,2018-03-11T00:29:21+00:00,2018,False
5f79195a-d7d6-44f3-9fd5-f3e6aa26d3aa,7e286375-20a8-4909-a874-1c5e0eb8e765,195662009,Acute viral pharyngitis (disorder),,resolved,2020-12-14T15:12:28+00:00,2020-12-14T15:12:28+00:00,2020,False
ef3c8a6d-4098-4cdc-8fbc-506fa7fc6d36,7e286375-20a8-4909-a874-1c5e0eb8e765,162864005,Body mass index 30+ - obesity (finding),,active,1980-06-28T15:12:28+00:00,1980-06-28T15:12:28+00:00,1980,True
66173c03-72cb-4484-ab04-a3dc591bdb28,7e286375-20a8-4909-a874-1c5e0eb8e765,65363002,Otitis media,,resolved,2010-08-09T15:12:28+00:00,2010-08-09T15:12:28+00:00,2010,False
67403aaf-a4f6-4326-a6e2-5f8f286723a1,7e286375-20a8-4909-a874-1c5e0eb8e765,239873007,Osteoarthritis of knee,,active,1996-06-11T15:12:28+00:00,1996-06-11T15:12:28+00:00,1996,True
b2a09ee4-e96e-422c-9f54-aa061dff2aa5,7e286375-20a8-4909-a874-1c5e0eb8e765,10509002,Acute bronchitis (disorder),,resolved,2012-06-24T15:12:28+00:00,2012-06-24T15:12:28+00:00,2012,False
1c412248-439a-4894-9419-e5814f68de1e,7e286375-20a8-4909-a874-1c5e0eb8e765,10509002,Acute bronchitis (disorder),,resolved,2015-03-30T15:12:28+00:00,2015-03-30T15:12:28+00:00,2015,False
65ecd123-621b-494c-a306-81ba7742f8a7,31052ccc-7804-4268-b953-741322eed47e,429007001,History of cardiac arrest (situation),,active,1996-01-17T04:23:40+00:00,1996-01-17T04:23:40+00:00,1996,False
f4c46aea-2e29-46e2-9e6f-ba5859c313e5,31052ccc-7804-4268-b953-741322eed47e,444814009,Viral sinusitis (disorder),,resolved,2020-09-01T04:23:40+00:00,2020-09-01T04:23:40+00:00,2020,False
518049d3-6a42-4572-9253-dfb3e688b710,31052ccc-7804-4268-b953-741322eed47e,271737000,Anemia (disorder),,active,2004-06-09T04:23:40+00:00,2004-06-09T04:23:40+00:00,2004,False
c5f1507a-5ca5-430c-8ee2-69bfbf232cf5,31052ccc-7804-4268-b953-741322eed47e,15777000,Prediabetes,,active,2004-06-09T04:23:40+00:00,2004-06-09T04:23:40+00:00,2004,True
0aa2eca5-3d28-4aa2-88c4-45390d249220,31052ccc-7804-4268-b953-741322eed47e,410429000,Cardiac Arrest,,active,1996-01-17T04:23:40+00:00,1996-01-17T04:23:40+00:00,1996,False
a21037e5-8ffe-45f8-8bc6-95d887d3dceb,31052ccc-7804-4268-b953-741322eed47e,195662009,Acute viral pharyngitis (disorder),,resolved,2019-04-16T04:23:40+00:00,2019-04-16T04:23:40+00:00,2019,False
8917dd30-fd62-4395-b567-51e698f01bcb,99135849-9d98-4ff4-9d2f-2c4bb5ea8e9d,162864005,Body mass index 30+ - obesity (finding),,active,2016-07-15T09:55:07+00:00,2016-07-15T09:55:07+00:00,2016,True
10548a79-a03c-4ac4-9fd0-f096dc40df4e,99135849-9d98-4ff4-9d2f-2c4bb5ea8e9d,195662009,Acute viral pharyngitis (disorder),,resolved,2020-06-21T09:55:07+00:00,2020-06-21T09:55:07+00:00,2020,False
04b0cf45-7e93-402e-94fa-f39be0d7a9cd,99135849-9d98-4ff4-9d2f-2c4bb5ea8e9d,195662009,Acute viral pharyngitis (disorder),,resolved,2012-08-20T09:55:07+00:00,2012-08-20T09:55:07+00:00,2012,False
f2ed968d-6c48-4e8c-9832-e7d6e4de21a5,99135849-9d98-4ff4-9d2f-2c4bb5ea8e9d,10509002,Acute bronchitis (disorder),,resolved,2015-04-02T09:55:07+00:00,2015-04-02T09:55:07+00:00,2015,False
5efb8129-2b38-46a5-9ab7-c9dbedfafdcf,99135849-9d98-4ff4-9d2f-2c4bb5ea8e9d,239720000,Tear of meniscus of knee,,resolved,2013-04-07T09:55:07+00:00,2013-04-07T09:55:07+00:00,2013,False
1dfa9aa7-dda3-4142-be71-442063da402d,99135849-9d98-4ff4-9d2f-2c4bb5ea8e9d,38341003,Hypertension,,active,1992-08-28T09:55:07+00:00,1992-08-28T09:55:07+00:00,1992,True
ce236f33-d872-4dee-b28c-737facd64741,76d2fa2d-66a6-4823-8dab-52cd70822844,410429000,Cardiac Arrest,,active,1983-03-31T05:40:19+00:00,1983-03-31T05:40:19+00:00,1983,False
260b1b28-a49d-4865-b928-262f77eb6971,76d2fa2d-66a6-4823-8dab-52cd70822844,15777000,Prediabetes,,active,2014-02-27T05:40:19+00:00,2014-02-27T05:40:19+00:00,2014,True
ede8920a-5daa-4109-a6e1-080f1c24de67,76d2fa2d-66a6-4823-8dab-52cd70822844,38341003,Hypertension,,active,1992-10-08T05:40:19+00:00,1992-10-08T05:40:19+00:00,1992,True
a86d1c94-86bb-4a01-bf55-26bc30fc270f,76d2fa2d-66a6-4823-8dab-52cd70822844,162864005,Body mass index 30+ - obesity (finding),,active,2008-02-21T05:40:19+00:00,2008-02-21T05:40:19+00:00,2008,True
8dda9271-f303-445d-a1c1-efeb47197361,76d2fa2d-66a6-4823-8dab-52cd70822844,75498004,Acute bacterial sinusitis (disorder),,resolved,2020-02-04T05:40:19+00:00,2020-02-04T05:40:19+00:00,2020,False
2a952b8e-7c02-4005-a896-012b2f0e5758,76d2fa2d-66a6-4823-8dab-52cd70822844,444814009,Viral sinusitis (disorder),,resolved,2018-09-13T05:40:19+00:00,2018-09-13T05:40:19+00:00,2018,False
d4a4093c-cc62-493c-ba25-b9ba42a10f56,76d2fa2d-66a6-4823-8dab-52cd70822844,429007001,History of cardiac arrest (situation),,active,1983-03-31T05:40:19+00:00,1983-03-31T05:40:19+00:00,1983,False
848cb352-8fe3-4596-99da-be7124a9c81c,76d2fa2d-66a6-4823-8dab-52cd70822844,232353008,Perennial allergic rhinitis with seasonal variation,,active,1976-03-06T05:40:19+00:00,1976-03-06T05:40:19+00:00,1976,False
c05314ef-6283-4d53-9b67-97b61d414373,76d2fa2d-66a6-4823-8dab-52cd70822844,40055000,Chronic sinusitis (disorder),,active,2020-03-10T05:40:19+00:00,2020-03-10T05:40:19+00:00,2020,False
7574830e-774d-4b85-a305-b41ec08a421b,195bd73c-1ef3-400d-9269-a0d9042afafe,195662009,Acute viral pharyngitis (disorder),,resolved,2018-10-26T19:03:26+00:00,2018-10-26T19:03:26+00:00,2018,False
96e2fa3b-6bce-48c2-929b-73516a88a34a,195bd73c-1ef3-400d-9269-a0d9042afafe,195662009,Acute viral pharyngitis (disorder),,resolved,2012-05-16T19:03:26+00:00,2012-05-16T19:03:26+00:00,2012,False
ccfeb735-74ff-4657-8794-fb275459db46,195bd73c-1ef3-400d-9269-a0d9042afafe,444814009,Viral sinusitis (disorder),,resolved,2013-11-27T19:03:26+00:00,2013-11-27T19:03:26+00:00,2013,False
c872db6b-03b8-4e7f-be93-e3d3868434f7,195bd73c-1ef3-400d-9269-a0d9042afafe,162864005,Body mass index 30+ - obesity (finding),,active,2009-07-23T19:03:26+00:00,2009-07-23T19:03:26+00:00,2009,True
cbef2629-49c0-46c3-b07a-787c4422c798,195bd73c-1ef3-400d-9269-a0d9042afafe,10509002,Acute bronchitis (disorder),,resolved,2021-02-12T19:03:26+00:00,2021-02-12T19:03:26+00:00,2021,False
b211b0b1-e01e-4197-9c45-b2759be199c3,76703553-5395-4580-b903-b91220ba5872,444814009,Viral sinusitis (disorder),,resolved,2015-03-01T01:14:54+00:00,2015-03-01T01:14:54+00:00,2015,False
cded6056-0e68-4f67-b503-028c724f4fd4,76703553-5395-4580-b903-b91220ba5872,62106007,Concussion with no loss of consciousness,,resolved,2017-08-27T01:14:54+00:00,2017-08-27T01:14:54+00:00,2017,False
dcc56879-7386-4d1f-9967-24c60b9b976d,76703553-5395-4580-b903-b91220ba5872,195662009,Acute viral pharyngitis (disorder),,resolved,2012-06-23T01:14:54+00:00,2012-06-23T01:14:54+00:00,2012,False
593b2c78-461c-4df6-bca3-086558ba9724,76703553-5395-4580-b903-b91220ba5872,10509002,Acute bronchitis (disorder),,resolved,2013-10-13T01:14:54+00:00,2013-10-13T01:14:54+00:00,2013,False
07de9040-0971-4a40-95d3-6c4dcc83b608,76703553-5395-4580-b903-b91220ba5872,263102004,Fracture subluxation of wrist,,resolved,2013-09-17T01:14:54+00:00,2013-09-17T01:14:54+00:00,2013,False
57ac198c-f232-4812-81f7-1e5322c438f6,76703553-5395-4580-b903-b91220ba5872,444814009,Viral sinusitis (disorder),,resolved,2014-12-05T01:14:54+00:00,2014-12-05T01:14:54+00:00,2014,False
1e7ec2b0-c723-4d1c-ac04-6aa1329b4ed3,76703553-5395-4580-b903-b91220ba5872,10509002,Acute bronchitis (disorder),,resolved,2017-06-02T01:14:54+00:00,2017-06-02T01:14:54+00:00,2017,False
4788531f-6726-4007-a38b-e769d9fa906a,f02ede18-83f8-4ac9-b9e3-c27754c10e8e,429007001,History of cardiac arrest (situation),,active,2015-02-10T04:46:42+00:00,2015-02-10T04:46:42+00:00,2015,False
80b8e47e-fcba-43a8-be1f-0c014c617591,f02ede18-83f8-4ac9-b9e3-c27754c10e8e,444814009,Viral sinusitis (disorder),,resolved,2010-01-07T04:46:42+00:00,2010-01-07T04:46:42+00:00,2010,False
beeba3aa-699f-467e-a44b-a48cfe5a75af,f02ede18-83f8-4ac9-b9e3-c27754c10e8e,284551006,Laceration of foot,,resolved,2007-06-13T04:46:42+00:00,2007-06-13T04:46:42+00:00,2007,False
3106b09e-ed90-4f3d-a1fa-dcb68c1f1c6d,f02ede18-83f8-4ac9-b9e3-c27754c10e8e,10509002,Acute bronchitis (disorder),,resolved,2013-03-30T04:46:42+00:00,2013-03-30T04:46:42+00:00,2013,False
5573dede-f62d-4899-b270-c24d0e1cb1f7,f02ede18-83f8-4ac9-b9e3-c27754c10e8e,38341003,Hypertension,,active,1973-08-21T04:46:42+00:00,1973-08-21T04:46:42+00:00,1973,True
11427a48-7f0d-457c-84ee-a6c5cd98f2b9,f02ede18-83f8-4ac9-b9e3-c27754c10e8e,444814009,Viral sinusitis (disorder),,resolved,2008-10-15T04:46:42+00:00,2008-10-15T04:46:42+00:00,2008,False
f60a2483-f396-4539-9322-0d71ea5874dd,f02ede18-83f8-4ac9-b9e3-c27754c10e8e,410429000,Cardiac Arrest,,active,2015-02-10T04:46:42+00:00,2015-02-10T04:46:42+00:00,2015,False
471fcbf1-4e0c-4163-b982-01b911213b31,f02ede18-83f8-4ac9-b9e3-c27754c10e8e,53741008,Coronary Heart Disease,,active,2014-04-15T04:46:42+00:00,2014-04-15T04:46:42+00:00,2014,False
475299ad-2b75-43e0-8a53-ebf84e077814,f02ede18-83f8-4ac9-b9e3-c27754c10e8e,444814009,Viral sinusitis (disorder),,resolved,2008-04-28T04:46:42+00:00,2008-04-28T04:46:42+00:00,2008,False
f1a170f1-443b-4d41-9ffc-fbdc8ee6d53b,924d8c31-3972-475d-b486-821d4d4c8d59,429007001,History of cardiac arrest (situation),,active,1980-09-22T15:08:18+00:00,1980-09-22T15:08:18+00:00,1980,False
9b854a03-2032-49c9-83cf-59fde9eef9dc,924d8c31-3972-475d-b486-821d4d4c8d59,84757009,Epilepsy,,active,1991-04-20T15:08:18+00:00,1991-04-20T15:08:18+00:00,1991,False
5946589f-d14c-4cbb-9e92-3f553dfc7ca6,924d8c31-3972-475d-b486-821d4d4c8d59,40055000,Chronic sinusitis (disorder),,active,1988-03-02T15:08:18+00:00,1988-03-02T15:08:18+00:00,1988,False
ab12a98c-71a4-4ea9-9276-3976814fd2bd,924d8c31-3972-475d-b486-821d4d4c8d59,410429000,Cardiac Arrest,,active,1980-09-22T15:08:18+00:00,1980-09-22T15:08:18+00:00,1980,False
e910e111-ac2d-4658-b876-6863666e2c8f,924d8c31-3972-475d-b486-821d4d4c8d59,75498004,Acute bacterial sinusitis (disorder),,resolved,1988-02-17T15:08:18+00:00,1988-02-17T15:08:18+00:00,1988,False
887e4439-248e-42f5-a4d2-bd769d0e3129,924d8c31-3972-475d-b486-821d4d4c8d59,10509002,Acute bronchitis (disorder),,resolved,1989-09-02T15:08:18+00:00,1989-09-02T15:08:18+00:00,1989,False
9d2820ce-a21e-474b-bb92-6abf1135d745,924d8c31-3972-475d-b486-821d4d4c8d59,38341003,Hypertension,,active,1970-01-05T15:08:18+00:00,1970-01-05T15:08:18+00:00,1970,True
4ca4185e-e20d-408d-b75e-597eafcbc03f,924d8c31-3972-475d-b486-821d4d4c8d59,128613002,Seizure disorder,,active,1991-04-20T15:08:18+00:00,1991-04-20T15:08:18+00:00,1991,False
25083fb1-7213-4afa-9586-312f24987ae0,924d8c31-3972-475d-b486-821d4d4c8d59,703151001,History of single seizure (situation),,active,1991-04-20T15:08:18+00:00,1991-04-20T15:08:18+00:00,1991,False
b6f2a585-7cf2-4d82-a389-c795ae4a74c9,924d8c31-3972-475d-b486-821d4d4c8d59,195662009,Acute viral pharyngitis (disorder),,resolved,1986-06-01T15:08:18+00:00,1986-06-01T15:08:18+00:00,1986,False
a1513907-0d12-49d2-b00b-522e89c2d273,5fbee500-9b99-4dad-bce4-0a4de9f9f3b9,428251008,History of appendectomy,,active,2019-07-23T08:59:28+00:00,2019-07-23T08:59:28+00:00,2019,False
f7f13475-ba28-4007-a473-09f50d1ff6d9,5fbee500-9b99-4dad-bce4-0a4de9f9f3b9,43878008,Streptococcal sore throat (disorder),,resolved,2013-05-22T08:59:28+00:00,2013-05-22T08:59:28+00:00,2013,False
2c41a0e4-41e5-4748-b7c4-93426b63528d,5fbee500-9b99-4dad-bce4-0a4de9f9f3b9,47693006,Rupture of appendix,,active,2019-07-23T08:59:28+00:00,2019-07-23T08:59:28+00:00,2019,False
8c9b5ebe-9876-400e-b0e2-4ec557771257,5fbee500-9b99-4dad-bce4-0a4de9f9f3b9,74400008,Appendicitis,,active,2019-07-23T08:59:28+00:00,2019-07-23T08:59:28+00:00,2019,False
a27887de-c13a-4c75-a049-ac0284bee28a,5fbee500-9b99-4dad-bce4-0a4de9f9f3b9,44465007,Sprain of ankle,,resolved,2021-01-26T08:59:28+00:00,2021-01-26T08:59:28+00:00,2021,False
8592b6ef-ae32-4b0f-ba7e-4302fc1e9357,5fbee500-9b99-4dad-bce4-0a4de9f9f3b9,232353008,Perennial allergic rhinitis with seasonal variation,,active,1984-08-05T08:59:28+00:00,1984-08-05T08:59:28+00:00,1984,False
24bd852a-820d-4fba-b8de-59f7b5b45575,5fbee500-9b99-4dad-bce4-0a4de9f9f3b9,72892002,Normal pregnancy,,resolved,2019-05-22T08:59:28+00:00,2019-05-22T08:59:28+00:00,2019,False
4c4825e1-e2c5-49b9-861e-4937c7702994,5fbee500-9b99-4dad-bce4-0a4de9f9f3b9,72892002,Normal pregnancy,,resolved,2012-06-13T08:59:28+00:00,2012-06-13T08:59:28+00:00,2012,False
09d5f32b-a7f4-422b-a4b2-b988eba2bc01,835a3b08-e3b6-49c4-a23f-1fac8dc7a7a7,444814009,Viral sinusitis (disorder),,resolved,2016-07-15T03:15:25+00:00,2016-07-15T03:15:25+00:00,2016,False
3c88f9aa-869d-432a-b1ae-c7208493b5a1,835a3b08-e3b6-49c4-a23f-1fac8dc7a7a7,53741008,Coronary Heart Disease,,active,2016-03-15T03:15:25+00:00,2016-03-15T03:15:25+00:00,2016,False
38a8f318-dfa5-4a72-922c-4a06df58f3a0,835a3b08-e3b6-49c4-a23f-1fac8dc7a7a7,444814009,Viral sinusitis (disorder),,resolved,2019-02-19T03:15:25+00:00,2019-02-19T03:15:25+00:00,2019,False
773b542f-9240-4f2f-aea3-76e6a36c3950,835a3b08-e3b6-49c4-a23f-1fac8dc7a7a7,444814009,Viral sinusitis (disorder),,resolved,2014-06-07T03:15:25+00:00,2014-06-07T03:15:25+00:00,2014,False
45a9a7cf-53b8-4eb1-b9cb-a839da2a47d5,835a3b08-e3b6-49c4-a23f-1fac8dc7a7a7,38341003,Hypertension,,active,1966-11-29T03:15:25+00:00,1966-11-29T03:15:25+00:00,1966,True
9a76f501-5c20-417f-be80-ee9df70708f0,835a3b08-e3b6-49c4-a23f-1fac8dc7a7a7,87433001,Pulmonary emphysema (disorder),,active,2020-04-07T03:15:25+00:00,2020-04-07T03:15:25+00:00,2020,False
c3364ba8-5fe4-4dd7-8c8c-60c501cf6bcf,835a3b08-e3b6-49c4-a23f-1fac8dc7a7a7,15777000,Prediabetes,,active,1973-12-11T03:15:25+00:00,1973-12-11T03:15:25+00:00,1973,True
5d7c9864-9c5b-42fc-abac-ffc00021c051,835a3b08-e3b6-49c4-a23f-1fac8dc7a7a7,271737000,Anemia (disorder),,active,1976-12-14T03:15:25+00:00,1976-12-14T03:15:25+00:00,1976,False
f638c7f4-5592-4a6e-86b4-f6f4220f1bb6,835a3b08-e3b6-49c4-a23f-1fac8dc7a7a7,10509002,Acute bronchitis (disorder),,resolved,2015-01-09T03:15:25+00:00,2015-01-09T03:15:25+00:00,2015,False
0693907c-1322-4214-87d4-8dc8c6ba108a,110396c2-823b-4e1e-bd4a-2d7df214cd8b,195662009,Acute viral pharyngitis (disorder),,resolved,2018-05-19T19:37:49+00:00,2018-05-19T19:37:49+00:00,2018,False
2f2e2f96-57ac-4f4c-9f07-b7cfabc699e8,110396c2-823b-4e1e-bd4a-2d7df214cd8b,195662009,Acute viral pharyngitis (disorder),,resolved,2018-08-25T19:37:49+00:00,2018-08-25T19:37:49+00:00,2018,False
4d5f2f09-8358-416d-8b9e-24ceaacfa4fc,110396c2-823b-4e1e-bd4a-2d7df214cd8b,195662009,Acute viral pharyngitis (disorder),,resolved,2019-12-31T19:37:49+00:00,2019-12-31T19:37:49+00:00,2019,False
c3cbc32b-09b7-4ddd-9736-186df6fd9e6e,110396c2-823b-4e1e-bd4a-2d7df214cd8b,36971009,Sinusitis (disorder),,resolved,2018-02-13T19:37:49+00:00,2018-02-13T19:37:49+00:00,2018,False
2ebac6cd-4d3a-42ec-a059-292551400d5f,110396c2-823b-4e1e-bd4a-2d7df214cd8b,40055000,Chronic sinusitis (disorder),,active,2018-03-13T19:37:49+00:00,2018-03-13T19:37:49+00:00,2018,False
d0f2f324-b060-42f6-a698-2465c6b38e65,110396c2-823b-4e1e-bd4a-2d7df214cd8b,444814009,Viral sinusitis (disorder),,resolved,2019-06-25T19:37:49+00:00,2019-06-25T19:37:49+00:00,2019,False
1ab8b6ac-fbbb-4c2d-a0fe-30496539aa97,110396c2-823b-4e1e-bd4a-2d7df214cd8b,198992004,Antepartum eclampsia,,resolved,2017-03-02T19:37:49+00:00,2017-03-02T19:37:49+00:00,2017,False
9013c85e-6bf3-4e22-8003-c67e178dd239,110396c2-823b-4e1e-bd4a-2d7df214cd8b,72892002,Normal pregnancy,,resolved,2016-08-18T19:37:49+00:00,2016-08-18T19:37:49+00:00,2016,False
e4b319ff-7d6c-4143-806c-b088d61038f7,110396c2-823b-4e1e-bd4a-2d7df214cd8b,72892002,Normal pregnancy,,resolved,2016-03-31T19:37:49+00:00,2016-03-31T19:37:49+00:00,2016,False
b0924d70-b7b5-404a-b1d5-52af632152b6,110396c2-823b-4e1e-bd4a-2d7df214cd8b,72892002,Normal pregnancy,,resolved,2015-02-05T19:37:49+00:00,2015-02-05T19:37:49+00:00,2015,False
df62eaea-4a98-4c6d-94cf-64811e616a55,eed9a33b-24f1-4570-9b72-b18622b85098,410429000,Cardiac Arrest,,active,2003-07-03T19:08:55+00:00,2003-07-03T19:08:55+00:00,2003,False
a225d48a-954e-4dca-902a-c09fa97f69a3,eed9a33b-24f1-4570-9b72-b18622b85098,444814009,Viral sinusitis (disorder),,resolved,2017-02-05T19:08:55+00:00,2017-02-05T19:08:55+00:00,2017,False
1dfe71c2-904b-4fc7-892d-2055696e0049,eed9a33b-24f1-4570-9b72-b18622b85098,429007001,History of cardiac arrest (situation),,active,2003-07-03T19:08:55+00:00,2003-07-03T19:08:55+00:00,2003,False
292bbdcc-e82f-47e6-a9ad-4bd324c9b48a,eed9a33b-24f1-4570-9b72-b18622b85098,70704007,Sprain of wrist,,resolved,2019-10-26T19:08:55+00:00,2019-10-26T19:08:55+00:00,2019,False
e1aa23ff-a1ae-407e-9ed5-11ec29459057,fa13bf47-8c74-40dd-a976-94deeada0e17,64859006,Osteoporosis (disorder),,active,2004-12-07T03:33:15+00:00,2004-12-07T03:33:15+00:00,2004,False
8245e577-b6a3-491f-bccc-def30aa3e2b7,fa13bf47-8c74-40dd-a976-94deeada0e17,230690007,Stroke,,active,1961-11-28T03:33:15+00:00,1961-11-28T03:33:15+00:00,1961,False
8b8c66cf-ae1e-403e-9f41-6bb5fb7f9b69,fa13bf47-8c74-40dd-a976-94deeada0e17,444814009,Viral sinusitis (disorder),,resolved,1998-04-30T03:33:15+00:00,1998-04-30T03:33:15+00:00,1998,False
beee9b40-8d8a-4303-946f-f3ba8ca7e906,fa13bf47-8c74-40dd-a976-94deeada0e17,47693006,Rupture of appendix,,active,1955-04-06T03:33:15+00:00,1955-04-06T03:33:15+00:00,1955,False
e6b53138-a475-4431-b604-8da2f3e2e97c,fa13bf47-8c74-40dd-a976-94deeada0e17,428251008,History of appendectomy,,active,1955-04-06T03:33:15+00:00,1955-04-06T03:33:15+00:00,1955,False
33fca2aa-2a90-4906-b4b0-01541633c3bf,fa13bf47-8c74-40dd-a976-94deeada0e17,68496003,Polyp of colon,,resolved,1995-07-02T03:33:15+00:00,1995-07-02T03:33:15+00:00,1995,False
56ba7495-6158-4de7-88c3-f638d0235c78,fa13bf47-8c74-40dd-a976-94deeada0e17,74400008,Appendicitis,,active,1955-04-06T03:33:15+00:00,1955-04-06T03:33:15+00:00,1955,False
f09649cd-d673-4eb5-81ec-5923ac7ce23e,fa13bf47-8c74-40dd-a976-94deeada0e17,444814009,Viral sinusitis (disorder),,resolved,1996-07-20T03:33:15+00:00,1996-07-20T03:33:15+00:00,1996,False
c3e1e5e2-396a-40ed-bde6-e369d3ee6188,fa13bf47-8c74-40dd-a976-94deeada0e17,162864005,Body mass index 30+ - obesity (finding),,active,1974-04-16T03:33:15+00:00,1974-04-16T03:33:15+00:00,1974,True
c1bbcc30-3e27-4f47-b71e-f144a2f1f5bf,fa13bf47-8c74-40dd-a976-94deeada0e17,444814009,Viral sinusitis (disorder),,resolved,1998-08-20T03:33:15+00:00,1998-08-20T03:33:15+00:00,1998,False
c7ca2a3b-153d-4197-9c8d-d14c520495ed,fa13bf47-8c74-40dd-a976-94deeada0e17,195662009,Acute viral pharyngitis (disorder),,resolved,1999-09-24T03:33:15+00:00,1999-09-24T03:33:15+00:00,1999,False
2c7f971d-6da2-4276-8c52-a40f77d10ab5,fa13bf47-8c74-40dd-a976-94deeada0e17,55822004,Hyperlipidemia,,active,1997-10-28T03:33:15+00:00,1997-10-28T03:33:15+00:00,1997,True
8f75c993-1927-415b-8a67-06f284d599e6,fa13bf47-8c74-40dd-a976-94deeada0e17,10509002,Acute bronchitis (disorder),,resolved,1999-08-01T03:33:15+00:00,1999-08-01T03:33:15+00:00,1999,False
3f972472-64c6-4df6-abe3-b8a323211202,25477ae6-0c1e-428f-8814-f80acc4d2bcb,444814009,Viral sinusitis (disorder),,resolved,2018-02-04T04:40:20+00:00,2018-02-04T04:40:20+00:00,2018,False
675e7027-be7a-47b2-b604-61043eae031b,25477ae6-0c1e-428f-8814-f80acc4d2bcb,444814009,Viral sinusitis (disorder),,resolved,2011-10-20T04:40:20+00:00,2011-10-20T04:40:20+00:00,2011,False
feed793d-e0a4-492f-a27c-ae4e68568b54,25477ae6-0c1e-428f-8814-f80acc4d2bcb,284549007,Laceration of hand,,resolved,2012-02-18T04:40:20+00:00,2012-02-18T04:40:20+00:00,2012,False
edba485c-f854-4863-a6a7-b6f81faa552e,25477ae6-0c1e-428f-8814-f80acc4d2bcb,55822004,Hyperlipidemia,,active,2017-12-14T04:40:20+00:00,2017-12-14T04:40:20+00:00,2017,True
052fccd3-7410-482f-b02c-9e54b787006c,25477ae6-0c1e-428f-8814-f80acc4d2bcb,444814009,Viral sinusitis (disorder),,resolved,2013-01-12T04:40:20+00:00,2013-01-12T04:40:20+00:00,2013,False
4dd7dd66-bcd9-4203-8ce2-f9014c494ddd,25477ae6-0c1e-428f-8814-f80acc4d2bcb,162864005,Body mass index 30+ - obesity (finding),,active,2009-03-12T04:40:20+00:00,2009-03-12T04:40:20+00:00,2009,True
08d87056-e78c-48b1-a74d-07dd2907fb23,25477ae6-0c1e-428f-8814-f80acc4d2bcb,43878008,Streptococcal sore throat (disorder),,resolved,2011-11-25T04:40:20+00:00,2011-11-25T04:40:20+00:00,2011,False
24d85b1a-721d-4ec0-ac73-31756823ac1b,25477ae6-0c1e-428f-8814-f80acc4d2bcb,283385000,Laceration of thigh,,resolved,2016-10-08T04:40:20+00:00,2016-10-08T04:40:20+00:00,2016,False
219ffd4c-956f-4842-af38-ee2170d24365,f39b0478-5d39-41ba-a0e7-1c5dd6987af9,195662009,Acute viral pharyngitis (disorder),,resolved,2017-08-29T15:29:50+00:00,2017-08-29T15:29:50+00:00,2017,False
cb56e914-f34f-4bc8-ad21-772b96944c5d,f39b0478-5d39-41ba-a0e7-1c5dd6987af9,195662009,Acute viral pharyngitis (disorder),,resolved,2013-04-08T15:29:50+00:00,2013-04-08T15:29:50+00:00,2013,False
65664f3a-904a-4bb6-83e3-6bb0295d2756,f39b0478-5d39-41ba-a0e7-1c5dd6987af9,44465007,Sprain of ankle,,resolved,2011-06-18T15:29:50+00:00,2011-06-18T15:29:50+00:00,2011,False
73c649b4-0e19-4934-9197-238299391253,c36d05b1-36eb-4faa-809e-832002f431a7,162864005,Body mass index 30+ - obesity (finding),,active,2001-05-09T06:12:47+00:00,2001-05-09T06:12:47+00:00,2001,True
6a46cf78-80e3-46ac-bfd8-6fc00a80373e,c36d05b1-36eb-4faa-809e-832002f431a7,283371005,Laceration of forearm,,resolved,2019-05-04T06:12:47+00:00,2019-05-04T06:12:47+00:00,2019,False
b23f3de8-b098-4315-b472-8b06e9a81538,c36d05b1-36eb-4faa-809e-832002f431a7,444814009,Viral sinusitis (disorder),,resolved,2020-02-25T06:12:47+00:00,2020-02-25T06:12:47+00:00,2020,False
2f66302f-7a6a-447b-815c-cf9fba83031f,c36d05b1-36eb-4faa-809e-832002f431a7,403190006,First degree burn,,resolved,2018-03-19T06:12:47+00:00,2018-03-19T06:12:47+00:00,2018,False
08affa67-2c7f-4ec9-ad95-291a3cb4dbbb,c36d05b1-36eb-4faa-809e-832002f431a7,49436004,Atrial Fibrillation,,active,2010-05-12T06:12:47+00:00,2010-05-12T06:12:47+00:00,2010,True
7f31bfe5-e655-48d5-915d-98c8eae9982e,fa8cdd1f-d2d8-476c-9247-b279dddd595d,65363002,Otitis media,,resolved,2020-07-19T23:59:46+00:00,2020-07-19T23:59:46+00:00,2020,False
9c81be20-d217-478a-8c40-21e5cc8ac6e6,fa8cdd1f-d2d8-476c-9247-b279dddd595d,44465007,Sprain of ankle,,resolved,2020-10-17T23:59:46+00:00,2020-10-17T23:59:46+00:00,2020,False
37703b77-996c-4ac2-a4ed-fc330b31b899,25603bc3-a2e8-4208-8375-3d2162a005fe,410429000,Cardiac Arrest,,active,2003-04-26T02:39:21+00:00,2003-04-26T02:39:21+00:00,2003,False
0ebe75b0-6ecb-40a5-9c21-70b6bd286e58,25603bc3-a2e8-4208-8375-3d2162a005fe,429007001,History of cardiac arrest (situation),,active,2003-04-26T02:39:21+00:00,2003-04-26T02:39:21+00:00,2003,False
e1b2e38c-675f-4ef4-ac55-1267c58804e8,25603bc3-a2e8-4208-8375-3d2162a005fe,68496003,Polyp of colon,,resolved,2000-04-17T02:39:21+00:00,2000-04-17T02:39:21+00:00,2000,False
c371444d-8f8c-4775-bba0-60c88be7a5e0,25603bc3-a2e8-4208-8375-3d2162a005fe,444814009,Viral sinusitis (disorder),,resolved,1997-06-01T02:39:21+00:00,1997-06-01T02:39:21+00:00,1997,False
bdf463c4-daa7-449c-9c82-f5bed4f08b99,25603bc3-a2e8-4208-8375-3d2162a005fe,49436004,Atrial Fibrillation,,active,1998-08-22T02:39:21+00:00,1998-08-22T02:39:21+00:00,1998,True
3cc357e9-235e-4808-b9f7-fc57c955282a,25603bc3-a2e8-4208-8375-3d2162a005fe,162864005,Body mass index 30+ - obesity (finding),,active,1964-05-09T02:39:21+00:00,1964-05-09T02:39:21+00:00,1964,True
22ea8cd4-6315-4c06-8172-b41bb5eb2a9b,25603bc3-a2e8-4208-8375-3d2162a005fe,53741008,Coronary Heart Disease,,active,2000-09-02T02:39:21+00:00,2000-09-02T02:39:21+00:00,2000,False
eabe8f2f-9496-432c-927a-f27b3bdecca3,25603bc3-a2e8-4208-8375-3d2162a005fe,38341003,Hypertension,,active,1938-07-16T02:39:21+00:00,1938-07-16T02:39:21+00:00,1938,True
6ebe0dd6-346d-4d59-8421-5e3ebe3f6e98,6099858f-4c54-4c3e-a3f3-01e678457cc0,444814009,Viral sinusitis (disorder),,resolved,2013-08-28T13:27:37+00:00,2013-08-28T13:27:37+00:00,2013,False
70cbe4ae-cf39-4cf1-93d7-e537d7eaf05c,6099858f-4c54-4c3e-a3f3-01e678457cc0,195662009,Acute viral pharyngitis (disorder),,resolved,2014-02-19T13:27:37+00:00,2014-02-19T13:27:37+00:00,2014,False
c50e8239-9831-436b-947b-66d28a9886b0,6099858f-4c54-4c3e-a3f3-01e678457cc0,444814009,Viral sinusitis (disorder),,resolved,2014-08-23T13:27:37+00:00,2014-08-23T13:27:37+00:00,2014,False
039ca0ef-6111-4a84-aa42-c3291f57239f,91c91ff0-b32f-45e0-b921-54c84ff40a1d,38341003,Hypertension,,active,1967-11-21T07:55:22+00:00,1967-11-21T07:55:22+00:00,1967,True
8bed1542-e678-4d4d-a379-10383473eae1,91c91ff0-b32f-45e0-b921-54c84ff40a1d,444814009,Viral sinusitis (disorder),,resolved,2019-10-04T07:55:22+00:00,2019-10-04T07:55:22+00:00,2019,False
8d3cb094-c5ee-4d39-883d-ff3bc4aa4d6b,91c91ff0-b32f-45e0-b921-54c84ff40a1d,162864005,Body mass index 30+ - obesity (finding),,active,1983-12-13T07:55:22+00:00,1983-12-13T07:55:22+00:00,1983,True
73c3b71f-d2be-458a-873d-cd09219fe571,91c91ff0-b32f-45e0-b921-54c84ff40a1d,10509002,Acute bronchitis (disorder),,resolved,2018-08-27T07:55:22+00:00,2018-08-27T07:55:22+00:00,2018,False
1c7391e5-4122-4dcf-8daa-0eb150e86255,91c91ff0-b32f-45e0-b921-54c84ff40a1d,19169002,Miscarriage in first trimester,,active,1979-05-15T07:55:22+00:00,1979-05-15T07:55:22+00:00,1979,False
5857d1d9-ebb3-443e-88aa-64b948a1a6bb,91c91ff0-b32f-45e0-b921-54c84ff40a1d,68496003,Polyp of colon,,resolved,2019-08-05T07:55:22+00:00,2019-08-05T07:55:22+00:00,2019,False
95fa68b0-f97f-49c6-bd99-9ca039a81b9e,91c91ff0-b32f-45e0-b921-54c84ff40a1d,444814009,Viral sinusitis (disorder),,resolved,2016-04-06T07:55:22+00:00,2016-04-06T07:55:22+00:00,2016,False
2506b5a1-f16e-48a5-b457-00ec80c314d8,91c91ff0-b32f-45e0-b921-54c84ff40a1d,40055000,Chronic sinusitis (disorder),,active,1960-08-27T07:55:22+00:00,1960-08-27T07:55:22+00:00,1960,False
6699f730-0073-4298-af76-8780d7bdcea5,91c91ff0-b32f-45e0-b921-54c84ff40a1d,79586000,Tubal pregnancy,,active,1980-01-08T07:55:22+00:00,1980-01-08T07:55:22+00:00,1980,False
9ee6ddc9-903b-41be-a3dc-ae7380c5d29a,91c91ff0-b32f-45e0-b921-54c84ff40a1d,55822004,Hyperlipidemia,,active,1999-08-10T07:55:22+00:00,1999-08-10T07:55:22+00:00,1999,True
573e88b8-e074-43ea-b388-f4f5f3815506,91c91ff0-b32f-45e0-b921-54c84ff40a1d,185086009,Chronic obstructive bronchitis (disorder),,active,2009-05-26T07:55:22+00:00,2009-05-26T07:55:22+00:00,2009,False
9aaad40f-0ae4-4223-a090-76fa2d61cfd8,91c91ff0-b32f-45e0-b921-54c84ff40a1d,62106007,Concussion with no loss of consciousness,,resolved,2012-12-07T07:55:22+00:00,2012-12-07T07:55:22+00:00,2012,False
33523992-4cbc-4c06-80a2-d3190c6a480d,7461384e-130e-4fb8-a4ba-c0c80fee3f7a,156073000,Fetus with unknown complication,,resolved,2018-01-25T14:13:48+00:00,2018-01-25T14:13:48+00:00,2018,False
0918e217-9e34-4e8e-aafa-444a7c7ec43c,7461384e-130e-4fb8-a4ba-c0c80fee3f7a,19169002,Miscarriage in first trimester,,active,2018-01-25T14:13:48+00:00,2018-01-25T14:13:48+00:00,2018,False
65bfc32d-1c9c-4c3f-a04e-91e510b209f0,7461384e-130e-4fb8-a4ba-c0c80fee3f7a,444814009,Viral sinusitis (disorder),,resolved,2017-03-31T14:13:48+00:00,2017-03-31T14:13:48+00:00,2017,False
b915ccee-98dd-43ea-b3ba-dad98addb161,7461384e-130e-4fb8-a4ba-c0c80fee3f7a,195662009,Acute viral pharyngitis (disorder),,resolved,2017-03-09T14:13:48+00:00,2017-03-09T14:13:48+00:00,2017,False
5901715b-4c35-4e0c-b78d-1df6ec605114,7461384e-130e-4fb8-a4ba-c0c80fee3f7a,444814009,Viral sinusitis (disorder),,resolved,2020-09-27T14:13:48+00:00,2020-09-27T14:13:48+00:00,2020,False
1812bd22-0242-4e0b-a43f-dcd9dfc5fbb8,7461384e-130e-4fb8-a4ba-c0c80fee3f7a,72892002,Normal pregnancy,,resolved,2018-01-25T14:13:48+00:00,2018-01-25T14:13:48+00:00,2018,False
5fd7caa8-c762-4b7a-a6f7-0b32a84b5dc0,7461384e-130e-4fb8-a4ba-c0c80fee3f7a,38341003,Hypertension,,active,1995-12-28T14:13:48+00:00,1995-12-28T14:13:48+00:00,1995,True
596f020f-7b7e-4d19-ae24-5d445d5d87e3,7461384e-130e-4fb8-a4ba-c0c80fee3f7a,72892002,Normal pregnancy,,resolved,2017-06-15T14:13:48+00:00,2017-06-15T14:13:48+00:00,2017,False
4815c0d9-0c78-4820-bfc7-1456bdb4a865,7461384e-130e-4fb8-a4ba-c0c80fee3f7a,10509002,Acute bronchitis (disorder),,resolved,2017-07-22T14:13:48+00:00,2017-07-22T14:13:48+00:00,2017,False
1abd6ef0-1093-4a88-9b08-ffa06c4a9b6d,7461384e-130e-4fb8-a4ba-c0c80fee3f7a,72892002,Normal pregnancy,,resolved,2014-07-24T14:13:48+00:00,2014-07-24T14:13:48+00:00,2014,False
d560c36f-068c-4309-b2c2-c2b89f560761,7461384e-130e-4fb8-a4ba-c0c80fee3f7a,72892002,Normal pregnancy,,resolved,2012-04-12T14:13:48+00:00,2012-04-12T14:13:48+00:00,2012,False
f4bdec88-7ed3-45a3-9f29-f0858bcc6f19,eecd5395-d638-4b9d-bb79-2d10a475459d,284551006,Laceration of foot,,resolved,1997-08-16T23:11:46+00:00,1997-08-16T23:11:46+00:00,1997,False
664dd5aa-f3dc-4cf4-8452-125bd123cd58,eecd5395-d638-4b9d-bb79-2d10a475459d,271737000,Anemia (disorder),,active,1930-07-07T23:11:46+00:00,1930-07-07T23:11:46+00:00,1930,False
00016f94-af08-42d2-a05e-4c8aa4131211,eecd5395-d638-4b9d-bb79-2d10a475459d,26929004,Alzheimer's disease (disorder),,active,1993-11-08T23:11:46+00:00,1993-11-08T23:11:46+00:00,1993,False
09e2102f-bdb5-48c0-81eb-dacfba860d36,eecd5395-d638-4b9d-bb79-2d10a475459d,65966004,Fracture of forearm,,resolved,1996-06-22T23:11:46+00:00,1996-06-22T23:11:46+00:00,1996,False
ad853394-973c-4b33-98f1-c393bc56e668,eecd5395-d638-4b9d-bb79-2d10a475459d,230690007,Stroke,,active,1996-04-15T23:11:46+00:00,1996-04-15T23:11:46+00:00,1996,False
333eceb6-65a6-4490-a083-95403f59b4ef,eecd5395-d638-4b9d-bb79-2d10a475459d,15777000,Prediabetes,,active,1929-07-01T23:11:46+00:00,1929-07-01T23:11:46+00:00,1929,True
a7720e64-17c8-45fb-adf9-681d6f73f514,eecd5395-d638-4b9d-bb79-2d10a475459d,444814009,Viral sinusitis (disorder),,resolved,1991-10-19T23:11:46+00:00,1991-10-19T23:11:46+00:00,1991,False
3f7cf46b-01fd-4359-afe4-d403d89bccef,51a34344-0cae-44ac-94ef-8d46bce612dc,703151001,History of single seizure (situation),,active,1970-10-27T09:53:19+00:00,1970-10-27T09:53:19+00:00,1970,False
c5aee7f8-add1-4261-80b0-05c3c0fe8b64,51a34344-0cae-44ac-94ef-8d46bce612dc,162864005,Body mass index 30+ - obesity (finding),,active,2012-11-06T09:53:19+00:00,2012-11-06T09:53:19+00:00,2012,True
35ea1c1f-78cb-4358-a62b-3edbff998039,51a34344-0cae-44ac-94ef-8d46bce612dc,70704007,Sprain of wrist,,resolved,2016-11-15T09:53:19+00:00,2016-11-15T09:53:19+00:00,2016,False
6917aa0b-e63c-4bf8-9aec-b4f6acd20529,51a34344-0cae-44ac-94ef-8d46bce612dc,128613002,Seizure disorder,,active,1970-10-27T09:53:19+00:00,1970-10-27T09:53:19+00:00,1970,False
55b92800-32cc-41f8-883a-8aa61460a91e,51a34344-0cae-44ac-94ef-8d46bce612dc,444814009,Viral sinusitis (disorder),,resolved,2014-06-04T09:53:19+00:00,2014-06-04T09:53:19+00:00,2014,False
e5e9144d-929e-46a9-afa9-cdc850a6b083,51a34344-0cae-44ac-94ef-8d46bce612dc,84757009,Epilepsy,,active,1970-10-27T09:53:19+00:00,1970-10-27T09:53:19+00:00,1970,False
12081090-d412-4915-a406-5bbf678f8840,51a34344-0cae-44ac-94ef-8d46bce612dc,38341003,Hypertension,,active,1989-06-20T09:53:19+00:00,1989-06-20T09:53:19+00:00,1989,True
80a67056-4535-4288-b7cb-09d51b9f8ab9,51a34344-0cae-44ac-94ef-8d46bce612dc,40055000,Chronic sinusitis (disorder),,active,1972-10-04T09:53:19+00:00,1972-10-04T09:53:19+00:00,1972,False
ebaa211b-9275-47b6-bc37-44aa031268af,51a34344-0cae-44ac-94ef-8d46bce612dc,55822004,Hyperlipidemia,,active,2016-11-15T09:53:19+00:00,2016-11-15T09:53:19+00:00,2016,True
da6493e6-23e6-4f39-ad08-907e10de9adf,51a34344-0cae-44ac-94ef-8d46bce612dc,196416002,Impacted molars,,active,2016-06-26T09:53:19+00:00,2016-06-26T09:53:19+00:00,2016,False
c733c40a-8d67-413f-8d8a-44bcd211bef9,5c79bba4-62e4-46f5-862e-0a84a364dd33,79586000,Tubal pregnancy,,active,1994-11-08T20:55:11+00:00,1994-11-08T20:55:11+00:00,1994,False
e85b26c8-d08e-4f40-8d5c-53785c5870bc,5c79bba4-62e4-46f5-862e-0a84a364dd33,64859006,Osteoporosis (disorder),,active,2014-12-02T20:55:11+00:00,2014-12-02T20:55:11+00:00,2014,False
aafa0728-b9c3-4c87-8857-a893d49225d3,5c79bba4-62e4-46f5-862e-0a84a364dd33,19169002,Miscarriage in first trimester,,active,1993-03-30T20:55:11+00:00,1993-03-30T20:55:11+00:00,1993,False
7d4e7c87-00fa-4d27-a17e-e3bee5728af9,5c79bba4-62e4-46f5-862e-0a84a364dd33,15777000,Prediabetes,,active,1973-09-11T20:55:11+00:00,1973-09-11T20:55:11+00:00,1973,True
deda6839-6146-44e0-8c44-680bb41ca5b5,5c79bba4-62e4-46f5-862e-0a84a364dd33,10509002,Acute bronchitis (disorder),,resolved,2019-06-19T20:55:11+00:00,2019-06-19T20:55:11+00:00,2019,False
60016306-4800-40cf-afd5-b906d782e543,5c79bba4-62e4-46f5-862e-0a84a364dd33,10509002,Acute bronchitis (disorder),,resolved,2011-11-03T20:55:11+00:00,2011-11-03T20:55:11+00:00,2011,False
b6dff51f-17c6-41aa-bc27-1215bcfdbca5,3e757f52-60a6-49c0-972c-c9339605a836,43878008,Streptococcal sore throat (disorder),,resolved,2020-01-15T04:58:45+00:00,2020-01-15T04:58:45+00:00,2020,False
4ce53edb-eb11-4f4d-aa1e-36e67a23306d,b91edab6-1db2-46e5-b074-d089e6fb5626,444814009,Viral sinusitis (disorder),,resolved,2007-04-26T00:56:59+00:00,2007-04-26T00:56:59+00:00,2007,False
43a3bfe4-24c3-45a2-84e2-83d97d1a8587,b91edab6-1db2-46e5-b074-d089e6fb5626,271737000,Anemia (disorder),,active,1988-09-27T00:56:59+00:00,1988-09-27T00:56:59+00:00,1988,False
1b4329cd-ee86-42b5-9cb3-ad8772db1a63,b91edab6-1db2-46e5-b074-d089e6fb5626,15777000,Prediabetes,,active,1987-09-22T00:56:59+00:00,1987-09-22T00:56:59+00:00,1987,True
b8660752-6612-45ff-880e-9c625c40feb2,b91edab6-1db2-46e5-b074-d089e6fb5626,88805009,Chronic congestive heart failure (disorder),,active,2007-08-04T00:56:59+00:00,2007-08-04T00:56:59+00:00,2007,True
ad437918-591a-4f65-b71c-e8ade498a717,b91edab6-1db2-46e5-b074-d089e6fb5626,444814009,Viral sinusitis (disorder),,resolved,2006-07-31T00:56:59+00:00,2006-07-31T00:56:59+00:00,2006,False
e40ce9fa-3460-40b0-b42f-10deccea34c4,b91edab6-1db2-46e5-b074-d089e6fb5626,10509002,Acute bronchitis (disorder),,resolved,2007-05-27T00:56:59+00:00,2007-05-27T00:56:59+00:00,2007,False
32ac8687-fab8-405b-b23e-a4c4465975a4,b91edab6-1db2-46e5-b074-d089e6fb5626,10509002,Acute bronchitis (disorder),,resolved,1998-06-24T00:56:59+00:00,1998-06-24T00:56:59+00:00,1998,False
ccbca6c0-a946-490b-8c1b-35574e040417,b91edab6-1db2-46e5-b074-d089e6fb5626,195662009,Acute viral pharyngitis (disorder),,resolved,2003-09-24T00:56:59+00:00,2003-09-24T00:56:59+00:00,2003,False
ee008638-4990-4030-b530-2d04ebb7f5ed,b91edab6-1db2-46e5-b074-d089e6fb5626,65966004,Fracture of forearm,,resolved,2005-03-07T00:56:59+00:00,2005-03-07T00:56:59+00:00,2005,False
19674a8d-38a0-43ff-93ae-8f234d7c0345,9d0ca735-9ba6-451a-9a6c-9d356fd7150e,10509002,Acute bronchitis (disorder),,resolved,2018-01-22T10:44:22+00:00,2018-01-22T10:44:22+00:00,2018,False
90f2725d-27dd-48c4-86eb-3c6e80747cb3,7b9146b3-8b1b-4cf9-af36-530d8c4fcf05,65363002,Otitis media,,resolved,2012-07-06T07:50:36+00:00,2012-07-06T07:50:36+00:00,2012,False
862d2bb0-a070-4386-b440-f09f8a46804a,7b9146b3-8b1b-4cf9-af36-530d8c4fcf05,263102004,Fracture subluxation of wrist,,resolved,2015-04-11T07:50:36+00:00,2015-04-11T07:50:36+00:00,2015,False
553696e1-21ef-45a1-a002-a67c8a975e41,8adf7251-257f-4b45-8ef5-0a6b3b9fe0ef,15777000,Prediabetes,,active,1996-11-02T06:38:03+00:00,1996-11-02T06:38:03+00:00,1996,True
f4c7143d-7e19-431a-b49e-4550687ba80b,8adf7251-257f-4b45-8ef5-0a6b3b9fe0ef,10509002,Acute bronchitis (disorder),,resolved,2020-08-30T06:38:03+00:00,2020-08-30T06:38:03+00:00,2020,False
32587eb3-a402-4d95-ab31-f67c52823e62,8adf7251-257f-4b45-8ef5-0a6b3b9fe0ef,370143000,Major depression disorder,,active,1993-01-09T06:38:03+00:00,1993-01-09T06:38:03+00:00,1993,True
b1fc252f-699d-48a4-94f2-d0fa25498aca,8adf7251-257f-4b45-8ef5-0a6b3b9fe0ef,444814009,Viral sinusitis (disorder),,resolved,2016-05-01T06:38:03+00:00,2016-05-01T06:38:03+00:00,2016,False
ca524b9d-4401-414a-889b-f3334bcbb11c,8adf7251-257f-4b45-8ef5-0a6b3b9fe0ef,271737000,Anemia (disorder),,active,2002-11-09T06:38:03+00:00,2002-11-09T06:38:03+00:00,2002,False
9e36fbce-12b2-49cf-bcb2-f4086595ade6,af62299e-c617-433e-a736-1470772d921f,195662009,Acute viral pharyngitis (disorder),,resolved,2017-05-06T04:05:38+00:00,2017-05-06T04:05:38+00:00,2017,False
8a2ba6af-e2df-44cc-828c-4edd1d9f315c,af62299e-c617-433e-a736-1470772d921f,162864005,Body mass index 30+ - obesity (finding),,active,2007-01-16T04:05:38+00:00,2007-01-16T04:05:38+00:00,2007,True
6944b663-1661-4144-9dc0-c0b38c114f08,af62299e-c617-433e-a736-1470772d921f,444814009,Viral sinusitis (disorder),,resolved,2011-09-01T04:05:38+00:00,2011-09-01T04:05:38+00:00,2011,False
9eeb07b2-1a0b-4255-8164-8a637705cc9f,af62299e-c617-433e-a736-1470772d921f,195662009,Acute viral pharyngitis (disorder),,resolved,2012-02-09T04:05:38+00:00,2012-02-09T04:05:38+00:00,2012,False
19ce82d5-de15-4ccb-9644-268da8a44cb1,af62299e-c617-433e-a736-1470772d921f,38341003,Hypertension,,active,1990-12-25T04:05:38+00:00,1990-12-25T04:05:38+00:00,1990,True
6dfe8b64-5bf1-4731-a852-95c6d5aa7176,af62299e-c617-433e-a736-1470772d921f,195662009,Acute viral pharyngitis (disorder),,resolved,2016-08-29T04:05:38+00:00,2016-08-29T04:05:38+00:00,2016,False
977acd24-6ee6-40ee-ba4f-2371bf4d42d4,af62299e-c617-433e-a736-1470772d921f,10509002,Acute bronchitis (disorder),,resolved,2017-08-11T04:05:38+00:00,2017-08-11T04:05:38+00:00,2017,False
0178759f-4cd5-4449-810c-8c05b1d875fa,6b223f89-e726-44da-81ad-03d30fc61254,162864005,Body mass index 30+ - obesity (finding),,active,1989-05-17T03:39:08+00:00,1989-05-17T03:39:08+00:00,1989,True
2cf02fbb-8f08-4030-b8f0-711203b12e28,6b223f89-e726-44da-81ad-03d30fc61254,19169002,Miscarriage in first trimester,,active,1982-04-14T03:39:08+00:00,1982-04-14T03:39:08+00:00,1982,False
78003502-d40e-4a05-9894-6d4df1e24b73,6b223f89-e726-44da-81ad-03d30fc61254,68496003,Polyp of colon,,resolved,2012-05-03T03:39:08+00:00,2012-05-03T03:39:08+00:00,2012,False
ed87c1a4-3646-47e0-aec6-90bca1b5a63b,6b223f89-e726-44da-81ad-03d30fc61254,263102004,Fracture subluxation of wrist,,resolved,2017-06-19T03:39:08+00:00,2017-06-19T03:39:08+00:00,2017,False
049fd195-5f96-4a7f-b3af-d18d98cf0c09,6b223f89-e726-44da-81ad-03d30fc61254,49436004,Atrial Fibrillation,,active,2015-01-21T03:39:08+00:00,2015-01-21T03:39:08+00:00,2015,True
a3dc2783-5c03-4fe0-ba3f-c86f111bca1e,6b223f89-e726-44da-81ad-03d30fc61254,55822004,Hyperlipidemia,,active,1987-05-13T03:39:08+00:00,1987-05-13T03:39:08+00:00,1987,True
6a7c726d-4d6f-4b96-a73d-5efbc3aede01,b465d605-3571-49bc-9c06-e3e23f45cb50,444814009,Viral sinusitis (disorder),,resolved,1998-07-22T18:38:58+00:00,1998-07-22T18:38:58+00:00,1998,False
f9d30bee-011b-4ca0-aff8-00298b28d929,b465d605-3571-49bc-9c06-e3e23f45cb50,444814009,Viral sinusitis (disorder),,resolved,2001-05-19T18:38:58+00:00,2001-05-19T18:38:58+00:00,2001,False
198952e9-4a27-452e-9317-1532803dceff,b465d605-3571-49bc-9c06-e3e23f45cb50,40055000,Chronic sinusitis (disorder),,active,1932-06-21T18:38:58+00:00,1932-06-21T18:38:58+00:00,1932,False
e30dcedc-5249-485f-a74c-58c6118a9bd5,b465d605-3571-49bc-9c06-e3e23f45cb50,429007001,History of cardiac arrest (situation),,active,1997-06-22T18:38:58+00:00,1997-06-22T18:38:58+00:00,1997,False
3efad111-f512-47dc-a713-2c5e3ce6d3a9,b465d605-3571-49bc-9c06-e3e23f45cb50,64859006,Osteoporosis (disorder),,active,1986-12-14T18:38:58+00:00,1986-12-14T18:38:58+00:00,1986,False
85401bd1-33c3-48fd-853e-1e6c323620a7,b465d605-3571-49bc-9c06-e3e23f45cb50,444814009,Viral sinusitis (disorder),,resolved,1997-10-28T18:38:58+00:00,1997-10-28T18:38:58+00:00,1997,False
766c4a9b-f2d7-45bf-b0f4-7215dd502ae0,b465d605-3571-49bc-9c06-e3e23f45cb50,410429000,Cardiac Arrest,,active,1997-06-22T18:38:58+00:00,1997-06-22T18:38:58+00:00,1997,False
a378be79-911e-458f-9dc5-c2d9ab20f2dc,b465d605-3571-49bc-9c06-e3e23f45cb50,713197008,Recurrent rectal polyp,,active,1997-08-25T18:38:58+00:00,1997-08-25T18:38:58+00:00,1997,False
c4987b36-a8f2-4da1-b6c6-4cdd5fb95c95,b465d605-3571-49bc-9c06-e3e23f45cb50,359817006,Closed fracture of hip,,resolved,2003-02-14T18:38:58+00:00,2003-02-14T18:38:58+00:00,2003,False
1f65cddd-0e37-4fe7-a0d8-3091f2d8c2f9,b465d605-3571-49bc-9c06-e3e23f45cb50,443165006,Pathological fracture due to osteoporosis (disorder),,resolved,2003-02-14T18:38:58+00:00,2003-02-14T18:38:58+00:00,2003,False
41989694-5433-45b9-8445-fc3769c6d90f,b465d605-3571-49bc-9c06-e3e23f45cb50,15777000,Prediabetes,,active,1972-10-22T18:38:58+00:00,1972-10-22T18:38:58+00:00,1972,True
978aef07-6e5c-42c3-81e1-e4d01b5dfdb6,b465d605-3571-49bc-9c06-e3e23f45cb50,26929004,Alzheimer's disease (disorder),,active,1997-01-05T18:38:58+00:00,1997-01-05T18:38:58+00:00,1997,False
352e8efd-1300-4e73-9d68-138946152ba5,b465d605-3571-49bc-9c06-e3e23f45cb50,307731004,Injury of tendon of the rotator cuff of shoulder,,resolved,1994-01-18T18:38:58+00:00,1994-01-18T18:38:58+00:00,1994,False
4f79456f-3f16-4472-a94b-e0ce1656a564,b465d605-3571-49bc-9c06-e3e23f45cb50,68496003,Polyp of colon,,active,1996-06-01T18:38:58+00:00,1996-06-01T18:38:58+00:00,1996,False
21cca827-3d75-438a-a760-bef6594201c9,b465d605-3571-49bc-9c06-e3e23f45cb50,363406005,Malignant tumor of colon,,resolved,1997-08-29T18:38:58+00:00,1997-08-29T18:38:58+00:00,1997,False
9d802772-5bc2-46ea-9700-592a3622945d,b465d605-3571-49bc-9c06-e3e23f45cb50,403190006,First degree burn,,resolved,1998-12-23T18:38:58+00:00,1998-12-23T18:38:58+00:00,1998,False
1252ca08-8cad-468b-9e1d-dfdb454a1468,203dd3d9-adaf-44bd-b2ac-b7b2fa9ae1f4,195662009,Acute viral pharyngitis (disorder),,resolved,2016-09-23T08:57:45+00:00,2016-09-23T08:57:45+00:00,2016,False
148b50eb-914f-4a92-8a74-6c21d775e0f3,203dd3d9-adaf-44bd-b2ac-b7b2fa9ae1f4,307731004,Injury of tendon of the rotator cuff of shoulder,,resolved,2013-05-22T08:57:45+00:00,2013-05-22T08:57:45+00:00,2013,False
dff311da-65ae-43a2-9e35-a98f75a27282,203dd3d9-adaf-44bd-b2ac-b7b2fa9ae1f4,162864005,Body mass index 30+ - obesity (finding),,active,1956-04-29T08:57:45+00:00,1956-04-29T08:57:45+00:00,1956,True
baffd30d-7eb4-4ba1-a1fc-ff9f4226862c,203dd3d9-adaf-44bd-b2ac-b7b2fa9ae1f4,15777000,Prediabetes,,active,1982-02-07T08:57:45+00:00,1982-02-07T08:57:45+00:00,1982,True
fed32b85-2ca8-4b93-9bb4-0b285994c3f1,203dd3d9-adaf-44bd-b2ac-b7b2fa9ae1f4,444814009,Viral sinusitis (disorder),,resolved,2014-07-29T08:57:45+00:00,2014-07-29T08:57:45+00:00,2014,False
4d0b6f03-ee7a-49fe-8705-14c27d84e352,203dd3d9-adaf-44bd-b2ac-b7b2fa9ae1f4,10509002,Acute bronchitis (disorder),,resolved,2016-09-11T08:57:45+00:00,2016-09-11T08:57:45+00:00,2016,False
61767547-c374-480b-9dcd-957dcec6c616,203dd3d9-adaf-44bd-b2ac-b7b2fa9ae1f4,444814009,Viral sinusitis (disorder),,resolved,2018-02-06T08:57:45+00:00,2018-02-06T08:57:45+00:00,2018,False
5bd09ea4-3de2-4d47-bc93-c22f0064aeac,203dd3d9-adaf-44bd-b2ac-b7b2fa9ae1f4,40055000,Chronic sinusitis (disorder),,active,1944-12-01T08:57:45+00:00,1944-12-01T08:57:45+00:00,1944,False
9cbb3bda-2d53-41d0-9df7-453f8257ddb7,c62c4edb-9793-47c7-9706-8bdfc30a91ad,444814009,Viral sinusitis (disorder),,resolved,2014-11-13T23:00:47+00:00,2014-11-13T23:00:47+00:00,2014,False
dda1fe6f-aa37-45bb-81ee-e4ee6a9f0bd2,c62c4edb-9793-47c7-9706-8bdfc30a91ad,10509002,Acute bronchitis (disorder),,resolved,2021-01-01T23:00:47+00:00,2021-01-01T23:00:47+00:00,2021,False
a439e55d-1ee8-4abe-b77f-c7fc4b0d3225,c62c4edb-9793-47c7-9706-8bdfc30a91ad,10509002,Acute bronchitis (disorder),,resolved,2012-02-16T23:00:47+00:00,2012-02-16T23:00:47+00:00,2012,False
1b5d3880-aef8-49e0-8dff-f5d3bf1bbc1c,c62c4edb-9793-47c7-9706-8bdfc30a91ad,195662009,Acute viral pharyngitis (disorder),,resolved,2012-09-27T23:00:47+00:00,2012-09-27T23:00:47+00:00,2012,False
0f547bab-dd5a-41d5-9358-a90ada5f0186,64cee79e-2414-482a-94e7-e7223936f904,444814009,Viral sinusitis (disorder),,resolved,2016-11-22T03:32:04+00:00,2016-11-22T03:32:04+00:00,2016,False
0f39a6fc-6544-4a20-96cf-bed50969ef23,64cee79e-2414-482a-94e7-e7223936f904,64859006,Osteoporosis (disorder),,active,2013-10-20T03:32:04+00:00,2013-10-20T03:32:04+00:00,2013,False
081897e3-406d-404e-891a-bc0639e55055,64cee79e-2414-482a-94e7-e7223936f904,195662009,Acute viral pharyngitis (disorder),,resolved,2018-06-07T03:32:04+00:00,2018-06-07T03:32:04+00:00,2018,False
177ce7eb-4b10-4ed6-a872-4925adcce15d,64cee79e-2414-482a-94e7-e7223936f904,195662009,Acute viral pharyngitis (disorder),,resolved,2013-07-20T03:32:04+00:00,2013-07-20T03:32:04+00:00,2013,False
a366c7a0-5fbd-445c-b7a8-e5318ead2de2,64cee79e-2414-482a-94e7-e7223936f904,271737000,Anemia (disorder),,active,1973-07-08T03:32:04+00:00,1973-07-08T03:32:04+00:00,1973,False
aaecd0b3-6c75-480a-9f48-09f8f6c6a7dd,64cee79e-2414-482a-94e7-e7223936f904,15777000,Prediabetes,,active,1972-07-02T03:32:04+00:00,1972-07-02T03:32:04+00:00,1972,True
911bc970-400b-4a12-b1d9-1706a6595288,1299e4b5-bed9-4574-9233-ddfeb48d5c42,79586000,Tubal pregnancy,,active,2007-02-08T11:40:58+00:00,2007-02-08T11:40:58+00:00,2007,False
327765cd-2726-468b-8330-f58960f47d91,1299e4b5-bed9-4574-9233-ddfeb48d5c42,68496003,Polyp of colon,,resolved,2018-04-19T11:40:58+00:00,2018-04-19T11:40:58+00:00,2018,False
eab846d4-ac6c-475e-afa2-54c53264d847,1299e4b5-bed9-4574-9233-ddfeb48d5c42,15777000,Prediabetes,,active,1996-06-27T11:40:58+00:00,1996-06-27T11:40:58+00:00,1996,True
7d18259b-d9f4-4f15-8bec-d5419d5e8d71,1299e4b5-bed9-4574-9233-ddfeb48d5c42,40055000,Chronic sinusitis (disorder),,active,2003-06-21T11:40:58+00:00,2003-06-21T11:40:58+00:00,2003,False
a743b4e5-2917-46fd-bc84-572da2429a53,1299e4b5-bed9-4574-9233-ddfeb48d5c42,19169002,Miscarriage in first trimester,,active,2005-09-29T11:40:58+00:00,2005-09-29T11:40:58+00:00,2005,False
53e40650-e1d7-4883-935f-ca48aabc5166,1299e4b5-bed9-4574-9233-ddfeb48d5c42,428251008,History of appendectomy,,active,2007-04-10T11:40:58+00:00,2007-04-10T11:40:58+00:00,2007,False
fc015393-050f-4939-a236-094682597b63,1299e4b5-bed9-4574-9233-ddfeb48d5c42,38341003,Hypertension,,active,1986-06-12T11:40:58+00:00,1986-06-12T11:40:58+00:00,1986,True
6b9e0589-a900-40f0-994f-82bd0d761ad4,1299e4b5-bed9-4574-9233-ddfeb48d5c42,74400008,Appendicitis,,active,2007-04-10T11:40:58+00:00,2007-04-10T11:40:58+00:00,2007,False
8ae0507f-ed08-4d59-8ef2-c7091237f342,1299e4b5-bed9-4574-9233-ddfeb48d5c42,359817006,Closed fracture of hip,,resolved,2016-01-03T11:40:58+00:00,2016-01-03T11:40:58+00:00,2016,False
96ff825d-62ee-473e-97ae-3c06f49bebc1,1299e4b5-bed9-4574-9233-ddfeb48d5c42,410429000,Cardiac Arrest,,active,1984-08-09T11:40:58+00:00,1984-08-09T11:40:58+00:00,1984,False
c353a726-ffaa-4611-b158-0aee67135bfd,1299e4b5-bed9-4574-9233-ddfeb48d5c42,429007001,History of cardiac arrest (situation),,active,1984-08-09T11:40:58+00:00,1984-08-09T11:40:58+00:00,1984,False
dd7ca29e-d573-43a2-9bb7-e7a8bb7141ea,1299e4b5-bed9-4574-9233-ddfeb48d5c42,271737000,Anemia (disorder),,active,1996-06-27T11:40:58+00:00,1996-06-27T11:40:58+00:00,1996,False
223233e8-89a2-499a-870c-c05f6709761f,1299e4b5-bed9-4574-9233-ddfeb48d5c42,444814009,Viral sinusitis (disorder),,resolved,2020-11-25T11:40:58+00:00,2020-11-25T11:40:58+00:00,2020,False
e0359df9-9c4b-4be2-b6e7-6a497f485e63,1299e4b5-bed9-4574-9233-ddfeb48d5c42,444814009,Viral sinusitis (disorder),,resolved,2011-11-14T11:40:58+00:00,2011-11-14T11:40:58+00:00,2011,False
0c563abc-736e-474e-9be7-701310ef9d45,02f19698-ca4a-4a67-b343-0819ff6fce66,40055000,Chronic sinusitis (disorder),,active,1983-09-11T21:51:36+00:00,1983-09-11T21:51:36+00:00,1983,False
54201a74-b122-4050-ae92-9024cb20a65e,02f19698-ca4a-4a67-b343-0819ff6fce66,271737000,Anemia (disorder),,active,1943-07-05T21:51:36+00:00,1943-07-05T21:51:36+00:00,1943,False
daf403f9-01d3-4079-8400-a97bf506bd80,02f19698-ca4a-4a67-b343-0819ff6fce66,15777000,Prediabetes,,active,1943-07-05T21:51:36+00:00,1943-07-05T21:51:36+00:00,1943,True
7d96be50-bf3b-48f3-a9e6-d8ac3fc6f0f0,02f19698-ca4a-4a67-b343-0819ff6fce66,88805009,Chronic congestive heart failure (disorder),,active,2004-06-15T21:51:36+00:00,2004-06-15T21:51:36+00:00,2004,True
e13c475a-bc83-4179-bfa9-b777a7c838ca,02f19698-ca4a-4a67-b343-0819ff6fce66,70704007,Sprain of wrist,,resolved,2005-01-29T21:51:36+00:00,2005-01-29T21:51:36+00:00,2005,False
09cb1667-065b-4f86-8d6a-50c04611f69b,02f19698-ca4a-4a67-b343-0819ff6fce66,55822004,Hyperlipidemia,,active,1975-09-08T21:51:36+00:00,1975-09-08T21:51:36+00:00,1975,True
aaef643f-30fe-4399-8bc2-96cdf34a135d,61743a71-05b3-455d-802f-c379ffc65b40,446096008,Perennial allergic rhinitis,,active,2005-08-08T12:41:29+00:00,2005-08-08T12:41:29+00:00,2005,False
20d43134-4186-438c-90f9-190ad874532e,61743a71-05b3-455d-802f-c379ffc65b40,65363002,Otitis media,,resolved,2012-07-22T12:41:29+00:00,2012-07-22T12:41:29+00:00,2012,False
5c468af4-96d1-4989-b378-599c0593c43f,61743a71-05b3-455d-802f-c379ffc65b40,10509002,Acute bronchitis (disorder),,resolved,2019-03-09T12:41:29+00:00,2019-03-09T12:41:29+00:00,2019,False
7e958aed-fa48-41a4-a312-96b1079a395e,61743a71-05b3-455d-802f-c379ffc65b40,195662009,Acute viral pharyngitis (disorder),,resolved,2014-09-05T12:41:29+00:00,2014-09-05T12:41:29+00:00,2014,False
b29cbace-40a9-4344-9805-3046d6b1a72d,61743a71-05b3-455d-802f-c379ffc65b40,195662009,Acute viral pharyngitis (disorder),,resolved,2013-11-30T12:41:29+00:00,2013-11-30T12:41:29+00:00,2013,False
ff1c9bff-56da-40a8-b7c9-bc385b9a9312,61743a71-05b3-455d-802f-c379ffc65b40,195662009,Acute viral pharyngitis (disorder),,resolved,2017-11-01T12:41:29+00:00,2017-11-01T12:41:29+00:00,2017,False
f69759e8-6181-4032-aeac-98e8bede86cd,61743a71-05b3-455d-802f-c379ffc65b40,70704007,Sprain of wrist,,resolved,2011-09-09T12:41:29+00:00,2011-09-09T12:41:29+00:00,2011,False
e83fa2ce-6dad-474b-9a8c-b06cb45b7f0e,fe511514-cff6-4951-8b42-a9ecb773170f,75498004,Acute bacterial sinusitis (disorder),,resolved,2016-03-10T13:44:51+00:00,2016-03-10T13:44:51+00:00,2016,False
e349d0f0-dbc8-41d8-8ac3-75703584d8f2,fe511514-cff6-4951-8b42-a9ecb773170f,10509002,Acute bronchitis (disorder),,resolved,2013-09-09T13:44:51+00:00,2013-09-09T13:44:51+00:00,2013,False
a59e7a21-7700-433e-ae98-f7c8b6a62715,fe511514-cff6-4951-8b42-a9ecb773170f,70704007,Sprain of wrist,,resolved,2013-05-29T13:44:51+00:00,2013-05-29T13:44:51+00:00,2013,False
7b3cbf62-e2e7-4533-ae8f-380b55a6742d,fe511514-cff6-4951-8b42-a9ecb773170f,62106007,Concussion with no loss of consciousness,,resolved,2016-11-21T13:44:51+00:00,2016-11-21T13:44:51+00:00,2016,False
32d1c91c-f29d-4f92-9b98-1690244b43e7,fe511514-cff6-4951-8b42-a9ecb773170f,44465007,Sprain of ankle,,resolved,2011-08-03T13:44:51+00:00,2011-08-03T13:44:51+00:00,2011,False
3116924e-ace1-45a6-8029-c8c2301b84dc,fe511514-cff6-4951-8b42-a9ecb773170f,40055000,Chronic sinusitis (disorder),,active,2016-03-31T13:44:51+00:00,2016-03-31T13:44:51+00:00,2016,False
90179418-73f9-43ae-8527-31e33fa1c4fc,fe511514-cff6-4951-8b42-a9ecb773170f,444814009,Viral sinusitis (disorder),,resolved,2012-08-02T13:44:51+00:00,2012-08-02T13:44:51+00:00,2012,False
dfd1d911-61f8-497d-90b5-c5603b83c3f3,fe511514-cff6-4951-8b42-a9ecb773170f,283385000,Laceration of thigh,,resolved,2016-01-05T13:44:51+00:00,2016-01-05T13:44:51+00:00,2016,False
69e713f3-3660-49b2-b054-35bba438dda1,fe511514-cff6-4951-8b42-a9ecb773170f,72892002,Normal pregnancy,,resolved,2015-01-20T13:44:51+00:00,2015-01-20T13:44:51+00:00,2015,False
46169551-9346-4270-b910-f15ab68ce5c8,ca3d7b05-f954-4490-a2fd-6905ca5a9a26,64859006,Osteoporosis (disorder),,active,1995-08-26T19:20:06+00:00,1995-08-26T19:20:06+00:00,1995,False
c88ec62a-c375-4cf2-a6b9-422b4ed089d9,ca3d7b05-f954-4490-a2fd-6905ca5a9a26,82423001,Chronic pain,,active,1992-01-08T19:20:06+00:00,1992-01-08T19:20:06+00:00,1992,False
43ac4e03-9ceb-4f5e-af2a-42d614391c9f,ca3d7b05-f954-4490-a2fd-6905ca5a9a26,40055000,Chronic sinusitis (disorder),,active,1993-10-17T19:20:06+00:00,1993-10-17T19:20:06+00:00,1993,False
d2425a8f-44d7-4015-98a5-fdec7f19c55b,ca3d7b05-f954-4490-a2fd-6905ca5a9a26,444814009,Viral sinusitis (disorder),,resolved,2005-07-12T19:20:06+00:00,2005-07-12T19:20:06+00:00,2005,False
72ed3e9e-1e83-4d40-8ba6-11edd2584452,ca3d7b05-f954-4490-a2fd-6905ca5a9a26,124171000119105,Chronic intractable migraine without aura,,active,1993-08-21T19:20:06+00:00,1993-08-21T19:20:06+00:00,1993,False
53be9080-c557-490c-aad3-1e4d08bfcb36,ca3d7b05-f954-4490-a2fd-6905ca5a9a26,196416002,Impacted molars,,active,1993-06-17T19:20:06+00:00,1993-06-17T19:20:06+00:00,1993,False
6b361479-19c6-4760-820e-66fbbd2538af,ca3d7b05-f954-4490-a2fd-6905ca5a9a26,230690007,Stroke,,active,2012-06-02T19:20:06+00:00,2012-06-02T19:20:06+00:00,2012,False
ef0d4465-dd6d-435c-ab4d-062304163f08,ca3d7b05-f954-4490-a2fd-6905ca5a9a26,43878008,Streptococcal sore throat (disorder),,resolved,2009-11-17T19:20:06+00:00,2009-11-17T19:20:06+00:00,2009,False
df753b52-0638-43d5-8331-e1e6c179b78f,ca3d7b05-f954-4490-a2fd-6905ca5a9a26,444814009,Viral sinusitis (disorder),,resolved,2009-01-11T19:20:06+00:00,2009-01-11T19:20:06+00:00,2009,False
ec4df17b-487d-4016-80a5-28be97f1ea55,ca3d7b05-f954-4490-a2fd-6905ca5a9a26,15777000,Prediabetes,,active,1949-09-17T19:20:06+00:00,1949-09-17T19:20:06+00:00,1949,True
f28f7fd1-afda-43b2-96ed-efdca0020fac,ca3d7b05-f954-4490-a2fd-6905ca5a9a26,55680006,Drug overdose,,active,2000-11-01T19:20:06+00:00,2000-11-01T19:20:06+00:00,2000,False
52db6b38-cc17-4946-9cf3-6964a77637c6,ca3d7b05-f954-4490-a2fd-6905ca5a9a26,271737000,Anemia (disorder),,active,1949-09-17T19:20:06+00:00,1949-09-17T19:20:06+00:00,1949,False
bfb29e67-c75f-4a42-9322-0b5c72b1fe7e,ca3d7b05-f954-4490-a2fd-6905ca5a9a26,444814009,Viral sinusitis (disorder),,resolved,2009-06-02T19:20:06+00:00,2009-06-02T19:20:06+00:00,2009,False
102a60f3-01ae-421e-adaa-a13b04778d0d,ca3d7b05-f954-4490-a2fd-6905ca5a9a26,444814009,Viral sinusitis (disorder),,resolved,2004-06-20T19:20:06+00:00,2004-06-20T19:20:06+00:00,2004,False
9edf9d6a-6512-4063-b342-093b23693095,ca3d7b05-f954-4490-a2fd-6905ca5a9a26,49436004,Atrial Fibrillation,,active,1994-08-20T19:20:06+00:00,1994-08-20T19:20:06+00:00,1994,True
cae1b6da-2d3b-46f5-9c86-e59aeeb67eea,75a4631d-2cd8-4c77-afb6-740bad394ea1,302870006,Hypertriglyceridemia (disorder),,active,1991-08-05T07:57:54+00:00,1991-08-05T07:57:54+00:00,1991,False
c44bcc20-6504-434e-bff1-f668d50cb0da,75a4631d-2cd8-4c77-afb6-740bad394ea1,80394007,Hyperglycemia (disorder),,active,1991-08-05T07:57:54+00:00,1991-08-05T07:57:54+00:00,1991,False
c2cce139-5d19-499c-ae32-22c4700b35f6,75a4631d-2cd8-4c77-afb6-740bad394ea1,15777000,Prediabetes,,active,1982-08-16T07:57:54+00:00,1982-08-16T07:57:54+00:00,1982,True
0d1f02d1-9143-4b3f-83b8-8e8f4dc7988b,75a4631d-2cd8-4c77-afb6-740bad394ea1,237602007,Metabolic syndrome X (disorder),,active,1991-08-05T07:57:54+00:00,1991-08-05T07:57:54+00:00,1991,False
290717fa-7b0e-4c71-a5a4-5f0ce1a2d578,75a4631d-2cd8-4c77-afb6-740bad394ea1,368581000119106,Neuropathy due to type 2 diabetes mellitus (disorder),,active,1995-08-14T07:57:54+00:00,1995-08-14T07:57:54+00:00,1995,True
9b2735e7-2405-4eff-8f69-4d6c279d7008,75a4631d-2cd8-4c77-afb6-740bad394ea1,422034002,Diabetic retinopathy associated with type II diabetes mellitus (disorder),,active,2004-08-16T07:57:54+00:00,2004-08-16T07:57:54+00:00,2004,True
71503401-5c22-43c9-8928-b2bc723bf596,75a4631d-2cd8-4c77-afb6-740bad394ea1,53741008,Coronary Heart Disease,,active,2008-02-25T07:57:54+00:00,2008-02-25T07:57:54+00:00,2008,False
e70cbf7b-1160-46db-8911-a2d1f2bf8828,75a4631d-2cd8-4c77-afb6-740bad394ea1,444814009,Viral sinusitis (disorder),,resolved,2001-07-27T07:57:54+00:00,2001-07-27T07:57:54+00:00,2001,False
ead33da1-566a-434e-9c73-f193fba02ea6,75a4631d-2cd8-4c77-afb6-740bad394ea1,195662009,Acute viral pharyngitis (disorder),,resolved,2005-01-20T07:57:54+00:00,2005-01-20T07:57:54+00:00,2005,False
91a2d625-f886-4902-9507-215e7d08d5e4,75a4631d-2cd8-4c77-afb6-740bad394ea1,44054006,Diabetes,,active,1988-08-22T07:57:54+00:00,1988-08-22T07:57:54+00:00,1988,True
a74c77a4-93c4-42ee-a2dc-45177b6410e0,75a4631d-2cd8-4c77-afb6-740bad394ea1,10509002,Acute bronchitis (disorder),,resolved,1998-11-21T07:57:54+00:00,1998-11-21T07:57:54+00:00,1998,False
bf99f72c-3b61-4728-99e5-fe45d16ff4eb,75a4631d-2cd8-4c77-afb6-740bad394ea1,88805009,Chronic congestive heart failure (disorder),,active,2006-08-04T07:57:54+00:00,2006-08-04T07:57:54+00:00,2006,True
9b29dd8c-b2a1-4619-a1a1-8765ebb7b767,75a4631d-2cd8-4c77-afb6-740bad394ea1,271737000,Anemia (disorder),,active,1982-08-16T07:57:54+00:00,1982-08-16T07:57:54+00:00,1982,False
9d484eb2-7b95-43f6-b997-0663977cd6ff,d4b7793b-d7f8-4621-93df-1269712bd566,398254007,Preeclampsia,,resolved,2017-06-02T05:24:16+00:00,2017-06-02T05:24:16+00:00,2017,False
c3043bce-b92a-47bb-aff9-420d51f4c1b3,d4b7793b-d7f8-4621-93df-1269712bd566,398254007,Preeclampsia,,resolved,2014-11-14T05:24:16+00:00,2014-11-14T05:24:16+00:00,2014,False
72bcb7d4-f171-44fc-85d9-18873a22244a,d4b7793b-d7f8-4621-93df-1269712bd566,44465007,Sprain of ankle,,resolved,2011-08-02T05:24:16+00:00,2011-08-02T05:24:16+00:00,2011,False
657442a6-4cb6-49b8-9648-0f721d12f3e2,d4b7793b-d7f8-4621-93df-1269712bd566,10509002,Acute bronchitis (disorder),,resolved,2020-08-25T05:24:16+00:00,2020-08-25T05:24:16+00:00,2020,False
82ca2c0d-5744-4bfb-b485-fa1aae27adf2,d4b7793b-d7f8-4621-93df-1269712bd566,301011002,Escherichia coli urinary tract infection,,resolved,2013-01-09T05:24:16+00:00,2013-01-09T05:24:16+00:00,2013,False
29483601-9e74-4a27-8e55-e6fc4230c106,d4b7793b-d7f8-4621-93df-1269712bd566,72892002,Normal pregnancy,,resolved,2016-12-16T05:24:16+00:00,2016-12-16T05:24:16+00:00,2016,False
856942a9-aa7f-401e-a39d-a93624217984,d4b7793b-d7f8-4621-93df-1269712bd566,72892002,Normal pregnancy,,resolved,2014-05-30T05:24:16+00:00,2014-05-30T05:24:16+00:00,2014,False
deb65d59-bb5e-42b8-9754-e94280234294,d4b7793b-d7f8-4621-93df-1269712bd566,72892002,Normal pregnancy,,resolved,2013-06-14T05:24:16+00:00,2013-06-14T05:24:16+00:00,2013,False
af8b921c-8018-489b-957e-8df68f91ceba,d4b7793b-d7f8-4621-93df-1269712bd566,39848009,Whiplash injury to neck,,resolved,2014-06-01T05:24:16+00:00,2014-06-01T05:24:16+00:00,2014,False
986ec222-7247-4a1a-a24a-5871ff57a70d,6c66913a-080e-42b7-ad79-b27dcab53e85,444814009,Viral sinusitis (disorder),,resolved,2020-01-20T16:39:50+00:00,2020-01-20T16:39:50+00:00,2020,False
93a301a4-2f97-440b-8978-0e046bc54f5a,6c66913a-080e-42b7-ad79-b27dcab53e85,241929008,Acute allergic reaction,,resolved,2019-05-18T16:39:50+00:00,2019-05-18T16:39:50+00:00,2019,False
e18dc99c-0ef6-4889-a2b5-ce2227d02de8,6c66913a-080e-42b7-ad79-b27dcab53e85,44465007,Sprain of ankle,,resolved,2019-09-04T16:39:50+00:00,2019-09-04T16:39:50+00:00,2019,False
4f1fd098-4422-4187-9611-dd4fbeb2aa69,6c66913a-080e-42b7-ad79-b27dcab53e85,232353008,Perennial allergic rhinitis with seasonal variation,,active,2008-06-04T16:39:50+00:00,2008-06-04T16:39:50+00:00,2008,False
6b8ad03b-2f76-4286-bc7e-9b2a8ddaa11b,6c66913a-080e-42b7-ad79-b27dcab53e85,370247008,Facial laceration,,resolved,2011-04-05T16:39:50+00:00,2011-04-05T16:39:50+00:00,2011,False
0b69e0a3-9c60-4f2f-8fa1-69298adb02e5,6c66913a-080e-42b7-ad79-b27dcab53e85,195662009,Acute viral pharyngitis (disorder),,resolved,2016-02-02T16:39:50+00:00,2016-02-02T16:39:50+00:00,2016,False
e17e737f-c030-4002-ad68-472c7cd20605,0c15e136-827d-4d70-a5b1-a63bf159b31c,58150001,Fracture of clavicle,,resolved,2001-04-04T18:38:58+00:00,2001-04-04T18:38:58+00:00,2001,False
3eb00ce8-9571-4e70-a16e-4d4cd98060ea,0c15e136-827d-4d70-a5b1-a63bf159b31c,271737000,Anemia (disorder),,active,2006-05-29T18:38:58+00:00,2006-05-29T18:38:58+00:00,2006,False
43e9eee8-e000-4fab-be09-724370ed8fe9,0c15e136-827d-4d70-a5b1-a63bf159b31c,19169002,Miscarriage in first trimester,,active,1944-09-24T18:38:58+00:00,1944-09-24T18:38:58+00:00,1944,False
84578d17-6a62-4e1e-ba9f-08642b88c80e,0c15e136-827d-4d70-a5b1-a63bf159b31c,239873007,Osteoarthritis of knee,,active,1980-05-23T18:38:58+00:00,1980-05-23T18:38:58+00:00,1980,True
7d4fc4af-1d29-4462-a97e-0816818d834e,0c15e136-827d-4d70-a5b1-a63bf159b31c,162864005,Body mass index 30+ - obesity (finding),,active,1968-06-16T18:38:58+00:00,1968-06-16T18:38:58+00:00,1968,True
bda3f393-328b-4e49-90d3-b2b814b4d691,0c15e136-827d-4d70-a5b1-a63bf159b31c,444814009,Viral sinusitis (disorder),,resolved,2001-04-07T18:38:58+00:00,2001-04-07T18:38:58+00:00,2001,False
8f618e75-eec6-482e-8517-d62f622c3072,0c15e136-827d-4d70-a5b1-a63bf159b31c,88805009,Chronic congestive heart failure (disorder),,active,2006-05-29T18:38:58+00:00,2006-05-29T18:38:58+00:00,2006,True
9a049d03-0206-4cf6-9fd3-feb1019f6a59,cd3f83d7-5cf6-4722-b468-e8c2ddeccabc,162864005,Body mass index 30+ - obesity (finding),,active,2016-08-31T22:48:51+00:00,2016-08-31T22:48:51+00:00,2016,True
c1ff742a-9ed6-41c8-9f9a-4b270ba12f30,cd3f83d7-5cf6-4722-b468-e8c2ddeccabc,444814009,Viral sinusitis (disorder),,resolved,2016-02-15T22:48:51+00:00,2016-02-15T22:48:51+00:00,2016,False
230b5920-d65b-4fbb-a065-4b070653a9fb,cd3f83d7-5cf6-4722-b468-e8c2ddeccabc,444814009,Viral sinusitis (disorder),,resolved,2018-01-05T22:48:51+00:00,2018-01-05T22:48:51+00:00,2018,False
5353034a-f920-44fe-842f-c7576d538f5a,cd3f83d7-5cf6-4722-b468-e8c2ddeccabc,444814009,Viral sinusitis (disorder),,resolved,2013-12-29T22:48:51+00:00,2013-12-29T22:48:51+00:00,2013,False
c02d0aad-2c08-4455-8128-271463e256a0,cd3f83d7-5cf6-4722-b468-e8c2ddeccabc,444814009,Viral sinusitis (disorder),,resolved,2020-03-23T22:48:51+00:00,2020-03-23T22:48:51+00:00,2020,False
6f952f74-11ef-48f4-bbe5-df47aebc3194,cd3f83d7-5cf6-4722-b468-e8c2ddeccabc,10509002,Acute bronchitis (disorder),,resolved,2011-07-24T22:48:51+00:00,2011-07-24T22:48:51+00:00,2011,False
c8392775-5fe2-4993-b7b3-1b0bcbc59ecb,718413e0-9b98-4c34-9575-fdb4e5179738,195662009,Acute viral pharyngitis (disorder),,resolved,2015-05-19T15:21:04+00:00,2015-05-19T15:21:04+00:00,2015,False
45623097-112e-4683-825e-769f73e150e1,718413e0-9b98-4c34-9575-fdb4e5179738,444814009,Viral sinusitis (disorder),,resolved,2019-07-15T15:21:04+00:00,2019-07-15T15:21:04+00:00,2019,False
dcbc0588-f61c-42dc-9bc1-04df7d33609c,718413e0-9b98-4c34-9575-fdb4e5179738,38341003,Hypertension,,active,2005-11-14T15:21:04+00:00,2005-11-14T15:21:04+00:00,2005,True
ce648ca9-fac5-4d84-8e6d-74c0a93bc104,718413e0-9b98-4c34-9575-fdb4e5179738,284549007,Laceration of hand,,resolved,2019-04-23T15:21:04+00:00,2019-04-23T15:21:04+00:00,2019,False
4678e444-6868-44de-93cb-d96372b1f96b,718413e0-9b98-4c34-9575-fdb4e5179738,72892002,Normal pregnancy,,active,2020-12-28T15:21:04+00:00,2020-12-28T15:21:04+00:00,2020,False
973e1b75-6c29-459e-9d1e-513dcfed5da9,718413e0-9b98-4c34-9575-fdb4e5179738,271737000,Anemia (disorder),,resolved,2018-08-20T15:21:04+00:00,2018-08-20T15:21:04+00:00,2018,False
7ca9df34-5582-4bc4-ad83-1a0f44f731cc,718413e0-9b98-4c34-9575-fdb4e5179738,72892002,Normal pregnancy,,resolved,2018-08-20T15:21:04+00:00,2018-08-20T15:21:04+00:00,2018,False
738c400e-c095-49cd-a84a-51f7bf0139f6,718413e0-9b98-4c34-9575-fdb4e5179738,72892002,Normal pregnancy,,resolved,2015-08-03T15:21:04+00:00,2015-08-03T15:21:04+00:00,2015,False
94c5f33e-8110-45c7-a152-c34b5b4442e4,718413e0-9b98-4c34-9575-fdb4e5179738,72892002,Normal pregnancy,,resolved,2011-07-18T15:21:04+00:00,2011-07-18T15:21:04+00:00,2011,False
3d33dd60-da4d-4f95-a968-9937f1613e95,9184e31a-a2b3-4b8d-9032-d5377cabaa08,232353008,Perennial allergic rhinitis with seasonal variation,,active,2014-03-07T18:25:32+00:00,2014-03-07T18:25:32+00:00,2014,False
284e1c70-7a2b-4e8b-a3ce-6c26be6cbb6f,9184e31a-a2b3-4b8d-9032-d5377cabaa08,263102004,Fracture subluxation of wrist,,resolved,2012-11-20T18:25:32+00:00,2012-11-20T18:25:32+00:00,2012,False
12dc3777-f199-4a95-b2c8-f501c8bd901d,9184e31a-a2b3-4b8d-9032-d5377cabaa08,444814009,Viral sinusitis (disorder),,resolved,2014-11-15T18:25:32+00:00,2014-11-15T18:25:32+00:00,2014,False
cc1e51b0-99cd-4331-b7b3-866a0b4b2622,9184e31a-a2b3-4b8d-9032-d5377cabaa08,233678006,Childhood asthma,,active,2014-03-07T18:25:32+00:00,2014-03-07T18:25:32+00:00,2014,True
611a7cfe-bf1e-4958-a1ca-3d1be0a7d1f2,5654564d-5ae1-407c-8bcc-e7f96f773633,38341003,Hypertension,,active,1992-08-14T19:47:34+00:00,1992-08-14T19:47:34+00:00,1992,True
2ccfbb92-ecfa-459e-ad13-85a61048dc74,5654564d-5ae1-407c-8bcc-e7f96f773633,271737000,Anemia (disorder),,active,2016-02-05T19:47:34+00:00,2016-02-05T19:47:34+00:00,2016,False
c2a746a0-81ae-49cc-bfe4-9424248a0e24,5654564d-5ae1-407c-8bcc-e7f96f773633,39848009,Whiplash injury to neck,,resolved,2013-11-18T19:47:34+00:00,2013-11-18T19:47:34+00:00,2013,False
b8eab02d-2c22-4673-a03f-8f76592cebed,5654564d-5ae1-407c-8bcc-e7f96f773633,40055000,Chronic sinusitis (disorder),,active,1982-04-08T19:47:34+00:00,1982-04-08T19:47:34+00:00,1982,False
13809a92-0104-46a0-a7e5-aee25e5f936b,5654564d-5ae1-407c-8bcc-e7f96f773633,15777000,Prediabetes,,active,2016-02-05T19:47:34+00:00,2016-02-05T19:47:34+00:00,2016,True
01910579-8386-4f8c-b76c-e0e03ee5850a,5654564d-5ae1-407c-8bcc-e7f96f773633,90560007,Gout,,active,2020-01-14T19:47:34+00:00,2020-01-14T19:47:34+00:00,2020,False
51418a72-3e27-43a1-b96e-b2e7a6fe212b,5654564d-5ae1-407c-8bcc-e7f96f773633,62106007,Concussion with no loss of consciousness,,resolved,2017-08-04T19:47:34+00:00,2017-08-04T19:47:34+00:00,2017,False
88fb2915-2f8f-4649-a1e5-3e9d28128421,5654564d-5ae1-407c-8bcc-e7f96f773633,283371005,Laceration of forearm,,resolved,2011-11-08T19:47:34+00:00,2011-11-08T19:47:34+00:00,2011,False
91d06d9c-e9f4-4f2d-99c2-b8ec6b1a6c50,b3e91d87-e3a1-47f4-88ff-7013fd4a6a93,44465007,Sprain of ankle,,resolved,2011-12-27T02:55:17+00:00,2011-12-27T02:55:17+00:00,2011,False
cd3f34c7-d1de-49ae-a283-f2016beb97d5,b3e91d87-e3a1-47f4-88ff-7013fd4a6a93,195662009,Acute viral pharyngitis (disorder),,resolved,2011-06-04T02:55:17+00:00,2011-06-04T02:55:17+00:00,2011,False
855c7992-7efb-4fba-91d9-4445d196dedb,f26c357d-6c69-401f-a505-0413901cb401,43878008,Streptococcal sore throat (disorder),,resolved,2015-04-01T10:48:09+00:00,2015-04-01T10:48:09+00:00,2015,False
5b903024-719f-44d1-92f8-d0c8ed391dee,f26c357d-6c69-401f-a505-0413901cb401,444814009,Viral sinusitis (disorder),,resolved,2020-03-31T10:48:09+00:00,2020-03-31T10:48:09+00:00,2020,False
6ffb79a3-70ad-4ed8-bf55-cdab5178efb8,f26c357d-6c69-401f-a505-0413901cb401,307731004,Injury of tendon of the rotator cuff of shoulder,,resolved,2020-06-26T10:48:09+00:00,2020-06-26T10:48:09+00:00,2020,False
efc8e5cd-4872-4b8d-87d2-33c5c3f0cf30,f26c357d-6c69-401f-a505-0413901cb401,36971009,Sinusitis (disorder),,resolved,2011-11-09T10:48:09+00:00,2011-11-09T10:48:09+00:00,2011,False
bf0cdbfc-b6d0-4307-b2cb-274e7d1a13ff,f26c357d-6c69-401f-a505-0413901cb401,74400008,Appendicitis,,active,1993-08-18T10:48:09+00:00,1993-08-18T10:48:09+00:00,1993,False
b136279d-8915-4940-aeb3-647b6c468dd3,f26c357d-6c69-401f-a505-0413901cb401,44465007,Sprain of ankle,,resolved,2014-10-05T10:48:09+00:00,2014-10-05T10:48:09+00:00,2014,False
da4ed188-91b1-4670-a89e-f64efa9eb9ed,f26c357d-6c69-401f-a505-0413901cb401,444814009,Viral sinusitis (disorder),,resolved,2013-11-20T10:48:09+00:00,2013-11-20T10:48:09+00:00,2013,False
633edc8c-83b0-4195-9e19-70beb96a5a32,f26c357d-6c69-401f-a505-0413901cb401,428251008,History of appendectomy,,active,1993-08-18T10:48:09+00:00,1993-08-18T10:48:09+00:00,1993,False
02ea95f7-60b6-4aab-9285-4fae841fc683,f26c357d-6c69-401f-a505-0413901cb401,38341003,Hypertension,,active,2010-10-11T10:48:09+00:00,2010-10-11T10:48:09+00:00,2010,True
11d3de8a-44a3-4945-be08-df03a85cd209,f26c357d-6c69-401f-a505-0413901cb401,40055000,Chronic sinusitis (disorder),,active,2002-04-05T10:48:09+00:00,2002-04-05T10:48:09+00:00,2002,False
17416419-d9cb-4851-9062-69a2287a6f22,e86e9cae-89a3-44bf-9033-32a2d56f5113,271737000,Anemia (disorder),,active,1992-05-02T07:44:08+00:00,1992-05-02T07:44:08+00:00,1992,False
82fa6ca5-7e6f-46ee-bca2-ca9069ce9549,e86e9cae-89a3-44bf-9033-32a2d56f5113,82423001,Chronic pain,,active,1992-01-22T07:44:08+00:00,1992-01-22T07:44:08+00:00,1992,False
2094e3f8-31d3-4a6c-b950-ef7cdbfb7a53,e86e9cae-89a3-44bf-9033-32a2d56f5113,230690007,Stroke,,active,1980-08-30T07:44:08+00:00,1980-08-30T07:44:08+00:00,1980,False
12a49016-eed4-4fca-b047-d9ea2f7d3f2c,e86e9cae-89a3-44bf-9033-32a2d56f5113,444814009,Viral sinusitis (disorder),,resolved,2012-01-04T07:44:08+00:00,2012-01-04T07:44:08+00:00,2012,False
df338aaa-d3cf-4eb5-b4f4-c40511025b5e,e86e9cae-89a3-44bf-9033-32a2d56f5113,449868002,Smokes tobacco daily,,active,1969-06-21T07:44:08+00:00,1969-06-21T07:44:08+00:00,1969,False
89955642-cc3f-445b-b887-158a85c12a45,e86e9cae-89a3-44bf-9033-32a2d56f5113,162864005,Body mass index 30+ - obesity (finding),,active,1963-06-15T07:44:08+00:00,1963-06-15T07:44:08+00:00,1963,True
859fb22b-5a9c-4421-9d6c-85dc3e8e3a82,e86e9cae-89a3-44bf-9033-32a2d56f5113,64859006,Osteoporosis (disorder),,active,2018-09-29T07:44:08+00:00,2018-09-29T07:44:08+00:00,2018,False
5fc76e54-7a42-4804-a4c4-ba16556598c7,e86e9cae-89a3-44bf-9033-32a2d56f5113,15777000,Prediabetes,,active,1991-04-27T07:44:08+00:00,1991-04-27T07:44:08+00:00,1991,True
ae3442cb-6415-45bc-9897-3631ecc376b5,e86e9cae-89a3-44bf-9033-32a2d56f5113,55680006,Drug overdose,,active,1996-07-27T07:44:08+00:00,1996-07-27T07:44:08+00:00,1996,False
755c73f8-122d-48ad-b58f-15518281221a,e86e9cae-89a3-44bf-9033-32a2d56f5113,124171000119105,Chronic intractable migraine without aura,,active,1991-12-09T07:44:08+00:00,1991-12-09T07:44:08+00:00,1991,False
cb26a8bc-ca9b-4244-98ee-6aeb18235ce1,e86e9cae-89a3-44bf-9033-32a2d56f5113,16114001,Fracture of ankle,,resolved,2013-09-10T07:44:08+00:00,2013-09-10T07:44:08+00:00,2013,False
d8bbff61-55bb-482b-8897-d402101d7f1e,e86e9cae-89a3-44bf-9033-32a2d56f5113,230265002,Familial Alzheimer's disease of early onset (disorder),,active,2007-07-28T07:44:08+00:00,2007-07-28T07:44:08+00:00,2007,False
94a9386f-872b-49d7-ab88-2574829208f0,e86e9cae-89a3-44bf-9033-32a2d56f5113,233604007,Pneumonia,,active,2018-09-28T07:44:08+00:00,2018-09-28T07:44:08+00:00,2018,False
1cb10de2-43b2-4797-a9e3-4fa2eb59df73,e86e9cae-89a3-44bf-9033-32a2d56f5113,38341003,Hypertension,,active,1956-06-02T07:44:08+00:00,1956-06-02T07:44:08+00:00,1956,True
6d3342b1-6d5f-4bee-8069-ac979ae6975c,e86e9cae-89a3-44bf-9033-32a2d56f5113,195662009,Acute viral pharyngitis (disorder),,resolved,2015-12-02T07:44:08+00:00,2015-12-02T07:44:08+00:00,2015,False
507c819e-2eb8-4b1c-bd29-d3a796fcd465,e86e9cae-89a3-44bf-9033-32a2d56f5113,196416002,Impacted molars,,active,1992-04-19T07:44:08+00:00,1992-04-19T07:44:08+00:00,1992,False
2c368c57-b0c3-4f18-b9b0-cb496e295281,e86e9cae-89a3-44bf-9033-32a2d56f5113,195662009,Acute viral pharyngitis (disorder),,resolved,2012-06-06T07:44:08+00:00,2012-06-06T07:44:08+00:00,2012,False
9dfce6dd-c4f6-43ce-b3c2-1dafa7e3e54f,e78851aa-0fe0-48bf-9a66-510d6b46386e,198992004,Antepartum eclampsia,,resolved,2014-08-07T10:44:21+00:00,2014-08-07T10:44:21+00:00,2014,False
dae123bf-ca05-47d2-8082-303ca727ba76,e78851aa-0fe0-48bf-9a66-510d6b46386e,197927001,Recurrent urinary tract infection,,active,1981-06-10T10:44:21+00:00,1981-06-10T10:44:21+00:00,1981,False
d50e4cc1-a787-4809-bd39-c7f109cce5fb,e78851aa-0fe0-48bf-9a66-510d6b46386e,162864005,Body mass index 30+ - obesity (finding),,active,1985-05-30T10:44:21+00:00,1985-05-30T10:44:21+00:00,1985,True
80d6b087-5021-4fb9-be4a-eab7c4a696cf,e78851aa-0fe0-48bf-9a66-510d6b46386e,40055000,Chronic sinusitis (disorder),,active,1983-09-08T10:44:21+00:00,1983-09-08T10:44:21+00:00,1983,False
58ab8315-8fd1-4c36-ae5a-31c08237402a,e78851aa-0fe0-48bf-9a66-510d6b46386e,72892002,Normal pregnancy,,resolved,2014-01-23T10:44:21+00:00,2014-01-23T10:44:21+00:00,2014,False
4a38bf57-ea36-4bea-933b-a06dd8485604,e78851aa-0fe0-48bf-9a66-510d6b46386e,72892002,Normal pregnancy,,resolved,2013-10-03T10:44:21+00:00,2013-10-03T10:44:21+00:00,2013,False
c0667493-b0c1-4cdc-af79-1f1097145274,e78851aa-0fe0-48bf-9a66-510d6b46386e,284551006,Laceration of foot,,resolved,2015-03-21T10:44:21+00:00,2015-03-21T10:44:21+00:00,2015,False
b0cec9e2-13cc-4754-983f-6fd7a9bf55c4,e78851aa-0fe0-48bf-9a66-510d6b46386e,72892002,Normal pregnancy,,resolved,2012-07-26T10:44:21+00:00,2012-07-26T10:44:21+00:00,2012,False
b00bbcaf-1ef6-4134-aa0c-d31ea911887c,437ea3a5-f3b6-4cec-8bb3-a426da296edd,19169002,Miscarriage in first trimester,,active,1987-11-14T19:32:56+00:00,1987-11-14T19:32:56+00:00,1987,False
8af7eff9-c38b-4ee1-aecd-8a8160d48bc9,437ea3a5-f3b6-4cec-8bb3-a426da296edd,43878008,Streptococcal sore throat (disorder),,resolved,2012-10-30T19:32:56+00:00,2012-10-30T19:32:56+00:00,2012,False
5426848a-6025-42ce-847f-563b7e11d036,437ea3a5-f3b6-4cec-8bb3-a426da296edd,444814009,Viral sinusitis (disorder),,resolved,2019-04-26T19:32:56+00:00,2019-04-26T19:32:56+00:00,2019,False
0e26005a-6756-4215-96f4-e80eb08c3afc,437ea3a5-f3b6-4cec-8bb3-a426da296edd,15777000,Prediabetes,,active,1978-05-13T19:32:56+00:00,1978-05-13T19:32:56+00:00,1978,True
fbd226ee-7184-4730-9a11-6878d396c3e0,437ea3a5-f3b6-4cec-8bb3-a426da296edd,62564004,Concussion with loss of consciousness,,resolved,2012-08-31T19:32:56+00:00,2012-08-31T19:32:56+00:00,2012,False
ea1296b1-5f3e-4e4d-a962-dd8646556a1e,d4456fef-9f85-47c6-81c3-1dc1c2924326,128613002,Seizure disorder,,active,1937-02-13T17:49:34+00:00,1937-02-13T17:49:34+00:00,1937,False
ea122cb1-d6fc-489a-93e3-f175097a1e0d,d4456fef-9f85-47c6-81c3-1dc1c2924326,195662009,Acute viral pharyngitis (disorder),,resolved,2002-05-19T17:49:34+00:00,2002-05-19T17:49:34+00:00,2002,False
06c7218a-1bf3-4e0f-a78b-57fc5f5031e3,d4456fef-9f85-47c6-81c3-1dc1c2924326,444814009,Viral sinusitis (disorder),,resolved,2007-03-26T17:49:34+00:00,2007-03-26T17:49:34+00:00,2007,False
92a29ac1-a407-4fb8-bdfc-41f5642a4318,d4456fef-9f85-47c6-81c3-1dc1c2924326,239873007,Osteoarthritis of knee,,active,1997-01-29T17:49:34+00:00,1997-01-29T17:49:34+00:00,1997,True
92933625-0e25-47d1-b442-7f61166b9661,d4456fef-9f85-47c6-81c3-1dc1c2924326,30832001,Rupture of patellar tendon,,resolved,2004-06-26T17:49:34+00:00,2004-06-26T17:49:34+00:00,2004,False
35e143ed-c45d-431b-a09d-1ca4474f12c5,d4456fef-9f85-47c6-81c3-1dc1c2924326,88805009,Chronic congestive heart failure (disorder),,active,2009-02-14T17:49:34+00:00,2009-02-14T17:49:34+00:00,2009,True
5a39e9f5-21d7-4823-891b-87488dae34ab,d4456fef-9f85-47c6-81c3-1dc1c2924326,271737000,Anemia (disorder),,active,2009-02-14T17:49:34+00:00,2009-02-14T17:49:34+00:00,2009,False
6a6b49da-e6e4-4519-8d7e-21018e180618,d4456fef-9f85-47c6-81c3-1dc1c2924326,195662009,Acute viral pharyngitis (disorder),,resolved,2003-05-22T17:49:34+00:00,2003-05-22T17:49:34+00:00,2003,False
8eb9c617-3fbb-4295-a385-492978022c4e,d4456fef-9f85-47c6-81c3-1dc1c2924326,703151001,History of single seizure (situation),,active,1937-02-13T17:49:34+00:00,1937-02-13T17:49:34+00:00,1937,False
c98c7367-f612-4744-9c79-1bcb0a7aee80,feb67a40-0da5-4855-a7b2-2b5e11f48c5f,195662009,Acute viral pharyngitis (disorder),,resolved,1991-05-28T21:51:36+00:00,1991-05-28T21:51:36+00:00,1991,False
86814731-77e7-41db-a971-9f8b4e17e81b,feb67a40-0da5-4855-a7b2-2b5e11f48c5f,271737000,Anemia (disorder),,active,1949-01-31T21:51:36+00:00,1949-01-31T21:51:36+00:00,1949,False
61ebedf1-4e2e-4475-b49e-9bd5f14bf765,feb67a40-0da5-4855-a7b2-2b5e11f48c5f,79586000,Tubal pregnancy,,active,1973-11-19T21:51:36+00:00,1973-11-19T21:51:36+00:00,1973,False
599496af-0515-4ed9-b099-0cf421afa0bf,feb67a40-0da5-4855-a7b2-2b5e11f48c5f,64859006,Osteoporosis (disorder),,active,1984-08-13T21:51:36+00:00,1984-08-13T21:51:36+00:00,1984,False
907e7ee2-ea9f-40d8-86e4-f6892f884548,feb67a40-0da5-4855-a7b2-2b5e11f48c5f,58150001,Fracture of clavicle,,resolved,1996-02-04T21:51:36+00:00,1996-02-04T21:51:36+00:00,1996,False
3f5af9ac-c4be-4595-9416-23f971fb927a,feb67a40-0da5-4855-a7b2-2b5e11f48c5f,443165006,Pathological fracture due to osteoporosis (disorder),,resolved,1991-07-30T21:51:36+00:00,1991-07-30T21:51:36+00:00,1991,False
d721d316-3fb4-431b-b176-65dd08c7ab45,feb67a40-0da5-4855-a7b2-2b5e11f48c5f,79586000,Tubal pregnancy,,resolved,1970-07-27T21:51:36+00:00,1970-07-27T21:51:36+00:00,1970,False
7bfb0e09-59e2-4432-8c14-5987335e3bc3,feb67a40-0da5-4855-a7b2-2b5e11f48c5f,15777000,Prediabetes,,active,1946-04-15T21:51:36+00:00,1946-04-15T21:51:36+00:00,1946,True
6997560a-6663-4962-83d5-2ed094d849fc,feb67a40-0da5-4855-a7b2-2b5e11f48c5f,40055000,Chronic sinusitis (disorder),,active,1932-05-10T21:51:36+00:00,1932-05-10T21:51:36+00:00,1932,False
5a7cf9bc-dd26-489d-b25c-5f6d15dc3ed0,feb67a40-0da5-4855-a7b2-2b5e11f48c5f,444814009,Viral sinusitis (disorder),,resolved,1992-11-13T21:51:36+00:00,1992-11-13T21:51:36+00:00,1992,False
2e1a11b6-1e9f-4556-a770-29c579ffb21e,feb67a40-0da5-4855-a7b2-2b5e11f48c5f,65966004,Fracture of forearm,,resolved,1991-07-30T21:51:36+00:00,1991-07-30T21:51:36+00:00,1991,False
9ef9f27e-da28-4130-8703-94f28cf46a55,feb67a40-0da5-4855-a7b2-2b5e11f48c5f,87433001,Pulmonary emphysema (disorder),,active,1946-04-15T21:51:36+00:00,1946-04-15T21:51:36+00:00,1946,False
3443b45b-bab9-4bba-b1ec-a7039fbe9082,feb67a40-0da5-4855-a7b2-2b5e11f48c5f,443165006,Pathological fracture due to osteoporosis (disorder),,resolved,1996-02-04T21:51:36+00:00,1996-02-04T21:51:36+00:00,1996,False
0870634f-1bb7-4f97-a397-be51811515d7,feb67a40-0da5-4855-a7b2-2b5e11f48c5f,19169002,Miscarriage in first trimester,,active,1945-11-12T21:51:36+00:00,1945-11-12T21:51:36+00:00,1945,False
e1131a6c-1cf7-48ea-bfbb-ef0763e6a257,f3721a5a-dfae-4933-b2fd-b001210c6b3b,271737000,Anemia (disorder),,active,2014-12-11T23:57:31+00:00,2014-12-11T23:57:31+00:00,2014,False
0ea8abf0-05b6-4c38-b1b5-54833b00d1dd,f3721a5a-dfae-4933-b2fd-b001210c6b3b,36971009,Sinusitis (disorder),,resolved,2019-08-17T23:57:31+00:00,2019-08-17T23:57:31+00:00,2019,False
5108592c-1321-4cdb-ba2a-c674278950e4,f3721a5a-dfae-4933-b2fd-b001210c6b3b,198992004,Antepartum eclampsia,,resolved,2014-04-17T23:57:31+00:00,2014-04-17T23:57:31+00:00,2014,False
dbb06837-0397-4409-9b6c-93e229d55176,f3721a5a-dfae-4933-b2fd-b001210c6b3b,444814009,Viral sinusitis (disorder),,resolved,2013-07-03T23:57:31+00:00,2013-07-03T23:57:31+00:00,2013,False
4fdaa686-39e2-4b5f-bbcc-f5914688ac95,f3721a5a-dfae-4933-b2fd-b001210c6b3b,40055000,Chronic sinusitis (disorder),,active,2019-08-31T23:57:31+00:00,2019-08-31T23:57:31+00:00,2019,False
8f00f831-477b-497d-b93e-6744f72c1169,f3721a5a-dfae-4933-b2fd-b001210c6b3b,10509002,Acute bronchitis (disorder),,resolved,2011-11-30T23:57:31+00:00,2011-11-30T23:57:31+00:00,2011,False
38e79196-c4bf-4630-a52c-7afa37e6bcf2,f3721a5a-dfae-4933-b2fd-b001210c6b3b,38341003,Hypertension,,active,2010-12-02T23:57:31+00:00,2010-12-02T23:57:31+00:00,2010,True
c1e5331f-40e8-48f1-8bd8-163071f0a021,f3721a5a-dfae-4933-b2fd-b001210c6b3b,15777000,Prediabetes,,active,2014-12-11T23:57:31+00:00,2014-12-11T23:57:31+00:00,2014,True
e0d3e092-0ccf-468b-a0ac-bd9472d9f854,f3721a5a-dfae-4933-b2fd-b001210c6b3b,72892002,Normal pregnancy,,resolved,2015-01-22T23:57:31+00:00,2015-01-22T23:57:31+00:00,2015,False
73be2637-3f84-4382-a74a-7cdbcb853083,f3721a5a-dfae-4933-b2fd-b001210c6b3b,72892002,Normal pregnancy,,resolved,2013-10-03T23:57:31+00:00,2013-10-03T23:57:31+00:00,2013,False
6b05fd73-3c7c-49b3-a202-89ed12abc2ca,6a73c7dc-a64f-4a20-940e-f8f191525088,444814009,Viral sinusitis (disorder),,resolved,2018-11-04T16:59:37+00:00,2018-11-04T16:59:37+00:00,2018,False
1e56f03a-4125-4472-9148-6d0b70308320,6a73c7dc-a64f-4a20-940e-f8f191525088,444814009,Viral sinusitis (disorder),,resolved,2012-09-06T16:59:37+00:00,2012-09-06T16:59:37+00:00,2012,False
59c88f1d-a060-45df-bdfd-ba1814980301,6a73c7dc-a64f-4a20-940e-f8f191525088,444814009,Viral sinusitis (disorder),,resolved,2011-05-24T16:59:37+00:00,2011-05-24T16:59:37+00:00,2011,False
88a604e2-bdcd-4a59-bec8-1f1df898ebba,fe0153b2-d2ce-418e-af79-5b84587ad82c,7200002,Alcoholism,,active,2001-08-13T10:25:08+00:00,2001-08-13T10:25:08+00:00,2001,False
6aa4583b-6825-4eee-aac8-6b55293284b9,fe0153b2-d2ce-418e-af79-5b84587ad82c,271737000,Anemia (disorder),,active,2008-07-07T10:25:08+00:00,2008-07-07T10:25:08+00:00,2008,False
0807d692-7375-43aa-ab68-83d0c61c5162,fe0153b2-d2ce-418e-af79-5b84587ad82c,449868002,Smokes tobacco daily,,active,2003-08-18T10:25:08+00:00,2003-08-18T10:25:08+00:00,2003,False
a8924f04-813d-464c-9b96-633a4f39a477,fe0153b2-d2ce-418e-af79-5b84587ad82c,195662009,Acute viral pharyngitis (disorder),,resolved,2019-09-17T10:25:08+00:00,2019-09-17T10:25:08+00:00,2019,False
33ed8d36-bcbb-41a6-8f04-402a557819f5,fe0153b2-d2ce-418e-af79-5b84587ad82c,43878008,Streptococcal sore throat (disorder),,resolved,2015-10-25T10:25:08+00:00,2015-10-25T10:25:08+00:00,2015,False
aea2338e-b8d0-471b-8d39-0938161826c1,fe0153b2-d2ce-418e-af79-5b84587ad82c,15777000,Prediabetes,,active,2008-07-07T10:25:08+00:00,2008-07-07T10:25:08+00:00,2008,True
85900ed0-a7d0-4f8d-8197-8ed8ed804526,31055311-1cd4-432e-b864-07f395956526,196416002,Impacted molars,,active,1993-11-10T03:01:19+00:00,1993-11-10T03:01:19+00:00,1993,False
6137e5d9-0d31-433b-8132-80168179bb33,31055311-1cd4-432e-b864-07f395956526,40055000,Chronic sinusitis (disorder),,active,2004-05-04T03:01:19+00:00,2004-05-04T03:01:19+00:00,2004,False
2b1843d0-7ee9-4afa-a726-21d7546edd1c,31055311-1cd4-432e-b864-07f395956526,124171000119105,Chronic intractable migraine without aura,,active,1991-12-05T03:01:19+00:00,1991-12-05T03:01:19+00:00,1991,False
344c13ff-e9b4-477c-8818-85bfe5636de1,31055311-1cd4-432e-b864-07f395956526,444814009,Viral sinusitis (disorder),,resolved,2006-07-30T03:01:19+00:00,2006-07-30T03:01:19+00:00,2006,False
aad8f217-790e-447a-a801-340b1c1221ca,31055311-1cd4-432e-b864-07f395956526,82423001,Chronic pain,,active,1992-03-23T03:01:19+00:00,1992-03-23T03:01:19+00:00,1992,False
75364b0e-a376-4fef-878f-54d4d0105a9e,31055311-1cd4-432e-b864-07f395956526,15777000,Prediabetes,,active,1990-01-02T03:01:19+00:00,1990-01-02T03:01:19+00:00,1990,True
2b4964ed-f3a6-48de-9334-362db483793e,31055311-1cd4-432e-b864-07f395956526,88805009,Chronic congestive heart failure (disorder),,active,2011-12-26T03:01:19+00:00,2011-12-26T03:01:19+00:00,2011,True
f78802f6-2e97-4cf6-bfc1-e63fcf77c917,31055311-1cd4-432e-b864-07f395956526,44465007,Sprain of ankle,,resolved,2011-09-20T03:01:19+00:00,2011-09-20T03:01:19+00:00,2011,False
d1ee7eda-7f90-4741-bac1-ef042cc6550a,31055311-1cd4-432e-b864-07f395956526,55680006,Drug overdose,,active,2001-05-11T03:01:19+00:00,2001-05-11T03:01:19+00:00,2001,False
0edf25d4-3ef9-4aa0-a316-eebf306b6e37,31055311-1cd4-432e-b864-07f395956526,444814009,Viral sinusitis (disorder),,resolved,2006-12-27T03:01:19+00:00,2006-12-27T03:01:19+00:00,2006,False
13d89f2f-4b45-4683-abf5-a244fc447547,31055311-1cd4-432e-b864-07f395956526,271737000,Anemia (disorder),,active,1990-01-02T03:01:19+00:00,1990-01-02T03:01:19+00:00,1990,False
b81ed688-0ed6-44bb-86ba-d2f42ac14edd,31055311-1cd4-432e-b864-07f395956526,283371005,Laceration of forearm,,resolved,2009-07-18T03:01:19+00:00,2009-07-18T03:01:19+00:00,2009,False
ed17efd9-0f99-49ac-8671-b9f0cfb2a5b1,31055311-1cd4-432e-b864-07f395956526,195662009,Acute viral pharyngitis (disorder),,resolved,2012-05-12T03:01:19+00:00,2012-05-12T03:01:19+00:00,2012,False
7cced4a2-d221-44ee-8256-9f00694c1362,a4fbfefa-4eee-4963-9f29-247fa46e1410,444814009,Viral sinusitis (disorder),,resolved,2020-03-01T14:04:04+00:00,2020-03-01T14:04:04+00:00,2020,False
76e05475-9157-4f5b-8cfb-ada91bab12b5,a4fbfefa-4eee-4963-9f29-247fa46e1410,271737000,Anemia (disorder),,resolved,2016-02-01T14:04:04+00:00,2016-02-01T14:04:04+00:00,2016,False
f2c391f0-c44d-4807-be8b-720a6db78ab1,a4fbfefa-4eee-4963-9f29-247fa46e1410,198992004,Antepartum eclampsia,,resolved,2016-08-15T14:04:04+00:00,2016-08-15T14:04:04+00:00,2016,False
dff66f1d-846f-4b49-8d7e-906de8df16e8,a4fbfefa-4eee-4963-9f29-247fa46e1410,62106007,Concussion with no loss of consciousness,,resolved,2016-02-13T14:04:04+00:00,2016-02-13T14:04:04+00:00,2016,False
5b9d2365-07d0-46f0-ba98-0e98059087f7,a4fbfefa-4eee-4963-9f29-247fa46e1410,195662009,Acute viral pharyngitis (disorder),,resolved,2013-09-28T14:04:04+00:00,2013-09-28T14:04:04+00:00,2013,False
6ae5b7f5-fdeb-4761-8bb8-e54ad3df759c,a4fbfefa-4eee-4963-9f29-247fa46e1410,195662009,Acute viral pharyngitis (disorder),,resolved,2016-10-25T14:04:04+00:00,2016-10-25T14:04:04+00:00,2016,False
376172f8-3646-48df-9b25-d89f239cab4d,a4fbfefa-4eee-4963-9f29-247fa46e1410,43878008,Streptococcal sore throat (disorder),,resolved,2019-05-29T14:04:04+00:00,2019-05-29T14:04:04+00:00,2019,False
e116c8c1-3bb6-44fa-b32e-c0594d101863,a4fbfefa-4eee-4963-9f29-247fa46e1410,192127007,Child attention deficit disorder,,resolved,2010-02-04T14:04:04+00:00,2010-02-04T14:04:04+00:00,2010,False
ffdd86ff-c845-498a-9f1e-436c444e2094,a4fbfefa-4eee-4963-9f29-247fa46e1410,72892002,Normal pregnancy,,resolved,2016-02-01T14:04:04+00:00,2016-02-01T14:04:04+00:00,2016,False
73fd746c-c6e5-4688-821b-e4493a9dc804,beaf00da-c197-4e72-8b27-7ee1131348f1,271737000,Anemia (disorder),,active,2016-07-16T23:33:57+00:00,2016-07-16T23:33:57+00:00,2016,False
1ab45ca4-9832-490e-ac39-e98b60486257,beaf00da-c197-4e72-8b27-7ee1131348f1,444814009,Viral sinusitis (disorder),,resolved,2018-11-07T23:33:57+00:00,2018-11-07T23:33:57+00:00,2018,False
759cb37d-38ab-4a1b-81c8-f007f6b6806b,beaf00da-c197-4e72-8b27-7ee1131348f1,444814009,Viral sinusitis (disorder),,resolved,2015-02-07T23:33:57+00:00,2015-02-07T23:33:57+00:00,2015,False
520a4791-5367-4a40-ae6f-5191917ce8f7,beaf00da-c197-4e72-8b27-7ee1131348f1,444814009,Viral sinusitis (disorder),,resolved,2016-10-28T23:33:57+00:00,2016-10-28T23:33:57+00:00,2016,False
63c337e9-6766-45e7-a410-1fca72081cf2,beaf00da-c197-4e72-8b27-7ee1131348f1,195662009,Acute viral pharyngitis (disorder),,resolved,2013-07-03T23:33:57+00:00,2013-07-03T23:33:57+00:00,2013,False
67720978-065a-4136-a330-49f16446a74c,beaf00da-c197-4e72-8b27-7ee1131348f1,40055000,Chronic sinusitis (disorder),,active,2002-10-22T23:33:57+00:00,2002-10-22T23:33:57+00:00,2002,False
d5a42a4f-f97b-470e-bf73-a2fd68a5e527,beaf00da-c197-4e72-8b27-7ee1131348f1,15777000,Prediabetes,,active,2016-07-16T23:33:57+00:00,2016-07-16T23:33:57+00:00,2016,True
63d95d5b-25e8-4cf9-9aa3-505171603402,beaf00da-c197-4e72-8b27-7ee1131348f1,43878008,Streptococcal sore throat (disorder),,resolved,2011-12-27T23:33:57+00:00,2011-12-27T23:33:57+00:00,2011,False
45d33249-8f7f-49b4-9ac5-2a41099e1238,7c483976-15af-49ce-97ad-81a13cf5f303,230690007,Stroke,,active,1994-03-14T21:51:36+00:00,1994-03-14T21:51:36+00:00,1994,False
cf9a01eb-eff7-4545-b23b-74f001fd8645,7c483976-15af-49ce-97ad-81a13cf5f303,38341003,Hypertension,,active,1943-06-21T21:51:36+00:00,1943-06-21T21:51:36+00:00,1943,True
4212c57a-e3b5-4e08-8d83-70827e12c29d,7c483976-15af-49ce-97ad-81a13cf5f303,15777000,Prediabetes,,active,1949-06-27T21:51:36+00:00,1949-06-27T21:51:36+00:00,1949,True
6766f74a-4e07-4f8c-82b6-5ce15b89a836,7c483976-15af-49ce-97ad-81a13cf5f303,201834006,"Localized, primary osteoarthritis of the hand",,active,1971-06-05T21:51:36+00:00,1971-06-05T21:51:36+00:00,1971,True
ba622484-263c-4143-af6d-049339b1daa2,7c483976-15af-49ce-97ad-81a13cf5f303,19169002,Miscarriage in first trimester,,active,1949-04-11T21:51:36+00:00,1949-04-11T21:51:36+00:00,1949,False
dd3f6a25-f05d-4350-a9f5-dc70d2de9ea5,7c483976-15af-49ce-97ad-81a13cf5f303,88805009,Chronic congestive heart failure (disorder),,active,2006-06-15T21:51:36+00:00,2006-06-15T21:51:36+00:00,2006,True
366feb19-c264-446b-8d8f-fb687249b2d0,7c483976-15af-49ce-97ad-81a13cf5f303,49436004,Atrial Fibrillation,,active,1989-08-21T21:51:36+00:00,1989-08-21T21:51:36+00:00,1989,True
9c72a17e-035e-4cec-ba69-48d75d1d59e0,7c483976-15af-49ce-97ad-81a13cf5f303,359817006,Closed fracture of hip,,resolved,2002-02-19T21:51:36+00:00,2002-02-19T21:51:36+00:00,2002,False
218bb3b5-1c80-4c15-969c-baf0fa082131,ff9840e8-5f06-4672-90c4-6506856b3d20,444814009,Viral sinusitis (disorder),,resolved,1997-06-15T21:51:36+00:00,1997-06-15T21:51:36+00:00,1997,False
7f1b9671-1131-44ce-8854-afa4eba389b4,ff9840e8-5f06-4672-90c4-6506856b3d20,64859006,Osteoporosis (disorder),,active,1994-06-27T21:51:36+00:00,1994-06-27T21:51:36+00:00,1994,False
de08b3fb-11b1-4ad8-9661-34aca7f4d7ba,ff9840e8-5f06-4672-90c4-6506856b3d20,444814009,Viral sinusitis (disorder),,resolved,2002-03-05T21:51:36+00:00,2002-03-05T21:51:36+00:00,2002,False
d26632d1-54d8-462e-a893-9c95aff31c2a,ff9840e8-5f06-4672-90c4-6506856b3d20,19169002,Miscarriage in first trimester,,active,1947-09-29T21:51:36+00:00,1947-09-29T21:51:36+00:00,1947,False
1565d051-1cbd-4409-8c56-b7b229beced8,ff9840e8-5f06-4672-90c4-6506856b3d20,195662009,Acute viral pharyngitis (disorder),,resolved,1994-06-18T21:51:36+00:00,1994-06-18T21:51:36+00:00,1994,False
0cb5618f-ed5e-4ebd-b6a9-5a0203e93983,ff9840e8-5f06-4672-90c4-6506856b3d20,40055000,Chronic sinusitis (disorder),,active,1926-09-21T21:51:36+00:00,1926-09-21T21:51:36+00:00,1926,False
29c122b3-8e3d-4b60-8a29-99eba1484bc5,ff9840e8-5f06-4672-90c4-6506856b3d20,162864005,Body mass index 30+ - obesity (finding),,active,1960-01-18T21:51:36+00:00,1960-01-18T21:51:36+00:00,1960,True
60baa40d-f0ba-429e-9389-ffe2dbc834e9,ff9840e8-5f06-4672-90c4-6506856b3d20,65966004,Fracture of forearm,,resolved,1992-10-02T21:51:36+00:00,1992-10-02T21:51:36+00:00,1992,False
1ec5499e-b86f-4cb8-959b-7f63bd9afd53,ff9840e8-5f06-4672-90c4-6506856b3d20,239873007,Osteoarthritis of knee,,active,1981-06-02T21:51:36+00:00,1981-06-02T21:51:36+00:00,1981,True
fe006999-2270-4e9d-b3c7-b59e3423c581,ff9840e8-5f06-4672-90c4-6506856b3d20,88805009,Chronic congestive heart failure (disorder),,active,2000-06-16T21:51:36+00:00,2000-06-16T21:51:36+00:00,2000,True
95c20d33-5a66-49e8-ad73-fa667326ca4e,618b2992-eec7-45c9-8544-12c9f586b78c,444814009,Viral sinusitis (disorder),,resolved,2016-12-27T04:59:42+00:00,2016-12-27T04:59:42+00:00,2016,False
739de1a7-73ae-45fb-bad9-c98e2a215a64,618b2992-eec7-45c9-8544-12c9f586b78c,195662009,Acute viral pharyngitis (disorder),,resolved,2011-11-15T04:59:42+00:00,2011-11-15T04:59:42+00:00,2011,False
e169ff13-c04a-4314-a5a1-a76a9a54267e,618b2992-eec7-45c9-8544-12c9f586b78c,444814009,Viral sinusitis (disorder),,resolved,2011-10-17T04:59:42+00:00,2011-10-17T04:59:42+00:00,2011,False
06b51354-94e8-49b7-9c31-7ad296e8461c,618b2992-eec7-45c9-8544-12c9f586b78c,10509002,Acute bronchitis (disorder),,resolved,2013-02-03T04:59:42+00:00,2013-02-03T04:59:42+00:00,2013,False
59897ae1-99a5-40cf-81f5-9a6010a24cb1,618b2992-eec7-45c9-8544-12c9f586b78c,444814009,Viral sinusitis (disorder),,resolved,2015-05-21T04:59:42+00:00,2015-05-21T04:59:42+00:00,2015,False
63c442fe-abbd-4db8-bc80-eefbf15d1f83,618b2992-eec7-45c9-8544-12c9f586b78c,15777000,Prediabetes,,active,2006-01-01T04:59:42+00:00,2006-01-01T04:59:42+00:00,2006,True
cb9c44a7-f9cb-4ba4-9b5c-d39dd714404a,618b2992-eec7-45c9-8544-12c9f586b78c,38341003,Hypertension,,active,1971-03-07T04:59:42+00:00,1971-03-07T04:59:42+00:00,1971,True
0b9a10d1-1165-4829-aff6-11b7c92a42f7,618b2992-eec7-45c9-8544-12c9f586b78c,283385000,Laceration of thigh,,resolved,2015-01-17T04:59:42+00:00,2015-01-17T04:59:42+00:00,2015,False
e21522b1-8006-4723-8b8d-bda8a575b87e,618b2992-eec7-45c9-8544-12c9f586b78c,55822004,Hyperlipidemia,,active,2005-12-29T04:59:42+00:00,2005-12-29T04:59:42+00:00,2005,True
1f3f4844-f0d2-4b8f-ae92-2ef8008b50c4,618b2992-eec7-45c9-8544-12c9f586b78c,58150001,Fracture of clavicle,,resolved,2020-04-11T04:59:42+00:00,2020-04-11T04:59:42+00:00,2020,False
63fe877d-8af7-4aab-8817-5df1606653f5,618b2992-eec7-45c9-8544-12c9f586b78c,271737000,Anemia (disorder),,active,2007-01-07T04:59:42+00:00,2007-01-07T04:59:42+00:00,2007,False
ad649a04-e572-4863-a74c-ef3f218b0d70,457ad729-544f-4ed6-9eb4-20a2152a3687,19169002,Miscarriage in first trimester,,active,1956-02-27T21:51:36+00:00,1956-02-27T21:51:36+00:00,1956,False
b4e5df19-2cb9-4207-9e3d-0c8b6fdd41a4,457ad729-544f-4ed6-9eb4-20a2152a3687,38341003,Hypertension,,active,1943-06-14T21:51:36+00:00,1943-06-14T21:51:36+00:00,1943,True
69b1230d-ce9b-481c-b5ac-48a2bc2c5e32,457ad729-544f-4ed6-9eb4-20a2152a3687,39848009,Whiplash injury to neck,,resolved,1976-08-12T21:51:36+00:00,1976-08-12T21:51:36+00:00,1976,False
4dec78d9-56b0-4169-9b3a-d8ddebf82559,457ad729-544f-4ed6-9eb4-20a2152a3687,307731004,Injury of tendon of the rotator cuff of shoulder,,resolved,1977-10-04T21:51:36+00:00,1977-10-04T21:51:36+00:00,1977,False
0a5782d0-f573-429b-b0f3-377747b302f4,457ad729-544f-4ed6-9eb4-20a2152a3687,88805009,Chronic congestive heart failure (disorder),,active,1977-06-22T21:51:36+00:00,1977-06-22T21:51:36+00:00,1977,True
2f777a3f-c5c1-4942-ae57-41c55aa75381,457ad729-544f-4ed6-9eb4-20a2152a3687,74400008,Appendicitis,,active,1969-06-07T21:51:36+00:00,1969-06-07T21:51:36+00:00,1969,False
9f0ccb58-a369-4123-8bb3-35591c2e427b,457ad729-544f-4ed6-9eb4-20a2152a3687,428251008,History of appendectomy,,active,1969-06-07T21:51:36+00:00,1969-06-07T21:51:36+00:00,1969,False
edfe9328-d4a0-41c5-a7cc-022601892e3f,457ad729-544f-4ed6-9eb4-20a2152a3687,55822004,Hyperlipidemia,,active,1972-07-10T21:51:36+00:00,1972-07-10T21:51:36+00:00,1972,True
b3fcec44-0358-472f-b052-768a50c4fa82,457ad729-544f-4ed6-9eb4-20a2152a3687,10509002,Acute bronchitis (disorder),,resolved,1977-09-15T21:51:36+00:00,1977-09-15T21:51:36+00:00,1977,False
2716e060-b9da-48c2-b7e1-b722d8104ab5,457ad729-544f-4ed6-9eb4-20a2152a3687,195662009,Acute viral pharyngitis (disorder),,resolved,1977-10-04T21:51:36+00:00,1977-10-04T21:51:36+00:00,1977,False
0b0652bc-6a42-4dd8-a1ce-e78ce3a5443c,457ad729-544f-4ed6-9eb4-20a2152a3687,162864005,Body mass index 30+ - obesity (finding),,active,1974-06-17T21:51:36+00:00,1974-06-17T21:51:36+00:00,1974,True
68b38c15-d03f-408f-8e96-98a2b328edc3,ae6225ec-c4c0-400f-bbcd-4aba181be869,367498001,Seasonal allergic rhinitis,,active,2004-06-22T05:20:46+00:00,2004-06-22T05:20:46+00:00,2004,False
9e93169a-e1a2-45d6-9d01-9d4620d0d087,ae6225ec-c4c0-400f-bbcd-4aba181be869,38341003,Hypertension,,active,2018-08-10T05:20:46+00:00,2018-08-10T05:20:46+00:00,2018,True
03d3f155-dc63-433a-919f-f44cd2f9635e,ae6225ec-c4c0-400f-bbcd-4aba181be869,195662009,Acute viral pharyngitis (disorder),,resolved,2017-03-20T05:20:46+00:00,2017-03-20T05:20:46+00:00,2017,False
e918c811-a8b5-4c11-a16f-5d071d26f286,ae6225ec-c4c0-400f-bbcd-4aba181be869,233678006,Childhood asthma,,active,2003-06-23T05:20:46+00:00,2003-06-23T05:20:46+00:00,2003,True
d91213fd-8ca4-4f51-a048-5a34558c3f2a,bb9a9324-aefe-4ff7-9535-ec6795de8aaa,444814009,Viral sinusitis (disorder),,resolved,2017-01-20T16:13:53+00:00,2017-01-20T16:13:53+00:00,2017,False
0bd778c3-0b44-41b7-8a1d-ec40f02349c0,bb9a9324-aefe-4ff7-9535-ec6795de8aaa,444814009,Viral sinusitis (disorder),,resolved,2014-07-05T16:13:53+00:00,2014-07-05T16:13:53+00:00,2014,False
4a711952-c13d-48da-9dea-6d00fc0a1dba,bb9a9324-aefe-4ff7-9535-ec6795de8aaa,444814009,Viral sinusitis (disorder),,resolved,2020-03-05T16:13:53+00:00,2020-03-05T16:13:53+00:00,2020,False
938a9a3c-ba34-4396-8ec8-f2e93e8d6561,bb9a9324-aefe-4ff7-9535-ec6795de8aaa,162864005,Body mass index 30+ - obesity (finding),,active,1995-06-02T16:13:53+00:00,1995-06-02T16:13:53+00:00,1995,True
c1792b76-044d-4dbf-8e47-51f05d9b2a3f,bb9a9324-aefe-4ff7-9535-ec6795de8aaa,15777000,Prediabetes,,active,2008-02-01T16:13:53+00:00,2008-02-01T16:13:53+00:00,2008,True
866b930d-3512-4ac0-93ed-a3e922c254a7,bb9a9324-aefe-4ff7-9535-ec6795de8aaa,40055000,Chronic sinusitis (disorder),,active,1973-11-13T16:13:53+00:00,1973-11-13T16:13:53+00:00,1973,False
74972eea-4b77-467e-8175-fc94d1e343de,bb9a9324-aefe-4ff7-9535-ec6795de8aaa,19169002,Miscarriage in first trimester,,active,2000-03-10T16:13:53+00:00,2000-03-10T16:13:53+00:00,2000,False
1e4799a1-d646-40ae-b3f4-1dbb44ab484b,bb9a9324-aefe-4ff7-9535-ec6795de8aaa,10509002,Acute bronchitis (disorder),,resolved,2012-04-09T16:13:53+00:00,2012-04-09T16:13:53+00:00,2012,False
4a0b82bf-fef9-4fd1-9b57-4d076989befd,bb9a9324-aefe-4ff7-9535-ec6795de8aaa,88805009,Chronic congestive heart failure (disorder),,active,2019-03-11T16:13:53+00:00,2019-03-11T16:13:53+00:00,2019,True
f2b12a84-3cac-40c2-b86e-8ab1ffe0805a,f813f3a1-2f4e-4e4c-a0ee-3d5dc5286ae8,444814009,Viral sinusitis (disorder),,active,2021-03-30T18:04:34+00:00,2021-03-30T18:04:34+00:00,2021,False
d2fb30c8-0345-4fec-9b26-94984db19caf,f813f3a1-2f4e-4e4c-a0ee-3d5dc5286ae8,444814009,Viral sinusitis (disorder),,resolved,2020-01-14T18:04:34+00:00,2020-01-14T18:04:34+00:00,2020,False
0af43d5a-8f55-4560-a76c-dbdb23470dbc,f813f3a1-2f4e-4e4c-a0ee-3d5dc5286ae8,444814009,Viral sinusitis (disorder),,resolved,2010-02-07T18:04:34+00:00,2010-02-07T18:04:34+00:00,2010,False
6f897571-ba40-43f3-baf8-f5418b0baa0c,f813f3a1-2f4e-4e4c-a0ee-3d5dc5286ae8,444814009,Viral sinusitis (disorder),,resolved,1999-05-22T18:04:34+00:00,1999-05-22T18:04:34+00:00,1999,False
4ddeedd5-6363-4ee9-a82e-add0b2bb6716,f813f3a1-2f4e-4e4c-a0ee-3d5dc5286ae8,38341003,Hypertension,,active,2013-08-14T18:04:34+00:00,2013-08-14T18:04:34+00:00,2013,True
e9b83f44-d2da-4a27-b56f-a41eb5aaafe8,ec6a274e-5090-45c9-b153-e40418f6fa3d,80394007,Hyperglycemia (disorder),,active,1990-07-26T19:27:45+00:00,1990-07-26T19:27:45+00:00,1990,False
f40132ac-1eb6-43f3-84fd-baa952ce4856,ec6a274e-5090-45c9-b153-e40418f6fa3d,237602007,Metabolic syndrome X (disorder),,active,1990-07-26T19:27:45+00:00,1990-07-26T19:27:45+00:00,1990,False
0f8163f2-42aa-49d8-9940-2b51b9977598,ec6a274e-5090-45c9-b153-e40418f6fa3d,271737000,Anemia (disorder),,active,1987-07-23T19:27:45+00:00,1987-07-23T19:27:45+00:00,1987,False
bf55da38-a3a5-4fa0-886f-ad34b12ef62b,ec6a274e-5090-45c9-b153-e40418f6fa3d,368581000119106,Neuropathy due to type 2 diabetes mellitus (disorder),,active,2019-08-29T19:27:45+00:00,2019-08-29T19:27:45+00:00,2019,True
9d4ac409-0b17-4b50-94c7-99753d4fe8d7,ec6a274e-5090-45c9-b153-e40418f6fa3d,49436004,Atrial Fibrillation,,active,2017-08-17T19:27:45+00:00,2017-08-17T19:27:45+00:00,2017,True
2c05e48d-603c-49f4-98bc-bb5cfb284f2f,ec6a274e-5090-45c9-b153-e40418f6fa3d,444814009,Viral sinusitis (disorder),,resolved,2015-12-08T19:27:45+00:00,2015-12-08T19:27:45+00:00,2015,False
f92f3da0-6fb0-4dc5-aeeb-4a34100439da,ec6a274e-5090-45c9-b153-e40418f6fa3d,302870006,Hypertriglyceridemia (disorder),,active,1990-07-26T19:27:45+00:00,1990-07-26T19:27:45+00:00,1990,False
a841f3a1-8a4f-4e23-9129-e97343b1c8e2,ec6a274e-5090-45c9-b153-e40418f6fa3d,88805009,Chronic congestive heart failure (disorder),,active,2020-08-02T19:27:45+00:00,2020-08-02T19:27:45+00:00,2020,True
0284d741-45b1-464d-a7de-2a345d11f941,ec6a274e-5090-45c9-b153-e40418f6fa3d,15777000,Prediabetes,,active,1990-07-26T19:27:45+00:00,1990-07-26T19:27:45+00:00,1990,True
7b9d915b-ff62-405c-b159-b9791cfe4348,ec6a274e-5090-45c9-b153-e40418f6fa3d,53741008,Coronary Heart Disease,,active,2016-08-11T19:27:45+00:00,2016-08-11T19:27:45+00:00,2016,False
0b1f17ec-e88b-4d74-9d3c-abd13001d1e4,ec6a274e-5090-45c9-b153-e40418f6fa3d,44054006,Diabetes,,active,1987-07-23T19:27:45+00:00,1987-07-23T19:27:45+00:00,1987,True
693d9a00-a36f-4403-8e15-80114fb9db07,ec6a274e-5090-45c9-b153-e40418f6fa3d,422034002,Diabetic retinopathy associated with type II diabetes mellitus (disorder),,active,2007-06-21T19:27:45+00:00,2007-06-21T19:27:45+00:00,2007,True
54017735-8757-449c-ab91-e3078bb346f1,ec6a274e-5090-45c9-b153-e40418f6fa3d,38341003,Hypertension,,active,1987-07-23T19:27:45+00:00,1987-07-23T19:27:45+00:00,1987,True
2761479c-3516-43dc-a218-90ff30d760c4,ec6a274e-5090-45c9-b153-e40418f6fa3d,65966004,Fracture of forearm,,resolved,2015-10-20T19:27:45+00:00,2015-10-20T19:27:45+00:00,2015,False
1f83e040-fd2a-4ad2-b737-3e90fcb8c81b,ec6a274e-5090-45c9-b153-e40418f6fa3d,403191005,Second degree burn,,resolved,2012-12-13T19:27:45+00:00,2012-12-13T19:27:45+00:00,2012,False
0a08a359-f613-4bbb-a2f0-3f61f927c39d,f7ae627c-3c71-41fe-b8c0-d3d9c336d449,39848009,Whiplash injury to neck,,resolved,2014-01-29T08:28:10+00:00,2014-01-29T08:28:10+00:00,2014,False
282153a0-1358-4c74-8119-2a0dbf4739e9,f7ae627c-3c71-41fe-b8c0-d3d9c336d449,444814009,Viral sinusitis (disorder),,resolved,2021-03-17T08:28:10+00:00,2021-03-17T08:28:10+00:00,2021,False
22339ab6-4f84-46db-b750-8cb508fc6ef6,f7ae627c-3c71-41fe-b8c0-d3d9c336d449,444814009,Viral sinusitis (disorder),,resolved,2014-06-01T08:28:10+00:00,2014-06-01T08:28:10+00:00,2014,False
2faecbfc-2a57-4404-bb59-055164cc9287,f7ae627c-3c71-41fe-b8c0-d3d9c336d449,444814009,Viral sinusitis (disorder),,resolved,2013-02-09T08:28:10+00:00,2013-02-09T08:28:10+00:00,2013,False
24216eaa-4f06-498b-99d5-484b29674b7f,f7ae627c-3c71-41fe-b8c0-d3d9c336d449,70704007,Sprain of wrist,,resolved,2018-11-02T08:28:10+00:00,2018-11-02T08:28:10+00:00,2018,False
70211de9-5884-4986-98b8-06998106b8aa,f7ae627c-3c71-41fe-b8c0-d3d9c336d449,195662009,Acute viral pharyngitis (disorder),,resolved,2011-08-09T08:28:10+00:00,2011-08-09T08:28:10+00:00,2011,False
7e9535ee-dd58-4b49-9e56-edb5f6ffc95a,f7ae627c-3c71-41fe-b8c0-d3d9c336d449,10509002,Acute bronchitis (disorder),,resolved,2016-10-17T08:28:10+00:00,2016-10-17T08:28:10+00:00,2016,False
e4c2724e-be1a-43c9-a626-d9fba1c54641,0b896820-f478-4e9c-a456-acc676cf5640,53741008,Coronary Heart Disease,,active,1958-07-14T20:00:29+00:00,1958-07-14T20:00:29+00:00,1958,False
8b10d0f9-cb52-4c9e-ac79-0023692b179a,0b896820-f478-4e9c-a456-acc676cf5640,43878008,Streptococcal sore throat (disorder),,resolved,1963-11-09T20:00:29+00:00,1963-11-09T20:00:29+00:00,1963,False
8702bee3-db1d-4456-b332-3f5416f94d6f,0b896820-f478-4e9c-a456-acc676cf5640,399211009,History of myocardial infarction (situation),,active,1965-12-27T20:00:29+00:00,1965-12-27T20:00:29+00:00,1965,False
7fc72ea2-cda9-422e-b833-faa968e0a4c9,0b896820-f478-4e9c-a456-acc676cf5640,22298006,Myocardial Infarction,,active,1965-12-27T20:00:29+00:00,1965-12-27T20:00:29+00:00,1965,False
8a0b44c8-930e-4525-9e3a-a1b50d71e05f,0b896820-f478-4e9c-a456-acc676cf5640,44465007,Sprain of ankle,,resolved,1961-02-20T20:00:29+00:00,1961-02-20T20:00:29+00:00,1961,False
4341458e-6472-406b-b28d-8e5c0b091532,cccb981f-2a12-44d0-b1dd-5404ece3f535,443165006,Pathological fracture due to osteoporosis (disorder),,resolved,2010-02-28T07:44:08+00:00,2010-02-28T07:44:08+00:00,2010,False
af0a7b94-a68c-4c12-855c-42d0b51c29ec,cccb981f-2a12-44d0-b1dd-5404ece3f535,82423001,Chronic pain,,active,1993-03-02T07:44:08+00:00,1993-03-02T07:44:08+00:00,1993,False
00250c16-5968-49a3-8632-66cc538ecdd4,cccb981f-2a12-44d0-b1dd-5404ece3f535,443165006,Pathological fracture due to osteoporosis (disorder),,resolved,2011-05-24T07:44:08+00:00,2011-05-24T07:44:08+00:00,2011,False
13dd7ab4-986e-4c7d-be09-513dce9c082b,cccb981f-2a12-44d0-b1dd-5404ece3f535,271737000,Anemia (disorder),,active,1966-06-11T07:44:08+00:00,1966-06-11T07:44:08+00:00,1966,False
d1e4566b-d168-446a-8f43-218cfcdad840,cccb981f-2a12-44d0-b1dd-5404ece3f535,15777000,Prediabetes,,active,1966-06-11T07:44:08+00:00,1966-06-11T07:44:08+00:00,1966,True
828f9031-6413-4de6-8077-afa7c4c44160,cccb981f-2a12-44d0-b1dd-5404ece3f535,444814009,Viral sinusitis (disorder),,resolved,2008-11-14T07:44:08+00:00,2008-11-14T07:44:08+00:00,2008,False
4ef76392-1011-4562-90c3-b60381d6f125,cccb981f-2a12-44d0-b1dd-5404ece3f535,232353008,Perennial allergic rhinitis with seasonal variation,,active,1941-04-15T07:44:08+00:00,1941-04-15T07:44:08+00:00,1941,False
9bf7ab79-0796-4685-82b0-362e5984fb88,cccb981f-2a12-44d0-b1dd-5404ece3f535,75498004,Acute bacterial sinusitis (disorder),,resolved,2013-06-12T07:44:08+00:00,2013-06-12T07:44:08+00:00,2013,False
08c0e3b6-39df-4d5b-b459-6be88104bc3e,cccb981f-2a12-44d0-b1dd-5404ece3f535,124171000119105,Chronic intractable migraine without aura,,active,1992-01-08T07:44:08+00:00,1992-01-08T07:44:08+00:00,1992,False
7847f01b-6557-4913-8625-1532a0ce290c,cccb981f-2a12-44d0-b1dd-5404ece3f535,55680006,Drug overdose,,active,1997-03-27T07:44:08+00:00,1997-03-27T07:44:08+00:00,1997,False
e328f247-d0da-426f-9140-a1902fe84283,cccb981f-2a12-44d0-b1dd-5404ece3f535,713197008,Recurrent rectal polyp,,active,2014-04-28T07:44:08+00:00,2014-04-28T07:44:08+00:00,2014,False
1626b5ef-c05b-423a-9e8c-ecb90aed1f6a,cccb981f-2a12-44d0-b1dd-5404ece3f535,109838007,Overlapping malignant neoplasm of colon,,active,2014-05-02T07:44:08+00:00,2014-05-02T07:44:08+00:00,2014,False
e6dceb69-cdc1-4425-941b-b226330eba3e,cccb981f-2a12-44d0-b1dd-5404ece3f535,68496003,Polyp of colon,,active,2013-04-03T07:44:08+00:00,2013-04-03T07:44:08+00:00,2013,False
6e1165cb-6194-41b1-bc04-849ac224c427,cccb981f-2a12-44d0-b1dd-5404ece3f535,196416002,Impacted molars,,active,1992-04-10T07:44:08+00:00,1992-04-10T07:44:08+00:00,1992,False
f3fb9b98-f112-4789-861e-2a8fc6d54965,cccb981f-2a12-44d0-b1dd-5404ece3f535,64859006,Osteoporosis (disorder),,active,2008-09-27T07:44:08+00:00,2008-09-27T07:44:08+00:00,2008,False
a19e1256-6dc3-4d1e-985e-30207979caeb,cccb981f-2a12-44d0-b1dd-5404ece3f535,359817006,Closed fracture of hip,,resolved,2011-05-24T07:44:08+00:00,2011-05-24T07:44:08+00:00,2011,False
bc7725dc-a89e-4dcb-9ddd-2abf582646d7,cccb981f-2a12-44d0-b1dd-5404ece3f535,359817006,Closed fracture of hip,,resolved,2010-02-28T07:44:08+00:00,2010-02-28T07:44:08+00:00,2010,False
bdf938c1-3248-420b-8cd4-76a7b87a7a91,cccb981f-2a12-44d0-b1dd-5404ece3f535,55822004,Hyperlipidemia,,active,1992-05-02T07:44:08+00:00,1992-05-02T07:44:08+00:00,1992,True
1d0df22f-603f-4463-a540-b153e1d8163a,7f445dad-0907-4a3e-81a5-ad75ecdff752,36971009,Sinusitis (disorder),,resolved,2018-11-16T11:02:24+00:00,2018-11-16T11:02:24+00:00,2018,False
dea53fef-10ad-49b1-93e9-e53092eb1a2b,7f445dad-0907-4a3e-81a5-ad75ecdff752,271737000,Anemia (disorder),,active,2013-12-03T11:02:24+00:00,2013-12-03T11:02:24+00:00,2013,False
47d4278b-89d3-47fa-953c-03c31439eba1,7f445dad-0907-4a3e-81a5-ad75ecdff752,302870006,Hypertriglyceridemia (disorder),,active,2007-12-18T11:02:24+00:00,2007-12-18T11:02:24+00:00,2007,False
d22bada5-8cb8-4578-8d62-126af68d5809,7f445dad-0907-4a3e-81a5-ad75ecdff752,162864005,Body mass index 30+ - obesity (finding),,active,1992-01-21T11:02:24+00:00,1992-01-21T11:02:24+00:00,1992,True
9703dd83-e507-4ebe-96e6-b785661c9f60,7f445dad-0907-4a3e-81a5-ad75ecdff752,44054006,Diabetes,,active,2005-12-13T11:02:24+00:00,2005-12-13T11:02:24+00:00,2005,True
c1748bf9-8585-4339-8305-afcee4a0866b,7f445dad-0907-4a3e-81a5-ad75ecdff752,237602007,Metabolic syndrome X (disorder),,active,2007-12-18T11:02:24+00:00,2007-12-18T11:02:24+00:00,2007,False
b6aee845-7c1b-4ae2-9562-1a414e346700,7f445dad-0907-4a3e-81a5-ad75ecdff752,301011002,Escherichia coli urinary tract infection,,resolved,2020-12-02T11:02:24+00:00,2020-12-02T11:02:24+00:00,2020,False
721b835a-c87a-4eab-a97b-b07590d757ad,7f445dad-0907-4a3e-81a5-ad75ecdff752,68496003,Polyp of colon,,resolved,2013-12-03T11:02:24+00:00,2013-12-03T11:02:24+00:00,2013,False
0c35fa7c-f2e1-48ee-8446-03ea45bd541f,f194782e-be98-4311-96a9-ce8a2ea03313,15777000,Prediabetes,,active,1985-06-20T06:29:54+00:00,1985-06-20T06:29:54+00:00,1985,True
b16fb06b-8921-4543-845c-054c70540344,f194782e-be98-4311-96a9-ce8a2ea03313,713197008,Recurrent rectal polyp,,active,2009-06-23T06:29:54+00:00,2009-06-23T06:29:54+00:00,2009,False
b2428602-bc9a-4ecd-b821-fcfeb7a261e0,f194782e-be98-4311-96a9-ce8a2ea03313,197927001,Recurrent urinary tract infection,,active,1994-09-03T06:29:54+00:00,1994-09-03T06:29:54+00:00,1994,False
c2e98c9c-960c-4035-ae0a-c693c6ef5d54,f194782e-be98-4311-96a9-ce8a2ea03313,271737000,Anemia (disorder),,active,1985-06-20T06:29:54+00:00,1985-06-20T06:29:54+00:00,1985,False
1a884030-f9c9-405e-8382-7ec6e525d55d,f194782e-be98-4311-96a9-ce8a2ea03313,26929004,Alzheimer's disease (disorder),,active,2004-10-07T06:29:54+00:00,2004-10-07T06:29:54+00:00,2004,False
a69c8e2c-2dd3-4f13-b7bf-a37686f2e779,f194782e-be98-4311-96a9-ce8a2ea03313,68496003,Polyp of colon,,active,2008-05-29T06:29:54+00:00,2008-05-29T06:29:54+00:00,2008,False
53dd9eb6-89b9-4a56-af02-00bea1c94197,f194782e-be98-4311-96a9-ce8a2ea03313,444814009,Viral sinusitis (disorder),,resolved,2008-12-27T06:29:54+00:00,2008-12-27T06:29:54+00:00,2008,False
08b86332-e182-4e1c-8757-82f7d88c1128,f194782e-be98-4311-96a9-ce8a2ea03313,162864005,Body mass index 30+ - obesity (finding),,active,1976-05-20T06:29:54+00:00,1976-05-20T06:29:54+00:00,1976,True
c12f858c-a49c-4ccf-b13a-9f67351ce581,f194782e-be98-4311-96a9-ce8a2ea03313,109838007,Overlapping malignant neoplasm of colon,,resolved,2009-06-27T06:29:54+00:00,2009-06-27T06:29:54+00:00,2009,False
b778ffcc-c399-46d7-ad98-146cd0d499ce,f194782e-be98-4311-96a9-ce8a2ea03313,10509002,Acute bronchitis (disorder),,resolved,2005-11-30T06:29:54+00:00,2005-11-30T06:29:54+00:00,2005,False
de7d6de3-2378-4ac6-bdc8-6f8aa4591537,f194782e-be98-4311-96a9-ce8a2ea03313,68496003,Polyp of colon,,resolved,1997-06-06T06:29:54+00:00,1997-06-06T06:29:54+00:00,1997,False
7e1dc429-0719-4c0c-b604-efb8c19f26e8,340044b6-332e-4cac-a95c-f0efe95fc105,444814009,Viral sinusitis (disorder),,resolved,2015-08-26T05:17:55+00:00,2015-08-26T05:17:55+00:00,2015,False
759d96f6-2649-471f-bf9d-0eb75f9afcff,340044b6-332e-4cac-a95c-f0efe95fc105,10509002,Acute bronchitis (disorder),,resolved,2012-11-03T05:17:55+00:00,2012-11-03T05:17:55+00:00,2012,False
17b71af3-5e51-43cc-bf31-9a3d0a362f4d,38826a3f-8e5c-4846-95c3-7f12a233447d,36971009,Sinusitis (disorder),,resolved,2012-01-05T10:47:22+00:00,2012-01-05T10:47:22+00:00,2012,False
e44d6751-928e-44ed-92c3-7eef18e68ffb,38826a3f-8e5c-4846-95c3-7f12a233447d,40055000,Chronic sinusitis (disorder),,active,2012-02-09T10:47:22+00:00,2012-02-09T10:47:22+00:00,2012,False
e62bd0a2-c3ce-4d12-930b-9ca18616e388,38826a3f-8e5c-4846-95c3-7f12a233447d,43878008,Streptococcal sore throat (disorder),,resolved,2014-04-23T10:47:22+00:00,2014-04-23T10:47:22+00:00,2014,False
6a5d8647-49b9-4586-8489-b7bff43a1beb,38826a3f-8e5c-4846-95c3-7f12a233447d,65363002,Otitis media,,resolved,2017-04-05T10:47:22+00:00,2017-04-05T10:47:22+00:00,2017,False
8b1e42da-5801-4ea3-9d8c-2f49acaf5f1c,38826a3f-8e5c-4846-95c3-7f12a233447d,195662009,Acute viral pharyngitis (disorder),,resolved,2012-06-20T10:47:22+00:00,2012-06-20T10:47:22+00:00,2012,False
9aa579a5-7397-4cb6-b680-f5994e208369,38826a3f-8e5c-4846-95c3-7f12a233447d,403191005,Second degree burn,,resolved,2013-06-14T10:47:22+00:00,2013-06-14T10:47:22+00:00,2013,False
0e09b1f8-ae56-449f-b8d5-90a50c4ffb23,38826a3f-8e5c-4846-95c3-7f12a233447d,38341003,Hypertension,,active,2018-09-19T10:47:22+00:00,2018-09-19T10:47:22+00:00,2018,True
a731737c-4b5e-43cf-88eb-a6df99048532,38826a3f-8e5c-4846-95c3-7f12a233447d,33737001,Fracture of rib,,resolved,2014-08-13T10:47:22+00:00,2014-08-13T10:47:22+00:00,2014,False
d102bbd8-a446-4eb2-8a73-ba1be7afc02a,97b86776-fa4e-46dc-b9a4-52c269e73da9,271737000,Anemia (disorder),,active,2013-11-14T13:30:22+00:00,2013-11-14T13:30:22+00:00,2013,False
0f0ebdf6-6b63-4b47-a101-6854ad71df62,97b86776-fa4e-46dc-b9a4-52c269e73da9,38341003,Hypertension,,active,2006-11-02T13:30:22+00:00,2006-11-02T13:30:22+00:00,2006,True
8fd572c2-aec1-42f1-8121-ac35ff3564bf,97b86776-fa4e-46dc-b9a4-52c269e73da9,444814009,Viral sinusitis (disorder),,resolved,2011-06-04T13:30:22+00:00,2011-06-04T13:30:22+00:00,2011,False
2131d848-f5ec-4e16-ada7-6d8fa3add70b,97b86776-fa4e-46dc-b9a4-52c269e73da9,10509002,Acute bronchitis (disorder),,resolved,2013-12-01T13:30:22+00:00,2013-12-01T13:30:22+00:00,2013,False
39aabd30-7d17-49ed-b566-8adc142680d0,97b86776-fa4e-46dc-b9a4-52c269e73da9,15777000,Prediabetes,,active,2010-11-11T13:30:22+00:00,2010-11-11T13:30:22+00:00,2010,True
f5f743e9-f8fc-4430-a4ca-25a080a28054,97b86776-fa4e-46dc-b9a4-52c269e73da9,72892002,Normal pregnancy,,resolved,2020-01-16T13:30:22+00:00,2020-01-16T13:30:22+00:00,2020,False
c2be7039-c1ee-410b-a482-39a88b5905f0,97b86776-fa4e-46dc-b9a4-52c269e73da9,72892002,Normal pregnancy,,resolved,2018-02-22T13:30:22+00:00,2018-02-22T13:30:22+00:00,2018,False
c0909a35-7afc-4ebd-9974-f7d0d5560f9e,97b86776-fa4e-46dc-b9a4-52c269e73da9,72892002,Normal pregnancy,,resolved,2017-05-18T13:30:22+00:00,2017-05-18T13:30:22+00:00,2017,False
67f04377-8559-4761-8793-2849b75580c8,97b86776-fa4e-46dc-b9a4-52c269e73da9,72892002,Normal pregnancy,,resolved,2016-10-20T13:30:22+00:00,2016-10-20T13:30:22+00:00,2016,False
9263efcb-94b2-4fd3-8eb1-76d94a817a5a,97b86776-fa4e-46dc-b9a4-52c269e73da9,72892002,Normal pregnancy,,resolved,2013-10-17T13:30:22+00:00,2013-10-17T13:30:22+00:00,2013,False
98de8a7a-ce18-471c-aceb-33a2a23c02fd,97b86776-fa4e-46dc-b9a4-52c269e73da9,72892002,Normal pregnancy,,resolved,2011-10-06T13:30:22+00:00,2011-10-06T13:30:22+00:00,2011,False
48c403d9-30cf-4dc6-bd4c-c3a742b6b46b,77f70af5-b53b-4e55-a122-8cd68784c258,38341003,Hypertension,,active,2007-10-10T20:39:49+00:00,2007-10-10T20:39:49+00:00,2007,True
f69fb79a-3579-460a-9371-be2bb7e53edc,77f70af5-b53b-4e55-a122-8cd68784c258,195662009,Acute viral pharyngitis (disorder),,resolved,2015-04-04T20:39:49+00:00,2015-04-04T20:39:49+00:00,2015,False
3f3351bc-da96-4374-b693-c7bbfdf2f9f4,77f70af5-b53b-4e55-a122-8cd68784c258,232353008,Perennial allergic rhinitis with seasonal variation,,active,1991-09-20T20:39:49+00:00,1991-09-20T20:39:49+00:00,1991,False
7d314418-8d81-4ca9-93ed-94b4d951e6f5,77f70af5-b53b-4e55-a122-8cd68784c258,301011002,Escherichia coli urinary tract infection,,resolved,2012-07-07T13:43:33+00:00,2012-07-07T13:43:33+00:00,2012,False
ed66916a-c922-45ae-8d6a-694a52542c65,77f70af5-b53b-4e55-a122-8cd68784c258,72892002,Normal pregnancy,,resolved,2017-04-26T20:39:49+00:00,2017-04-26T20:39:49+00:00,2017,False
b6656ef9-64f2-443e-b936-8399b384edf9,77f70af5-b53b-4e55-a122-8cd68784c258,72892002,Normal pregnancy,,resolved,2015-11-11T20:39:49+00:00,2015-11-11T20:39:49+00:00,2015,False
5bd06a4a-e3b4-49c7-a434-aeaa1a017597,77f70af5-b53b-4e55-a122-8cd68784c258,72892002,Normal pregnancy,,resolved,2012-07-11T20:39:49+00:00,2012-07-11T20:39:49+00:00,2012,False
c784c812-3d3d-479f-97bb-75a7e843cf4b,6fed515d-df89-45cf-ac5a-a149a42c7b1d,74400008,Appendicitis,,active,1983-07-05T09:49:33+00:00,1983-07-05T09:49:33+00:00,1983,False
e7e5cc39-aa6e-40d6-bb3a-b9b6b062eb0e,6fed515d-df89-45cf-ac5a-a149a42c7b1d,19169002,Miscarriage in first trimester,,active,1976-12-23T09:49:33+00:00,1976-12-23T09:49:33+00:00,1976,False
45847919-fbcc-47fd-9075-7a282ad9cb22,6fed515d-df89-45cf-ac5a-a149a42c7b1d,195662009,Acute viral pharyngitis (disorder),,resolved,2012-07-24T09:49:33+00:00,2012-07-24T09:49:33+00:00,2012,False
2c85dbd5-7470-4613-98b0-81fc9381ba45,6fed515d-df89-45cf-ac5a-a149a42c7b1d,428251008,History of appendectomy,,active,1983-07-05T09:49:33+00:00,1983-07-05T09:49:33+00:00,1983,False
eb1e6c0a-5681-4f1b-b3c1-7a2c78abebd3,6fed515d-df89-45cf-ac5a-a149a42c7b1d,64859006,Osteoporosis (disorder),,active,2018-03-29T09:49:33+00:00,2018-03-29T09:49:33+00:00,2018,False
b1b90ffe-59a3-49ca-a6f5-6f47763b48c7,6fed515d-df89-45cf-ac5a-a149a42c7b1d,162864005,Body mass index 30+ - obesity (finding),,active,1962-07-19T09:49:33+00:00,1962-07-19T09:49:33+00:00,1962,True
7b335a91-476c-4348-b0ee-9056e37159c4,6fed515d-df89-45cf-ac5a-a149a42c7b1d,444814009,Viral sinusitis (disorder),,resolved,2020-04-19T09:49:33+00:00,2020-04-19T09:49:33+00:00,2020,False
c143c3aa-74cf-4a98-bf9e-ba825f4cca2b,6fed515d-df89-45cf-ac5a-a149a42c7b1d,90560007,Gout,,active,1969-07-07T09:49:33+00:00,1969-07-07T09:49:33+00:00,1969,False
459560ce-363a-42ba-90cc-fe42a3035540,f9fec38b-3c52-45de-bf48-53d5a993ce98,128613002,Seizure disorder,,active,1926-04-23T02:39:21+00:00,1926-04-23T02:39:21+00:00,1926,False
564f723d-76e6-45fb-a589-968a0c2dd872,f9fec38b-3c52-45de-bf48-53d5a993ce98,162864005,Body mass index 30+ - obesity (finding),,active,1939-11-11T02:39:21+00:00,1939-11-11T02:39:21+00:00,1939,True
ce1c18b7-d979-401f-a357-78d41b9bfca1,f9fec38b-3c52-45de-bf48-53d5a993ce98,444814009,Viral sinusitis (disorder),,resolved,1978-07-20T02:39:21+00:00,1978-07-20T02:39:21+00:00,1978,False
ee7ec366-cf64-4071-8dfc-4cdae260d379,f9fec38b-3c52-45de-bf48-53d5a993ce98,444814009,Viral sinusitis (disorder),,resolved,1972-05-26T02:39:21+00:00,1972-05-26T02:39:21+00:00,1972,False
2af34741-1871-4c1c-9e4a-d1cf2e8425dd,f9fec38b-3c52-45de-bf48-53d5a993ce98,239872002,Osteoarthritis of hip,,active,1971-04-12T02:39:21+00:00,1971-04-12T02:39:21+00:00,1971,True
33f79b33-5b94-4222-9210-d606ede70174,f9fec38b-3c52-45de-bf48-53d5a993ce98,195662009,Acute viral pharyngitis (disorder),,resolved,1979-01-17T02:39:21+00:00,1979-01-17T02:39:21+00:00,1979,False
c6771f1a-accb-47e9-bc0f-18c5eb7d0143,f9fec38b-3c52-45de-bf48-53d5a993ce98,84757009,Epilepsy,,active,1926-04-23T02:39:21+00:00,1926-04-23T02:39:21+00:00,1926,False
08bf35d9-56f2-4ae8-817a-4a66ddfb6eac,f9fec38b-3c52-45de-bf48-53d5a993ce98,87433001,Pulmonary emphysema (disorder),,active,1948-07-03T02:39:21+00:00,1948-07-03T02:39:21+00:00,1948,False
c56b0c62-e34b-46da-881b-e9d6e1b2d75d,f9fec38b-3c52-45de-bf48-53d5a993ce98,195662009,Acute viral pharyngitis (disorder),,resolved,1977-10-13T02:39:21+00:00,1977-10-13T02:39:21+00:00,1977,False
4445bf58-a985-4455-b88c-0ec0b78cb8ec,f9fec38b-3c52-45de-bf48-53d5a993ce98,703151001,History of single seizure (situation),,active,1926-04-23T02:39:21+00:00,1926-04-23T02:39:21+00:00,1926,False
6868de70-facb-4521-99c8-38c5d2d4ca04,43f7ec4b-8cb9-4869-bc49-01b7c80ab49f,271737000,Anemia (disorder),,active,1980-12-16T20:30:44+00:00,1980-12-16T20:30:44+00:00,1980,False
ffd06c6c-ab75-4e4b-b137-d953ae7038f7,43f7ec4b-8cb9-4869-bc49-01b7c80ab49f,40055000,Chronic sinusitis (disorder),,active,1999-09-18T20:30:44+00:00,1999-09-18T20:30:44+00:00,1999,False
677304d1-2774-4b9e-bed9-1eac0092b592,43f7ec4b-8cb9-4869-bc49-01b7c80ab49f,195662009,Acute viral pharyngitis (disorder),,resolved,2013-05-02T20:30:44+00:00,2013-05-02T20:30:44+00:00,2013,False
8ba26174-7a09-4faf-b7a0-ba2b25d6a28a,43f7ec4b-8cb9-4869-bc49-01b7c80ab49f,444814009,Viral sinusitis (disorder),,resolved,2017-10-14T20:30:44+00:00,2017-10-14T20:30:44+00:00,2017,False
7eb366df-4372-4c72-8c02-2f1a5f8353f7,43f7ec4b-8cb9-4869-bc49-01b7c80ab49f,15777000,Prediabetes,,active,1977-12-13T20:30:44+00:00,1977-12-13T20:30:44+00:00,1977,True
ab701b7f-6513-45e3-8534-3eacde554705,672ea8a4-b75b-4553-ac34-2f0f6b4e30cf,38341003,Hypertension,,active,1928-11-12T23:11:46+00:00,1928-11-12T23:11:46+00:00,1928,True
cfa6d5ed-bc35-464e-bf5b-6c91f7ab608d,672ea8a4-b75b-4553-ac34-2f0f6b4e30cf,64859006,Osteoporosis (disorder),,active,2001-01-15T23:11:46+00:00,2001-01-15T23:11:46+00:00,2001,False
c62eba59-aee0-43ee-859e-98e7a374269b,672ea8a4-b75b-4553-ac34-2f0f6b4e30cf,10509002,Acute bronchitis (disorder),,resolved,2003-08-13T23:11:46+00:00,2003-08-13T23:11:46+00:00,2003,False
52d97974-c377-45cf-a016-9f47873c4b5b,672ea8a4-b75b-4553-ac34-2f0f6b4e30cf,271737000,Anemia (disorder),,active,1935-11-25T23:11:46+00:00,1935-11-25T23:11:46+00:00,1935,False
f8f3fbbf-30fc-4937-b4ed-c8d513de8ffc,672ea8a4-b75b-4553-ac34-2f0f6b4e30cf,49436004,Atrial Fibrillation,,active,1975-01-27T23:11:46+00:00,1975-01-27T23:11:46+00:00,1975,True
f7b8d844-4a85-4a68-9d87-b3be6763c46f,672ea8a4-b75b-4553-ac34-2f0f6b4e30cf,444814009,Viral sinusitis (disorder),,resolved,2006-03-22T23:11:46+00:00,2006-03-22T23:11:46+00:00,2006,False
1b6e228d-5057-4f8a-b30d-2f2747bd877b,672ea8a4-b75b-4553-ac34-2f0f6b4e30cf,88805009,Chronic congestive heart failure (disorder),,active,2007-09-07T23:11:46+00:00,2007-09-07T23:11:46+00:00,2007,True
63f74b2b-50bf-4278-86f7-95f4b1686e62,672ea8a4-b75b-4553-ac34-2f0f6b4e30cf,15777000,Prediabetes,,active,1935-11-25T23:11:46+00:00,1935-11-25T23:11:46+00:00,1935,True
2c4af856-7ae0-48ac-8776-b5f6b95b9a75,672ea8a4-b75b-4553-ac34-2f0f6b4e30cf,230690007,Stroke,,active,1985-06-24T23:11:46+00:00,1985-06-24T23:11:46+00:00,1985,False
e2ab3bd1-f611-466f-9de1-08aec18f0248,672ea8a4-b75b-4553-ac34-2f0f6b4e30cf,55822004,Hyperlipidemia,,active,1981-03-02T23:11:46+00:00,1981-03-02T23:11:46+00:00,1981,True
d5c0ec05-3e82-4f9b-9eb8-4bb5008d371a,c92b99e8-0e77-4358-99bb-4b87d4f30bbe,53741008,Coronary Heart Disease,,active,2005-12-06T19:08:38+00:00,2005-12-06T19:08:38+00:00,2005,False
dcc6a6a6-3b60-4741-8e38-e7654f07099c,c92b99e8-0e77-4358-99bb-4b87d4f30bbe,444814009,Viral sinusitis (disorder),,resolved,2011-07-17T19:08:38+00:00,2011-07-17T19:08:38+00:00,2011,False
12c58b84-3679-40aa-b8e2-336e79cf7c16,c92b99e8-0e77-4358-99bb-4b87d4f30bbe,429007001,History of cardiac arrest (situation),,active,2019-03-05T19:08:38+00:00,2019-03-05T19:08:38+00:00,2019,False
61cdf3c6-0cb3-4ece-88df-581e0eef42aa,c92b99e8-0e77-4358-99bb-4b87d4f30bbe,271737000,Anemia (disorder),,active,1984-09-11T19:08:38+00:00,1984-09-11T19:08:38+00:00,1984,False
fbb7e5ae-303a-47f8-bd26-c5930ab6a938,c92b99e8-0e77-4358-99bb-4b87d4f30bbe,26929004,Alzheimer's disease (disorder),,active,2013-01-15T19:08:38+00:00,2013-01-15T19:08:38+00:00,2013,False
d659ce29-97be-4e3d-9c4f-e0e24193a6ed,c92b99e8-0e77-4358-99bb-4b87d4f30bbe,15777000,Prediabetes,,active,1982-09-07T19:08:38+00:00,1982-09-07T19:08:38+00:00,1982,True
4efb60b0-6db9-4ce4-85ac-223e084498ab,c92b99e8-0e77-4358-99bb-4b87d4f30bbe,64859006,Osteoporosis (disorder),,active,2017-02-07T19:08:38+00:00,2017-02-07T19:08:38+00:00,2017,False
a1b00ad2-14a3-4473-b38a-4d0ce5bb2c1a,c92b99e8-0e77-4358-99bb-4b87d4f30bbe,40055000,Chronic sinusitis (disorder),,active,1940-04-04T19:08:38+00:00,1940-04-04T19:08:38+00:00,1940,False
f79619b9-edb6-46bc-972c-b3782077589d,c92b99e8-0e77-4358-99bb-4b87d4f30bbe,410429000,Cardiac Arrest,,active,2019-03-05T19:08:38+00:00,2019-03-05T19:08:38+00:00,2019,False
29c79860-db18-4ba8-9a4d-3c9a2bba2d96,c92b99e8-0e77-4358-99bb-4b87d4f30bbe,49436004,Atrial Fibrillation,,active,2008-12-23T19:08:38+00:00,2008-12-23T19:08:38+00:00,2008,True
57eeec1c-746b-4411-9e99-7de78e843e09,7e1885c2-cb03-4883-8ce3-2e62c39257f3,40055000,Chronic sinusitis (disorder),,active,2005-04-14T19:00:46+00:00,2005-04-14T19:00:46+00:00,2005,False
aa54e95e-2dbe-4ff9-9728-bec775a19f2d,7e1885c2-cb03-4883-8ce3-2e62c39257f3,75498004,Acute bacterial sinusitis (disorder),,resolved,2015-08-31T19:00:46+00:00,2015-08-31T19:00:46+00:00,2015,False
62b456a8-9b27-4c8f-a2df-81cb9f354eff,7e1885c2-cb03-4883-8ce3-2e62c39257f3,444814009,Viral sinusitis (disorder),,resolved,2017-04-03T19:00:46+00:00,2017-04-03T19:00:46+00:00,2017,False
95c77316-f823-462f-bbdb-20c04f52aee8,7e1885c2-cb03-4883-8ce3-2e62c39257f3,44465007,Sprain of ankle,,resolved,2013-01-08T19:00:46+00:00,2013-01-08T19:00:46+00:00,2013,False
6b74487e-9ecd-40b0-905d-bbed6ed5da91,7e1885c2-cb03-4883-8ce3-2e62c39257f3,39848009,Whiplash injury to neck,,resolved,2017-08-13T19:00:46+00:00,2017-08-13T19:00:46+00:00,2017,False
dda44543-55cc-4405-b323-629def4bc431,7e1885c2-cb03-4883-8ce3-2e62c39257f3,10509002,Acute bronchitis (disorder),,resolved,2017-05-12T19:00:46+00:00,2017-05-12T19:00:46+00:00,2017,False
28f5346b-4705-4522-8ec8-8df632a91153,7e1885c2-cb03-4883-8ce3-2e62c39257f3,10509002,Acute bronchitis (disorder),,resolved,2015-12-26T19:00:46+00:00,2015-12-26T19:00:46+00:00,2015,False
dea5eaa6-2e6b-4538-b6c8-35760beb9006,7e1885c2-cb03-4883-8ce3-2e62c39257f3,192127007,Child attention deficit disorder,,resolved,2009-09-06T19:00:46+00:00,2009-09-06T19:00:46+00:00,2009,False
53af7301-9026-4654-a10b-b4ca4f657d4d,7e1885c2-cb03-4883-8ce3-2e62c39257f3,444814009,Viral sinusitis (disorder),,resolved,2016-07-14T19:00:46+00:00,2016-07-14T19:00:46+00:00,2016,False
69b05606-503d-460d-9625-6e505496ecfd,beaf0c3d-bcd4-4155-8a7b-f493bdc8f9fe,195662009,Acute viral pharyngitis (disorder),,resolved,2018-09-07T01:01:27+00:00,2018-09-07T01:01:27+00:00,2018,False
faa15b95-fb55-47e6-a589-d6d008941562,beaf0c3d-bcd4-4155-8a7b-f493bdc8f9fe,19169002,Miscarriage in first trimester,,active,1984-07-21T01:01:27+00:00,1984-07-21T01:01:27+00:00,1984,False
8d43504e-b693-428b-88a0-63a562b86835,beaf0c3d-bcd4-4155-8a7b-f493bdc8f9fe,230690007,Stroke,,active,1989-06-03T01:01:27+00:00,1989-06-03T01:01:27+00:00,1989,False
734a8b14-e3d6-41c6-b1f2-e70c17e2e2fe,beaf0c3d-bcd4-4155-8a7b-f493bdc8f9fe,444814009,Viral sinusitis (disorder),,resolved,2011-12-25T01:01:27+00:00,2011-12-25T01:01:27+00:00,2011,False
cd6a998b-6d0f-4556-b215-f26e2e0990c8,beaf0c3d-bcd4-4155-8a7b-f493bdc8f9fe,444814009,Viral sinusitis (disorder),,resolved,2019-02-15T01:01:27+00:00,2019-02-15T01:01:27+00:00,2019,False
8482533e-0498-410a-b9fd-9d08e5470eca,beaf0c3d-bcd4-4155-8a7b-f493bdc8f9fe,88805009,Chronic congestive heart failure (disorder),,active,2020-05-25T01:01:27+00:00,2020-05-25T01:01:27+00:00,2020,True
ab548685-5895-45ff-b95a-0aa9dd8266a5,beaf0c3d-bcd4-4155-8a7b-f493bdc8f9fe,185086009,Chronic obstructive bronchitis (disorder),,active,1993-05-23T01:01:27+00:00,1993-05-23T01:01:27+00:00,1993,False
0a468892-eee0-4bfe-be5a-6af78ff6ad3d,7217c081-64cf-4e6c-b023-05c2e2dcf50c,444814009,Viral sinusitis (disorder),,resolved,2019-08-31T02:11:05+00:00,2019-08-31T02:11:05+00:00,2019,False
b0c1fcf5-b329-4821-9e12-3bc09cb9aeb9,7217c081-64cf-4e6c-b023-05c2e2dcf50c,444814009,Viral sinusitis (disorder),,resolved,2017-07-16T02:11:05+00:00,2017-07-16T02:11:05+00:00,2017,False
9e4462f6-cd75-4eb7-8f30-df04ac53e160,7217c081-64cf-4e6c-b023-05c2e2dcf50c,444814009,Viral sinusitis (disorder),,resolved,2016-08-06T02:11:05+00:00,2016-08-06T02:11:05+00:00,2016,False
d8497cb7-8410-423b-9be2-4010d0f5a486,7217c081-64cf-4e6c-b023-05c2e2dcf50c,197927001,Recurrent urinary tract infection,,active,2000-07-17T02:11:05+00:00,2000-07-17T02:11:05+00:00,2000,False
104797ee-521d-4904-8500-45b735559cab,7217c081-64cf-4e6c-b023-05c2e2dcf50c,444814009,Viral sinusitis (disorder),,resolved,2017-08-29T02:11:05+00:00,2017-08-29T02:11:05+00:00,2017,False
436b8823-a04a-417b-a8cf-95c2f61f1d9c,7217c081-64cf-4e6c-b023-05c2e2dcf50c,444814009,Viral sinusitis (disorder),,resolved,2019-01-14T02:11:05+00:00,2019-01-14T02:11:05+00:00,2019,False
9a31fdf3-3d86-4eb8-92df-bd18853b3de6,7217c081-64cf-4e6c-b023-05c2e2dcf50c,68496003,Polyp of colon,,active,2018-04-21T02:11:05+00:00,2018-04-21T02:11:05+00:00,2018,False
0288107d-aab9-43a8-a10f-62d4f4fc5a36,7217c081-64cf-4e6c-b023-05c2e2dcf50c,444814009,Viral sinusitis (disorder),,resolved,2020-02-24T02:11:05+00:00,2020-02-24T02:11:05+00:00,2020,False
e74d3de0-489d-4960-a290-ce24de20843b,7217c081-64cf-4e6c-b023-05c2e2dcf50c,307731004,Injury of tendon of the rotator cuff of shoulder,,resolved,2018-07-06T02:11:05+00:00,2018-07-06T02:11:05+00:00,2018,False
22cf8c4b-39bc-4b59-819b-166adecc51c2,7217c081-64cf-4e6c-b023-05c2e2dcf50c,195662009,Acute viral pharyngitis (disorder),,resolved,2015-10-09T02:11:05+00:00,2015-10-09T02:11:05+00:00,2015,False
50a2b346-84a8-49ea-b75c-99cf07427a54,7217c081-64cf-4e6c-b023-05c2e2dcf50c,263102004,Fracture subluxation of wrist,,resolved,2014-06-27T02:11:05+00:00,2014-06-27T02:11:05+00:00,2014,False
1508dd16-8e77-4087-be76-c5fbafd45a5d,7217c081-64cf-4e6c-b023-05c2e2dcf50c,109838007,Overlapping malignant neoplasm of colon,,resolved,2018-04-30T02:11:05+00:00,2018-04-30T02:11:05+00:00,2018,False
07b9d781-2727-4bf9-a69d-65549d615dfb,7217c081-64cf-4e6c-b023-05c2e2dcf50c,88805009,Chronic congestive heart failure (disorder),,active,2019-04-27T02:11:05+00:00,2019-04-27T02:11:05+00:00,2019,True
a3c9c066-0387-47b5-a31f-4f6079ba7d32,7217c081-64cf-4e6c-b023-05c2e2dcf50c,55822004,Hyperlipidemia,,active,1995-02-10T02:11:05+00:00,1995-02-10T02:11:05+00:00,1995,True
02efa032-258f-44e7-8b0a-15f4414b25cc,ac2c231f-86d3-43e0-ab69-7527cbd8ac05,271737000,Anemia (disorder),,active,1985-10-06T14:38:07+00:00,1985-10-06T14:38:07+00:00,1985,False
bfb0f8c7-b495-4307-8c06-37a87f959ef8,ac2c231f-86d3-43e0-ab69-7527cbd8ac05,195662009,Acute viral pharyngitis (disorder),,resolved,1978-04-30T14:38:07+00:00,1978-04-30T14:38:07+00:00,1978,False
67fd6ffc-c898-4cac-838f-640f5c4fc4c7,ac2c231f-86d3-43e0-ab69-7527cbd8ac05,162864005,Body mass index 30+ - obesity (finding),,active,1942-12-13T14:38:07+00:00,1942-12-13T14:38:07+00:00,1942,True
042e405b-431b-42c8-ae11-674cea3bfbba,ac2c231f-86d3-43e0-ab69-7527cbd8ac05,38341003,Hypertension,,active,1938-12-04T14:38:07+00:00,1938-12-04T14:38:07+00:00,1938,True
dfda7fc5-dca6-46cd-91e9-c588bfa7d753,ac2c231f-86d3-43e0-ab69-7527cbd8ac05,88805009,Chronic congestive heart failure (disorder),,active,1985-10-06T14:38:07+00:00,1985-10-06T14:38:07+00:00,1985,True
4684fe08-ddeb-43a3-9437-84a0cc1a8f80,ac2c231f-86d3-43e0-ab69-7527cbd8ac05,444814009,Viral sinusitis (disorder),,resolved,1985-01-24T14:38:07+00:00,1985-01-24T14:38:07+00:00,1985,False
4c1d8609-06e9-4724-8bf2-f029c779e3f4,ac2c231f-86d3-43e0-ab69-7527cbd8ac05,239872002,Osteoarthritis of hip,,active,1962-09-23T14:38:07+00:00,1962-09-23T14:38:07+00:00,1962,True
171d821c-a0f3-4aa2-bf80-a7a5150c76bc,ac2c231f-86d3-43e0-ab69-7527cbd8ac05,230690007,Stroke,,active,1978-05-28T14:38:07+00:00,1978-05-28T14:38:07+00:00,1978,False
c87adb8c-caa6-4724-9d2e-e9bd72f07dbe,ac2c231f-86d3-43e0-ab69-7527cbd8ac05,47505003,Posttraumatic stress disorder,,resolved,1978-09-19T14:38:07+00:00,1978-09-19T14:38:07+00:00,1978,False
4f0c6303-a6d6-45bc-b5d5-13b8dc7b1fdf,d421c808-2605-41a4-9aaf-9d786528dc13,162864005,Body mass index 30+ - obesity (finding),,active,2020-10-01T15:22:50+00:00,2020-10-01T15:22:50+00:00,2020,True
5d73bc3f-7f5d-4353-bbcb-379bc3068332,d421c808-2605-41a4-9aaf-9d786528dc13,283385000,Laceration of thigh,,resolved,2012-07-01T15:22:50+00:00,2012-07-01T15:22:50+00:00,2012,False
7648b996-765c-4e4b-9daf-af0ede11d69b,d421c808-2605-41a4-9aaf-9d786528dc13,444814009,Viral sinusitis (disorder),,resolved,2016-08-25T15:22:50+00:00,2016-08-25T15:22:50+00:00,2016,False
c5b33be0-238c-41f3-990b-aef9a6053e8b,dd2c219c-59dc-481c-bbcc-cc16744c2a18,444814009,Viral sinusitis (disorder),,resolved,2016-06-22T01:34:19+00:00,2016-06-22T01:34:19+00:00,2016,False
f6940ff7-b471-41e7-980c-39505a773b9e,dd2c219c-59dc-481c-bbcc-cc16744c2a18,403191005,Second degree burn,,resolved,2011-07-15T01:34:19+00:00,2011-07-15T01:34:19+00:00,2011,False
355a2764-1669-4aa5-8708-82189d0cc63e,dd2c219c-59dc-481c-bbcc-cc16744c2a18,33737001,Fracture of rib,,resolved,2012-08-22T01:34:19+00:00,2012-08-22T01:34:19+00:00,2012,False
74d77651-1078-45e4-8735-a21f715e5c56,dd2c219c-59dc-481c-bbcc-cc16744c2a18,262574004,Bullet wound,,resolved,2016-07-23T01:34:19+00:00,2016-07-23T01:34:19+00:00,2016,False
c44e3457-2563-4553-ba8f-11b0bc212adc,dd2c219c-59dc-481c-bbcc-cc16744c2a18,10509002,Acute bronchitis (disorder),,resolved,2012-06-07T01:34:19+00:00,2012-06-07T01:34:19+00:00,2012,False
7d1772fd-8898-4710-9eb4-7593e04e7390,dd2c219c-59dc-481c-bbcc-cc16744c2a18,10509002,Acute bronchitis (disorder),,resolved,2011-07-05T01:34:19+00:00,2011-07-05T01:34:19+00:00,2011,False
84f7f5d3-267c-410e-bfeb-07dbd6290bab,dd2c219c-59dc-481c-bbcc-cc16744c2a18,283385000,Laceration of thigh,,resolved,2013-09-16T01:34:19+00:00,2013-09-16T01:34:19+00:00,2013,False
b20adb50-2f73-4bf2-baba-b0c95b41910c,dd2c219c-59dc-481c-bbcc-cc16744c2a18,162864005,Body mass index 30+ - obesity (finding),,active,1995-03-08T01:34:19+00:00,1995-03-08T01:34:19+00:00,1995,True
c3179e8e-e059-46d9-9038-6683e0c78bb4,dd2c219c-59dc-481c-bbcc-cc16744c2a18,408512008,Body mass index 40+ - severely obese (finding),,active,1998-03-25T01:34:19+00:00,1998-03-25T01:34:19+00:00,1998,False
4e3d6ad0-84f9-499d-a2dd-d065066e6ee8,148f10e1-2182-4297-ac1f-39bb9eca6f1a,195662009,Acute viral pharyngitis (disorder),,resolved,2019-06-15T04:22:04+00:00,2019-06-15T04:22:04+00:00,2019,False
c21b61f1-43d5-49b6-88d5-b8abea278a0c,148f10e1-2182-4297-ac1f-39bb9eca6f1a,44054006,Diabetes,,active,2019-06-25T04:22:04+00:00,2019-06-25T04:22:04+00:00,2019,True
a2eb55a1-9f03-44da-9c4d-c1e35e6156c5,148f10e1-2182-4297-ac1f-39bb9eca6f1a,284549007,Laceration of hand,,resolved,2014-01-10T04:22:04+00:00,2014-01-10T04:22:04+00:00,2014,False
98384561-4fc9-4cb3-920e-a365eb9d8ee7,148f10e1-2182-4297-ac1f-39bb9eca6f1a,284549007,Laceration of hand,,resolved,2012-04-06T04:22:04+00:00,2012-04-06T04:22:04+00:00,2012,False
b10079ce-0fb7-4c91-9c3d-162c8e4c183c,148f10e1-2182-4297-ac1f-39bb9eca6f1a,446096008,Perennial allergic rhinitis,,active,1976-05-27T04:22:04+00:00,1976-05-27T04:22:04+00:00,1976,False
2c92916b-c4b4-4c52-a7f1-bb99142aad38,148f10e1-2182-4297-ac1f-39bb9eca6f1a,15777000,Prediabetes,,active,2015-12-01T04:22:04+00:00,2015-12-01T04:22:04+00:00,2015,True
0357a268-9faa-4a47-a54f-f163009da3bd,148f10e1-2182-4297-ac1f-39bb9eca6f1a,444814009,Viral sinusitis (disorder),,resolved,2016-05-16T04:22:04+00:00,2016-05-16T04:22:04+00:00,2016,False
e61065e1-d3dd-482c-b50f-bec898159995,148f10e1-2182-4297-ac1f-39bb9eca6f1a,283385000,Laceration of thigh,,resolved,2016-02-13T04:22:04+00:00,2016-02-13T04:22:04+00:00,2016,False
0633a99d-6630-4615-a594-01fcfc936b11,54d0aacd-9b70-4a62-91ac-af86c9408ae8,82423001,Chronic pain,,active,1992-02-03T03:01:19+00:00,1992-02-03T03:01:19+00:00,1992,False
b45b389e-1c5f-4091-a7bc-fb91284371ed,54d0aacd-9b70-4a62-91ac-af86c9408ae8,162864005,Body mass index 30+ - obesity (finding),,active,1995-01-03T03:01:19+00:00,1995-01-03T03:01:19+00:00,1995,True
40f6c4ab-6175-4348-8c23-66b9dc0dfd56,54d0aacd-9b70-4a62-91ac-af86c9408ae8,124171000119105,Chronic intractable migraine without aura,,active,1992-06-30T03:01:19+00:00,1992-06-30T03:01:19+00:00,1992,False
fdd1e67c-7c59-4473-a47f-4a1ccf5150e8,54d0aacd-9b70-4a62-91ac-af86c9408ae8,196416002,Impacted molars,,active,1992-03-25T03:01:19+00:00,1992-03-25T03:01:19+00:00,1992,False
15a0f8c5-0ce4-4ff7-bcd2-106ecc970cfe,54d0aacd-9b70-4a62-91ac-af86c9408ae8,444814009,Viral sinusitis (disorder),,resolved,2017-07-01T03:01:19+00:00,2017-07-01T03:01:19+00:00,2017,False
b7ed577b-1dbe-448e-ab9c-7273d7c5ecf1,54d0aacd-9b70-4a62-91ac-af86c9408ae8,55680006,Drug overdose,,active,1997-10-24T03:01:19+00:00,1997-10-24T03:01:19+00:00,1997,False
cd2021e5-2dce-4d0d-bf33-1cd19d01fd84,54d0aacd-9b70-4a62-91ac-af86c9408ae8,284549007,Laceration of hand,,resolved,2020-02-25T03:01:19+00:00,2020-02-25T03:01:19+00:00,2020,False
11a51a0d-71e8-483c-871f-20d695aa7a90,54d0aacd-9b70-4a62-91ac-af86c9408ae8,275272006,Brain damage - traumatic,,active,1987-08-19T03:01:19+00:00,1987-08-19T03:01:19+00:00,1987,False
ac298d02-6ab9-4694-9269-2dd2fec3b5e1,54d0aacd-9b70-4a62-91ac-af86c9408ae8,444814009,Viral sinusitis (disorder),,resolved,2016-07-10T03:01:19+00:00,2016-07-10T03:01:19+00:00,2016,False
87997af7-c777-43d2-9ee7-346c4016c154,54d0aacd-9b70-4a62-91ac-af86c9408ae8,38341003,Hypertension,,active,1973-01-02T03:01:19+00:00,1973-01-02T03:01:19+00:00,1973,True
960d6150-c24b-4180-b6a0-e14c95a0bcc1,54d0aacd-9b70-4a62-91ac-af86c9408ae8,55822004,Hyperlipidemia,,active,1999-07-13T03:01:19+00:00,1999-07-13T03:01:19+00:00,1999,True
fe67109e-d946-4417-a888-f38e6a9f4ab2,9e2e28b1-1db8-489f-a5d4-3d7e6b2b3a0c,444814009,Viral sinusitis (disorder),,resolved,2017-10-26T15:27:40+00:00,2017-10-26T15:27:40+00:00,2017,False
73e10b71-6a2e-4272-be13-08228cb6d2b3,9e2e28b1-1db8-489f-a5d4-3d7e6b2b3a0c,403190006,First degree burn,,resolved,2011-09-22T15:27:40+00:00,2011-09-22T15:27:40+00:00,2011,False
d4a2ad8b-5e47-4b60-9ac2-a80811f777c5,9e2e28b1-1db8-489f-a5d4-3d7e6b2b3a0c,38341003,Hypertension,,active,1984-11-12T15:27:40+00:00,1984-11-12T15:27:40+00:00,1984,True
39ec043d-e462-479b-a771-5dcf27a4409a,9e2e28b1-1db8-489f-a5d4-3d7e6b2b3a0c,40055000,Chronic sinusitis (disorder),,active,1999-12-15T15:27:40+00:00,1999-12-15T15:27:40+00:00,1999,False
afd901d8-d0ae-4549-b129-fd77f92a379c,9e2e28b1-1db8-489f-a5d4-3d7e6b2b3a0c,232353008,Perennial allergic rhinitis with seasonal variation,,active,1970-05-29T15:27:40+00:00,1970-05-29T15:27:40+00:00,1970,False
bb84322d-93ea-415b-b12b-9c622b7b18de,9e2e28b1-1db8-489f-a5d4-3d7e6b2b3a0c,15777000,Prediabetes,,active,2007-12-03T15:27:40+00:00,2007-12-03T15:27:40+00:00,2007,True
3c467854-4c8b-485e-adbe-4dd619ffbb03,9e2e28b1-1db8-489f-a5d4-3d7e6b2b3a0c,62106007,Concussion with no loss of consciousness,,resolved,2013-12-15T15:27:40+00:00,2013-12-15T15:27:40+00:00,2013,False
e12b58c5-077c-4dc3-b069-cd63c69a35ea,9e2e28b1-1db8-489f-a5d4-3d7e6b2b3a0c,271737000,Anemia (disorder),,active,2009-12-07T15:27:40+00:00,2009-12-07T15:27:40+00:00,2009,False
09665921-8c98-4dff-bb04-d82e42bc22f8,9e2e28b1-1db8-489f-a5d4-3d7e6b2b3a0c,195662009,Acute viral pharyngitis (disorder),,resolved,2014-12-09T15:27:40+00:00,2014-12-09T15:27:40+00:00,2014,False
c4fdccbd-34bd-4fb2-b0fd-2deaac85f9dc,9e2e28b1-1db8-489f-a5d4-3d7e6b2b3a0c,55822004,Hyperlipidemia,,active,2020-01-13T15:27:40+00:00,2020-01-13T15:27:40+00:00,2020,True
aec73610-cf2a-431f-bcce-441aa8c04bd5,9e2e28b1-1db8-489f-a5d4-3d7e6b2b3a0c,72892002,Normal pregnancy,,resolved,2011-07-04T15:27:40+00:00,2011-07-04T15:27:40+00:00,2011,False
2364e5e0-d611-4f28-97ad-492879496c42,2d526118-fb1d-44c0-9b0b-b8f6d4f2b4fb,124171000119105,Chronic intractable migraine without aura,,active,1993-03-15T19:20:06+00:00,1993-03-15T19:20:06+00:00,1993,False
2b39a23b-5e65-4785-a5ca-9695f5754723,2d526118-fb1d-44c0-9b0b-b8f6d4f2b4fb,233604007,Pneumonia,,active,2004-07-31T19:20:06+00:00,2004-07-31T19:20:06+00:00,2004,False
07a9c6ef-dedf-4311-b051-d3093b306a48,2d526118-fb1d-44c0-9b0b-b8f6d4f2b4fb,10509002,Acute bronchitis (disorder),,resolved,2002-12-16T19:20:06+00:00,2002-12-16T19:20:06+00:00,2002,False
ec6d102c-ac09-4cc9-8793-c337dd56ff36,2d526118-fb1d-44c0-9b0b-b8f6d4f2b4fb,196416002,Impacted molars,,active,1992-04-05T19:20:06+00:00,1992-04-05T19:20:06+00:00,1992,False
0ae8c95c-29d3-4f6c-b177-b0953e44b153,2d526118-fb1d-44c0-9b0b-b8f6d4f2b4fb,65363002,Otitis media,,resolved,1994-01-30T19:20:06+00:00,1994-01-30T19:20:06+00:00,1994,False
06fe24de-3ef3-4712-a9db-fb06e355adad,2d526118-fb1d-44c0-9b0b-b8f6d4f2b4fb,82423001,Chronic pain,,active,1992-09-26T19:20:06+00:00,1992-09-26T19:20:06+00:00,1992,False
5b927016-2243-4bf8-a0c0-cbda2bc6cfa6,2d526118-fb1d-44c0-9b0b-b8f6d4f2b4fb,55680006,Drug overdose,,active,2001-04-26T19:20:06+00:00,2001-04-26T19:20:06+00:00,2001,False
11d4a6d7-7458-4d7e-8169-1b2d52c01e8c,2d526118-fb1d-44c0-9b0b-b8f6d4f2b4fb,271737000,Anemia (disorder),,active,1973-07-28T19:20:06+00:00,1973-07-28T19:20:06+00:00,1973,False
fefbe341-1c26-47b7-bad0-619708590793,2d526118-fb1d-44c0-9b0b-b8f6d4f2b4fb,230690007,Stroke,,active,2003-11-29T19:20:06+00:00,2003-11-29T19:20:06+00:00,2003,False
884dfe83-87c7-4a42-abe0-0eff1b33ab4c,2d526118-fb1d-44c0-9b0b-b8f6d4f2b4fb,162864005,Body mass index 30+ - obesity (finding),,active,1952-09-20T19:20:06+00:00,1952-09-20T19:20:06+00:00,1952,True
825337fb-34e8-426b-b2b7-fb420567c149,2d526118-fb1d-44c0-9b0b-b8f6d4f2b4fb,26929004,Alzheimer's disease (disorder),,active,1999-12-25T19:20:06+00:00,1999-12-25T19:20:06+00:00,1999,False
07d1c71b-57bd-415a-96a4-84284000dd97,2d526118-fb1d-44c0-9b0b-b8f6d4f2b4fb,55822004,Hyperlipidemia,,active,1965-07-03T19:20:06+00:00,1965-07-03T19:20:06+00:00,1965,True
f21b0f9f-7246-45bd-a389-3fa7a3b5949e,2d526118-fb1d-44c0-9b0b-b8f6d4f2b4fb,49436004,Atrial Fibrillation,,active,1974-08-03T19:20:06+00:00,1974-08-03T19:20:06+00:00,1974,True
6677550c-85fd-4465-8dee-592b7ee7d81b,2d526118-fb1d-44c0-9b0b-b8f6d4f2b4fb,444814009,Viral sinusitis (disorder),,resolved,2002-11-15T19:20:06+00:00,2002-11-15T19:20:06+00:00,2002,False
552d113a-9dd8-4cf1-8239-fa676556c246,2d526118-fb1d-44c0-9b0b-b8f6d4f2b4fb,201834006,"Localized, primary osteoarthritis of the hand",,active,1982-06-16T19:20:06+00:00,1982-06-16T19:20:06+00:00,1982,True
2a03d964-e05f-4613-afa2-a92ee9433551,2d526118-fb1d-44c0-9b0b-b8f6d4f2b4fb,15777000,Prediabetes,,active,1970-07-11T19:20:06+00:00,1970-07-11T19:20:06+00:00,1970,True
eac843ee-64d6-4d7a-8a6b-6b21c343112e,58c580cc-9bc9-4569-a51a-76db00935627,195662009,Acute viral pharyngitis (disorder),,resolved,2015-03-10T07:13:25+00:00,2015-03-10T07:13:25+00:00,2015,False
b9c5d5ae-b581-4501-bcf9-3295d0957d60,58c580cc-9bc9-4569-a51a-76db00935627,39848009,Whiplash injury to neck,,resolved,2020-10-24T07:13:25+00:00,2020-10-24T07:13:25+00:00,2020,False
d9261eb1-ba6e-48c8-bfb8-283b7f816fde,58c580cc-9bc9-4569-a51a-76db00935627,162864005,Body mass index 30+ - obesity (finding),,active,1995-12-26T07:13:25+00:00,1995-12-26T07:13:25+00:00,1995,True
858b8e47-97ef-4bbb-b222-7ea613b003c6,58c580cc-9bc9-4569-a51a-76db00935627,19169002,Miscarriage in first trimester,,active,2011-02-15T07:13:25+00:00,2011-02-15T07:13:25+00:00,2011,False
128abc00-c036-4d9d-86d6-c732a0c8d1c5,58c580cc-9bc9-4569-a51a-76db00935627,38341003,Hypertension,,active,1982-12-07T07:13:25+00:00,1982-12-07T07:13:25+00:00,1982,True
ad2b152e-5eb8-46f3-adec-c93f54b6fff5,58c580cc-9bc9-4569-a51a-76db00935627,195662009,Acute viral pharyngitis (disorder),,resolved,2020-02-04T07:13:25+00:00,2020-02-04T07:13:25+00:00,2020,False
85ab581b-6ccb-4627-95cf-2bd4db3369fa,58c580cc-9bc9-4569-a51a-76db00935627,90560007,Gout,,active,2009-10-02T07:13:25+00:00,2009-10-02T07:13:25+00:00,2009,False
38498499-a10c-4946-bbee-3bfaac17afa9,58c580cc-9bc9-4569-a51a-76db00935627,195662009,Acute viral pharyngitis (disorder),,resolved,2017-08-07T07:13:25+00:00,2017-08-07T07:13:25+00:00,2017,False
1ae0f835-564e-4d28-8d39-09468a1cde6f,0d1d30da-56ac-46ab-887e-5f0699593059,444814009,Viral sinusitis (disorder),,resolved,2003-08-17T02:39:21+00:00,2003-08-17T02:39:21+00:00,2003,False
20f6d29f-3eab-42e4-9616-5662584a8da7,0d1d30da-56ac-46ab-887e-5f0699593059,92691004,Carcinoma in situ of prostate (disorder),,active,1985-03-10T02:39:21+00:00,1985-03-10T02:39:21+00:00,1985,False
9efeeebb-7798-4010-95b5-3a7a940b2c51,0d1d30da-56ac-46ab-887e-5f0699593059,15777000,Prediabetes,,active,1962-05-05T02:39:21+00:00,1962-05-05T02:39:21+00:00,1962,True
d96d0479-3dcf-47d2-9335-6143a95ab7fb,0d1d30da-56ac-46ab-887e-5f0699593059,444814009,Viral sinusitis (disorder),,resolved,2002-08-23T02:39:21+00:00,2002-08-23T02:39:21+00:00,2002,False
8ebd63aa-91f8-4b12-96a0-4b4dedb25a3d,0d1d30da-56ac-46ab-887e-5f0699593059,10509002,Acute bronchitis (disorder),,resolved,2003-08-21T02:39:21+00:00,2003-08-21T02:39:21+00:00,2003,False
52488ed7-6e39-4f25-8214-a2012ff600bf,0d1d30da-56ac-46ab-887e-5f0699593059,239873007,Osteoarthritis of knee,,active,1982-04-09T02:39:21+00:00,1982-04-09T02:39:21+00:00,1982,True
c87613ba-b7fd-4492-a28f-4568002f679c,0d1d30da-56ac-46ab-887e-5f0699593059,444814009,Viral sinusitis (disorder),,resolved,1997-06-04T02:39:21+00:00,1997-06-04T02:39:21+00:00,1997,False
156893de-16bf-4c9c-b660-ffa895e9c4df,0d1d30da-56ac-46ab-887e-5f0699593059,62564004,Concussion with loss of consciousness,,resolved,2005-04-20T02:39:21+00:00,2005-04-20T02:39:21+00:00,2005,False
03cb203e-9c0f-4a72-9462-1256d08e3e96,0d1d30da-56ac-46ab-887e-5f0699593059,283385000,Laceration of thigh,,resolved,1996-03-17T02:39:21+00:00,1996-03-17T02:39:21+00:00,1996,False
fad43ca6-56bc-48fc-9722-09e9884758bc,0d1d30da-56ac-46ab-887e-5f0699593059,162864005,Body mass index 30+ - obesity (finding),,active,1945-04-28T02:39:21+00:00,1945-04-28T02:39:21+00:00,1945,True
ecf76aae-6f98-471f-a3ad-d33438a6d9a9,0d1d30da-56ac-46ab-887e-5f0699593059,126906006,Neoplasm of prostate,,active,1985-03-10T02:39:21+00:00,1985-03-10T02:39:21+00:00,1985,False
ec9b844e-2846-401c-b487-8fe37f9110fb,0d1d30da-56ac-46ab-887e-5f0699593059,271737000,Anemia (disorder),,active,1966-05-14T02:39:21+00:00,1966-05-14T02:39:21+00:00,1966,False
a3db835c-f33f-4a0e-8133-24c70f50e1f3,0d1d30da-56ac-46ab-887e-5f0699593059,7200002,Alcoholism,,active,1951-05-05T02:39:21+00:00,1951-05-05T02:39:21+00:00,1951,False
5d5df9d3-7649-4e29-8dbd-63056ca20aac,0d1d30da-56ac-46ab-887e-5f0699593059,88805009,Chronic congestive heart failure (disorder),,active,2004-04-22T02:39:21+00:00,2004-04-22T02:39:21+00:00,2004,True
7e89b499-fd00-46de-8afb-27d4d5e89233,3a44aee2-523a-4e97-8f47-bd07c4926590,36971009,Sinusitis (disorder),,resolved,2019-10-08T16:01:51+00:00,2019-10-08T16:01:51+00:00,2019,False
25ac3d6d-f478-4f4b-9c5c-bd8a8f388f2f,3a44aee2-523a-4e97-8f47-bd07c4926590,19169002,Miscarriage in first trimester,,active,2016-12-06T16:01:51+00:00,2016-12-06T16:01:51+00:00,2016,False
d566e567-2da5-40e3-b88c-397acbfb8115,3a44aee2-523a-4e97-8f47-bd07c4926590,444814009,Viral sinusitis (disorder),,resolved,2018-10-13T16:01:51+00:00,2018-10-13T16:01:51+00:00,2018,False
d93650db-4ca1-485a-9cb7-e498b0c2d9ae,3a44aee2-523a-4e97-8f47-bd07c4926590,444814009,Viral sinusitis (disorder),,resolved,2014-11-14T16:01:51+00:00,2014-11-14T16:01:51+00:00,2014,False
9e6d59ce-1f76-4d16-af89-a3e01e9b68ee,3a44aee2-523a-4e97-8f47-bd07c4926590,301011002,Escherichia coli urinary tract infection,,resolved,2017-06-12T16:01:51+00:00,2017-06-12T16:01:51+00:00,2017,False
dd27f56f-b426-40f4-af5d-1a7057ec384b,3a44aee2-523a-4e97-8f47-bd07c4926590,10509002,Acute bronchitis (disorder),,resolved,2012-06-02T16:01:51+00:00,2012-06-02T16:01:51+00:00,2012,False
ca25210e-bbbf-4ef0-8650-8395d56a9ec1,3a44aee2-523a-4e97-8f47-bd07c4926590,10509002,Acute bronchitis (disorder),,resolved,2020-06-29T16:01:51+00:00,2020-06-29T16:01:51+00:00,2020,False
30f5d934-11ec-4607-8056-014eb33619ec,3a44aee2-523a-4e97-8f47-bd07c4926590,43878008,Streptococcal sore throat (disorder),,resolved,2016-01-16T16:01:51+00:00,2016-01-16T16:01:51+00:00,2016,False
e45eeeae-5290-4604-932c-2e361bd02b58,3a44aee2-523a-4e97-8f47-bd07c4926590,72892002,Normal pregnancy,,resolved,2020-07-14T16:01:51+00:00,2020-07-14T16:01:51+00:00,2020,False
2a3da70b-f114-4fb7-a771-3a156ffa38e4,3a44aee2-523a-4e97-8f47-bd07c4926590,72892002,Normal pregnancy,,resolved,2020-03-24T16:01:51+00:00,2020-03-24T16:01:51+00:00,2020,False
62ce59ce-1d62-4f0b-92a1-e732c873f8d0,3a44aee2-523a-4e97-8f47-bd07c4926590,72892002,Normal pregnancy,,resolved,2018-12-11T16:01:51+00:00,2018-12-11T16:01:51+00:00,2018,False
59830d92-096d-4a5c-9994-92281dd829a5,3a44aee2-523a-4e97-8f47-bd07c4926590,72892002,Normal pregnancy,,resolved,2016-12-06T16:01:51+00:00,2016-12-06T16:01:51+00:00,2016,False
7d5ae6f3-2c48-4d64-aec2-50c1912f9c64,3a44aee2-523a-4e97-8f47-bd07c4926590,72892002,Normal pregnancy,,resolved,2015-01-13T16:01:51+00:00,2015-01-13T16:01:51+00:00,2015,False
94dedb5a-4e9b-4235-bdb0-2103f3826a8b,3a44aee2-523a-4e97-8f47-bd07c4926590,72892002,Normal pregnancy,,resolved,2011-10-18T16:01:51+00:00,2011-10-18T16:01:51+00:00,2011,False
8eccd050-efdc-4c9e-88da-38fd291fa377,3a44aee2-523a-4e97-8f47-bd07c4926590,156073000,Fetus with unknown complication,,resolved,2016-12-06T16:01:51+00:00,2016-12-06T16:01:51+00:00,2016,False
22f9edc7-6c8b-482b-9e98-7ba731944255,eba03315-2043-442b-80a8-a4d8d265ac99,68496003,Polyp of colon,,active,1999-04-20T12:17:10+00:00,1999-04-20T12:17:10+00:00,1999,False
aa561758-5e87-459f-8057-5ed8bd9a04ff,eba03315-2043-442b-80a8-a4d8d265ac99,713197008,Recurrent rectal polyp,,active,2000-07-16T12:17:10+00:00,2000-07-16T12:17:10+00:00,2000,False
94a283f1-6b28-4e26-a568-879edfd7deaa,eba03315-2043-442b-80a8-a4d8d265ac99,444814009,Viral sinusitis (disorder),,resolved,2011-04-16T12:17:10+00:00,2011-04-16T12:17:10+00:00,2011,False
e4427a04-dfd1-40e6-be99-6af76a1adabb,eba03315-2043-442b-80a8-a4d8d265ac99,38341003,Hypertension,,active,1967-08-22T12:17:10+00:00,1967-08-22T12:17:10+00:00,1967,True
cf8341a5-4509-4eb9-9dae-7e30e5f3e94a,eba03315-2043-442b-80a8-a4d8d265ac99,428251008,History of appendectomy,,active,1970-04-15T12:17:10+00:00,1970-04-15T12:17:10+00:00,1970,False
5974b883-a9f3-4c32-bcd0-6fe6eb612241,eba03315-2043-442b-80a8-a4d8d265ac99,195662009,Acute viral pharyngitis (disorder),,resolved,2017-06-15T12:17:10+00:00,2017-06-15T12:17:10+00:00,2017,False
6ef14b59-1a4c-4a4a-97cc-dd2fbde5c300,eba03315-2043-442b-80a8-a4d8d265ac99,74400008,Appendicitis,,active,1970-04-15T12:17:10+00:00,1970-04-15T12:17:10+00:00,1970,False
2897fb4f-1dc4-4da0-8260-fca2e467c7e8,eba03315-2043-442b-80a8-a4d8d265ac99,58150001,Fracture of clavicle,,resolved,2011-06-05T12:17:10+00:00,2011-06-05T12:17:10+00:00,2011,False
655def61-ad71-49f6-9e0f-9122ac727493,eba03315-2043-442b-80a8-a4d8d265ac99,10509002,Acute bronchitis (disorder),,resolved,2020-11-01T12:17:10+00:00,2020-11-01T12:17:10+00:00,2020,False
cf947917-b94c-4ee9-a672-1f257c90abfd,e4d83502-457f-43e8-8682-10a2a965dc42,15777000,Prediabetes,,active,1967-01-11T02:28:09+00:00,1967-01-11T02:28:09+00:00,1967,True
9e1a045e-efb5-400e-a038-1418096a530f,e4d83502-457f-43e8-8682-10a2a965dc42,444814009,Viral sinusitis (disorder),,resolved,1999-12-19T02:28:09+00:00,1999-12-19T02:28:09+00:00,1999,False
2a8be319-8fe6-41c7-a417-fa8ae1abd2eb,e4d83502-457f-43e8-8682-10a2a965dc42,64859006,Osteoporosis (disorder),,active,1995-04-26T02:28:09+00:00,1995-04-26T02:28:09+00:00,1995,False
1b920de3-23df-4084-8318-8960d361d278,e4d83502-457f-43e8-8682-10a2a965dc42,284551006,Laceration of foot,,resolved,1995-11-13T02:28:09+00:00,1995-11-13T02:28:09+00:00,1995,False
c3ab3756-8ec0-45f2-8740-aa5938573148,e4d83502-457f-43e8-8682-10a2a965dc42,19169002,Miscarriage in first trimester,,active,1946-11-27T02:28:09+00:00,1946-11-27T02:28:09+00:00,1946,False
b2656617-7d76-405a-aa00-8897fa77b886,e4d83502-457f-43e8-8682-10a2a965dc42,53741008,Coronary Heart Disease,,active,1926-12-08T02:28:09+00:00,1926-12-08T02:28:09+00:00,1926,False
85d4c3cd-fb84-4de6-a6c1-225354332568,e4d83502-457f-43e8-8682-10a2a965dc42,444814009,Viral sinusitis (disorder),,resolved,2003-02-23T02:28:09+00:00,2003-02-23T02:28:09+00:00,2003,False
72f626a5-a241-4351-a6b9-aee3c1c00a1a,e4d83502-457f-43e8-8682-10a2a965dc42,230690007,Stroke,,active,1998-09-23T02:28:09+00:00,1998-09-23T02:28:09+00:00,1998,False
3d9b4839-b6b7-42b7-92d4-66438381cce4,e4d83502-457f-43e8-8682-10a2a965dc42,26929004,Alzheimer's disease (disorder),,active,1995-04-26T02:28:09+00:00,1995-04-26T02:28:09+00:00,1995,False
591c2964-1c68-4313-b9df-b6f4138ac9a1,e4d83502-457f-43e8-8682-10a2a965dc42,55822004,Hyperlipidemia,,active,1978-01-18T02:28:09+00:00,1978-01-18T02:28:09+00:00,1978,True
d00c8f29-b743-4615-9418-9e551b446673,e4d83502-457f-43e8-8682-10a2a965dc42,38341003,Hypertension,,active,1943-12-15T02:28:09+00:00,1943-12-15T02:28:09+00:00,1943,True
b4e318bc-a483-4b7c-891c-9ce08b03f2bd,c7792da2-a72f-4c0a-9dd8-05c5809008f1,24079001,Atopic dermatitis,,active,2008-04-28T23:35:29+00:00,2008-04-28T23:35:29+00:00,2008,False
f74dc599-9636-468c-bece-ef28b37ba673,c7792da2-a72f-4c0a-9dd8-05c5809008f1,444814009,Viral sinusitis (disorder),,resolved,2020-10-20T23:35:29+00:00,2020-10-20T23:35:29+00:00,2020,False
e8639351-4bf9-4488-b75d-9ebc114f3c84,c7792da2-a72f-4c0a-9dd8-05c5809008f1,39848009,Whiplash injury to neck,,resolved,2013-06-24T23:35:29+00:00,2013-06-24T23:35:29+00:00,2013,False
2642b6ba-1246-42ff-b3a1-4e5ce67c10a0,c7792da2-a72f-4c0a-9dd8-05c5809008f1,233678006,Childhood asthma,,active,2009-08-06T23:35:29+00:00,2009-08-06T23:35:29+00:00,2009,True
52b35fff-c23f-4744-acd1-85ae0867d6f4,c7792da2-a72f-4c0a-9dd8-05c5809008f1,367498001,Seasonal allergic rhinitis,,active,2011-08-06T23:35:29+00:00,2011-08-06T23:35:29+00:00,2011,False
d264a72f-a9fb-4190-b77c-410af8f33b7d,f341c771-5aff-4858-9406-9d45e8a56246,40055000,Chronic sinusitis (disorder),,active,1988-09-14T06:18:47+00:00,1988-09-14T06:18:47+00:00,1988,False
39820a92-7b3b-4512-8f68-fba891a7ad1f,f341c771-5aff-4858-9406-9d45e8a56246,367498001,Seasonal allergic rhinitis,,active,1975-05-24T06:18:47+00:00,1975-05-24T06:18:47+00:00,1975,False
13c6c2a7-7f40-4988-96cc-7884938b84fa,f341c771-5aff-4858-9406-9d45e8a56246,444814009,Viral sinusitis (disorder),,resolved,2012-02-07T06:18:47+00:00,2012-02-07T06:18:47+00:00,2012,False
e47fa7e8-56fd-470d-8168-2eac1168b5cd,f341c771-5aff-4858-9406-9d45e8a56246,301011002,Escherichia coli urinary tract infection,,resolved,2015-05-07T06:18:47+00:00,2015-05-07T06:18:47+00:00,2015,False
926bfd30-2eae-43d9-8137-740b3d36b8c4,f341c771-5aff-4858-9406-9d45e8a56246,162864005,Body mass index 30+ - obesity (finding),,active,2016-02-16T06:18:47+00:00,2016-02-16T06:18:47+00:00,2016,True
eaa16b68-1d17-4d1f-b31a-f4367d677473,720b9118-3153-40c8-b162-cd963506be0e,236077008,Protracted diarrhea,,active,2017-11-22T07:21:10+00:00,2017-11-22T07:21:10+00:00,2017,False
e465b3eb-3356-44fd-827c-251b3248ae20,720b9118-3153-40c8-b162-cd963506be0e,162864005,Body mass index 30+ - obesity (finding),,active,1990-03-12T07:21:10+00:00,1990-03-12T07:21:10+00:00,1990,True
9a7dd48c-d2f4-4103-b434-96bc22b95691,720b9118-3153-40c8-b162-cd963506be0e,271737000,Anemia (disorder),,active,2017-11-29T07:21:10+00:00,2017-11-29T07:21:10+00:00,2017,False
20562c57-e475-48f3-a1a7-a038ced47167,720b9118-3153-40c8-b162-cd963506be0e,94260004,Secondary malignant neoplasm of colon,,active,2017-11-29T07:21:10+00:00,2017-11-29T07:21:10+00:00,2017,False
1661c302-1a99-4432-a9fa-4ee7a4b62b5c,720b9118-3153-40c8-b162-cd963506be0e,6072007,Bleeding from anus,,active,2017-11-22T07:21:10+00:00,2017-11-22T07:21:10+00:00,2017,False
06ccbf94-8481-44a4-8e3c-69a23ecb6e38,90f63176-64bb-46e3-a1c4-73a3968648aa,65363002,Otitis media,,resolved,1970-11-02T10:43:59+00:00,1970-11-02T10:43:59+00:00,1970,False
77af3ed6-d1b3-4f76-a1ca-cd436e015450,90f63176-64bb-46e3-a1c4-73a3968648aa,262574004,Bullet wound,,active,1971-05-06T10:43:59+00:00,1971-05-06T10:43:59+00:00,1971,False
b2f4be20-a579-4460-a077-efd121da7ed5,90f63176-64bb-46e3-a1c4-73a3968648aa,65363002,Otitis media,,resolved,1968-07-02T10:43:59+00:00,1968-07-02T10:43:59+00:00,1968,False
cc97d310-639d-4143-9644-2b596e393b7e,90f63176-64bb-46e3-a1c4-73a3968648aa,65363002,Otitis media,,resolved,1965-07-06T10:43:59+00:00,1965-07-06T10:43:59+00:00,1965,False
e446eba5-edf9-44e1-8ca6-aac378436e90,90f63176-64bb-46e3-a1c4-73a3968648aa,444814009,Viral sinusitis (disorder),,resolved,1968-10-27T10:43:59+00:00,1968-10-27T10:43:59+00:00,1968,False
c2bd7b36-64e2-46ce-b930-a303056d614e,f28c99ef-9e43-430e-8c8f-59ce317a0ea3,35999006,Blighted ovum,,resolved,2016-11-18T23:29:06+00:00,2016-11-18T23:29:06+00:00,2016,False
711dc43c-3925-45e4-a2f3-6a8221041d7f,f28c99ef-9e43-430e-8c8f-59ce317a0ea3,195662009,Acute viral pharyngitis (disorder),,resolved,2016-12-12T23:29:06+00:00,2016-12-12T23:29:06+00:00,2016,False
cbfa4a30-3466-46b9-8ce7-a1d41f917b18,f28c99ef-9e43-430e-8c8f-59ce317a0ea3,38341003,Hypertension,,active,1998-10-02T23:29:06+00:00,1998-10-02T23:29:06+00:00,1998,True
b5baa964-e352-4d77-b430-9de519a93c7c,f28c99ef-9e43-430e-8c8f-59ce317a0ea3,70704007,Sprain of wrist,,resolved,2018-02-04T23:29:06+00:00,2018-02-04T23:29:06+00:00,2018,False
37811a76-7352-4bad-aef2-0768ac42f48a,f28c99ef-9e43-430e-8c8f-59ce317a0ea3,10509002,Acute bronchitis (disorder),,resolved,2020-10-22T23:29:06+00:00,2020-10-22T23:29:06+00:00,2020,False
b2140e1b-80da-4eba-86ca-061805010f64,f28c99ef-9e43-430e-8c8f-59ce317a0ea3,19169002,Miscarriage in first trimester,,active,2016-11-18T23:29:06+00:00,2016-11-18T23:29:06+00:00,2016,False
ee496e73-9a12-472a-9a77-e7d1c74d2310,f28c99ef-9e43-430e-8c8f-59ce317a0ea3,162864005,Body mass index 30+ - obesity (finding),,active,2015-12-25T23:29:06+00:00,2015-12-25T23:29:06+00:00,2015,True
a1b71c86-e238-4d14-96ff-fb208d7f897e,f28c99ef-9e43-430e-8c8f-59ce317a0ea3,72892002,Normal pregnancy,,resolved,2020-08-07T23:29:06+00:00,2020-08-07T23:29:06+00:00,2020,False
b8073891-2682-44d7-bf34-330d2d2e14a6,f28c99ef-9e43-430e-8c8f-59ce317a0ea3,72892002,Normal pregnancy,,resolved,2016-11-18T23:29:06+00:00,2016-11-18T23:29:06+00:00,2016,False
12a289ea-8ee9-46a9-b808-1f1ac7861d8b,f28c99ef-9e43-430e-8c8f-59ce317a0ea3,72892002,Normal pregnancy,,resolved,2013-03-08T23:29:06+00:00,2013-03-08T23:29:06+00:00,2013,False
0f165bb8-5c8d-4a82-92fe-15a44d3a35f0,0e61c3ad-d11e-4080-a6aa-cac89cae4e37,80394007,Hyperglycemia (disorder),,active,1993-04-22T05:09:36+00:00,1993-04-22T05:09:36+00:00,1993,False
b7fe656d-986a-4d9d-8231-f5bbb69b7c6d,0e61c3ad-d11e-4080-a6aa-cac89cae4e37,90781000119102,Microalbuminuria due to type 2 diabetes mellitus (disorder),,active,2004-09-09T05:09:36+00:00,2004-09-09T05:09:36+00:00,2004,True
b16f0173-64fa-4ce1-b0cf-48d52d2b4528,0e61c3ad-d11e-4080-a6aa-cac89cae4e37,36971009,Sinusitis (disorder),,resolved,2019-11-29T05:09:36+00:00,2019-11-29T05:09:36+00:00,2019,False
49b1b48d-198b-4915-b8c9-b1ba5ed34225,0e61c3ad-d11e-4080-a6aa-cac89cae4e37,74400008,Appendicitis,,active,1964-02-18T05:09:36+00:00,1964-02-18T05:09:36+00:00,1964,False
17b3505c-602c-4777-8c01-0910dd43d293,0e61c3ad-d11e-4080-a6aa-cac89cae4e37,47693006,Rupture of appendix,,active,1964-02-18T05:09:36+00:00,1964-02-18T05:09:36+00:00,1964,False
6877d696-7e7b-4630-93c7-454885e91692,0e61c3ad-d11e-4080-a6aa-cac89cae4e37,237602007,Metabolic syndrome X (disorder),,active,1993-04-22T05:09:36+00:00,1993-04-22T05:09:36+00:00,1993,False
85e28c2e-1458-44f8-9219-d2cf7967b087,0e61c3ad-d11e-4080-a6aa-cac89cae4e37,40055000,Chronic sinusitis (disorder),,active,2019-12-13T05:09:36+00:00,2019-12-13T05:09:36+00:00,2019,False
f88ba7c2-3f15-438b-ad3b-3801882bff66,0e61c3ad-d11e-4080-a6aa-cac89cae4e37,403190006,First degree burn,,resolved,2019-01-21T05:09:36+00:00,2019-01-21T05:09:36+00:00,2019,False
44f6685c-2618-4209-9223-42d6ec8aae4c,0e61c3ad-d11e-4080-a6aa-cac89cae4e37,431855005,Chronic kidney disease stage 1 (disorder),,active,2001-05-10T05:09:36+00:00,2001-05-10T05:09:36+00:00,2001,True
e034e917-c369-46bd-b632-4f8196b0b582,0e61c3ad-d11e-4080-a6aa-cac89cae4e37,271737000,Anemia (disorder),,active,1985-04-11T05:09:36+00:00,1985-04-11T05:09:36+00:00,1985,False
813899c3-762e-411d-b805-49852919c948,0e61c3ad-d11e-4080-a6aa-cac89cae4e37,15777000,Prediabetes,,active,1985-04-11T05:09:36+00:00,1985-04-11T05:09:36+00:00,1985,True
4f1ec07e-f2f2-41d0-b25b-b0c220a039ee,0e61c3ad-d11e-4080-a6aa-cac89cae4e37,38822007,Cystitis,,resolved,2013-02-18T05:09:36+00:00,2013-02-18T05:09:36+00:00,2013,False
3e980c1b-6711-4851-b29a-9a8616ba7daf,0e61c3ad-d11e-4080-a6aa-cac89cae4e37,428251008,History of appendectomy,,active,1964-02-18T05:09:36+00:00,1964-02-18T05:09:36+00:00,1964,False
91199af8-1b93-448f-9183-34cd5d7864e6,0e61c3ad-d11e-4080-a6aa-cac89cae4e37,10509002,Acute bronchitis (disorder),,resolved,2015-02-19T05:09:36+00:00,2015-02-19T05:09:36+00:00,2015,False
006fd90d-b705-4bd3-af9a-9c993f8c364d,0e61c3ad-d11e-4080-a6aa-cac89cae4e37,38341003,Hypertension,,active,1991-04-18T05:09:36+00:00,1991-04-18T05:09:36+00:00,1991,True
be2593d9-7df7-43e6-8d8b-4287cef42c1a,0e61c3ad-d11e-4080-a6aa-cac89cae4e37,302870006,Hypertriglyceridemia (disorder),,active,1993-04-22T05:09:36+00:00,1993-04-22T05:09:36+00:00,1993,False
1596eab3-a252-42ba-882e-e7516c842dc6,0e61c3ad-d11e-4080-a6aa-cac89cae4e37,127013003,Diabetic renal disease (disorder),,active,2001-05-10T05:09:36+00:00,2001-05-10T05:09:36+00:00,2001,False
02718093-74f7-4a6c-8128-2f5c05783610,0e61c3ad-d11e-4080-a6aa-cac89cae4e37,431856006,Chronic kidney disease stage 2 (disorder),,active,2004-09-09T05:09:36+00:00,2004-09-09T05:09:36+00:00,2004,True
9eb33c39-2e5c-4061-9754-1a39795cd2bd,0e61c3ad-d11e-4080-a6aa-cac89cae4e37,201834006,"Localized, primary osteoarthritis of the hand",,active,1993-02-09T05:09:36+00:00,1993-02-09T05:09:36+00:00,1993,True
69d55451-9037-480d-afdb-19f84d959b53,0e61c3ad-d11e-4080-a6aa-cac89cae4e37,44054006,Diabetes,,active,1991-04-18T05:09:36+00:00,1991-04-18T05:09:36+00:00,1991,True
542dec53-0e3e-4222-b06c-fcdcdb2a13e3,e9bbdf84-9348-4078-afba-6bb6e0b89d4b,65363002,Otitis media,,resolved,2011-04-06T23:31:02+00:00,2011-04-06T23:31:02+00:00,2011,False
06c150e4-938e-4b89-b6f4-ce6677cf7e2e,e9bbdf84-9348-4078-afba-6bb6e0b89d4b,232353008,Perennial allergic rhinitis with seasonal variation,,active,2008-04-08T23:31:02+00:00,2008-04-08T23:31:02+00:00,2008,False
4f3a151e-cd81-4ec8-8440-78a2cc02fc7b,e9bbdf84-9348-4078-afba-6bb6e0b89d4b,233678006,Childhood asthma,,active,2010-04-08T23:31:02+00:00,2010-04-08T23:31:02+00:00,2010,True
8a3108b8-b445-497f-8c33-b325f7212c7c,e9bbdf84-9348-4078-afba-6bb6e0b89d4b,444814009,Viral sinusitis (disorder),,resolved,2015-02-20T23:31:02+00:00,2015-02-20T23:31:02+00:00,2015,False
b814baa3-37a8-4fce-8bcf-bffcf09435c9,e9bbdf84-9348-4078-afba-6bb6e0b89d4b,195662009,Acute viral pharyngitis (disorder),,resolved,2016-11-15T23:31:02+00:00,2016-11-15T23:31:02+00:00,2016,False
22dc5ccd-e8f6-4e4e-b82e-116ebf908501,e9bbdf84-9348-4078-afba-6bb6e0b89d4b,195662009,Acute viral pharyngitis (disorder),,resolved,2015-10-08T23:31:02+00:00,2015-10-08T23:31:02+00:00,2015,False
9bd50a3e-d857-4f1b-aa03-ba23ce054649,e9bbdf84-9348-4078-afba-6bb6e0b89d4b,195662009,Acute viral pharyngitis (disorder),,resolved,2014-05-04T23:31:02+00:00,2014-05-04T23:31:02+00:00,2014,False
acfb4c73-8b56-452d-89cc-f35c57f1c867,d483a480-4a42-428c-bf9b-fdbaddf78e21,271737000,Anemia (disorder),,active,2000-01-17T07:36:34+00:00,2000-01-17T07:36:34+00:00,2000,False
bb618053-e82f-4444-b988-b2b5913c36ae,d483a480-4a42-428c-bf9b-fdbaddf78e21,302870006,Hypertriglyceridemia (disorder),,active,2002-01-21T07:36:34+00:00,2002-01-21T07:36:34+00:00,2002,False
87ae05d8-0360-40e3-b664-f94d7ba56be6,d483a480-4a42-428c-bf9b-fdbaddf78e21,162864005,Body mass index 30+ - obesity (finding),,active,1985-03-18T07:36:34+00:00,1985-03-18T07:36:34+00:00,1985,True
f9f4444f-3145-4c01-bdc8-bb7481112bae,d483a480-4a42-428c-bf9b-fdbaddf78e21,237602007,Metabolic syndrome X (disorder),,active,2002-01-21T07:36:34+00:00,2002-01-21T07:36:34+00:00,2002,False
2397c1b3-ba7d-4551-84c2-ec9dda2a9e84,d483a480-4a42-428c-bf9b-fdbaddf78e21,368581000119106,Neuropathy due to type 2 diabetes mellitus (disorder),,active,2004-01-26T07:36:34+00:00,2004-01-26T07:36:34+00:00,2004,True
c7f1cfd4-1dac-4baf-9425-2fee8f6d7240,d483a480-4a42-428c-bf9b-fdbaddf78e21,10509002,Acute bronchitis (disorder),,resolved,2014-01-25T07:36:34+00:00,2014-01-25T07:36:34+00:00,2014,False
37b8d49f-af81-4f2a-ba2c-cd16029b942d,d483a480-4a42-428c-bf9b-fdbaddf78e21,44054006,Diabetes,,active,2000-01-17T07:36:34+00:00,2000-01-17T07:36:34+00:00,2000,True
557d8c63-06b0-4cf8-9bcf-b232ea5b7607,6f5557bb-1c8b-438a-a774-06a5cdf8cbab,195662009,Acute viral pharyngitis (disorder),,resolved,2012-06-23T13:59:56+00:00,2012-06-23T13:59:56+00:00,2012,False
eda713b7-7947-4196-8eaa-f178406ee005,6f5557bb-1c8b-438a-a774-06a5cdf8cbab,40055000,Chronic sinusitis (disorder),,active,2020-06-11T13:59:56+00:00,2020-06-11T13:59:56+00:00,2020,False
44d06a32-4f5c-4655-ad1e-e8e7fe3b8173,6f5557bb-1c8b-438a-a774-06a5cdf8cbab,58150001,Fracture of clavicle,,resolved,2014-08-05T13:59:56+00:00,2014-08-05T13:59:56+00:00,2014,False
f65c62cb-1cab-4d5a-ac33-ffcf378aae95,6f5557bb-1c8b-438a-a774-06a5cdf8cbab,36971009,Sinusitis (disorder),,resolved,2020-05-28T13:59:56+00:00,2020-05-28T13:59:56+00:00,2020,False
4864c43f-91e3-437d-93ff-ee4691335baa,6f5557bb-1c8b-438a-a774-06a5cdf8cbab,72892002,Normal pregnancy,,resolved,2016-01-13T13:59:56+00:00,2016-01-13T13:59:56+00:00,2016,False
4a7d45aa-86d8-4b04-bf71-36b2a99c0818,6f5557bb-1c8b-438a-a774-06a5cdf8cbab,44465007,Sprain of ankle,,active,2021-03-31T13:59:56+00:00,2021-03-31T13:59:56+00:00,2021,False
d12f9768-7368-4ff0-b914-1bf65f1ab3c4,6f5557bb-1c8b-438a-a774-06a5cdf8cbab,44465007,Sprain of ankle,,resolved,2010-11-03T13:59:56+00:00,2010-11-03T13:59:56+00:00,2010,False
9de67c7a-3d09-4a14-8b14-4aef7b5a46a5,6f5557bb-1c8b-438a-a774-06a5cdf8cbab,44465007,Sprain of ankle,,resolved,2003-11-19T13:59:56+00:00,2003-11-19T13:59:56+00:00,2003,False
168d6e81-2385-40ac-80f8-f124286d14bb,6f5557bb-1c8b-438a-a774-06a5cdf8cbab,44465007,Sprain of ankle,,resolved,1999-03-01T13:59:56+00:00,1999-03-01T13:59:56+00:00,1999,False
aeadb09c-1277-4f2b-92c9-eba4c9ed3496,138d4e0c-e3d3-460d-bead-7d0b2f86f33c,195662009,Acute viral pharyngitis (disorder),,resolved,2014-08-16T12:18:02+00:00,2014-08-16T12:18:02+00:00,2014,False
a5dd322d-3a94-47ea-8f69-c3e646895a6d,138d4e0c-e3d3-460d-bead-7d0b2f86f33c,196416002,Impacted molars,,active,1999-01-14T12:18:02+00:00,1999-01-14T12:18:02+00:00,1999,False
8d824703-ec87-4d31-a75b-3234c4946733,138d4e0c-e3d3-460d-bead-7d0b2f86f33c,271737000,Anemia (disorder),,resolved,2017-06-20T12:18:02+00:00,2017-06-20T12:18:02+00:00,2017,False
cc815679-4592-4275-9364-2b5fdfeb39dc,138d4e0c-e3d3-460d-bead-7d0b2f86f33c,38341003,Hypertension,,active,2002-11-19T12:18:02+00:00,2002-11-19T12:18:02+00:00,2002,True
5369ab89-c071-4ce3-8e94-43244ec79641,138d4e0c-e3d3-460d-bead-7d0b2f86f33c,10509002,Acute bronchitis (disorder),,resolved,2015-03-02T12:18:02+00:00,2015-03-02T12:18:02+00:00,2015,False
4bcac78d-82d7-4e13-98bd-589cae79cd84,138d4e0c-e3d3-460d-bead-7d0b2f86f33c,398254007,Preeclampsia,,resolved,2013-10-29T12:18:02+00:00,2013-10-29T12:18:02+00:00,2013,False
21c384da-7c6f-4097-99ee-90efd6c4ce0c,138d4e0c-e3d3-460d-bead-7d0b2f86f33c,124171000119105,Chronic intractable migraine without aura,,active,1998-08-12T12:18:02+00:00,1998-08-12T12:18:02+00:00,1998,False
2f682cfd-2213-43e7-8c16-01a932055fe7,138d4e0c-e3d3-460d-bead-7d0b2f86f33c,55680006,Drug overdose,,active,2003-01-23T12:18:02+00:00,2003-01-23T12:18:02+00:00,2003,False
5aee753b-c262-44f8-8963-450884534b1c,138d4e0c-e3d3-460d-bead-7d0b2f86f33c,403190006,First degree burn,,resolved,2019-12-31T12:18:02+00:00,2019-12-31T12:18:02+00:00,2019,False
c10f96c3-48ba-4fc4-98f3-9a076a980d78,138d4e0c-e3d3-460d-bead-7d0b2f86f33c,72892002,Normal pregnancy,,resolved,2019-11-12T12:18:02+00:00,2019-11-12T12:18:02+00:00,2019,False
7a7f087d-72e5-40d1-92b1-178dee6d9ac0,138d4e0c-e3d3-460d-bead-7d0b2f86f33c,72892002,Normal pregnancy,,resolved,2017-06-20T12:18:02+00:00,2017-06-20T12:18:02+00:00,2017,False
9bb92036-3c5d-4b7e-8184-9c9b7b84090f,138d4e0c-e3d3-460d-bead-7d0b2f86f33c,82423001,Chronic pain,,active,1998-11-08T12:18:02+00:00,1998-11-08T12:18:02+00:00,1998,False
1c618597-bdc9-465e-8718-b7bccde1a076,138d4e0c-e3d3-460d-bead-7d0b2f86f33c,72892002,Normal pregnancy,,resolved,2016-04-26T12:18:02+00:00,2016-04-26T12:18:02+00:00,2016,False
74edefe1-bb2d-4776-9463-aa060b7c9c9f,138d4e0c-e3d3-460d-bead-7d0b2f86f33c,72892002,Normal pregnancy,,resolved,2013-05-14T12:18:02+00:00,2013-05-14T12:18:02+00:00,2013,False
f4fd4f12-0f91-4a6a-bd55-d64e1c33bea7,f4a43e80-27e8-4581-95cb-9f3b115661c8,444814009,Viral sinusitis (disorder),,resolved,2012-04-28T23:07:44+00:00,2012-04-28T23:07:44+00:00,2012,False
08af5626-0507-4469-b65c-1c83d3822368,f4a43e80-27e8-4581-95cb-9f3b115661c8,162864005,Body mass index 30+ - obesity (finding),,active,2001-11-28T23:07:44+00:00,2001-11-28T23:07:44+00:00,2001,True
02761f67-b08e-4f76-863d-b6c463080235,f4a43e80-27e8-4581-95cb-9f3b115661c8,10509002,Acute bronchitis (disorder),,resolved,2012-04-07T23:07:44+00:00,2012-04-07T23:07:44+00:00,2012,False
755c1472-512a-44dc-8ac2-58189060e155,f4a43e80-27e8-4581-95cb-9f3b115661c8,195662009,Acute viral pharyngitis (disorder),,resolved,2017-02-04T23:07:44+00:00,2017-02-04T23:07:44+00:00,2017,False
a6bede69-7bcb-4932-8edd-db5dc0493c0e,d4cdc6d2-f3f1-48c0-96d6-b64b68d79eb9,399211009,History of myocardial infarction (situation),,active,2013-02-18T15:24:23+00:00,2013-02-18T15:24:23+00:00,2013,False
dee28d8c-1180-4618-92e5-844259801465,d4cdc6d2-f3f1-48c0-96d6-b64b68d79eb9,40055000,Chronic sinusitis (disorder),,resolved,1982-04-22T15:24:23+00:00,1982-04-22T15:24:23+00:00,1982,False
2a16c48d-1af3-40f9-bca8-cbf67f3a606b,d4cdc6d2-f3f1-48c0-96d6-b64b68d79eb9,271737000,Anemia (disorder),,active,1994-08-29T15:24:23+00:00,1994-08-29T15:24:23+00:00,1994,False
03bb5e05-ecb8-4835-ab58-ee2046c4e698,d4cdc6d2-f3f1-48c0-96d6-b64b68d79eb9,444814009,Viral sinusitis (disorder),,resolved,2008-07-10T15:24:23+00:00,2008-07-10T15:24:23+00:00,2008,False
a8e55a63-6d04-43cd-b918-9f4cd71d2446,d4cdc6d2-f3f1-48c0-96d6-b64b68d79eb9,15777000,Prediabetes,,active,1992-08-17T15:24:23+00:00,1992-08-17T15:24:23+00:00,1992,True
3fa2a8c5-5a5f-42cb-9acc-c8a4f46a09a1,d4cdc6d2-f3f1-48c0-96d6-b64b68d79eb9,38822007,Cystitis,,resolved,2003-12-26T15:24:23+00:00,2003-12-26T15:24:23+00:00,2003,False
66b5d0e9-ed0c-4ec7-81b9-48b1d213ca0b,d4cdc6d2-f3f1-48c0-96d6-b64b68d79eb9,162864005,Body mass index 30+ - obesity (finding),,active,1987-08-31T15:24:23+00:00,1987-08-31T15:24:23+00:00,1987,True
09fa3068-ce23-4730-96c8-824c80882d62,d4cdc6d2-f3f1-48c0-96d6-b64b68d79eb9,53741008,Coronary Heart Disease,,active,2009-11-23T15:24:23+00:00,2009-11-23T15:24:23+00:00,2009,False
eea2a6f9-50cc-468c-a3f4-6f88accda4d0,d4cdc6d2-f3f1-48c0-96d6-b64b68d79eb9,22298006,Myocardial Infarction,,active,2013-02-18T15:24:23+00:00,2013-02-18T15:24:23+00:00,2013,False
295ef0fe-8a22-4b28-889e-ec7ffa5d20b8,d4cdc6d2-f3f1-48c0-96d6-b64b68d79eb9,197927001,Recurrent urinary tract infection,,active,2000-11-12T15:24:23+00:00,2000-11-12T15:24:23+00:00,2000,False
f76e69cd-0daa-4679-9a9b-b87c3360eb05,d4cdc6d2-f3f1-48c0-96d6-b64b68d79eb9,38341003,Hypertension,,active,1959-11-30T15:24:23+00:00,1959-11-30T15:24:23+00:00,1959,True
73be9f89-21ac-4e66-9cf6-16b39533cbc0,d4cdc6d2-f3f1-48c0-96d6-b64b68d79eb9,40055000,Chronic sinusitis (disorder),,active,1993-04-09T15:24:23+00:00,1993-04-09T15:24:23+00:00,1993,False
d7390e0e-edcd-41bd-9592-cd9fb8024dd6,91febabe-8992-49e1-8288-e34c393e98b9,195662009,Acute viral pharyngitis (disorder),,resolved,2005-05-06T16:41:21+00:00,2005-05-06T16:41:21+00:00,2005,False
3a7cfbb9-5d74-410a-9f2b-9d06a5bca38f,91febabe-8992-49e1-8288-e34c393e98b9,19169002,Miscarriage in first trimester,,active,1982-12-02T16:41:21+00:00,1982-12-02T16:41:21+00:00,1982,False
107dd591-78df-41e7-90d2-11d001df4e62,91febabe-8992-49e1-8288-e34c393e98b9,15777000,Prediabetes,,active,1966-03-31T16:41:21+00:00,1966-03-31T16:41:21+00:00,1966,True
ad4ee866-3992-4b12-98f6-e7f481710561,91febabe-8992-49e1-8288-e34c393e98b9,16114001,Fracture of ankle,,resolved,2007-07-06T16:41:21+00:00,2007-07-06T16:41:21+00:00,2007,False
f9307048-dab3-4883-93e2-aa3c1d3739fe,91febabe-8992-49e1-8288-e34c393e98b9,88805009,Chronic congestive heart failure (disorder),,active,2007-05-01T16:41:21+00:00,2007-05-01T16:41:21+00:00,2007,True
b147dc91-f41e-469a-af08-b59f0a36099a,91febabe-8992-49e1-8288-e34c393e98b9,55822004,Hyperlipidemia,,active,1989-11-16T16:41:21+00:00,1989-11-16T16:41:21+00:00,1989,True
ce53345a-ae84-476b-b071-c9e530b47e2a,09013bed-6d2e-4f0a-9a2c-0c0a69b9e839,36971009,Sinusitis (disorder),,resolved,2021-01-30T05:34:12+00:00,2021-01-30T05:34:12+00:00,2021,False
bd2404a5-faa0-4725-89b9-bba500797d32,09013bed-6d2e-4f0a-9a2c-0c0a69b9e839,195662009,Acute viral pharyngitis (disorder),,resolved,2018-07-11T05:34:12+00:00,2018-07-11T05:34:12+00:00,2018,False
8234b03e-10de-4d2a-8343-a22922a378f8,8364ff74-d904-442b-b984-f9d640531639,201834006,"Localized, primary osteoarthritis of the hand",,active,2004-06-12T04:07:20+00:00,2004-06-12T04:07:20+00:00,2004,True
fdc38981-8628-470c-aa0c-4c8807b1a2bc,8364ff74-d904-442b-b984-f9d640531639,15777000,Prediabetes,,active,2009-12-07T04:07:20+00:00,2009-12-07T04:07:20+00:00,2009,True
59ee5bc3-a04a-41fa-969a-a68e8aefdcbd,8364ff74-d904-442b-b984-f9d640531639,444814009,Viral sinusitis (disorder),,resolved,2021-02-04T04:07:20+00:00,2021-02-04T04:07:20+00:00,2021,False
8d9ef780-d390-4286-a294-0bc8b2d2a2a6,8364ff74-d904-442b-b984-f9d640531639,162864005,Body mass index 30+ - obesity (finding),,active,1997-11-17T04:07:20+00:00,1997-11-17T04:07:20+00:00,1997,True
bd9a1da7-8a8b-4c54-be0f-a32b482b8b7f,8364ff74-d904-442b-b984-f9d640531639,283385000,Laceration of thigh,,resolved,2019-05-03T04:07:20+00:00,2019-05-03T04:07:20+00:00,2019,False
4b38b2ee-5708-47b2-8406-c18858505e4d,8364ff74-d904-442b-b984-f9d640531639,444814009,Viral sinusitis (disorder),,resolved,2016-07-17T04:07:20+00:00,2016-07-17T04:07:20+00:00,2016,False
afbc3121-0cfe-44ec-bd42-cebb4943405a,8364ff74-d904-442b-b984-f9d640531639,43878008,Streptococcal sore throat (disorder),,resolved,2016-11-16T04:07:20+00:00,2016-11-16T04:07:20+00:00,2016,False
399ba35c-a7b3-4b3a-92df-7e74403711a1,9535d7d4-3398-488d-83ea-ff3b7a2eddbf,271737000,Anemia (disorder),,active,1992-10-22T20:44:32+00:00,1992-10-22T20:44:32+00:00,1992,False
605bdb50-f50a-4ead-a8d2-cb17457d379b,9535d7d4-3398-488d-83ea-ff3b7a2eddbf,53741008,Coronary Heart Disease,,active,2013-07-18T20:44:32+00:00,2013-07-18T20:44:32+00:00,2013,False
0e2d955a-c56b-4348-b4c5-164dbb0b5daf,9535d7d4-3398-488d-83ea-ff3b7a2eddbf,162864005,Body mass index 30+ - obesity (finding),,active,1979-11-08T20:44:32+00:00,1979-11-08T20:44:32+00:00,1979,True
1d3b03c6-1f18-4a75-a163-2e5bc9451de5,9535d7d4-3398-488d-83ea-ff3b7a2eddbf,49436004,Atrial Fibrillation,,active,2012-07-12T20:44:32+00:00,2012-07-12T20:44:32+00:00,2012,True
37820e84-8034-4cae-8e1b-1aa732453c38,9535d7d4-3398-488d-83ea-ff3b7a2eddbf,15777000,Prediabetes,,active,1992-10-22T20:44:32+00:00,1992-10-22T20:44:32+00:00,1992,True
e87d6589-4ba6-47d5-b70f-2a98d6d200ab,9535d7d4-3398-488d-83ea-ff3b7a2eddbf,38341003,Hypertension,,active,1966-10-20T20:44:32+00:00,1966-10-20T20:44:32+00:00,1966,True
7fcbf170-8df7-4dda-bc07-6ad5c474d7e7,9535d7d4-3398-488d-83ea-ff3b7a2eddbf,399211009,History of myocardial infarction (situation),,active,2016-04-14T20:44:32+00:00,2016-04-14T20:44:32+00:00,2016,False
b23a71ee-68ba-409c-ba09-762323e80d46,9535d7d4-3398-488d-83ea-ff3b7a2eddbf,55822004,Hyperlipidemia,,active,2002-05-16T20:44:32+00:00,2002-05-16T20:44:32+00:00,2002,True
1f32eabb-0e82-447c-92a0-3b33348764a2,9535d7d4-3398-488d-83ea-ff3b7a2eddbf,22298006,Myocardial Infarction,,active,2016-04-14T20:44:32+00:00,2016-04-14T20:44:32+00:00,2016,False
193fbac2-3271-470f-ae71-544b2f22944a,dba1d054-cce0-4fd8-94e3-9ee867667cfe,162864005,Body mass index 30+ - obesity (finding),,active,1991-10-22T09:26:58+00:00,1991-10-22T09:26:58+00:00,1991,True
bd52c9e2-eacf-4100-8cef-e62846a41a4d,dba1d054-cce0-4fd8-94e3-9ee867667cfe,40055000,Chronic sinusitis (disorder),,active,2018-07-23T09:26:58+00:00,2018-07-23T09:26:58+00:00,2018,False
3c04bdd3-d89c-4c6a-9ede-aeba523323f4,dba1d054-cce0-4fd8-94e3-9ee867667cfe,444814009,Viral sinusitis (disorder),,resolved,2012-01-23T09:26:58+00:00,2012-01-23T09:26:58+00:00,2012,False
b749de81-fefa-47ae-ad5e-fc8f6d25eb69,dba1d054-cce0-4fd8-94e3-9ee867667cfe,36971009,Sinusitis (disorder),,resolved,2018-06-18T09:26:58+00:00,2018-06-18T09:26:58+00:00,2018,False
078480d0-8717-4382-983e-adbf25d3eb73,3190019b-9001-4e31-a3c4-380b12b8002a,444814009,Viral sinusitis (disorder),,resolved,2019-03-09T14:15:47+00:00,2019-03-09T14:15:47+00:00,2019,False
b2c68238-4644-42cb-8ea3-928dfea5a90d,3190019b-9001-4e31-a3c4-380b12b8002a,162864005,Body mass index 30+ - obesity (finding),,active,2009-12-24T14:15:47+00:00,2009-12-24T14:15:47+00:00,2009,True
15a62c08-7b7b-4c70-8095-4df730c13bb5,3190019b-9001-4e31-a3c4-380b12b8002a,40055000,Chronic sinusitis (disorder),,active,2008-02-12T14:15:47+00:00,2008-02-12T14:15:47+00:00,2008,False
fd5e6f71-efef-4f4b-9575-a87266fc19fe,3190019b-9001-4e31-a3c4-380b12b8002a,10509002,Acute bronchitis (disorder),,resolved,2016-05-15T14:15:47+00:00,2016-05-15T14:15:47+00:00,2016,False
fd09a0dd-f858-41e5-81a8-b2f152da4142,fa502084-b7b5-489d-be55-796f87193372,444814009,Viral sinusitis (disorder),,resolved,2020-03-17T09:17:08+00:00,2020-03-17T09:17:08+00:00,2020,False
58ab45bf-17b4-4e54-8f9e-404659e177aa,fa502084-b7b5-489d-be55-796f87193372,444814009,Viral sinusitis (disorder),,resolved,2016-11-19T09:17:08+00:00,2016-11-19T09:17:08+00:00,2016,False
d8140095-390e-43d6-a07a-a032ad7fac40,fa502084-b7b5-489d-be55-796f87193372,444814009,Viral sinusitis (disorder),,resolved,2014-07-13T09:17:08+00:00,2014-07-13T09:17:08+00:00,2014,False
d10de6d4-2084-4bd6-affa-bf452bf96c2e,fa502084-b7b5-489d-be55-796f87193372,195662009,Acute viral pharyngitis (disorder),,resolved,2012-10-23T09:17:08+00:00,2012-10-23T09:17:08+00:00,2012,False
2ae42fc8-caec-4d34-9143-f15ded836027,fa502084-b7b5-489d-be55-796f87193372,195662009,Acute viral pharyngitis (disorder),,resolved,2012-03-17T09:17:08+00:00,2012-03-17T09:17:08+00:00,2012,False
da6c3864-d01b-4094-80b3-7eedd58e31da,fa502084-b7b5-489d-be55-796f87193372,70704007,Sprain of wrist,,resolved,2020-02-27T09:17:08+00:00,2020-02-27T09:17:08+00:00,2020,False
6928e000-52f2-4d8b-bf64-d3390c9a0345,fa502084-b7b5-489d-be55-796f87193372,370247008,Facial laceration,,resolved,2019-03-20T09:17:08+00:00,2019-03-20T09:17:08+00:00,2019,False
3c8c0f8e-4ff0-41e3-a6dc-ab6b04e9f90c,b13bd1f1-78c4-4cbe-b611-3bedd3bb796b,75498004,Acute bacterial sinusitis (disorder),,resolved,2003-03-10T11:12:13+00:00,2003-03-10T11:12:13+00:00,2003,False
6c66263a-130a-4e71-85d1-d9b9b0e11cc4,b13bd1f1-78c4-4cbe-b611-3bedd3bb796b,446096008,Perennial allergic rhinitis,,resolved,1992-06-06T11:12:13+00:00,1992-06-06T11:12:13+00:00,1992,False
429afe40-106c-49c3-9ee8-5ee29a05ca62,b13bd1f1-78c4-4cbe-b611-3bedd3bb796b,84757009,Epilepsy,,active,2008-05-26T11:12:13+00:00,2008-05-26T11:12:13+00:00,2008,False
91a14e1d-fbbb-4cbb-ae84-ebdf00162d23,b13bd1f1-78c4-4cbe-b611-3bedd3bb796b,10509002,Acute bronchitis (disorder),,resolved,2006-02-24T11:12:13+00:00,2006-02-24T11:12:13+00:00,2006,False
04cbeacc-a8b6-4cf9-8467-89a1132d43dc,b13bd1f1-78c4-4cbe-b611-3bedd3bb796b,370247008,Facial laceration,,resolved,2000-03-09T11:12:13+00:00,2000-03-09T11:12:13+00:00,2000,False
b0709944-1432-44dd-afe0-aaf19712c136,b13bd1f1-78c4-4cbe-b611-3bedd3bb796b,128613002,Seizure disorder,,active,2008-05-26T11:12:13+00:00,2008-05-26T11:12:13+00:00,2008,False
c1bcf3be-a65c-460d-81b4-5d4da7a5f92f,b13bd1f1-78c4-4cbe-b611-3bedd3bb796b,444814009,Viral sinusitis (disorder),,resolved,2004-11-01T11:12:13+00:00,2004-11-01T11:12:13+00:00,2004,False
6530e000-8bbb-42a8-87ad-5ccc16e8243a,b13bd1f1-78c4-4cbe-b611-3bedd3bb796b,703151001,History of single seizure (situation),,active,2008-05-26T11:12:13+00:00,2008-05-26T11:12:13+00:00,2008,False
6136ae02-327e-4197-8a63-de2dadb40ce1,b13bd1f1-78c4-4cbe-b611-3bedd3bb796b,444814009,Viral sinusitis (disorder),,resolved,1999-12-13T11:12:13+00:00,1999-12-13T11:12:13+00:00,1999,False
c5b7d3b8-cfbe-4e8e-a837-0c8547c04a07,b13bd1f1-78c4-4cbe-b611-3bedd3bb796b,40055000,Chronic sinusitis (disorder),,active,2003-04-14T11:12:13+00:00,2003-04-14T11:12:13+00:00,2003,False
4b0056b6-ed56-43a2-9ce3-3c13c900946d,54034a85-d558-4047-b32a-ad82008f7199,79586000,Tubal pregnancy,,active,1972-06-05T22:39:41+00:00,1972-06-05T22:39:41+00:00,1972,False
8c07902c-0f42-4f48-b160-f54e34edbf36,54034a85-d558-4047-b32a-ad82008f7199,162864005,Body mass index 30+ - obesity (finding),,active,1958-01-13T22:39:41+00:00,1958-01-13T22:39:41+00:00,1958,True
ec1c8f70-ede5-4ad5-b78c-e119e7c49e7e,54034a85-d558-4047-b32a-ad82008f7199,64859006,Osteoporosis (disorder),,active,2012-11-12T22:39:41+00:00,2012-11-12T22:39:41+00:00,2012,False
09c26756-e034-4077-b60a-addc5f79776a,54034a85-d558-4047-b32a-ad82008f7199,19169002,Miscarriage in first trimester,,active,1959-12-14T22:39:41+00:00,1959-12-14T22:39:41+00:00,1959,False
13585446-1fea-4f64-a7fc-d2bc2a7a1ba9,54034a85-d558-4047-b32a-ad82008f7199,444814009,Viral sinusitis (disorder),,resolved,2011-10-04T22:39:41+00:00,2011-10-04T22:39:41+00:00,2011,False
42536f46-1b7e-4a12-8724-d04820b8a5b3,f82f5556-260e-4ddd-83a0-9a93e0139732,15777000,Prediabetes,,active,2001-05-02T07:20:21+00:00,2001-05-02T07:20:21+00:00,2001,True
923185f1-1d9a-4651-b138-600fc799e7db,f82f5556-260e-4ddd-83a0-9a93e0139732,444814009,Viral sinusitis (disorder),,resolved,2014-11-20T07:20:21+00:00,2014-11-20T07:20:21+00:00,2014,False
565b2fd7-4f7c-4234-8f9b-39400217a70d,f82f5556-260e-4ddd-83a0-9a93e0139732,162864005,Body mass index 30+ - obesity (finding),,active,1976-01-14T07:20:21+00:00,1976-01-14T07:20:21+00:00,1976,True
530c93ab-62f0-48bf-b6aa-0d834ebfd5f1,f82f5556-260e-4ddd-83a0-9a93e0139732,444814009,Viral sinusitis (disorder),,resolved,2011-05-21T07:20:21+00:00,2011-05-21T07:20:21+00:00,2011,False
cfe510e5-eb1e-40fd-8bd2-619c2e619912,f82f5556-260e-4ddd-83a0-9a93e0139732,74400008,Appendicitis,,active,1975-06-14T07:20:21+00:00,1975-06-14T07:20:21+00:00,1975,False
a7b9000e-9174-49a4-9eaf-3f81287e2fd8,f82f5556-260e-4ddd-83a0-9a93e0139732,428251008,History of appendectomy,,active,1975-06-14T07:20:21+00:00,1975-06-14T07:20:21+00:00,1975,False
78fef2f7-4a36-4d57-a210-82c25f3dc27f,d68b29cd-8c09-4db5-8da9-d7a5d0d64b6e,40055000,Chronic sinusitis (disorder),,active,1964-03-14T21:51:36+00:00,1964-03-14T21:51:36+00:00,1964,False
10aabd9e-5cf5-4d9d-88d7-5933697f65e1,d68b29cd-8c09-4db5-8da9-d7a5d0d64b6e,19169002,Miscarriage in first trimester,,active,1946-06-10T21:51:36+00:00,1946-06-10T21:51:36+00:00,1946,False
f4d0a97c-bfde-4505-ab31-2dfbe31705d4,d68b29cd-8c09-4db5-8da9-d7a5d0d64b6e,271737000,Anemia (disorder),,active,1949-08-22T21:51:36+00:00,1949-08-22T21:51:36+00:00,1949,False
055e5a85-64ba-413e-8961-37a76562e373,d68b29cd-8c09-4db5-8da9-d7a5d0d64b6e,88805009,Chronic congestive heart failure (disorder),,active,1976-06-22T21:51:36+00:00,1976-06-22T21:51:36+00:00,1976,True
0fe2f5c1-dbde-4ee2-9cd1-a589cfd655e2,d68b29cd-8c09-4db5-8da9-d7a5d0d64b6e,10509002,Acute bronchitis (disorder),,resolved,1976-10-13T21:51:36+00:00,1976-10-13T21:51:36+00:00,1976,False
4444aac7-7e9f-458d-acc2-011c11b39b73,d68b29cd-8c09-4db5-8da9-d7a5d0d64b6e,15777000,Prediabetes,,active,1946-08-19T21:51:36+00:00,1946-08-19T21:51:36+00:00,1946,True
28bcbcca-4f8d-4278-ad35-939624f5802e,d68b29cd-8c09-4db5-8da9-d7a5d0d64b6e,39848009,Whiplash injury to neck,,resolved,1974-12-08T21:51:36+00:00,1974-12-08T21:51:36+00:00,1974,False
601b851d-b27e-4a22-8ace-b31acdd0a291,d68b29cd-8c09-4db5-8da9-d7a5d0d64b6e,44465007,Sprain of ankle,,resolved,1969-11-29T21:51:36+00:00,1969-11-29T21:51:36+00:00,1969,False
a5729a6e-6b39-4130-8efd-44f20084e113,d68b29cd-8c09-4db5-8da9-d7a5d0d64b6e,444814009,Viral sinusitis (disorder),,resolved,1968-12-13T21:51:36+00:00,1968-12-13T21:51:36+00:00,1968,False
7cfb7106-49a2-455f-8462-c88dd6ab8114,74cb7e08-565b-4242-814c-e2f9302dcd90,62564004,Concussion with loss of consciousness,,resolved,2018-06-16T09:40:54+00:00,2018-06-16T09:40:54+00:00,2018,False
0f371dfe-4e25-4ea4-9cdd-f120f6e7a46e,74cb7e08-565b-4242-814c-e2f9302dcd90,195662009,Acute viral pharyngitis (disorder),,resolved,2011-11-22T09:40:54+00:00,2011-11-22T09:40:54+00:00,2011,False
91f4b114-00f7-4f03-964b-feecaee3f2f5,3da2d189-8f07-4a22-9c10-bb29e9991430,195662009,Acute viral pharyngitis (disorder),,resolved,2011-08-18T18:25:23+00:00,2011-08-18T18:25:23+00:00,2011,False
3f1d025a-3ed9-4fac-9831-0d5f27c54226,3da2d189-8f07-4a22-9c10-bb29e9991430,162864005,Body mass index 30+ - obesity (finding),,active,1996-05-10T18:25:23+00:00,1996-05-10T18:25:23+00:00,1996,True
812045f6-063e-4f1d-8a39-d789480ecb17,3da2d189-8f07-4a22-9c10-bb29e9991430,444814009,Viral sinusitis (disorder),,resolved,2019-03-17T18:25:23+00:00,2019-03-17T18:25:23+00:00,2019,False
0bf30606-0871-4ac9-a399-e10163ae9dc9,e14502ae-d3d0-4a52-8b5e-7a833f1a3bf4,36971009,Sinusitis (disorder),,resolved,2018-10-12T09:42:47+00:00,2018-10-12T09:42:47+00:00,2018,False
125f7299-1ec0-463c-9c00-745bf6137b66,e14502ae-d3d0-4a52-8b5e-7a833f1a3bf4,444814009,Viral sinusitis (disorder),,resolved,2012-05-03T09:42:47+00:00,2012-05-03T09:42:47+00:00,2012,False
9051c1a9-5a07-49c0-ba8c-66d5a04ba058,e14502ae-d3d0-4a52-8b5e-7a833f1a3bf4,19169002,Miscarriage in first trimester,,active,1995-10-30T09:42:47+00:00,1995-10-30T09:42:47+00:00,1995,False
61a1342c-8df7-4d4c-ae37-c3e86d8efbe0,e14502ae-d3d0-4a52-8b5e-7a833f1a3bf4,10509002,Acute bronchitis (disorder),,resolved,2019-02-06T09:42:47+00:00,2019-02-06T09:42:47+00:00,2019,False
a971708c-ab4d-49e5-b100-060336ca3380,e14502ae-d3d0-4a52-8b5e-7a833f1a3bf4,40055000,Chronic sinusitis (disorder),,resolved,1970-05-15T09:42:47+00:00,1970-05-15T09:42:47+00:00,1970,False
48c715b4-deef-475a-bb11-aaedd5385b7a,e14502ae-d3d0-4a52-8b5e-7a833f1a3bf4,162864005,Body mass index 30+ - obesity (finding),,active,2003-11-10T09:42:47+00:00,2003-11-10T09:42:47+00:00,2003,True
ee7d2ba5-f6aa-44bd-a4cd-ccaaa0c20b6c,e14502ae-d3d0-4a52-8b5e-7a833f1a3bf4,72892002,Normal pregnancy,,resolved,2011-12-05T09:42:47+00:00,2011-12-05T09:42:47+00:00,2011,False
fe9db72c-1f7a-4e79-a61e-110bbb6e9cee,3819264d-f39e-44cf-9e89-63078b714a0f,124171000119105,Chronic intractable migraine without aura,,active,1992-06-20T19:20:06+00:00,1992-06-20T19:20:06+00:00,1992,False
1623297e-f3e7-4f3b-9e94-8678103d84e7,3819264d-f39e-44cf-9e89-63078b714a0f,449868002,Smokes tobacco daily,,active,1957-07-13T19:20:06+00:00,1957-07-13T19:20:06+00:00,1957,False
f23e89e7-362c-43ea-910e-baf679a11339,3819264d-f39e-44cf-9e89-63078b714a0f,196416002,Impacted molars,,active,1993-01-19T19:20:06+00:00,1993-01-19T19:20:06+00:00,1993,False
c08d9e51-96ed-44f6-9a92-6b815e66f1f9,3819264d-f39e-44cf-9e89-63078b714a0f,271737000,Anemia (disorder),,active,1965-07-03T19:20:06+00:00,1965-07-03T19:20:06+00:00,1965,False
6be308e8-88b0-4fe2-bb30-10716421b5d7,3819264d-f39e-44cf-9e89-63078b714a0f,15777000,Prediabetes,,active,1961-07-22T19:20:06+00:00,1961-07-22T19:20:06+00:00,1961,True
72019992-715f-4090-93a6-3e0813bf2ce5,3819264d-f39e-44cf-9e89-63078b714a0f,26929004,Alzheimer's disease (disorder),,active,1993-11-20T19:20:06+00:00,1993-11-20T19:20:06+00:00,1993,False
997bd814-69b5-4ca1-bb1f-fe95c5345fb3,3819264d-f39e-44cf-9e89-63078b714a0f,239872002,Osteoarthritis of hip,,active,1975-06-18T19:20:06+00:00,1975-06-18T19:20:06+00:00,1975,True
2f9d98b1-31fc-48ae-af0d-388a841fb547,3819264d-f39e-44cf-9e89-63078b714a0f,444470001,Injury of anterior cruciate ligament,,resolved,1999-05-04T19:20:06+00:00,1999-05-04T19:20:06+00:00,1999,False
e92ecf0e-8fa1-4581-92e2-c7f215b091f5,3819264d-f39e-44cf-9e89-63078b714a0f,82423001,Chronic pain,,active,1992-10-25T19:20:06+00:00,1992-10-25T19:20:06+00:00,1992,False
ab7ebea4-1bcd-4f8f-a903-04d37eddef15,b0d28084-fcad-4af2-9a3d-c0090a6e294a,446096008,Perennial allergic rhinitis,,active,2005-03-23T06:24:41+00:00,2005-03-23T06:24:41+00:00,2005,False
702f4578-98ee-4017-bff0-8535b2cab93d,b0d28084-fcad-4af2-9a3d-c0090a6e294a,241929008,Acute allergic reaction,,resolved,2015-01-13T06:24:41+00:00,2015-01-13T06:24:41+00:00,2015,False
4d1a592f-77c0-4fe6-9424-a2eeb83a67fa,b0d28084-fcad-4af2-9a3d-c0090a6e294a,263102004,Fracture subluxation of wrist,,resolved,2018-07-26T06:24:41+00:00,2018-07-26T06:24:41+00:00,2018,False
98050900-31cf-4fe7-82dd-834a1fc338c1,d34e9e2d-a81a-407d-9527-82d1fdb06421,124171000119105,Chronic intractable migraine without aura,,active,2008-01-11T18:26:38+00:00,2008-01-11T18:26:38+00:00,2008,False
0765f31b-1d4b-4317-a00a-e3a4bd1c4910,d34e9e2d-a81a-407d-9527-82d1fdb06421,38341003,Hypertension,,active,2000-01-08T18:26:38+00:00,2000-01-08T18:26:38+00:00,2000,True
aecb9603-69c4-4b2c-946b-74ef7db7e878,d34e9e2d-a81a-407d-9527-82d1fdb06421,444814009,Viral sinusitis (disorder),,resolved,2015-11-11T18:26:38+00:00,2015-11-11T18:26:38+00:00,2015,False
49b95a35-7599-4a94-b70e-459a3b0438db,18088fa5-2146-4737-a60d-cf1d30c7c6fa,65363002,Otitis media,,resolved,1981-12-06T02:39:21+00:00,1981-12-06T02:39:21+00:00,1981,False
7b24a980-9d52-4669-bcf3-fa0b040e2f63,18088fa5-2146-4737-a60d-cf1d30c7c6fa,62106007,Concussion with no loss of consciousness,,resolved,1984-04-12T02:39:21+00:00,1984-04-12T02:39:21+00:00,1984,False
17748303-9e22-462c-93bf-9b96b8ff2ac9,18088fa5-2146-4737-a60d-cf1d30c7c6fa,195662009,Acute viral pharyngitis (disorder),,resolved,1985-11-04T02:39:21+00:00,1985-11-04T02:39:21+00:00,1985,False
dc0befaa-629e-4bce-ae36-1f0b5ff384f2,18088fa5-2146-4737-a60d-cf1d30c7c6fa,92691004,Carcinoma in situ of prostate (disorder),,active,1983-08-27T02:39:21+00:00,1983-08-27T02:39:21+00:00,1983,False
955df763-bdcc-4965-9315-f081a45371e4,18088fa5-2146-4737-a60d-cf1d30c7c6fa,444814009,Viral sinusitis (disorder),,resolved,1986-02-25T02:39:21+00:00,1986-02-25T02:39:21+00:00,1986,False
f1fe8ca8-f0d3-4d29-a207-0faf464db246,18088fa5-2146-4737-a60d-cf1d30c7c6fa,162864005,Body mass index 30+ - obesity (finding),,active,1968-05-18T02:39:21+00:00,1968-05-18T02:39:21+00:00,1968,True
0d0ab1b5-a197-472d-99e7-abc984de7d93,18088fa5-2146-4737-a60d-cf1d30c7c6fa,449868002,Smokes tobacco daily,,active,1969-05-17T02:39:21+00:00,1969-05-17T02:39:21+00:00,1969,False
ddc92542-96a1-415e-a625-1b4e31092fec,18088fa5-2146-4737-a60d-cf1d30c7c6fa,43878008,Streptococcal sore throat (disorder),,resolved,1981-07-04T02:39:21+00:00,1981-07-04T02:39:21+00:00,1981,False
61572c20-5f71-41e1-b928-bc8e6f771560,18088fa5-2146-4737-a60d-cf1d30c7c6fa,195662009,Acute viral pharyngitis (disorder),,resolved,1982-08-10T02:39:21+00:00,1982-08-10T02:39:21+00:00,1982,False
5afb22bc-8ed4-43c4-89b0-c408891f8a7f,18088fa5-2146-4737-a60d-cf1d30c7c6fa,126906006,Neoplasm of prostate,,active,1983-08-27T02:39:21+00:00,1983-08-27T02:39:21+00:00,1983,False
05b263cc-6f64-4f02-80c7-3c7b27380001,0fc1eab4-7b07-4203-9fa3-34a965a25b2a,195662009,Acute viral pharyngitis (disorder),,resolved,2016-01-12T10:31:59+00:00,2016-01-12T10:31:59+00:00,2016,False
773f988d-d98e-4d5b-bd16-a70ce1678ea9,0fc1eab4-7b07-4203-9fa3-34a965a25b2a,271737000,Anemia (disorder),,active,1978-01-06T10:31:59+00:00,1978-01-06T10:31:59+00:00,1978,False
da7c04b5-1ce9-4798-820a-4eee1935e0b6,0fc1eab4-7b07-4203-9fa3-34a965a25b2a,40055000,Chronic sinusitis (disorder),,active,1971-05-03T10:31:59+00:00,1971-05-03T10:31:59+00:00,1971,False
40ff9b72-c1e2-40db-9304-f9f4dd721acf,0fc1eab4-7b07-4203-9fa3-34a965a25b2a,195662009,Acute viral pharyngitis (disorder),,resolved,2016-09-24T10:31:59+00:00,2016-09-24T10:31:59+00:00,2016,False
f0fccb17-822d-493a-aef5-da7e8c387ca5,0fc1eab4-7b07-4203-9fa3-34a965a25b2a,75498004,Acute bacterial sinusitis (disorder),,resolved,2013-09-11T10:31:59+00:00,2013-09-11T10:31:59+00:00,2013,False
5dc8d87b-70f3-4890-a778-b51172227aa9,0fc1eab4-7b07-4203-9fa3-34a965a25b2a,444814009,Viral sinusitis (disorder),,resolved,2015-06-01T10:31:59+00:00,2015-06-01T10:31:59+00:00,2015,False
08ee90eb-7cb7-42e1-9af0-4c000db7b783,0fc1eab4-7b07-4203-9fa3-34a965a25b2a,43878008,Streptococcal sore throat (disorder),,resolved,2016-12-06T10:31:59+00:00,2016-12-06T10:31:59+00:00,2016,False
ca378e01-9d34-4495-9006-c76356f9b246,0fc1eab4-7b07-4203-9fa3-34a965a25b2a,10509002,Acute bronchitis (disorder),,resolved,2016-09-04T10:31:59+00:00,2016-09-04T10:31:59+00:00,2016,False
2a242a55-7fe4-46d5-81bc-348b746c7736,0fc1eab4-7b07-4203-9fa3-34a965a25b2a,15777000,Prediabetes,,active,1978-01-06T10:31:59+00:00,1978-01-06T10:31:59+00:00,1978,True
7596aead-b2cf-444b-bba6-82cc0527828b,15661112-796c-460c-bf7a-6b297e33f113,271737000,Anemia (disorder),,active,1964-09-03T18:37:30+00:00,1964-09-03T18:37:30+00:00,1964,False
b695b48b-6d41-4618-87e0-3b763aa9f321,15661112-796c-460c-bf7a-6b297e33f113,1551000119108,Nonproliferative diabetic retinopathy due to type 2 diabetes mellitus (disorder),,active,1989-06-29T18:37:30+00:00,1989-06-29T18:37:30+00:00,1989,True
97972107-7301-4222-b518-1b31a17c10f8,15661112-796c-460c-bf7a-6b297e33f113,444814009,Viral sinusitis (disorder),,resolved,2014-03-16T18:37:30+00:00,2014-03-16T18:37:30+00:00,2014,False
ac4916b5-ba7f-4da8-9a2f-f6f866f3afce,15661112-796c-460c-bf7a-6b297e33f113,64859006,Osteoporosis (disorder),,active,2019-09-26T18:37:30+00:00,2019-09-26T18:37:30+00:00,2019,False
843a19b7-fda5-4518-b726-3ca1899b76f5,15661112-796c-460c-bf7a-6b297e33f113,237602007,Metabolic syndrome X (disorder),,active,1970-09-10T18:37:30+00:00,1970-09-10T18:37:30+00:00,1970,False
526fd23c-a061-4c25-bf71-c6d3d069aedd,15661112-796c-460c-bf7a-6b297e33f113,68496003,Polyp of colon,,active,1989-06-29T18:37:30+00:00,1989-06-29T18:37:30+00:00,1989,False
c60c9543-13f6-4e2c-9b2e-979282600d99,15661112-796c-460c-bf7a-6b297e33f113,431855005,Chronic kidney disease stage 1 (disorder),,active,1992-07-16T18:37:30+00:00,1992-07-16T18:37:30+00:00,1992,True
634f2c5f-1224-484f-8bea-733ea6128595,15661112-796c-460c-bf7a-6b297e33f113,44054006,Diabetes,,active,1964-09-03T18:37:30+00:00,1964-09-03T18:37:30+00:00,1964,True
5c186389-3123-4cfc-a9d9-42b26ba7adaf,15661112-796c-460c-bf7a-6b297e33f113,422034002,Diabetic retinopathy associated with type II diabetes mellitus (disorder),,active,1979-07-05T18:37:30+00:00,1979-07-05T18:37:30+00:00,1979,True
30ca8641-3322-4b98-a5f0-10d9fbcda85f,15661112-796c-460c-bf7a-6b297e33f113,55680006,Drug overdose,,active,2001-09-05T18:37:30+00:00,2001-09-05T18:37:30+00:00,2001,False
fd01bf54-8a0a-4ea1-8e8c-f1163784e4e8,15661112-796c-460c-bf7a-6b297e33f113,80394007,Hyperglycemia (disorder),,active,1990-07-05T18:37:30+00:00,1990-07-05T18:37:30+00:00,1990,False
4788718e-30f6-4ec6-86c4-d1d9520fe348,15661112-796c-460c-bf7a-6b297e33f113,302870006,Hypertriglyceridemia (disorder),,active,1967-09-07T18:37:30+00:00,1967-09-07T18:37:30+00:00,1967,False
e92fe15c-1a10-4442-8cd9-5d40e672eb16,15661112-796c-460c-bf7a-6b297e33f113,127013003,Diabetic renal disease (disorder),,active,1992-07-16T18:37:30+00:00,1992-07-16T18:37:30+00:00,1992,False
81ad842c-4f0a-48e4-8fe3-31c3ed6fb138,15661112-796c-460c-bf7a-6b297e33f113,55822004,Hyperlipidemia,,active,2000-06-29T18:37:30+00:00,2000-06-29T18:37:30+00:00,2000,True
a79b4382-c09b-45e0-a5fd-f586f1a3b644,15661112-796c-460c-bf7a-6b297e33f113,15777000,Prediabetes,,active,1957-08-22T18:37:30+00:00,1957-08-22T18:37:30+00:00,1957,True
3240cdcf-ff98-4b78-906d-7ce70cb45334,41dd486d-2eac-4b15-bb4c-e05f3e95428f,444814009,Viral sinusitis (disorder),,resolved,2019-07-05T21:06:17+00:00,2019-07-05T21:06:17+00:00,2019,False
c9f9c254-47b8-4e71-9902-02078ee9bf1a,41dd486d-2eac-4b15-bb4c-e05f3e95428f,271737000,Anemia (disorder),,active,1972-11-09T21:06:17+00:00,1972-11-09T21:06:17+00:00,1972,False
278fc6ed-951c-4756-a222-e8915ecdd115,41dd486d-2eac-4b15-bb4c-e05f3e95428f,19169002,Miscarriage in first trimester,,active,1989-04-13T21:06:17+00:00,1989-04-13T21:06:17+00:00,1989,False
0b1a40ee-432f-4568-a7c7-4ae6f30d7ad1,41dd486d-2eac-4b15-bb4c-e05f3e95428f,239873007,Osteoarthritis of knee,,active,1975-06-24T21:06:17+00:00,1975-06-24T21:06:17+00:00,1975,True
0940222b-a14a-4d8a-b8f2-d240a596d921,41dd486d-2eac-4b15-bb4c-e05f3e95428f,15777000,Prediabetes,,active,1972-11-09T21:06:17+00:00,1972-11-09T21:06:17+00:00,1972,True
64eedb2c-ff69-4cbb-b325-e9f5e65a6fa0,41dd486d-2eac-4b15-bb4c-e05f3e95428f,26929004,Alzheimer's disease (disorder),,active,2017-05-04T21:06:17+00:00,2017-05-04T21:06:17+00:00,2017,False
e4c402e7-0928-4c42-a9f2-d82499b474ac,41dd486d-2eac-4b15-bb4c-e05f3e95428f,68496003,Polyp of colon,,resolved,2017-06-26T21:06:17+00:00,2017-06-26T21:06:17+00:00,2017,False
f03441cb-f3eb-49e1-9d05-fa4dc52b3f66,41dd486d-2eac-4b15-bb4c-e05f3e95428f,370247008,Facial laceration,,resolved,2018-06-23T21:06:17+00:00,2018-06-23T21:06:17+00:00,2018,False
c786b4e8-8ebf-4fb2-b51c-d2da94092d24,41dd486d-2eac-4b15-bb4c-e05f3e95428f,55822004,Hyperlipidemia,,active,1988-07-21T21:06:17+00:00,1988-07-21T21:06:17+00:00,1988,True
d732b456-8b21-45fb-b930-f81ed8c89844,24f613b9-5694-4436-b781-bc0276867ac2,65363002,Otitis media,,resolved,1988-12-30T16:12:57+00:00,1988-12-30T16:12:57+00:00,1988,False
5559f392-d37b-4510-8914-450012ff7d71,24f613b9-5694-4436-b781-bc0276867ac2,128613002,Seizure disorder,,active,1990-01-31T16:12:57+00:00,1990-01-31T16:12:57+00:00,1990,False
498bc853-caa9-4090-81c9-ae0e05a6202b,24f613b9-5694-4436-b781-bc0276867ac2,195662009,Acute viral pharyngitis (disorder),,resolved,1986-11-22T16:12:57+00:00,1986-11-22T16:12:57+00:00,1986,False
c62bf5bb-2839-48e0-bf62-ce580f667f43,24f613b9-5694-4436-b781-bc0276867ac2,65363002,Otitis media,,resolved,1985-04-12T16:12:57+00:00,1985-04-12T16:12:57+00:00,1985,False
1c3fee60-532a-44c5-9be2-a1009fb4a829,24f613b9-5694-4436-b781-bc0276867ac2,703151001,History of single seizure (situation),,active,1990-01-31T16:12:57+00:00,1990-01-31T16:12:57+00:00,1990,False
eeb547bf-f3f9-4df0-a46f-6f5e1c987513,24f613b9-5694-4436-b781-bc0276867ac2,195662009,Acute viral pharyngitis (disorder),,resolved,1984-03-20T16:12:57+00:00,1984-03-20T16:12:57+00:00,1984,False
81e0bfae-5292-4e1a-930b-429b19e091ab,24f613b9-5694-4436-b781-bc0276867ac2,10509002,Acute bronchitis (disorder),,resolved,1985-05-14T16:12:57+00:00,1985-05-14T16:12:57+00:00,1985,False
bf2f2846-d7d1-47ca-835f-9e0d894d4f70,543816ab-27fc-462d-8179-bf3156c4783a,162864005,Body mass index 30+ - obesity (finding),,active,1941-09-22T23:11:46+00:00,1941-09-22T23:11:46+00:00,1941,True
18bdb1c0-d3ae-404f-b5b2-1d471f3d961e,543816ab-27fc-462d-8179-bf3156c4783a,53741008,Coronary Heart Disease,,active,1988-02-22T23:11:46+00:00,1988-02-22T23:11:46+00:00,1988,False
a3d629a3-cc8f-4bcc-a22c-f6ab2af4e4a1,543816ab-27fc-462d-8179-bf3156c4783a,271737000,Anemia (disorder),,active,1990-09-11T23:11:46+00:00,1990-09-11T23:11:46+00:00,1990,False
f0c320fa-1d43-427c-834c-ad2767d6a806,543816ab-27fc-462d-8179-bf3156c4783a,230690007,Stroke,,active,1992-08-17T23:11:46+00:00,1992-08-17T23:11:46+00:00,1992,False
918409f7-a686-435f-a8c1-a0fdc20d54c1,543816ab-27fc-462d-8179-bf3156c4783a,449868002,Smokes tobacco daily,,active,1936-04-13T23:11:46+00:00,1936-04-13T23:11:46+00:00,1936,False
f2b5fb01-a5d7-47c8-bd36-20b3a34c710c,543816ab-27fc-462d-8179-bf3156c4783a,43878008,Streptococcal sore throat (disorder),,resolved,1990-11-10T23:11:46+00:00,1990-11-10T23:11:46+00:00,1990,False
67e56ed5-4bbb-4fb8-8894-ca8f24e56329,543816ab-27fc-462d-8179-bf3156c4783a,88805009,Chronic congestive heart failure (disorder),,active,1990-09-11T23:11:46+00:00,1990-09-11T23:11:46+00:00,1990,True
ee9c682d-2854-4e31-bb80-d05d7107a28a,95efed54-0648-4faf-a179-9a2b3c45e92d,444814009,Viral sinusitis (disorder),,resolved,2014-02-17T00:24:54+00:00,2014-02-17T00:24:54+00:00,2014,False
4713271c-bcbf-471c-a117-7f559e128ffb,95efed54-0648-4faf-a179-9a2b3c45e92d,444814009,Viral sinusitis (disorder),,resolved,2017-12-14T00:24:54+00:00,2017-12-14T00:24:54+00:00,2017,False
820fef1e-f077-4386-a4c2-adadf9ecf33e,95efed54-0648-4faf-a179-9a2b3c45e92d,444814009,Viral sinusitis (disorder),,resolved,2012-05-12T00:24:54+00:00,2012-05-12T00:24:54+00:00,2012,False
56e4701c-8968-42e5-95ce-b78233d86618,95efed54-0648-4faf-a179-9a2b3c45e92d,95417003,Primary fibromyalgia syndrome,,active,2020-04-27T00:24:54+00:00,2020-04-27T00:24:54+00:00,2020,False
ae438dbb-7b7b-4326-ab4d-1d09fa521b83,95efed54-0648-4faf-a179-9a2b3c45e92d,10509002,Acute bronchitis (disorder),,resolved,2019-10-13T00:24:54+00:00,2019-10-13T00:24:54+00:00,2019,False
a805573b-4221-481d-b053-cf60a5eb2a1f,95efed54-0648-4faf-a179-9a2b3c45e92d,72892002,Normal pregnancy,,resolved,2017-06-20T00:24:54+00:00,2017-06-20T00:24:54+00:00,2017,False
b9c0021b-8519-494d-9c43-fa27580b5205,95efed54-0648-4faf-a179-9a2b3c45e92d,72892002,Normal pregnancy,,resolved,2016-04-12T00:24:54+00:00,2016-04-12T00:24:54+00:00,2016,False
26735131-831b-4537-a56a-60cf7c5eab39,95efed54-0648-4faf-a179-9a2b3c45e92d,72892002,Normal pregnancy,,resolved,2014-05-20T00:24:54+00:00,2014-05-20T00:24:54+00:00,2014,False
36898bc0-105c-40bc-b504-ddac0a9e1319,95efed54-0648-4faf-a179-9a2b3c45e92d,72892002,Normal pregnancy,,resolved,2010-12-07T00:24:54+00:00,2010-12-07T00:24:54+00:00,2010,False
3f7eb368-94e6-4a0c-809b-76ad3df8c8da,b4ea5671-8166-4ada-8040-8fc9292d6beb,195662009,Acute viral pharyngitis (disorder),,resolved,2018-06-26T10:43:59+00:00,2018-06-26T10:43:59+00:00,2018,False
153225d5-244e-47d1-9551-79c7899b9b84,b4ea5671-8166-4ada-8040-8fc9292d6beb,301011002,Escherichia coli urinary tract infection,,resolved,2020-11-24T10:43:59+00:00,2020-11-24T10:43:59+00:00,2020,False
a3f6419c-a048-41a9-be49-3c7705219155,b4ea5671-8166-4ada-8040-8fc9292d6beb,19169002,Miscarriage in first trimester,,active,1985-08-27T10:43:59+00:00,1985-08-27T10:43:59+00:00,1985,False
b1b278f7-05a9-4047-88c3-de1fff556930,b4ea5671-8166-4ada-8040-8fc9292d6beb,79586000,Tubal pregnancy,,active,1989-06-06T10:43:59+00:00,1989-06-06T10:43:59+00:00,1989,False
1d24f20c-c5f4-41dc-b2a2-9351faa8db95,b4ea5671-8166-4ada-8040-8fc9292d6beb,444814009,Viral sinusitis (disorder),,resolved,2012-06-02T10:43:59+00:00,2012-06-02T10:43:59+00:00,2012,False
cd3cc784-b6e2-44fd-815c-808412ab55ba,b4ea5671-8166-4ada-8040-8fc9292d6beb,271737000,Anemia (disorder),,active,2001-05-29T10:43:59+00:00,2001-05-29T10:43:59+00:00,2001,False
db179f45-f954-42f8-a34e-1dd9a0e5bb7f,b4ea5671-8166-4ada-8040-8fc9292d6beb,10509002,Acute bronchitis (disorder),,resolved,2019-10-11T10:43:59+00:00,2019-10-11T10:43:59+00:00,2019,False
53ca211b-dea0-47b2-a662-b41ea6aef924,b4ea5671-8166-4ada-8040-8fc9292d6beb,15777000,Prediabetes,,active,1998-05-26T10:43:59+00:00,1998-05-26T10:43:59+00:00,1998,True
227f42e7-7c98-48a3-9774-8683e36a8dfd,b4ea5671-8166-4ada-8040-8fc9292d6beb,10509002,Acute bronchitis (disorder),,resolved,2018-06-04T10:43:59+00:00,2018-06-04T10:43:59+00:00,2018,False
96ad45c0-85ae-4109-a680-e97533e39291,2354df0f-349f-4042-a827-2ef12013e69d,444814009,Viral sinusitis (disorder),,resolved,2018-02-12T16:52:31+00:00,2018-02-12T16:52:31+00:00,2018,False
17037c7f-fcbe-41e7-8297-465af2da511a,2354df0f-349f-4042-a827-2ef12013e69d,195662009,Acute viral pharyngitis (disorder),,resolved,2014-05-17T16:52:31+00:00,2014-05-17T16:52:31+00:00,2014,False
26531208-bdeb-483a-b7fa-b979f7d1d96d,2354df0f-349f-4042-a827-2ef12013e69d,44465007,Sprain of ankle,,resolved,2012-10-17T16:52:31+00:00,2012-10-17T16:52:31+00:00,2012,False
1eef7c05-0c05-4c19-9e2d-e0376e0fbdc1,2354df0f-349f-4042-a827-2ef12013e69d,44465007,Sprain of ankle,,resolved,2011-09-25T16:52:31+00:00,2011-09-25T16:52:31+00:00,2011,False
a5ae08f6-10bd-4824-a471-fb7d76d50f68,da2c7b0a-791a-4b8f-9a30-dc3d8cf1ec75,162864005,Body mass index 30+ - obesity (finding),,active,2012-05-15T23:55:41+00:00,2012-05-15T23:55:41+00:00,2012,True
36d45ea0-d079-488c-9077-529f46e7dae8,da2c7b0a-791a-4b8f-9a30-dc3d8cf1ec75,55822004,Hyperlipidemia,,active,2020-05-12T23:55:41+00:00,2020-05-12T23:55:41+00:00,2020,True
872859f9-79f1-4a09-a835-9dd663b78a8e,da2c7b0a-791a-4b8f-9a30-dc3d8cf1ec75,15777000,Prediabetes,,active,2016-05-24T23:55:41+00:00,2016-05-24T23:55:41+00:00,2016,True
05c9a478-3bf8-4b22-bd3f-3bd6fe93cb65,da2c7b0a-791a-4b8f-9a30-dc3d8cf1ec75,271737000,Anemia (disorder),,active,2016-05-24T23:55:41+00:00,2016-05-24T23:55:41+00:00,2016,False
3560c455-d6d3-44bc-86b5-223fca2e45cd,7f377edc-2971-41d6-aecf-db9dabffe9dd,43878008,Streptococcal sore throat (disorder),,resolved,2019-01-05T13:43:33+00:00,2019-01-05T13:43:33+00:00,2019,False
22cc8daa-6f53-494f-9570-be41907f06ed,7f377edc-2971-41d6-aecf-db9dabffe9dd,10509002,Acute bronchitis (disorder),,resolved,2013-10-06T13:43:33+00:00,2013-10-06T13:43:33+00:00,2013,False
34c4929d-6c67-424c-83eb-89d9596b4fdc,7f377edc-2971-41d6-aecf-db9dabffe9dd,38341003,Hypertension,,active,2007-09-06T13:43:33+00:00,2007-09-06T13:43:33+00:00,2007,True
189a573e-ce7f-4bd4-91e6-dec320e20321,7f377edc-2971-41d6-aecf-db9dabffe9dd,72892002,Normal pregnancy,,resolved,2019-10-31T13:43:33+00:00,2019-10-31T13:43:33+00:00,2019,False
f7d17197-05ad-47f3-8d8a-3a8347ab133f,7f377edc-2971-41d6-aecf-db9dabffe9dd,72892002,Normal pregnancy,,resolved,2017-12-28T13:43:33+00:00,2017-12-28T13:43:33+00:00,2017,False
e4572d06-20a5-4a96-9a98-ccd87ac82e4c,7f377edc-2971-41d6-aecf-db9dabffe9dd,72892002,Normal pregnancy,,resolved,2016-12-01T13:43:33+00:00,2016-12-01T13:43:33+00:00,2016,False
fa63c92a-c8ee-457e-94d8-71886a158d40,9acbf6dd-e2b1-42cd-9a8b-259b519491d6,195662009,Acute viral pharyngitis (disorder),,resolved,1999-11-25T17:41:27+00:00,1999-11-25T17:41:27+00:00,1999,False
043f2712-ca92-47b0-9e2f-6cd6ed4ca287,9acbf6dd-e2b1-42cd-9a8b-259b519491d6,713197008,Recurrent rectal polyp,,resolved,2007-06-18T17:41:27+00:00,2007-06-18T17:41:27+00:00,2007,False
30061a43-c6bd-4803-a7e9-baf7fa16d3c5,9acbf6dd-e2b1-42cd-9a8b-259b519491d6,444814009,Viral sinusitis (disorder),,resolved,2006-12-18T17:41:27+00:00,2006-12-18T17:41:27+00:00,2006,False
9ec3e4c1-a6ea-41ba-acbc-568fb38d0d76,9acbf6dd-e2b1-42cd-9a8b-259b519491d6,275272006,Brain damage - traumatic,,active,1941-12-23T17:41:27+00:00,1941-12-23T17:41:27+00:00,1941,False
e99142e8-836c-49b0-a9e6-5c4f6b1d0d33,9acbf6dd-e2b1-42cd-9a8b-259b519491d6,68496003,Polyp of colon,,resolved,2006-02-23T17:41:27+00:00,2006-02-23T17:41:27+00:00,2006,False
725e5f6d-71c8-4194-a3bd-075dedcc1f7e,9acbf6dd-e2b1-42cd-9a8b-259b519491d6,271737000,Anemia (disorder),,active,1984-05-30T17:41:27+00:00,1984-05-30T17:41:27+00:00,1984,False
753bace3-552b-42f5-a4be-e89f0978d9d0,9acbf6dd-e2b1-42cd-9a8b-259b519491d6,88805009,Chronic congestive heart failure (disorder),,active,2008-02-29T17:41:27+00:00,2008-02-29T17:41:27+00:00,2008,True
ee0448bd-962d-46b6-b989-10b1295bfbb8,9acbf6dd-e2b1-42cd-9a8b-259b519491d6,162864005,Body mass index 30+ - obesity (finding),,active,1963-10-09T17:41:27+00:00,1963-10-09T17:41:27+00:00,1963,True
59fdb969-4471-435c-a1b5-98df13825f8c,9acbf6dd-e2b1-42cd-9a8b-259b519491d6,15777000,Prediabetes,,active,1977-05-18T17:41:27+00:00,1977-05-18T17:41:27+00:00,1977,True
4a838d88-bed3-473e-91fc-24482fff2ce5,cc97102a-a0ce-4d18-acd3-9229b47c31c0,444814009,Viral sinusitis (disorder),,resolved,2013-01-19T04:10:15+00:00,2013-01-19T04:10:15+00:00,2013,False
cc4b7821-e767-485f-a4e4-c207763d1731,cc97102a-a0ce-4d18-acd3-9229b47c31c0,162864005,Body mass index 30+ - obesity (finding),,active,2015-05-04T04:10:15+00:00,2015-05-04T04:10:15+00:00,2015,True
0421c375-f30c-4bee-8010-3e5919a274db,cc97102a-a0ce-4d18-acd3-9229b47c31c0,195662009,Acute viral pharyngitis (disorder),,resolved,2012-04-25T04:10:15+00:00,2012-04-25T04:10:15+00:00,2012,False
65df57e5-2a52-44b0-8e77-32922bd45de0,cc97102a-a0ce-4d18-acd3-9229b47c31c0,38341003,Hypertension,,active,1998-08-10T04:10:15+00:00,1998-08-10T04:10:15+00:00,1998,True
3f8d2138-706d-479c-bc0d-15b85bc04b7c,cc97102a-a0ce-4d18-acd3-9229b47c31c0,72892002,Normal pregnancy,,resolved,2011-07-25T04:10:15+00:00,2011-07-25T04:10:15+00:00,2011,False
e379b54c-9ef5-4bf2-8543-da020da3a9ff,ecaea95c-46de-4ac9-a58d-4847d1a3e574,302870006,Hypertriglyceridemia (disorder),,active,1962-09-08T19:20:06+00:00,1962-09-08T19:20:06+00:00,1962,False
adb7964d-d082-465b-ae6b-4cb1dca40789,ecaea95c-46de-4ac9-a58d-4847d1a3e574,431855005,Chronic kidney disease stage 1 (disorder),,active,1962-09-08T19:20:06+00:00,1962-09-08T19:20:06+00:00,1962,True
6f2912bc-f3e2-401b-a94a-2da0a995354f,ecaea95c-46de-4ac9-a58d-4847d1a3e574,368581000119106,Neuropathy due to type 2 diabetes mellitus (disorder),,active,1964-09-12T19:20:06+00:00,1964-09-12T19:20:06+00:00,1964,True
3e79286b-4f21-4e9c-bdf8-846008950b67,ecaea95c-46de-4ac9-a58d-4847d1a3e574,307731004,Injury of tendon of the rotator cuff of shoulder,,resolved,1963-11-30T19:20:06+00:00,1963-11-30T19:20:06+00:00,1963,False
d874024f-0e4d-4219-b65a-126ef52f1533,ecaea95c-46de-4ac9-a58d-4847d1a3e574,444814009,Viral sinusitis (disorder),,resolved,1964-03-08T19:20:06+00:00,1964-03-08T19:20:06+00:00,1964,False
eba5c401-862a-4112-a919-3d15ea53fa52,ecaea95c-46de-4ac9-a58d-4847d1a3e574,713197008,Recurrent rectal polyp,,active,1966-08-27T19:20:06+00:00,1966-08-27T19:20:06+00:00,1966,False
a9efbfa6-e6c2-4399-959e-5169aabaa493,ecaea95c-46de-4ac9-a58d-4847d1a3e574,15777000,Prediabetes,,active,1958-08-30T19:20:06+00:00,1958-08-30T19:20:06+00:00,1958,True
972ca9ba-5a84-41cb-99f6-6df691b26b6a,ecaea95c-46de-4ac9-a58d-4847d1a3e574,271737000,Anemia (disorder),,active,1958-08-30T19:20:06+00:00,1958-08-30T19:20:06+00:00,1958,False
06716a7b-63e7-4430-9816-70e2a4a08b94,ecaea95c-46de-4ac9-a58d-4847d1a3e574,127013003,Diabetic renal disease (disorder),,active,1962-09-08T19:20:06+00:00,1962-09-08T19:20:06+00:00,1962,False
6b7b3b44-6854-4d5c-b7b2-5fc520fc1bcf,ecaea95c-46de-4ac9-a58d-4847d1a3e574,68496003,Polyp of colon,,active,1965-07-03T19:20:06+00:00,1965-07-03T19:20:06+00:00,1965,False
be1c77bb-8ab5-46f7-adc2-21321444c877,ecaea95c-46de-4ac9-a58d-4847d1a3e574,237602007,Metabolic syndrome X (disorder),,active,1962-09-08T19:20:06+00:00,1962-09-08T19:20:06+00:00,1962,False
4989bb5d-ceff-4c00-992f-85bec01c2079,ecaea95c-46de-4ac9-a58d-4847d1a3e574,38341003,Hypertension,,active,1934-04-28T19:20:06+00:00,1934-04-28T19:20:06+00:00,1934,True
55c61161-ed94-45bc-97ae-45a30015db8a,ecaea95c-46de-4ac9-a58d-4847d1a3e574,284549007,Laceration of hand,,resolved,1965-12-19T19:20:06+00:00,1965-12-19T19:20:06+00:00,1965,False
d9852f25-2f04-4fd3-ab32-99a973bed9f9,ecaea95c-46de-4ac9-a58d-4847d1a3e574,363406005,Malignant tumor of colon,,active,1966-09-02T19:20:06+00:00,1966-09-02T19:20:06+00:00,1966,False
526c0f8c-93db-46e9-b6a3-43dd2409c0c8,ecaea95c-46de-4ac9-a58d-4847d1a3e574,44054006,Diabetes,,active,1960-09-03T19:20:06+00:00,1960-09-03T19:20:06+00:00,1960,True
e6d1124d-b35a-4adb-822e-65c903f938e6,8f437924-8cad-441b-88d2-ff38c9363bde,444814009,Viral sinusitis (disorder),,resolved,2016-08-15T15:09:48+00:00,2016-08-15T15:09:48+00:00,2016,False
502e3509-164c-4a3e-9141-b4efeb255192,8f437924-8cad-441b-88d2-ff38c9363bde,40055000,Chronic sinusitis (disorder),,active,1979-06-10T15:09:48+00:00,1979-06-10T15:09:48+00:00,1979,False
3bed2cee-bbe9-437c-8cf1-d5db3d979f20,8f437924-8cad-441b-88d2-ff38c9363bde,195662009,Acute viral pharyngitis (disorder),,resolved,2017-03-14T15:09:48+00:00,2017-03-14T15:09:48+00:00,2017,False
332b7ec1-98da-4694-8672-61294d3ed122,8f437924-8cad-441b-88d2-ff38c9363bde,15777000,Prediabetes,,active,1989-11-23T15:09:48+00:00,1989-11-23T15:09:48+00:00,1989,True
427ccdce-01af-4daf-b824-51b716e2571d,8f437924-8cad-441b-88d2-ff38c9363bde,69896004,Rheumatoid arthritis,,active,1987-10-11T15:09:48+00:00,1987-10-11T15:09:48+00:00,1987,False
a73f615b-ab44-4190-bff9-92bfe20c03ea,8f437924-8cad-441b-88d2-ff38c9363bde,271737000,Anemia (disorder),,active,1993-02-25T15:09:48+00:00,1993-02-25T15:09:48+00:00,1993,False
ea7cabab-199f-49fd-b8fb-b0d096675233,8f437924-8cad-441b-88d2-ff38c9363bde,195662009,Acute viral pharyngitis (disorder),,resolved,2019-10-14T15:09:48+00:00,2019-10-14T15:09:48+00:00,2019,False
6d104603-0b2a-4c6d-9817-86410473834a,8f437924-8cad-441b-88d2-ff38c9363bde,33737001,Fracture of rib,,resolved,2011-02-19T15:09:48+00:00,2011-02-19T15:09:48+00:00,2011,False
e1b40ca2-3098-46d6-89ac-54b6eafbd287,8f437924-8cad-441b-88d2-ff38c9363bde,55822004,Hyperlipidemia,,active,2001-11-01T15:09:48+00:00,2001-11-01T15:09:48+00:00,2001,True
3b9fa4f9-6862-443a-8916-30d2ed0a44bf,ab049f15-0df7-4702-b768-dcc3d6b3c536,195662009,Acute viral pharyngitis (disorder),,resolved,1949-08-30T05:19:57+00:00,1949-08-30T05:19:57+00:00,1949,False
f9beef97-cb71-40ee-a7f4-5e08c2f47be0,ab049f15-0df7-4702-b768-dcc3d6b3c536,399211009,History of myocardial infarction (situation),,active,1950-01-02T05:19:57+00:00,1950-01-02T05:19:57+00:00,1950,False
25301363-64fb-49fc-a959-b3760ea879ec,ab049f15-0df7-4702-b768-dcc3d6b3c536,431856006,Chronic kidney disease stage 2 (disorder),,active,1934-08-20T05:19:57+00:00,1934-08-20T05:19:57+00:00,1934,True
8403a93a-2903-445c-a4ef-7a41434d267c,ab049f15-0df7-4702-b768-dcc3d6b3c536,53741008,Coronary Heart Disease,,active,1941-06-16T05:19:57+00:00,1941-06-16T05:19:57+00:00,1941,False
0e2dce2a-153e-4ae4-8f29-17544b81acd1,ab049f15-0df7-4702-b768-dcc3d6b3c536,44054006,Diabetes,,active,1934-01-15T05:19:57+00:00,1934-01-15T05:19:57+00:00,1934,True
0c41ca85-1870-43ca-80c0-450deb02d669,ab049f15-0df7-4702-b768-dcc3d6b3c536,237602007,Metabolic syndrome X (disorder),,active,1936-04-13T05:19:57+00:00,1936-04-13T05:19:57+00:00,1936,False
7019bff3-a7c2-4d8c-b124-f5bc3c4c4f61,ab049f15-0df7-4702-b768-dcc3d6b3c536,431855005,Chronic kidney disease stage 1 (disorder),,active,1934-01-15T05:19:57+00:00,1934-01-15T05:19:57+00:00,1934,True
45c5ac92-1988-47f9-93cc-f41bd29ad2d3,ab049f15-0df7-4702-b768-dcc3d6b3c536,90781000119102,Microalbuminuria due to type 2 diabetes mellitus (disorder),,active,1934-08-20T05:19:57+00:00,1934-08-20T05:19:57+00:00,1934,True
07e2a1b9-aa0e-4694-b183-c3914f562271,ab049f15-0df7-4702-b768-dcc3d6b3c536,444814009,Viral sinusitis (disorder),,resolved,1940-02-28T05:19:57+00:00,1940-02-28T05:19:57+00:00,1940,False
2185c61f-70ed-4c2a-b551-00923f69c374,ab049f15-0df7-4702-b768-dcc3d6b3c536,195662009,Acute viral pharyngitis (disorder),,resolved,1940-07-07T05:19:57+00:00,1940-07-07T05:19:57+00:00,1940,False
cd6ef1be-0d23-407d-9697-29bd807c00ba,ab049f15-0df7-4702-b768-dcc3d6b3c536,38341003,Hypertension,,active,1934-01-15T05:19:57+00:00,1934-01-15T05:19:57+00:00,1934,True
555673d6-f5f3-4f92-aa1f-d9366434588f,ab049f15-0df7-4702-b768-dcc3d6b3c536,444814009,Viral sinusitis (disorder),,resolved,1949-05-21T05:19:57+00:00,1949-05-21T05:19:57+00:00,1949,False
78e0abc1-fece-4d22-8d91-ff10e80e4310,ab049f15-0df7-4702-b768-dcc3d6b3c536,302870006,Hypertriglyceridemia (disorder),,active,1934-08-20T05:19:57+00:00,1934-08-20T05:19:57+00:00,1934,False
c57f6e74-acc0-47aa-8f22-f6d2b4bd6a08,ab049f15-0df7-4702-b768-dcc3d6b3c536,444814009,Viral sinusitis (disorder),,resolved,1940-10-14T05:19:57+00:00,1940-10-14T05:19:57+00:00,1940,False
27499a39-e5a5-4328-89b2-8d5eed3a43a7,ab049f15-0df7-4702-b768-dcc3d6b3c536,422034002,Diabetic retinopathy associated with type II diabetes mellitus (disorder),,active,1934-08-20T05:19:57+00:00,1934-08-20T05:19:57+00:00,1934,True
4808571a-3f8f-4949-829f-457e8debdbd6,ab049f15-0df7-4702-b768-dcc3d6b3c536,127013003,Diabetic renal disease (disorder),,active,1934-01-15T05:19:57+00:00,1934-01-15T05:19:57+00:00,1934,False
81dbc428-8caa-4c9d-93a1-e4a3890af45d,ab049f15-0df7-4702-b768-dcc3d6b3c536,22298006,Myocardial Infarction,,active,1950-01-02T05:19:57+00:00,1950-01-02T05:19:57+00:00,1950,False
dc05bfab-a23f-4d4d-a4c8-98c484d9d9cb,4d58465c-4703-4c36-ab8f-2f935dc4bee7,302870006,Hypertriglyceridemia (disorder),,active,1998-10-29T17:37:12+00:00,1998-10-29T17:37:12+00:00,1998,False
ac55503d-56b2-420e-b53d-0ec26626bd14,4d58465c-4703-4c36-ab8f-2f935dc4bee7,431855005,Chronic kidney disease stage 1 (disorder),,active,2003-11-06T17:37:12+00:00,2003-11-06T17:37:12+00:00,2003,True
6430e495-b558-4727-a393-5a94ccd57da6,4d58465c-4703-4c36-ab8f-2f935dc4bee7,127013003,Diabetic renal disease (disorder),,active,2003-11-06T17:37:12+00:00,2003-11-06T17:37:12+00:00,2003,False
1e3b6407-391b-4324-b4ee-93bf17ab849e,4d58465c-4703-4c36-ab8f-2f935dc4bee7,195662009,Acute viral pharyngitis (disorder),,resolved,2012-11-07T17:37:12+00:00,2012-11-07T17:37:12+00:00,2012,False
80ef9381-8ded-471a-9b53-9d73cbad8ffc,4d58465c-4703-4c36-ab8f-2f935dc4bee7,40055000,Chronic sinusitis (disorder),,active,1981-06-29T17:37:12+00:00,1981-06-29T17:37:12+00:00,1981,False
5f8ff08e-1254-46c8-89b0-7d7d8f594d95,4d58465c-4703-4c36-ab8f-2f935dc4bee7,230690007,Stroke,,active,1999-07-29T17:37:12+00:00,1999-07-29T17:37:12+00:00,1999,False
73be6ab9-355b-4226-a5b3-ad69b1af83c1,4d58465c-4703-4c36-ab8f-2f935dc4bee7,444814009,Viral sinusitis (disorder),,resolved,2020-12-10T17:37:12+00:00,2020-12-10T17:37:12+00:00,2020,False
124084c1-7031-4149-985d-81c2505db8eb,4d58465c-4703-4c36-ab8f-2f935dc4bee7,80394007,Hyperglycemia (disorder),,active,2003-11-06T17:37:12+00:00,2003-11-06T17:37:12+00:00,2003,False
c34c4946-7658-4303-8d4b-79d710a1cbf8,4d58465c-4703-4c36-ab8f-2f935dc4bee7,444814009,Viral sinusitis (disorder),,resolved,2011-07-12T17:37:12+00:00,2011-07-12T17:37:12+00:00,2011,False
b77a9167-e3a2-4bcf-b006-2f0758096feb,4d58465c-4703-4c36-ab8f-2f935dc4bee7,237602007,Metabolic syndrome X (disorder),,active,2001-11-01T17:37:12+00:00,2001-11-01T17:37:12+00:00,2001,False
7d7bba77-358b-42ef-a6f5-e20835c8b855,4d58465c-4703-4c36-ab8f-2f935dc4bee7,271737000,Anemia (disorder),,active,2001-11-01T17:37:12+00:00,2001-11-01T17:37:12+00:00,2001,False
0f52c1a7-ef48-4d27-b5ad-6583f57f9e4e,4d58465c-4703-4c36-ab8f-2f935dc4bee7,444814009,Viral sinusitis (disorder),,resolved,2013-12-17T17:37:12+00:00,2013-12-17T17:37:12+00:00,2013,False
0b8d8e19-32e9-469c-abcc-d7fd212a8700,4d58465c-4703-4c36-ab8f-2f935dc4bee7,44054006,Diabetes,,active,1995-10-26T17:37:12+00:00,1995-10-26T17:37:12+00:00,1995,True
bdd8c75e-c631-4cef-bc72-48229f07c15e,4d58465c-4703-4c36-ab8f-2f935dc4bee7,38341003,Hypertension,,active,1995-10-26T17:37:12+00:00,1995-10-26T17:37:12+00:00,1995,True
66c11efb-8af0-4376-9079-48ed8991d110,4d58465c-4703-4c36-ab8f-2f935dc4bee7,301011002,Escherichia coli urinary tract infection,,resolved,2016-07-12T17:37:12+00:00,2016-07-12T17:37:12+00:00,2016,False
9b55dc0f-8c7d-45bc-b726-31a49e74c2d5,4d58465c-4703-4c36-ab8f-2f935dc4bee7,15777000,Prediabetes,,active,2003-11-06T17:37:12+00:00,2003-11-06T17:37:12+00:00,2003,True
3f141f28-be2b-440a-bb10-d8b3445a58aa,4d58465c-4703-4c36-ab8f-2f935dc4bee7,10509002,Acute bronchitis (disorder),,resolved,2017-06-22T17:37:12+00:00,2017-06-22T17:37:12+00:00,2017,False
76bf282a-d125-419e-bebd-6af56d21f9b2,e65aa207-9ec7-493e-987b-b2c686f1af10,64859006,Osteoporosis (disorder),,active,2008-11-17T16:34:40+00:00,2008-11-17T16:34:40+00:00,2008,False
caae2303-b187-4af0-8f63-fc107a3aba53,e65aa207-9ec7-493e-987b-b2c686f1af10,162864005,Body mass index 30+ - obesity (finding),,active,1983-01-24T16:34:40+00:00,1983-01-24T16:34:40+00:00,1983,True
cf588f67-eed7-461f-a140-a6d96f348e40,e65aa207-9ec7-493e-987b-b2c686f1af10,271737000,Anemia (disorder),,active,1990-09-03T16:34:40+00:00,1990-09-03T16:34:40+00:00,1990,False
136efde5-9894-4709-9f4e-2ce5b6e23c7d,e65aa207-9ec7-493e-987b-b2c686f1af10,69896004,Rheumatoid arthritis,,active,1973-11-02T16:34:40+00:00,1973-11-02T16:34:40+00:00,1973,False
d3dbd246-7e02-4602-80a5-6f04ff183607,e65aa207-9ec7-493e-987b-b2c686f1af10,88805009,Chronic congestive heart failure (disorder),,active,2012-11-11T16:34:40+00:00,2012-11-11T16:34:40+00:00,2012,True
0dc45714-5f32-46d9-8e83-64d7cd075b73,e65aa207-9ec7-493e-987b-b2c686f1af10,15777000,Prediabetes,,active,1990-09-03T16:34:40+00:00,1990-09-03T16:34:40+00:00,1990,True
fdf36021-31be-46bf-b5ce-ed19b36e46b5,2807decf-744b-4abe-94ce-08c33ea905df,271737000,Anemia (disorder),,active,2014-01-10T18:54:49+00:00,2014-01-10T18:54:49+00:00,2014,False
d206ac6d-bf38-4db4-a1f1-15d47adf77b1,2807decf-744b-4abe-94ce-08c33ea905df,162864005,Body mass index 30+ - obesity (finding),,active,1998-04-10T18:54:49+00:00,1998-04-10T18:54:49+00:00,1998,True
ace1cbcd-d234-43b8-ae83-3e09f062277c,2807decf-744b-4abe-94ce-08c33ea905df,40055000,Chronic sinusitis (disorder),,active,1970-10-02T18:54:49+00:00,1970-10-02T18:54:49+00:00,1970,False
125cdf55-2bf0-4bdd-b620-04228694730a,2807decf-744b-4abe-94ce-08c33ea905df,195662009,Acute viral pharyngitis (disorder),,resolved,2015-03-22T18:54:49+00:00,2015-03-22T18:54:49+00:00,2015,False
4e505a9a-4fe0-41d3-a2d4-90c101619cfc,2807decf-744b-4abe-94ce-08c33ea905df,68496003,Polyp of colon,,resolved,2010-12-24T18:54:49+00:00,2010-12-24T18:54:49+00:00,2010,False
e895d46f-02e1-41af-9adc-35f2d10a0c19,2807decf-744b-4abe-94ce-08c33ea905df,195662009,Acute viral pharyngitis (disorder),,resolved,2012-01-01T18:54:49+00:00,2012-01-01T18:54:49+00:00,2012,False
8f769657-1bd6-448e-bb93-397e6b59a493,2807decf-744b-4abe-94ce-08c33ea905df,195662009,Acute viral pharyngitis (disorder),,resolved,2013-04-22T18:54:49+00:00,2013-04-22T18:54:49+00:00,2013,False
9aecaf4d-0afd-4de3-841c-e9d81438ed3d,2807decf-744b-4abe-94ce-08c33ea905df,195662009,Acute viral pharyngitis (disorder),,resolved,2012-02-14T18:54:49+00:00,2012-02-14T18:54:49+00:00,2012,False
97676f3f-2a4f-4001-8d07-2bbc26c074b6,2807decf-744b-4abe-94ce-08c33ea905df,15777000,Prediabetes,,active,2014-01-10T18:54:49+00:00,2014-01-10T18:54:49+00:00,2014,True
8a34a5eb-9ec7-469b-855e-4f66630a2658,1826f231-5570-4f7b-ad55-b12f99ba8ced,399211009,History of myocardial infarction (situation),,active,1993-12-06T05:19:57+00:00,1993-12-06T05:19:57+00:00,1993,False
9992ea93-745a-440c-ae25-b9db0bce40ff,1826f231-5570-4f7b-ad55-b12f99ba8ced,53741008,Coronary Heart Disease,,active,1989-06-12T05:19:57+00:00,1989-06-12T05:19:57+00:00,1989,False
467e465f-591a-4dc2-b141-2885f0c1db51,1826f231-5570-4f7b-ad55-b12f99ba8ced,39848009,Whiplash injury to neck,,resolved,1987-01-20T05:19:57+00:00,1987-01-20T05:19:57+00:00,1987,False
ea577664-70f8-4294-bd68-4a60cc79df56,1826f231-5570-4f7b-ad55-b12f99ba8ced,271737000,Anemia (disorder),,active,1931-11-30T05:19:57+00:00,1931-11-30T05:19:57+00:00,1931,False
3c8fea2b-c47b-48f8-adef-bc981d08d8be,1826f231-5570-4f7b-ad55-b12f99ba8ced,444814009,Viral sinusitis (disorder),,resolved,1985-06-25T05:19:57+00:00,1985-06-25T05:19:57+00:00,1985,False
885b96a6-8811-410a-9181-22f9a43cc419,1826f231-5570-4f7b-ad55-b12f99ba8ced,26929004,Alzheimer's disease (disorder),,active,1989-06-12T05:19:57+00:00,1989-06-12T05:19:57+00:00,1989,False
f9a1b7b7-7c59-4fa5-9f27-b9f128dd89e7,1826f231-5570-4f7b-ad55-b12f99ba8ced,10509002,Acute bronchitis (disorder),,resolved,1993-02-21T05:19:57+00:00,1993-02-21T05:19:57+00:00,1993,False
751e9ac1-7b88-4b33-90a2-fb01205b2c32,1826f231-5570-4f7b-ad55-b12f99ba8ced,40055000,Chronic sinusitis (disorder),,active,1932-11-21T05:19:57+00:00,1932-11-21T05:19:57+00:00,1932,False
e2c048a4-c19b-4ad0-97ea-6b4c9bbf5b5d,1826f231-5570-4f7b-ad55-b12f99ba8ced,22298006,Myocardial Infarction,,active,1993-12-06T05:19:57+00:00,1993-12-06T05:19:57+00:00,1993,False
7a78eec2-20f0-49a6-9e58-cdbf3f7e46d2,1826f231-5570-4f7b-ad55-b12f99ba8ced,15777000,Prediabetes,,active,1931-11-30T05:19:57+00:00,1931-11-30T05:19:57+00:00,1931,True
2b4b80fb-657f-4767-9244-87e8607f354e,1826f231-5570-4f7b-ad55-b12f99ba8ced,444814009,Viral sinusitis (disorder),,resolved,1988-06-29T05:19:57+00:00,1988-06-29T05:19:57+00:00,1988,False
4ea46a50-98ea-4105-8f7c-cbc7763cdf15,1826f231-5570-4f7b-ad55-b12f99ba8ced,55822004,Hyperlipidemia,,active,1990-06-18T05:19:57+00:00,1990-06-18T05:19:57+00:00,1990,True
a37a0326-8dc5-4eb9-be20-81da37854699,5214a564-9117-4ffc-a88c-25f90239240b,197927001,Recurrent urinary tract infection,,active,2008-02-04T06:44:05+00:00,2008-02-04T06:44:05+00:00,2008,False
d1f7dfb4-fde0-4c7f-865f-3aa1757d5b98,5214a564-9117-4ffc-a88c-25f90239240b,38341003,Hypertension,,active,1966-01-29T06:44:05+00:00,1966-01-29T06:44:05+00:00,1966,True
7c661d23-1244-4597-b152-e2da0b617d34,5214a564-9117-4ffc-a88c-25f90239240b,239873007,Osteoarthritis of knee,,active,1990-11-25T06:44:05+00:00,1990-11-25T06:44:05+00:00,1990,True
10b4fd8d-561b-4116-8e4a-8e580a161d10,5214a564-9117-4ffc-a88c-25f90239240b,444814009,Viral sinusitis (disorder),,resolved,2017-08-22T06:44:05+00:00,2017-08-22T06:44:05+00:00,2017,False
fb4c0931-4799-49c0-957d-3418e5648d3f,5214a564-9117-4ffc-a88c-25f90239240b,444814009,Viral sinusitis (disorder),,resolved,2016-01-02T06:44:05+00:00,2016-01-02T06:44:05+00:00,2016,False
df795456-ef49-4338-9262-614bce34ac76,5214a564-9117-4ffc-a88c-25f90239240b,26929004,Alzheimer's disease (disorder),,active,2020-10-03T06:44:05+00:00,2020-10-03T06:44:05+00:00,2020,False
e29df29c-c8f2-4741-9c12-533ba51dfc49,5214a564-9117-4ffc-a88c-25f90239240b,62564004,Concussion with loss of consciousness,,resolved,2017-02-18T06:44:05+00:00,2017-02-18T06:44:05+00:00,2017,False
4c46b974-6cc1-4f3a-90ab-f60b6a2ce795,5214a564-9117-4ffc-a88c-25f90239240b,55680006,Drug overdose,,active,1995-02-10T06:44:05+00:00,1995-02-10T06:44:05+00:00,1995,False
05758a0b-9552-4a76-baed-c8c28c561517,5214a564-9117-4ffc-a88c-25f90239240b,15777000,Prediabetes,,active,1976-02-14T06:44:05+00:00,1976-02-14T06:44:05+00:00,1976,True
90fe0fe8-7b26-4954-8e93-769a60fd640d,5214a564-9117-4ffc-a88c-25f90239240b,271737000,Anemia (disorder),,active,1982-07-03T06:44:05+00:00,1982-07-03T06:44:05+00:00,1982,False
59504a59-a26d-4ec2-a3ab-45921118b4bb,5214a564-9117-4ffc-a88c-25f90239240b,444814009,Viral sinusitis (disorder),,resolved,2011-03-31T06:44:05+00:00,2011-03-31T06:44:05+00:00,2011,False
e0f03107-cf85-4f04-8c49-b4e1ec3bb54b,5214a564-9117-4ffc-a88c-25f90239240b,185086009,Chronic obstructive bronchitis (disorder),,active,1988-12-17T06:44:05+00:00,1988-12-17T06:44:05+00:00,1988,False
31e35b08-0231-4a91-8cb0-9c0c5a23fc76,fdba4d87-c986-4650-9bf7-1f64c41cf297,84757009,Epilepsy,,active,1926-06-06T18:38:58+00:00,1926-06-06T18:38:58+00:00,1926,False
0cb1df94-af4e-4d17-b44a-484503e84269,fdba4d87-c986-4650-9bf7-1f64c41cf297,19169002,Miscarriage in first trimester,,active,1949-08-28T18:38:58+00:00,1949-08-28T18:38:58+00:00,1949,False
f100c31a-91ab-4ea0-9a91-9eae173857b5,fdba4d87-c986-4650-9bf7-1f64c41cf297,15777000,Prediabetes,,active,1970-06-21T18:38:58+00:00,1970-06-21T18:38:58+00:00,1970,True
486e5a59-3e73-432d-b0fe-14508f97fb07,fdba4d87-c986-4650-9bf7-1f64c41cf297,128613002,Seizure disorder,,active,1926-06-06T18:38:58+00:00,1926-06-06T18:38:58+00:00,1926,False
34eec180-00a6-4821-86df-822ecfb27965,fdba4d87-c986-4650-9bf7-1f64c41cf297,703151001,History of single seizure (situation),,active,1926-06-06T18:38:58+00:00,1926-06-06T18:38:58+00:00,1926,False
fb96c520-10ef-4b30-b6bf-d1b4316d17c3,fdba4d87-c986-4650-9bf7-1f64c41cf297,195662009,Acute viral pharyngitis (disorder),,resolved,1994-10-17T18:38:58+00:00,1994-10-17T18:38:58+00:00,1994,False
96fcb16d-5056-4d4d-812d-876b502f9468,fdba4d87-c986-4650-9bf7-1f64c41cf297,444814009,Viral sinusitis (disorder),,resolved,1995-02-21T18:38:58+00:00,1995-02-21T18:38:58+00:00,1995,False
7241a8f9-a1d4-4b15-ab91-43a0a0aaa7b4,fdba4d87-c986-4650-9bf7-1f64c41cf297,44465007,Sprain of ankle,,resolved,1993-01-16T18:38:58+00:00,1993-01-16T18:38:58+00:00,1993,False
b4432281-ff3c-46d0-a420-cf53f9ea3333,fdba4d87-c986-4650-9bf7-1f64c41cf297,10509002,Acute bronchitis (disorder),,resolved,1999-03-11T18:38:58+00:00,1999-03-11T18:38:58+00:00,1999,False
0265ebdc-8ee8-450e-9dfb-9d7daed698b4,fdba4d87-c986-4650-9bf7-1f64c41cf297,26929004,Alzheimer's disease (disorder),,active,1995-05-30T18:38:58+00:00,1995-05-30T18:38:58+00:00,1995,False
30ffe07d-b37e-489b-aa85-b4b4c8bb71e1,d48ac962-78c6-46cf-ba33-a24771bfa0e4,271737000,Anemia (disorder),,active,1964-08-07T10:10:39+00:00,1964-08-07T10:10:39+00:00,1964,False
0e543063-9104-46b3-8d6c-75ab898578e9,d48ac962-78c6-46cf-ba33-a24771bfa0e4,15777000,Prediabetes,,active,1964-08-07T10:10:39+00:00,1964-08-07T10:10:39+00:00,1964,True
ea0cd161-9a60-487b-bc82-e8ba39cb2940,d48ac962-78c6-46cf-ba33-a24771bfa0e4,92691004,Carcinoma in situ of prostate (disorder),,active,2005-07-22T10:10:39+00:00,2005-07-22T10:10:39+00:00,2005,False
84683b55-9ae9-4231-9710-36d1753a54b6,d48ac962-78c6-46cf-ba33-a24771bfa0e4,126906006,Neoplasm of prostate,,active,2005-07-22T10:10:39+00:00,2005-07-22T10:10:39+00:00,2005,False
333e6c29-6761-4bbb-801d-7049cceb2e7e,d48ac962-78c6-46cf-ba33-a24771bfa0e4,444814009,Viral sinusitis (disorder),,resolved,2018-11-09T10:10:39+00:00,2018-11-09T10:10:39+00:00,2018,False
8c4b75b7-8342-48eb-8ea1-b4eb8df87465,d48ac962-78c6-46cf-ba33-a24771bfa0e4,444814009,Viral sinusitis (disorder),,resolved,2015-07-02T10:10:39+00:00,2015-07-02T10:10:39+00:00,2015,False
242ada38-4b31-4f6b-99c6-8bdd30b181ee,d48ac962-78c6-46cf-ba33-a24771bfa0e4,49436004,Atrial Fibrillation,,active,1994-05-20T10:10:39+00:00,1994-05-20T10:10:39+00:00,1994,True
e1128aef-f8e5-424e-9d29-63fc587c5949,b85d7e00-3690-4e2a-87a0-f3d2dfc908b3,40055000,Chronic sinusitis (disorder),,active,1979-05-11T00:48:08+00:00,1979-05-11T00:48:08+00:00,1979,False
27119316-0f07-46a1-9926-c3b4eb638866,b85d7e00-3690-4e2a-87a0-f3d2dfc908b3,19169002,Miscarriage in first trimester,,active,1998-11-02T00:48:08+00:00,1998-11-02T00:48:08+00:00,1998,False
731b0eaa-918b-4fd9-94e0-022f69ae9a75,b85d7e00-3690-4e2a-87a0-f3d2dfc908b3,72892002,Normal pregnancy,,resolved,2014-05-05T00:48:08+00:00,2014-05-05T00:48:08+00:00,2014,False
9dd992e2-f890-412c-a815-a22e034b6dc3,b85d7e00-3690-4e2a-87a0-f3d2dfc908b3,271737000,Anemia (disorder),,active,2017-02-13T00:48:08+00:00,2017-02-13T00:48:08+00:00,2017,False
49709bea-7c56-42bd-a9d5-5377da7626ea,b85d7e00-3690-4e2a-87a0-f3d2dfc908b3,15777000,Prediabetes,,active,2015-02-09T00:48:08+00:00,2015-02-09T00:48:08+00:00,2015,True
e597c958-acd2-456a-8dc8-db82596b80b5,b85d7e00-3690-4e2a-87a0-f3d2dfc908b3,156073000,Fetus with unknown complication,,resolved,2014-05-05T00:48:08+00:00,2014-05-05T00:48:08+00:00,2014,False
eb354eca-41f0-4157-acac-b55cbfef90c5,f1c01f54-8408-492f-aa92-e633953e8443,40055000,Chronic sinusitis (disorder),,active,2007-01-18T17:41:45+00:00,2007-01-18T17:41:45+00:00,2007,False
d9bcc32e-4b08-42c6-b50d-7dd93ce3f098,f1c01f54-8408-492f-aa92-e633953e8443,195662009,Acute viral pharyngitis (disorder),,resolved,2020-05-27T17:41:45+00:00,2020-05-27T17:41:45+00:00,2020,False
1e1dc83b-63ec-4e9b-bc4a-bee0da03f097,f1c01f54-8408-492f-aa92-e633953e8443,64859006,Osteoporosis (disorder),,active,2015-11-13T17:41:45+00:00,2015-11-13T17:41:45+00:00,2015,False
91f4e802-8c98-405c-b42c-d329f453621d,f1c01f54-8408-492f-aa92-e633953e8443,444814009,Viral sinusitis (disorder),,resolved,2017-10-01T17:41:45+00:00,2017-10-01T17:41:45+00:00,2017,False
910fc6fa-f354-4991-a7d9-060dd6b43859,f1c01f54-8408-492f-aa92-e633953e8443,444814009,Viral sinusitis (disorder),,resolved,2014-06-07T17:41:45+00:00,2014-06-07T17:41:45+00:00,2014,False
aea6f7e8-e967-497a-9e3f-041d0d0352ec,f1c01f54-8408-492f-aa92-e633953e8443,44465007,Sprain of ankle,,resolved,2013-06-08T17:41:45+00:00,2013-06-08T17:41:45+00:00,2013,False
c51eb910-c4b8-4786-80d1-7b8775ade093,f1c01f54-8408-492f-aa92-e633953e8443,19169002,Miscarriage in first trimester,,active,1969-04-11T17:41:45+00:00,1969-04-11T17:41:45+00:00,1969,False
3fc622e0-e5c1-4574-bff7-1e9e5fb8ce80,f1c01f54-8408-492f-aa92-e633953e8443,703151001,History of single seizure (situation),,active,1956-03-20T17:41:45+00:00,1956-03-20T17:41:45+00:00,1956,False
aa7eed2c-acac-4c41-aaa5-42e8d8d787c0,f1c01f54-8408-492f-aa92-e633953e8443,444814009,Viral sinusitis (disorder),,resolved,2018-03-16T17:41:45+00:00,2018-03-16T17:41:45+00:00,2018,False
e6ebee72-97ee-4b20-b7c4-9f70805f24f0,f1c01f54-8408-492f-aa92-e633953e8443,128613002,Seizure disorder,,active,1956-03-20T17:41:45+00:00,1956-03-20T17:41:45+00:00,1956,False
d5d4b834-edaa-4171-b6a1-92add8e5cea2,f1c01f54-8408-492f-aa92-e633953e8443,38341003,Hypertension,,active,1963-09-06T17:41:45+00:00,1963-09-06T17:41:45+00:00,1963,True
cf62386a-dcc9-44ee-abf3-82c0fb7615d7,f1c01f54-8408-492f-aa92-e633953e8443,84757009,Epilepsy,,active,1956-03-20T17:41:45+00:00,1956-03-20T17:41:45+00:00,1956,False
ffa51f35-e8a4-405a-95cf-ac54749b3570,f1c01f54-8408-492f-aa92-e633953e8443,55822004,Hyperlipidemia,,active,2002-08-30T17:41:45+00:00,2002-08-30T17:41:45+00:00,2002,True
851bf2b5-34e7-476c-a142-bc2cc5407031,f1c01f54-8408-492f-aa92-e633953e8443,68496003,Polyp of colon,,resolved,2015-03-19T17:41:45+00:00,2015-03-19T17:41:45+00:00,2015,False
f9ec0fe6-e6a9-4235-a312-e42640b8540e,f1c01f54-8408-492f-aa92-e633953e8443,370247008,Facial laceration,,resolved,2014-04-18T17:41:45+00:00,2014-04-18T17:41:45+00:00,2014,False
e1dbfbf0-dc8f-4d15-8f86-8ec831571717,1b1cbdc7-7187-49f2-8607-c9325cffb004,53741008,Coronary Heart Disease,,active,2014-05-21T18:28:42+00:00,2014-05-21T18:28:42+00:00,2014,False
c578da5b-449c-4522-870a-46479dcd5be3,1b1cbdc7-7187-49f2-8607-c9325cffb004,64859006,Osteoporosis (disorder),,active,2012-05-09T18:28:42+00:00,2012-05-09T18:28:42+00:00,2012,False
9dbaab5e-9afb-4513-aa64-2a362ffb218d,1b1cbdc7-7187-49f2-8607-c9325cffb004,271737000,Anemia (disorder),,active,1973-06-13T18:28:42+00:00,1973-06-13T18:28:42+00:00,1973,False
a0135a4d-925a-4bd4-83ed-4821c4c254f8,1b1cbdc7-7187-49f2-8607-c9325cffb004,15777000,Prediabetes,,active,1973-06-13T18:28:42+00:00,1973-06-13T18:28:42+00:00,1973,True
d3bebfad-00a2-48b7-969e-e1c136d28fcc,1b1cbdc7-7187-49f2-8607-c9325cffb004,444814009,Viral sinusitis (disorder),,resolved,2018-08-01T18:28:42+00:00,2018-08-01T18:28:42+00:00,2018,False
0a81ff7c-c82d-4a7d-809a-65dc0a4314a5,1b1cbdc7-7187-49f2-8607-c9325cffb004,40055000,Chronic sinusitis (disorder),,active,1952-03-29T18:28:42+00:00,1952-03-29T18:28:42+00:00,1952,False
60fb2551-3f22-4f82-8c51-7cc209cdb98c,1b1cbdc7-7187-49f2-8607-c9325cffb004,90560007,Gout,,active,1974-07-29T18:28:42+00:00,1974-07-29T18:28:42+00:00,1974,False
b4c96b6e-4604-44cb-9c28-57f474460f37,1b1cbdc7-7187-49f2-8607-c9325cffb004,162864005,Body mass index 30+ - obesity (finding),,active,1964-06-03T18:28:42+00:00,1964-06-03T18:28:42+00:00,1964,True
b0fd0652-a76d-4f60-a04b-d76b99e36085,26b62bec-0651-4e88-b8e3-8323d5f1a7ec,283385000,Laceration of thigh,,resolved,2003-09-15T18:51:00+00:00,2003-09-15T18:51:00+00:00,2003,False
07100830-d225-4eef-a233-83f15e4cfd26,26b62bec-0651-4e88-b8e3-8323d5f1a7ec,444814009,Viral sinusitis (disorder),,resolved,2008-05-17T18:51:00+00:00,2008-05-17T18:51:00+00:00,2008,False
d58a85e1-5d27-4ff2-af10-cdd3a5554b70,26b62bec-0651-4e88-b8e3-8323d5f1a7ec,40055000,Chronic sinusitis (disorder),,active,1961-12-06T18:51:00+00:00,1961-12-06T18:51:00+00:00,1961,False
a6edce3e-63b3-4ebc-bbfe-6e6ddec1f5d4,26b62bec-0651-4e88-b8e3-8323d5f1a7ec,19169002,Miscarriage in first trimester,,active,1977-02-03T18:51:00+00:00,1977-02-03T18:51:00+00:00,1977,False
b14b8c23-6b4a-44f7-8bf1-60b36922bd4b,26b62bec-0651-4e88-b8e3-8323d5f1a7ec,15777000,Prediabetes,,active,1978-12-21T18:51:00+00:00,1978-12-21T18:51:00+00:00,1978,True
09469fbb-b792-47a2-8465-4c3b18719555,26b62bec-0651-4e88-b8e3-8323d5f1a7ec,55822004,Hyperlipidemia,,active,2005-02-10T18:51:00+00:00,2005-02-10T18:51:00+00:00,2005,True
92cfd0ee-e687-4b58-83fb-91e34ee56cfb,26b62bec-0651-4e88-b8e3-8323d5f1a7ec,185086009,Chronic obstructive bronchitis (disorder),,active,1981-12-24T18:51:00+00:00,1981-12-24T18:51:00+00:00,1981,False
d0eb4ff3-06be-4ab4-a7eb-a031e023b329,26b62bec-0651-4e88-b8e3-8323d5f1a7ec,75498004,Acute bacterial sinusitis (disorder),,resolved,2011-01-22T18:51:00+00:00,2011-01-22T18:51:00+00:00,2011,False
c495b76f-2976-4137-a85f-e05eec7c96eb,26b62bec-0651-4e88-b8e3-8323d5f1a7ec,239873007,Osteoarthritis of knee,,active,2007-12-29T18:51:00+00:00,2007-12-29T18:51:00+00:00,2007,True
be435abf-967f-4148-9e00-916061bc65c6,11f2b925-43b2-45e4-ac34-7811a9eb9c1b,713197008,Recurrent rectal polyp,,active,1983-06-05T06:29:54+00:00,1983-06-05T06:29:54+00:00,1983,False
a7263197-cb8a-40d3-b24f-3ba37d68731f,11f2b925-43b2-45e4-ac34-7811a9eb9c1b,162864005,Body mass index 30+ - obesity (finding),,active,1963-06-20T06:29:54+00:00,1963-06-20T06:29:54+00:00,1963,True
c73feae0-7aad-4c15-b04b-74b7e49beb62,11f2b925-43b2-45e4-ac34-7811a9eb9c1b,92691004,Carcinoma in situ of prostate (disorder),,active,2004-05-28T06:29:54+00:00,2004-05-28T06:29:54+00:00,2004,False
400fe575-eb9c-4d22-bb47-afa04ce90031,11f2b925-43b2-45e4-ac34-7811a9eb9c1b,82423001,Chronic pain,,active,1996-08-26T06:29:54+00:00,1996-08-26T06:29:54+00:00,1996,False
9a459588-d2e2-4f83-8155-327757db91ed,11f2b925-43b2-45e4-ac34-7811a9eb9c1b,26929004,Alzheimer's disease (disorder),,active,2008-06-26T06:29:54+00:00,2008-06-26T06:29:54+00:00,2008,False
534fedf4-5dff-45d5-9f55-4dcfb5e0d01c,11f2b925-43b2-45e4-ac34-7811a9eb9c1b,126906006,Neoplasm of prostate,,active,2004-05-28T06:29:54+00:00,2004-05-28T06:29:54+00:00,2004,False
ae1285a5-e2a1-4213-9462-97c8df806550,11f2b925-43b2-45e4-ac34-7811a9eb9c1b,74400008,Appendicitis,,active,1972-05-31T06:29:54+00:00,1972-05-31T06:29:54+00:00,1972,False
d6502e53-c41e-4454-bee2-ce781aff2556,11f2b925-43b2-45e4-ac34-7811a9eb9c1b,428251008,History of appendectomy,,active,1972-05-31T06:29:54+00:00,1972-05-31T06:29:54+00:00,1972,False
729187f8-8cb4-4bb7-b013-192910843f49,11f2b925-43b2-45e4-ac34-7811a9eb9c1b,68496003,Polyp of colon,,active,1982-06-10T06:29:54+00:00,1982-06-10T06:29:54+00:00,1982,False
333316ac-e2d1-4741-a87c-a1dccbc9a83b,11f2b925-43b2-45e4-ac34-7811a9eb9c1b,449868002,Smokes tobacco daily,,active,1993-04-01T06:29:54+00:00,1993-04-01T06:29:54+00:00,1993,False
7446b6f9-7cc2-4692-8f5e-31e0de1b1a86,11f2b925-43b2-45e4-ac34-7811a9eb9c1b,88805009,Chronic congestive heart failure (disorder),,active,2009-06-09T06:29:54+00:00,2009-06-09T06:29:54+00:00,2009,True
6ab46b78-a142-4f82-be46-6c27d2e0d40a,61845b03-0682-49c2-97fe-d766cfd4d406,201834006,"Localized, primary osteoarthritis of the hand",,active,1991-07-24T14:50:44+00:00,1991-07-24T14:50:44+00:00,1991,True
a39b1a97-9866-4a34-9ea4-f43a33d46a94,61845b03-0682-49c2-97fe-d766cfd4d406,15777000,Prediabetes,,active,1985-12-12T14:50:44+00:00,1985-12-12T14:50:44+00:00,1985,True
6dc41561-7e5d-43c8-a596-19617b018df8,61845b03-0682-49c2-97fe-d766cfd4d406,38341003,Hypertension,,active,1969-06-19T14:50:44+00:00,1969-06-19T14:50:44+00:00,1969,True
734a1f5d-4578-4c2d-b926-e5b1c7edd61a,61845b03-0682-49c2-97fe-d766cfd4d406,271737000,Anemia (disorder),,active,1985-12-12T14:50:44+00:00,1985-12-12T14:50:44+00:00,1985,False
d57987c4-a6ea-450f-aa85-5b7f73c65ce7,61845b03-0682-49c2-97fe-d766cfd4d406,283385000,Laceration of thigh,,resolved,1998-08-08T14:50:44+00:00,1998-08-08T14:50:44+00:00,1998,False
d248053e-6fcd-4800-aa2b-59e9d64505f8,61845b03-0682-49c2-97fe-d766cfd4d406,68496003,Polyp of colon,,active,2000-08-03T14:50:44+00:00,2000-08-03T14:50:44+00:00,2000,False
27ce4fa9-73a0-44a8-a841-506bb96a84f4,61845b03-0682-49c2-97fe-d766cfd4d406,713197008,Recurrent rectal polyp,,active,2001-10-27T14:50:44+00:00,2001-10-27T14:50:44+00:00,2001,False
ca3878cf-7013-4ba2-b26b-94a8719a8c31,61845b03-0682-49c2-97fe-d766cfd4d406,109838007,Overlapping malignant neoplasm of colon,,active,2001-10-31T14:50:44+00:00,2001-10-31T14:50:44+00:00,2001,False
de0c0a7a-49ef-44bd-ad8c-7cd95d148a86,61845b03-0682-49c2-97fe-d766cfd4d406,88805009,Chronic congestive heart failure (disorder),,active,2004-08-01T14:50:44+00:00,2004-08-01T14:50:44+00:00,2004,True
2ab1431b-ded6-4bd4-97da-13dbc5e7a5a4,72d8a40a-6aa4-4e62-a258-a973cf460658,703151001,History of single seizure (situation),,active,2014-02-18T16:35:58+00:00,2014-02-18T16:35:58+00:00,2014,False
cd8cd852-0273-40e6-aee3-c9137954531e,72d8a40a-6aa4-4e62-a258-a973cf460658,40055000,Chronic sinusitis (disorder),,active,1993-07-26T16:35:58+00:00,1993-07-26T16:35:58+00:00,1993,False
fc4f68bf-f95a-48af-bae9-89ddf10ef4e9,72d8a40a-6aa4-4e62-a258-a973cf460658,195662009,Acute viral pharyngitis (disorder),,resolved,2020-08-12T16:35:58+00:00,2020-08-12T16:35:58+00:00,2020,False
555178c6-71f9-4404-a646-060ea5f2703e,72d8a40a-6aa4-4e62-a258-a973cf460658,271737000,Anemia (disorder),,active,1989-09-01T16:35:58+00:00,1989-09-01T16:35:58+00:00,1989,False
b77f39ac-64f6-40d0-9544-d2d61266eca6,72d8a40a-6aa4-4e62-a258-a973cf460658,128613002,Seizure disorder,,active,2014-02-18T16:35:58+00:00,2014-02-18T16:35:58+00:00,2014,False
a311b959-ac83-42c8-b0b6-ccea3ccaaf63,72d8a40a-6aa4-4e62-a258-a973cf460658,162864005,Body mass index 30+ - obesity (finding),,active,1983-04-08T16:35:58+00:00,1983-04-08T16:35:58+00:00,1983,True
989ea591-f381-4936-9721-ba78c47cd1b7,72d8a40a-6aa4-4e62-a258-a973cf460658,195662009,Acute viral pharyngitis (disorder),,resolved,2011-12-14T16:35:58+00:00,2011-12-14T16:35:58+00:00,2011,False
e84781ec-39df-4e62-a247-e4cd74df9e47,72d8a40a-6aa4-4e62-a258-a973cf460658,38341003,Hypertension,,active,1986-04-25T16:35:58+00:00,1986-04-25T16:35:58+00:00,1986,True
25bf7640-24de-427d-ad7d-6fa187d5fdcf,72d8a40a-6aa4-4e62-a258-a973cf460658,15777000,Prediabetes,,active,1989-09-01T16:35:58+00:00,1989-09-01T16:35:58+00:00,1989,True
13551fb5-131d-49fc-a361-1fb630dac67a,72d8a40a-6aa4-4e62-a258-a973cf460658,55822004,Hyperlipidemia,,active,2016-03-25T16:35:58+00:00,2016-03-25T16:35:58+00:00,2016,True
c8a79f98-0046-4c8e-8d4d-22c5f1bbeb66,4e122e91-c63f-4112-a778-6ccf5abfd6f2,195662009,Acute viral pharyngitis (disorder),,resolved,2012-03-15T07:56:53+00:00,2012-03-15T07:56:53+00:00,2012,False
cd390cd5-e2d3-40ef-a8ed-eaa769deeac0,4e122e91-c63f-4112-a778-6ccf5abfd6f2,69896004,Rheumatoid arthritis,,active,2018-08-12T07:56:53+00:00,2018-08-12T07:56:53+00:00,2018,False
868795c3-8139-4c8a-80e6-ee38a72db722,4e122e91-c63f-4112-a778-6ccf5abfd6f2,370247008,Facial laceration,,resolved,2014-09-04T07:56:53+00:00,2014-09-04T07:56:53+00:00,2014,False
67c7b105-f130-4487-ab23-30f0db8c3f86,4e122e91-c63f-4112-a778-6ccf5abfd6f2,10509002,Acute bronchitis (disorder),,resolved,2020-01-27T07:56:53+00:00,2020-01-27T07:56:53+00:00,2020,False
4ec1fa4c-36e2-499a-b877-dca1532a2b8b,2be9b668-847a-4437-b33a-bdc38c665e08,38341003,Hypertension,,active,2009-08-01T04:44:29+00:00,2009-08-01T04:44:29+00:00,2009,True
1684026c-0047-4be7-a7ca-e200d53f4f6d,2be9b668-847a-4437-b33a-bdc38c665e08,195662009,Acute viral pharyngitis (disorder),,resolved,2017-06-05T04:44:29+00:00,2017-06-05T04:44:29+00:00,2017,False
26737921-a276-4458-a8b4-dab4bdc8179c,2be9b668-847a-4437-b33a-bdc38c665e08,284551006,Laceration of foot,,resolved,2013-01-04T04:44:29+00:00,2013-01-04T04:44:29+00:00,2013,False
1455d22f-9392-4535-9c9a-9e837916ac99,af1667b5-ef55-4313-8e39-04c2ba4e4c1b,10509002,Acute bronchitis (disorder),,resolved,2020-01-29T14:20:42+00:00,2020-01-29T14:20:42+00:00,2020,False
1f76f59c-9542-4edc-9b42-95d80e58d906,af1667b5-ef55-4313-8e39-04c2ba4e4c1b,65363002,Otitis media,,resolved,2020-11-04T14:20:42+00:00,2020-11-04T14:20:42+00:00,2020,False
48e6aed0-220a-4868-b108-392db19c7ea5,af1667b5-ef55-4313-8e39-04c2ba4e4c1b,65363002,Otitis media,,resolved,2020-01-28T14:20:42+00:00,2020-01-28T14:20:42+00:00,2020,False
02eeb752-7e21-406b-848f-505b38304eac,024b1b9b-57bc-4fae-9839-fa0656246b41,44465007,Sprain of ankle,,resolved,2015-04-16T11:44:32+00:00,2015-04-16T11:44:32+00:00,2015,False
265cec43-ca78-42c0-b991-428e67c584f8,024b1b9b-57bc-4fae-9839-fa0656246b41,84757009,Epilepsy,,active,1999-11-12T11:44:32+00:00,1999-11-12T11:44:32+00:00,1999,False
05dd2b5b-7c1c-49e6-8edc-a22354e9f324,024b1b9b-57bc-4fae-9839-fa0656246b41,10509002,Acute bronchitis (disorder),,resolved,2013-07-06T11:44:32+00:00,2013-07-06T11:44:32+00:00,2013,False
7acd7977-83bb-4845-a00e-25b2330466eb,024b1b9b-57bc-4fae-9839-fa0656246b41,444814009,Viral sinusitis (disorder),,resolved,2017-07-21T11:44:32+00:00,2017-07-21T11:44:32+00:00,2017,False
d464b8ac-2af0-4be4-8478-ac4031020228,024b1b9b-57bc-4fae-9839-fa0656246b41,703151001,History of single seizure (situation),,active,1999-11-12T11:44:32+00:00,1999-11-12T11:44:32+00:00,1999,False
984cf603-5e31-4835-ad41-a97690f62f82,024b1b9b-57bc-4fae-9839-fa0656246b41,128613002,Seizure disorder,,active,1999-11-12T11:44:32+00:00,1999-11-12T11:44:32+00:00,1999,False
8e16f897-b4be-4ff6-8a4d-1db75808d5f7,845ac958-8036-45ee-9112-eac31d9b4f30,444814009,Viral sinusitis (disorder),,resolved,2018-01-10T12:00:41+00:00,2018-01-10T12:00:41+00:00,2018,False
996e2cb4-b36e-4c1a-a7d7-dddb0f610c72,64f4649d-8d2e-40ae-811d-7316accdf5ee,241929008,Acute allergic reaction,,resolved,2020-07-15T18:22:33+00:00,2020-07-15T18:22:33+00:00,2020,False
a209566e-890d-4a96-abfb-93532e8be85a,64f4649d-8d2e-40ae-811d-7316accdf5ee,62106007,Concussion with no loss of consciousness,,resolved,2020-03-17T18:22:33+00:00,2020-03-17T18:22:33+00:00,2020,False
52ffcc31-d869-49b2-b98e-8ad8a9d76da1,0af711aa-5601-49cd-987e-162e8dac3525,195662009,Acute viral pharyngitis (disorder),,resolved,2016-03-31T13:01:46+00:00,2016-03-31T13:01:46+00:00,2016,False
994f32a1-aa78-4016-a007-de60d5175309,0af711aa-5601-49cd-987e-162e8dac3525,444814009,Viral sinusitis (disorder),,resolved,2011-11-15T13:01:46+00:00,2011-11-15T13:01:46+00:00,2011,False
da8bf3b0-b861-4fd4-9495-2ed322b1feec,0af711aa-5601-49cd-987e-162e8dac3525,10509002,Acute bronchitis (disorder),,resolved,2013-08-07T13:01:46+00:00,2013-08-07T13:01:46+00:00,2013,False
f75f02f7-34e7-47c5-902c-8cd2f88d44d2,0af711aa-5601-49cd-987e-162e8dac3525,44465007,Sprain of ankle,,resolved,2011-04-30T13:01:46+00:00,2011-04-30T13:01:46+00:00,2011,False
470f1768-794f-4e7b-a319-30012b770e09,0af711aa-5601-49cd-987e-162e8dac3525,72892002,Normal pregnancy,,resolved,2015-08-20T13:01:46+00:00,2015-08-20T13:01:46+00:00,2015,False
3f6905bd-cfac-4071-8c4c-bb24cd7ae566,0af711aa-5601-49cd-987e-162e8dac3525,72892002,Normal pregnancy,,resolved,2015-04-23T13:01:46+00:00,2015-04-23T13:01:46+00:00,2015,False
78263be8-a03c-463e-9b39-68a5f79be54c,0af711aa-5601-49cd-987e-162e8dac3525,72892002,Normal pregnancy,,resolved,2014-12-04T13:01:46+00:00,2014-12-04T13:01:46+00:00,2014,False
2c16d7f4-b5f6-4633-8aee-aa8f9f71ef43,efe58fa2-c6df-4a71-8e37-06c5e4f1e2b8,162864005,Body mass index 30+ - obesity (finding),,active,1986-09-26T00:26:57+00:00,1986-09-26T00:26:57+00:00,1986,True
f79d416d-71bf-42b7-b4aa-52ead1b74043,efe58fa2-c6df-4a71-8e37-06c5e4f1e2b8,444814009,Viral sinusitis (disorder),,resolved,2018-01-05T00:26:57+00:00,2018-01-05T00:26:57+00:00,2018,False
aa6d7622-b3fb-402a-a2ab-9134edecf364,efe58fa2-c6df-4a71-8e37-06c5e4f1e2b8,368581000119106,Neuropathy due to type 2 diabetes mellitus (disorder),,active,2019-01-11T00:26:57+00:00,2019-01-11T00:26:57+00:00,2019,True
aa040ae3-d53d-441b-9f3b-07ca42edbcb9,efe58fa2-c6df-4a71-8e37-06c5e4f1e2b8,302870006,Hypertriglyceridemia (disorder),,active,2009-08-07T00:26:57+00:00,2009-08-07T00:26:57+00:00,2009,False
1a29aa6d-86f8-44f5-b6b5-4c80fcedd966,efe58fa2-c6df-4a71-8e37-06c5e4f1e2b8,39848009,Whiplash injury to neck,,resolved,2011-10-22T00:26:57+00:00,2011-10-22T00:26:57+00:00,2011,False
ea15ac69-b654-403d-84ff-b3d75a56eae4,efe58fa2-c6df-4a71-8e37-06c5e4f1e2b8,70704007,Sprain of wrist,,resolved,2015-04-02T00:26:57+00:00,2015-04-02T00:26:57+00:00,2015,False
815790cc-bff9-44e5-937a-96e09eaa5de6,efe58fa2-c6df-4a71-8e37-06c5e4f1e2b8,10509002,Acute bronchitis (disorder),,resolved,2014-12-20T00:26:57+00:00,2014-12-20T00:26:57+00:00,2014,False
91a019ae-ef7e-4d9a-ac11-3137828a2ad3,efe58fa2-c6df-4a71-8e37-06c5e4f1e2b8,38341003,Hypertension,,active,2007-08-03T00:26:57+00:00,2007-08-03T00:26:57+00:00,2007,True
eeec214d-af48-4ba3-8a92-00b10ef96102,efe58fa2-c6df-4a71-8e37-06c5e4f1e2b8,44054006,Diabetes,,active,2007-08-03T00:26:57+00:00,2007-08-03T00:26:57+00:00,2007,True
cd381063-fa35-4331-9366-76323a95244d,efe58fa2-c6df-4a71-8e37-06c5e4f1e2b8,271737000,Anemia (disorder),,active,2007-08-03T00:26:57+00:00,2007-08-03T00:26:57+00:00,2007,False
aa879194-69fc-45d7-8e21-a0d104fb62be,efe58fa2-c6df-4a71-8e37-06c5e4f1e2b8,237602007,Metabolic syndrome X (disorder),,active,2009-08-07T00:26:57+00:00,2009-08-07T00:26:57+00:00,2009,False
badb1475-4eeb-4535-83d0-373a8ae938be,d070e7dd-4d25-4c52-9fb2-78d232e1cf2c,444814009,Viral sinusitis (disorder),,resolved,2020-11-14T14:49:19+00:00,2020-11-14T14:49:19+00:00,2020,False
ea924b50-a310-4fa3-8b4a-a9ee5657da1f,deaa60ba-499a-4d3f-8b8f-78f10ae34c0e,444814009,Viral sinusitis (disorder),,resolved,2019-01-13T05:28:53+00:00,2019-01-13T05:28:53+00:00,2019,False
34686cb8-a0b5-4125-9224-d33082d0d85a,deaa60ba-499a-4d3f-8b8f-78f10ae34c0e,283385000,Laceration of thigh,,resolved,2016-08-05T05:28:53+00:00,2016-08-05T05:28:53+00:00,2016,False
42f8d151-2834-43c1-ae7b-ebc5c4c79621,deaa60ba-499a-4d3f-8b8f-78f10ae34c0e,10509002,Acute bronchitis (disorder),,resolved,2017-09-10T05:28:53+00:00,2017-09-10T05:28:53+00:00,2017,False
198af775-e430-4424-a8bb-a5aa0d558312,deaa60ba-499a-4d3f-8b8f-78f10ae34c0e,10509002,Acute bronchitis (disorder),,resolved,2014-09-02T05:28:53+00:00,2014-09-02T05:28:53+00:00,2014,False
69c7f015-64ce-4331-8e51-c589a356eaee,37a619bc-e2ff-4714-86ec-f68238a705cd,70704007,Sprain of wrist,,resolved,2014-07-17T21:15:23+00:00,2014-07-17T21:15:23+00:00,2014,False
dabacc2e-7bb2-41a8-8d8b-24547a866b8e,37a619bc-e2ff-4714-86ec-f68238a705cd,43878008,Streptococcal sore throat (disorder),,resolved,2016-01-31T21:15:23+00:00,2016-01-31T21:15:23+00:00,2016,False
fcc98cbb-d663-4659-bee4-32d22808120f,37a619bc-e2ff-4714-86ec-f68238a705cd,444814009,Viral sinusitis (disorder),,resolved,2012-08-02T21:15:23+00:00,2012-08-02T21:15:23+00:00,2012,False
53a14984-24a3-4585-8882-e49318ddd19f,2dd6fdd7-8270-4f4c-ac1c-b7f81aec6178,195662009,Acute viral pharyngitis (disorder),,resolved,2017-10-30T21:52:26+00:00,2017-10-30T21:52:26+00:00,2017,False
87e59aa3-3f52-47ac-8864-0d49e0978a61,2dd6fdd7-8270-4f4c-ac1c-b7f81aec6178,271737000,Anemia (disorder),,active,2017-09-30T21:52:26+00:00,2017-09-30T21:52:26+00:00,2017,False
7a039fb1-18c9-4262-bd91-ff7a9bd70e2b,2dd6fdd7-8270-4f4c-ac1c-b7f81aec6178,444814009,Viral sinusitis (disorder),,resolved,2019-04-25T21:52:26+00:00,2019-04-25T21:52:26+00:00,2019,False
940cc5b3-b39b-494b-91b3-d0f2c621c52a,2dd6fdd7-8270-4f4c-ac1c-b7f81aec6178,15777000,Prediabetes,,active,2017-09-30T21:52:26+00:00,2017-09-30T21:52:26+00:00,2017,True
f053f85f-2e5e-4e41-b157-f84e6fe60e77,97e57d8e-d075-48db-b933-2f73bda460ef,40055000,Chronic sinusitis (disorder),,active,2002-10-05T16:27:28+00:00,2002-10-05T16:27:28+00:00,2002,False
88fd9e3c-fcbe-455a-bcd2-1acc76b68aff,97e57d8e-d075-48db-b933-2f73bda460ef,271737000,Anemia (disorder),,resolved,2015-05-23T16:27:28+00:00,2015-05-23T16:27:28+00:00,2015,False
f5f4896a-6936-478d-ab80-bb5c3871f4d8,97e57d8e-d075-48db-b933-2f73bda460ef,38341003,Hypertension,,active,1999-12-25T16:27:28+00:00,1999-12-25T16:27:28+00:00,1999,True
a51cfd73-213b-452f-8168-7cd4547402b1,97e57d8e-d075-48db-b933-2f73bda460ef,19169002,Miscarriage in first trimester,,active,2011-08-20T16:27:28+00:00,2011-08-20T16:27:28+00:00,2011,False
3f3e6fa5-a9a2-4f42-b314-fddf84e1ee16,97e57d8e-d075-48db-b933-2f73bda460ef,156073000,Fetus with unknown complication,,resolved,2011-08-20T16:27:28+00:00,2011-08-20T16:27:28+00:00,2011,False
70ef2a0f-59c1-41da-b7b6-45dc93828631,97e57d8e-d075-48db-b933-2f73bda460ef,444814009,Viral sinusitis (disorder),,resolved,2012-06-15T16:27:28+00:00,2012-06-15T16:27:28+00:00,2012,False
e7b4e7cd-0cb1-4d75-bd2f-df0a32c4df40,97e57d8e-d075-48db-b933-2f73bda460ef,444814009,Viral sinusitis (disorder),,resolved,2012-03-31T16:27:28+00:00,2012-03-31T16:27:28+00:00,2012,False
47f62164-f884-4d8d-a759-daaed0e04b41,97e57d8e-d075-48db-b933-2f73bda460ef,444814009,Viral sinusitis (disorder),,resolved,2019-05-30T16:27:28+00:00,2019-05-30T16:27:28+00:00,2019,False
8e4bd05f-a165-49c8-9058-856dff55a44d,97e57d8e-d075-48db-b933-2f73bda460ef,65363002,Otitis media,,resolved,2008-10-02T16:27:28+00:00,2008-10-02T16:27:28+00:00,2008,False
1231718a-6eaa-4870-8b39-4db72ae5c181,97e57d8e-d075-48db-b933-2f73bda460ef,359817006,Closed fracture of hip,,resolved,2018-09-01T16:27:28+00:00,2018-09-01T16:27:28+00:00,2018,False
9124c4be-364c-4210-90c5-d269d18a77ae,97e57d8e-d075-48db-b933-2f73bda460ef,72892002,Normal pregnancy,,resolved,2016-10-08T16:27:28+00:00,2016-10-08T16:27:28+00:00,2016,False
ed7b5021-d1d1-4342-891e-f6a66fbf3250,97e57d8e-d075-48db-b933-2f73bda460ef,72892002,Normal pregnancy,,resolved,2016-05-21T16:27:28+00:00,2016-05-21T16:27:28+00:00,2016,False
2ba26a50-fb8a-464d-8d04-3dbe6cbd062d,97e57d8e-d075-48db-b933-2f73bda460ef,72892002,Normal pregnancy,,resolved,2015-05-23T16:27:28+00:00,2015-05-23T16:27:28+00:00,2015,False
933e0994-a63c-40f2-8cbf-23c2f041eaf2,97e57d8e-d075-48db-b933-2f73bda460ef,72892002,Normal pregnancy,,resolved,2011-08-20T16:27:28+00:00,2011-08-20T16:27:28+00:00,2011,False
561e9d5f-7bd2-43a7-98b9-2a117dbd48bd,2141cd24-9c05-460c-9f87-4da6e8ec7a73,162864005,Body mass index 30+ - obesity (finding),,active,2006-12-25T21:55:55+00:00,2006-12-25T21:55:55+00:00,2006,True
a1be4ec9-a63e-403c-ab99-3650447a4a64,2141cd24-9c05-460c-9f87-4da6e8ec7a73,195662009,Acute viral pharyngitis (disorder),,resolved,2013-02-24T21:55:55+00:00,2013-02-24T21:55:55+00:00,2013,False
c0755b2c-1b57-4833-965a-c4761f5796d1,2141cd24-9c05-460c-9f87-4da6e8ec7a73,195662009,Acute viral pharyngitis (disorder),,resolved,2017-10-10T21:55:55+00:00,2017-10-10T21:55:55+00:00,2017,False
94e76a2c-9c90-4fa8-9729-1f827a83fc52,27de96c6-6910-4f0f-8f10-00ce6090f447,44465007,Sprain of ankle,,resolved,2019-09-09T22:28:27+00:00,2019-09-09T22:28:27+00:00,2019,False
5ba54dcd-1694-404c-b839-70897f06ad57,27de96c6-6910-4f0f-8f10-00ce6090f447,70704007,Sprain of wrist,,resolved,2016-01-07T22:28:27+00:00,2016-01-07T22:28:27+00:00,2016,False
dd9ceb1f-7a32-4228-9be8-4da96f05b846,b9214fd9-52fa-45db-ba41-ccf7a45be7b4,40055000,Chronic sinusitis (disorder),,active,2008-08-13T02:20:50+00:00,2008-08-13T02:20:50+00:00,2008,False
c280368a-a94b-4f49-aecb-b8211be93815,b9214fd9-52fa-45db-ba41-ccf7a45be7b4,444814009,Viral sinusitis (disorder),,resolved,2013-06-28T02:20:50+00:00,2013-06-28T02:20:50+00:00,2013,False
df0e0f6b-0d67-40d0-952a-cb570b80ad79,b9214fd9-52fa-45db-ba41-ccf7a45be7b4,10509002,Acute bronchitis (disorder),,resolved,2015-03-26T02:20:50+00:00,2015-03-26T02:20:50+00:00,2015,False
91a7ca46-56f1-45b8-823e-97f1ab0c267d,b9214fd9-52fa-45db-ba41-ccf7a45be7b4,62564004,Concussion with loss of consciousness,,resolved,2015-02-27T02:20:50+00:00,2015-02-27T02:20:50+00:00,2015,False
315de10a-a343-4706-8029-8682a297646f,b9214fd9-52fa-45db-ba41-ccf7a45be7b4,444814009,Viral sinusitis (disorder),,resolved,2014-05-20T02:20:50+00:00,2014-05-20T02:20:50+00:00,2014,False
3eba9dff-a1fd-4ec8-ac0e-b507256db829,b9214fd9-52fa-45db-ba41-ccf7a45be7b4,10509002,Acute bronchitis (disorder),,resolved,2019-04-13T02:20:50+00:00,2019-04-13T02:20:50+00:00,2019,False
9e814dc7-32e0-488b-a3de-9dbd478273c6,acc12451-4ef0-414b-b072-48e780a90874,302870006,Hypertriglyceridemia (disorder),,active,2017-08-11T18:29:50+00:00,2017-08-11T18:29:50+00:00,2017,False
fac13cd5-0169-4ab4-a725-a9248df79990,acc12451-4ef0-414b-b072-48e780a90874,237602007,Metabolic syndrome X (disorder),,active,2017-08-11T18:29:50+00:00,2017-08-11T18:29:50+00:00,2017,False
894ae14f-f448-47b9-8e96-c28772ae7757,acc12451-4ef0-414b-b072-48e780a90874,44054006,Diabetes,,active,2015-05-22T18:29:50+00:00,2015-05-22T18:29:50+00:00,2015,True
b4f6a69b-3a24-484f-b8e8-c52e532d5ef7,acc12451-4ef0-414b-b072-48e780a90874,19169002,Miscarriage in first trimester,,active,2015-03-06T18:29:50+00:00,2015-03-06T18:29:50+00:00,2015,False
ca22d55a-7c9d-457e-9eca-29d4af8ed06f,acc12451-4ef0-414b-b072-48e780a90874,162864005,Body mass index 30+ - obesity (finding),,active,1992-08-14T18:29:50+00:00,1992-08-14T18:29:50+00:00,1992,True
fe5a3166-e604-4543-8ebf-2b0e20fda252,acc12451-4ef0-414b-b072-48e780a90874,128613002,Seizure disorder,,active,1999-06-14T18:29:50+00:00,1999-06-14T18:29:50+00:00,1999,False
4aeab1ce-9b69-4b70-a8e9-f58140194226,acc12451-4ef0-414b-b072-48e780a90874,15777000,Prediabetes,,active,2012-05-18T18:29:50+00:00,2012-05-18T18:29:50+00:00,2012,True
851da7c9-5a32-4261-9fe1-e08efb9ad464,acc12451-4ef0-414b-b072-48e780a90874,10509002,Acute bronchitis (disorder),,resolved,2017-08-01T18:29:50+00:00,2017-08-01T18:29:50+00:00,2017,False
591526d3-fa74-44b2-ae7a-14493720bd06,acc12451-4ef0-414b-b072-48e780a90874,703151001,History of single seizure (situation),,active,1999-06-14T18:29:50+00:00,1999-06-14T18:29:50+00:00,1999,False
36036ea5-59be-4a45-9e64-da119af6751e,acc12451-4ef0-414b-b072-48e780a90874,156073000,Fetus with unknown complication,,resolved,2015-03-06T18:29:50+00:00,2015-03-06T18:29:50+00:00,2015,False
942c345b-0efd-4733-9e8b-662c5e155ad5,acc12451-4ef0-414b-b072-48e780a90874,72892002,Normal pregnancy,,resolved,2018-08-10T18:29:50+00:00,2018-08-10T18:29:50+00:00,2018,False
f9eec908-08cc-4c54-bb6c-ceee13a9c363,acc12451-4ef0-414b-b072-48e780a90874,72892002,Normal pregnancy,,resolved,2015-03-06T18:29:50+00:00,2015-03-06T18:29:50+00:00,2015,False
fe63c75a-5748-4946-b325-4ae7a8809b01,acc12451-4ef0-414b-b072-48e780a90874,72892002,Normal pregnancy,,resolved,2013-11-29T18:29:50+00:00,2013-11-29T18:29:50+00:00,2013,False
d502efc1-6d4e-4a37-bd6e-0aafea6e872f,acc12451-4ef0-414b-b072-48e780a90874,38341003,Hypertension,,active,2015-05-22T18:29:50+00:00,2015-05-22T18:29:50+00:00,2015,True
bd1671fe-0f0d-44cc-b3fa-273ec38775ef,acc12451-4ef0-414b-b072-48e780a90874,72892002,Normal pregnancy,,resolved,2012-10-12T18:29:50+00:00,2012-10-12T18:29:50+00:00,2012,False
6e0f715c-f1da-49b9-912d-536127e27653,e4531916-b162-4f4b-90c2-ce37e132b8d4,40055000,Chronic sinusitis (disorder),,active,1994-09-02T13:55:57+00:00,1994-09-02T13:55:57+00:00,1994,False
55cfe76c-c918-402d-b99b-89cf61dc27ef,e4531916-b162-4f4b-90c2-ce37e132b8d4,444814009,Viral sinusitis (disorder),,resolved,2011-10-04T13:55:57+00:00,2011-10-04T13:55:57+00:00,2011,False
b1e9188e-52f3-453d-81c2-cbaa1731404e,e4531916-b162-4f4b-90c2-ce37e132b8d4,444814009,Viral sinusitis (disorder),,resolved,2017-11-01T13:55:57+00:00,2017-11-01T13:55:57+00:00,2017,False
eceb968b-bb41-4caa-9fc0-f9c5694b06b6,579423cd-3384-4e7d-bf19-295a26d27524,84757009,Epilepsy,,active,1946-07-15T10:31:59+00:00,1946-07-15T10:31:59+00:00,1946,False
e5cc2aab-30c6-4258-b904-bc105f4d6a75,579423cd-3384-4e7d-bf19-295a26d27524,128613002,Seizure disorder,,active,1946-07-15T10:31:59+00:00,1946-07-15T10:31:59+00:00,1946,False
147645f3-6ca5-488f-a1ab-f4bddd1a6dbf,579423cd-3384-4e7d-bf19-295a26d27524,444814009,Viral sinusitis (disorder),,resolved,1948-03-28T10:31:59+00:00,1948-03-28T10:31:59+00:00,1948,False
cceb5022-6efe-4b62-889f-49937a2dc30d,579423cd-3384-4e7d-bf19-295a26d27524,195662009,Acute viral pharyngitis (disorder),,resolved,1943-10-18T10:31:59+00:00,1943-10-18T10:31:59+00:00,1943,False
c2b10380-1267-4435-9e74-d1b4e1366542,579423cd-3384-4e7d-bf19-295a26d27524,10509002,Acute bronchitis (disorder),,resolved,1947-12-23T10:31:59+00:00,1947-12-23T10:31:59+00:00,1947,False
15bf3a54-bebb-47a3-a6eb-2419974cb0f5,579423cd-3384-4e7d-bf19-295a26d27524,703151001,History of single seizure (situation),,active,1946-07-15T10:31:59+00:00,1946-07-15T10:31:59+00:00,1946,False
ae927727-0076-41bd-b713-0a2516930827,c3d9f92d-0956-4f12-9e90-6bed9db5f27d,444814009,Viral sinusitis (disorder),,resolved,2016-11-14T03:29:04+00:00,2016-11-14T03:29:04+00:00,2016,False
a4f1ee34-b0cc-4694-a311-f344d87c080a,c3d9f92d-0956-4f12-9e90-6bed9db5f27d,162864005,Body mass index 30+ - obesity (finding),,active,1998-04-08T03:29:04+00:00,1998-04-08T03:29:04+00:00,1998,True
332b393d-a7fc-4d68-a52e-909a858b9f54,c3d9f92d-0956-4f12-9e90-6bed9db5f27d,444814009,Viral sinusitis (disorder),,resolved,2014-12-03T03:29:04+00:00,2014-12-03T03:29:04+00:00,2014,False
ae93c22c-7332-457b-8054-d334ae15cd60,c3d9f92d-0956-4f12-9e90-6bed9db5f27d,40055000,Chronic sinusitis (disorder),,active,2002-10-14T03:29:04+00:00,2002-10-14T03:29:04+00:00,2002,False
48b58f7c-0bf0-4837-9395-03ccea6d0080,d6e95d44-d6b2-4963-80b0-079f8a3821c2,195662009,Acute viral pharyngitis (disorder),,resolved,2019-04-16T09:41:07+00:00,2019-04-16T09:41:07+00:00,2019,False
61b08c9a-c254-4630-94b6-6c40497d8a09,d6e95d44-d6b2-4963-80b0-079f8a3821c2,65363002,Otitis media,,resolved,2014-08-09T09:41:07+00:00,2014-08-09T09:41:07+00:00,2014,False
07b6b7b0-d206-43f3-ad6d-f4346a87c547,d6e95d44-d6b2-4963-80b0-079f8a3821c2,39848009,Whiplash injury to neck,,resolved,2017-07-24T09:41:07+00:00,2017-07-24T09:41:07+00:00,2017,False
d637dace-9616-4a09-9fde-dc906aa877c5,c79b748f-a792-4aea-bca5-c7c9c5b188cd,40055000,Chronic sinusitis (disorder),,active,1991-12-10T05:49:32+00:00,1991-12-10T05:49:32+00:00,1991,False
7829acce-0fee-411d-859e-8617157fcd06,c79b748f-a792-4aea-bca5-c7c9c5b188cd,162864005,Body mass index 30+ - obesity (finding),,active,2010-09-08T05:49:32+00:00,2010-09-08T05:49:32+00:00,2010,True
c727f774-2fb0-4d28-9fdc-09d5c5ed086c,c79b748f-a792-4aea-bca5-c7c9c5b188cd,24079001,Atopic dermatitis,,active,1971-05-09T05:49:32+00:00,1971-05-09T05:49:32+00:00,1971,False
7af28c08-7aee-49fb-be12-5fd8236daf50,c79b748f-a792-4aea-bca5-c7c9c5b188cd,239872002,Osteoarthritis of hip,,active,2017-02-19T05:49:32+00:00,2017-02-19T05:49:32+00:00,2017,True
a589976b-233e-4d0d-94f5-9b7e0daf461a,c79b748f-a792-4aea-bca5-c7c9c5b188cd,44465007,Sprain of ankle,,resolved,2014-07-27T05:49:32+00:00,2014-07-27T05:49:32+00:00,2014,False
81f2012b-7bea-4b0c-a16b-dbeec26e6732,c79b748f-a792-4aea-bca5-c7c9c5b188cd,69896004,Rheumatoid arthritis,,active,2019-02-19T05:49:32+00:00,2019-02-19T05:49:32+00:00,2019,False
a50cf324-2902-422f-807f-766e51a3c0ea,c79b748f-a792-4aea-bca5-c7c9c5b188cd,444814009,Viral sinusitis (disorder),,resolved,2016-05-23T05:49:32+00:00,2016-05-23T05:49:32+00:00,2016,False
836c7305-594f-4830-b0cc-e6fc1a567860,e6d67197-97a1-499b-83f8-eea9ef95cf0c,19169002,Miscarriage in first trimester,,active,1968-10-08T18:46:39+00:00,1968-10-08T18:46:39+00:00,1968,False
bd35bf21-70c1-4335-a080-afe22335a3bd,e6d67197-97a1-499b-83f8-eea9ef95cf0c,446096008,Perennial allergic rhinitis,,active,1945-10-19T18:46:39+00:00,1945-10-19T18:46:39+00:00,1945,False
a54e9c32-c73a-4a88-a7e8-7620f562fdd5,e6d67197-97a1-499b-83f8-eea9ef95cf0c,10509002,Acute bronchitis (disorder),,resolved,2015-12-16T18:46:39+00:00,2015-12-16T18:46:39+00:00,2015,False
dbe6dd1d-813a-4986-809f-5bbfb0ea4af2,e6d67197-97a1-499b-83f8-eea9ef95cf0c,24079001,Atopic dermatitis,,active,1943-08-16T18:46:39+00:00,1943-08-16T18:46:39+00:00,1943,False
e4de61ef-a55a-497b-ac27-fb0f2db54350,e6d67197-97a1-499b-83f8-eea9ef95cf0c,49436004,Atrial Fibrillation,,active,2018-10-30T18:46:39+00:00,2018-10-30T18:46:39+00:00,2018,True
b00f0171-c2df-4c2e-bc61-0fc79ad8e746,0c2a34a4-d948-4917-98b8-f44a77e459d8,241929008,Acute allergic reaction,,resolved,2020-12-07T07:50:49+00:00,2020-12-07T07:50:49+00:00,2020,False
f8a77026-177d-4f8b-a8fa-4a7b422c5483,0c2a34a4-d948-4917-98b8-f44a77e459d8,444814009,Viral sinusitis (disorder),,resolved,2020-02-17T07:50:49+00:00,2020-02-17T07:50:49+00:00,2020,False
878be0cc-df2b-4a6a-8da4-cc70374fcadc,3e383d93-552a-46ae-a96a-1989586244c9,444814009,Viral sinusitis (disorder),,resolved,2014-11-01T08:33:08+00:00,2014-11-01T08:33:08+00:00,2014,False
b524b1b2-9485-4ad9-add5-e81358a990a5,3e383d93-552a-46ae-a96a-1989586244c9,444814009,Viral sinusitis (disorder),,resolved,2012-01-04T08:33:08+00:00,2012-01-04T08:33:08+00:00,2012,False
bbb7c19c-1cf0-4943-9b25-5f405f86636a,3e383d93-552a-46ae-a96a-1989586244c9,444814009,Viral sinusitis (disorder),,resolved,2015-09-17T08:33:08+00:00,2015-09-17T08:33:08+00:00,2015,False
fa6c4a0b-9503-4213-85b7-7985142eb76a,3e383d93-552a-46ae-a96a-1989586244c9,40055000,Chronic sinusitis (disorder),,active,1979-09-29T08:33:08+00:00,1979-09-29T08:33:08+00:00,1979,False
ac2ce111-3a54-4a6a-9e54-f2eb32537a9e,3e383d93-552a-46ae-a96a-1989586244c9,162864005,Body mass index 30+ - obesity (finding),,active,2008-08-23T08:33:08+00:00,2008-08-23T08:33:08+00:00,2008,True
9644b023-50ab-41e7-86e2-7ad746b8c59d,3e383d93-552a-46ae-a96a-1989586244c9,74400008,Appendicitis,,active,2001-07-18T08:33:08+00:00,2001-07-18T08:33:08+00:00,2001,False
453befcb-0e3c-4369-8db1-74a4a617d759,3e383d93-552a-46ae-a96a-1989586244c9,47693006,Rupture of appendix,,active,2001-07-18T08:33:08+00:00,2001-07-18T08:33:08+00:00,2001,False
c2ce5b0d-1096-4c36-9ca3-2dbbe7a54771,3e383d93-552a-46ae-a96a-1989586244c9,444814009,Viral sinusitis (disorder),,resolved,2011-05-10T08:33:08+00:00,2011-05-10T08:33:08+00:00,2011,False
46feeff5-29bf-49de-8086-9226897cecce,3e383d93-552a-46ae-a96a-1989586244c9,428251008,History of appendectomy,,active,2001-07-18T08:33:08+00:00,2001-07-18T08:33:08+00:00,2001,False
93ee91de-d8e9-47bd-81a0-7585579e8de4,f120016e-295c-48b8-a7be-34dc0127d7e6,64859006,Osteoporosis (disorder),,active,2012-08-16T05:26:09+00:00,2012-08-16T05:26:09+00:00,2012,False
eb872069-3f45-4f46-b3a6-d9b3e6eaed70,f120016e-295c-48b8-a7be-34dc0127d7e6,195662009,Acute viral pharyngitis (disorder),,resolved,2016-04-18T05:26:09+00:00,2016-04-18T05:26:09+00:00,2016,False
4ef08ec3-eb24-4afe-9645-95f13c410bcb,f120016e-295c-48b8-a7be-34dc0127d7e6,195662009,Acute viral pharyngitis (disorder),,resolved,2011-06-28T05:26:09+00:00,2011-06-28T05:26:09+00:00,2011,False
1b32af56-f55c-46d8-b758-7364ce771484,f120016e-295c-48b8-a7be-34dc0127d7e6,444814009,Viral sinusitis (disorder),,resolved,2016-05-26T05:26:09+00:00,2016-05-26T05:26:09+00:00,2016,False
096af8c1-3406-4637-bbd8-5dec322fd5f1,bc76f6c4-48cc-45b2-98f1-5792e72decdc,446096008,Perennial allergic rhinitis,,active,1966-09-02T20:43:42+00:00,1966-09-02T20:43:42+00:00,1966,False
ee193bd3-0a7f-492e-8e8c-e08ca5649ca9,bc76f6c4-48cc-45b2-98f1-5792e72decdc,10509002,Acute bronchitis (disorder),,resolved,2016-07-12T20:43:42+00:00,2016-07-12T20:43:42+00:00,2016,False
a8ff7030-f8d4-4d15-a9b5-55ddab36eadd,bc76f6c4-48cc-45b2-98f1-5792e72decdc,162864005,Body mass index 30+ - obesity (finding),,active,1984-12-17T20:43:42+00:00,1984-12-17T20:43:42+00:00,1984,True
2ba525d0-ceae-4757-83d5-924f3789202b,bc76f6c4-48cc-45b2-98f1-5792e72decdc,68496003,Polyp of colon,,resolved,2017-08-26T20:43:42+00:00,2017-08-26T20:43:42+00:00,2017,False
9f608695-2ddd-4c59-a50c-45e15cd06aef,7aa15a43-3a41-4d3d-a9c5-7ef941757531,195662009,Acute viral pharyngitis (disorder),,resolved,2019-06-02T02:47:03+00:00,2019-06-02T02:47:03+00:00,2019,False
dc1ff296-dd72-4a1b-abc6-1eed34cf524e,7aa15a43-3a41-4d3d-a9c5-7ef941757531,195662009,Acute viral pharyngitis (disorder),,resolved,2018-08-26T02:47:03+00:00,2018-08-26T02:47:03+00:00,2018,False
270807cb-f59b-4811-8fb2-62efc2212be1,7aa15a43-3a41-4d3d-a9c5-7ef941757531,15777000,Prediabetes,,active,2020-04-01T02:47:03+00:00,2020-04-01T02:47:03+00:00,2020,True
5db63d03-bfef-4e55-9ac5-a331eed390f9,7aa15a43-3a41-4d3d-a9c5-7ef941757531,162864005,Body mass index 30+ - obesity (finding),,active,2010-03-17T02:47:03+00:00,2010-03-17T02:47:03+00:00,2010,True
70436940-1bf8-4c6c-9166-afec8a1e4780,7aa15a43-3a41-4d3d-a9c5-7ef941757531,40055000,Chronic sinusitis (disorder),,active,2010-03-08T02:47:03+00:00,2010-03-08T02:47:03+00:00,2010,False
5c4b9d32-399d-45d5-b389-56f1a33bcd2c,7aa15a43-3a41-4d3d-a9c5-7ef941757531,38341003,Hypertension,,active,1995-01-25T02:47:03+00:00,1995-01-25T02:47:03+00:00,1995,True
ef503758-8fe4-4f34-83f9-5501c7e6ce72,7aa15a43-3a41-4d3d-a9c5-7ef941757531,271737000,Anemia (disorder),,active,2020-04-01T02:47:03+00:00,2020-04-01T02:47:03+00:00,2020,False
2a022826-ed9c-4fb2-8740-8df021ee2467,bdb0bf01-3e05-4950-a843-4d7e722cae4f,128613002,Seizure disorder,,active,1976-01-16T19:28:31+00:00,1976-01-16T19:28:31+00:00,1976,False
b8bbec09-7795-44f2-b4d6-0bb9a9d1f2e5,bdb0bf01-3e05-4950-a843-4d7e722cae4f,703151001,History of single seizure (situation),,active,1976-01-16T19:28:31+00:00,1976-01-16T19:28:31+00:00,1976,False
24df2d91-c14f-4a45-902c-25ff9de8d4a5,bdb0bf01-3e05-4950-a843-4d7e722cae4f,84757009,Epilepsy,,active,1976-07-02T19:28:31+00:00,1976-07-02T19:28:31+00:00,1976,False
c95f42c9-56eb-4b6b-ac37-9b57b2c73433,bdb0bf01-3e05-4950-a843-4d7e722cae4f,195662009,Acute viral pharyngitis (disorder),,resolved,1977-02-10T19:28:31+00:00,1977-02-10T19:28:31+00:00,1977,False
b6c51a15-b7e4-45be-bdfc-7f9b266e23da,39cc9d76-0952-4ded-9b39-b97d1e43b9cf,444814009,Viral sinusitis (disorder),,resolved,2016-07-05T04:10:16+00:00,2016-07-05T04:10:16+00:00,2016,False
fad61428-c50b-4f52-b102-09f9100eef75,39cc9d76-0952-4ded-9b39-b97d1e43b9cf,195662009,Acute viral pharyngitis (disorder),,resolved,2018-11-07T04:10:16+00:00,2018-11-07T04:10:16+00:00,2018,False
3ca44a36-b6d8-48fb-9404-a25305b4bf98,39cc9d76-0952-4ded-9b39-b97d1e43b9cf,271737000,Anemia (disorder),,active,2002-06-27T04:10:16+00:00,2002-06-27T04:10:16+00:00,2002,False
19f6f147-44ed-4444-9a7c-ee22d27f446b,39cc9d76-0952-4ded-9b39-b97d1e43b9cf,444814009,Viral sinusitis (disorder),,resolved,2013-09-22T04:10:16+00:00,2013-09-22T04:10:16+00:00,2013,False
b1497bc9-0158-4472-8a0d-d5a606122f90,39cc9d76-0952-4ded-9b39-b97d1e43b9cf,444814009,Viral sinusitis (disorder),,resolved,2017-09-17T04:10:16+00:00,2017-09-17T04:10:16+00:00,2017,False
1f715745-53e2-4834-b972-b1f8390e23d8,39cc9d76-0952-4ded-9b39-b97d1e43b9cf,162864005,Body mass index 30+ - obesity (finding),,active,1977-08-18T04:10:16+00:00,1977-08-18T04:10:16+00:00,1977,True
5de5dfd3-4b53-4c7e-8ad3-a277383d166a,39cc9d76-0952-4ded-9b39-b97d1e43b9cf,10509002,Acute bronchitis (disorder),,resolved,2018-06-25T04:10:16+00:00,2018-06-25T04:10:16+00:00,2018,False
a83f02f8-a315-4030-8b0a-e23905c4ff49,39cc9d76-0952-4ded-9b39-b97d1e43b9cf,15777000,Prediabetes,,active,2002-06-27T04:10:16+00:00,2002-06-27T04:10:16+00:00,2002,True
8231e79f-7c67-4e48-9c03-ae996b98ef12,cd09f5d4-55f7-4a24-a25d-a5b65c7a8805,444814009,Viral sinusitis (disorder),,resolved,2018-08-20T20:45:37+00:00,2018-08-20T20:45:37+00:00,2018,False
d5b96540-67c9-43f0-8e14-ff2fd6adaa07,cd09f5d4-55f7-4a24-a25d-a5b65c7a8805,38341003,Hypertension,,active,1965-10-01T20:45:37+00:00,1965-10-01T20:45:37+00:00,1965,True
d472eedc-d1ac-48dc-99db-ec72ac8a85fe,cd09f5d4-55f7-4a24-a25d-a5b65c7a8805,44465007,Sprain of ankle,,resolved,2015-10-19T20:45:37+00:00,2015-10-19T20:45:37+00:00,2015,False
00ea7290-faf0-470d-8665-aef90c505683,cd09f5d4-55f7-4a24-a25d-a5b65c7a8805,162864005,Body mass index 30+ - obesity (finding),,active,1993-01-08T20:45:37+00:00,1993-01-08T20:45:37+00:00,1993,True
37ed3673-0f06-4b79-812d-bf47a4dd4a9e,cd09f5d4-55f7-4a24-a25d-a5b65c7a8805,10509002,Acute bronchitis (disorder),,resolved,2019-09-23T20:45:37+00:00,2019-09-23T20:45:37+00:00,2019,False
47ab1b16-982d-4949-9de5-078228d10ab1,9de30b5a-f100-407c-9b27-1e47f6e3a663,271737000,Anemia (disorder),,active,1999-01-27T08:54:18+00:00,1999-01-27T08:54:18+00:00,1999,False
6c62e137-3eb4-46bc-adbe-4104fdf09ff9,9de30b5a-f100-407c-9b27-1e47f6e3a663,195662009,Acute viral pharyngitis (disorder),,resolved,2015-10-17T08:54:18+00:00,2015-10-17T08:54:18+00:00,2015,False
7ebf90af-8c89-4115-93a1-b46af4d9db33,9de30b5a-f100-407c-9b27-1e47f6e3a663,239873007,Osteoarthritis of knee,,active,2010-03-07T08:54:18+00:00,2010-03-07T08:54:18+00:00,2010,True
0dabfbc5-7d4f-4a47-9038-e0c04d010ccb,9de30b5a-f100-407c-9b27-1e47f6e3a663,49436004,Atrial Fibrillation,,active,2020-04-22T08:54:18+00:00,2020-04-22T08:54:18+00:00,2020,True
08610382-8c58-486e-96e5-6f2ab09a5693,9de30b5a-f100-407c-9b27-1e47f6e3a663,15777000,Prediabetes,,active,1996-01-24T08:54:18+00:00,1996-01-24T08:54:18+00:00,1996,True
fd05e52a-da8a-42bc-9265-43c33389b05b,9de30b5a-f100-407c-9b27-1e47f6e3a663,68496003,Polyp of colon,,resolved,2014-03-19T08:54:18+00:00,2014-03-19T08:54:18+00:00,2014,False
0bdf7097-1d78-4e80-b975-1d839a8646bf,8c7271df-e8d9-4baa-8762-8f0a585297cc,398254007,Preeclampsia,,resolved,2019-06-06T02:24:51+00:00,2019-06-06T02:24:51+00:00,2019,False
8c206ee7-4e3f-4107-a37e-37b7ed0e775b,8c7271df-e8d9-4baa-8762-8f0a585297cc,195662009,Acute viral pharyngitis (disorder),,resolved,2011-08-28T02:24:51+00:00,2011-08-28T02:24:51+00:00,2011,False
11792d80-5bf0-45c0-bcb2-0caa5e903c2a,8c7271df-e8d9-4baa-8762-8f0a585297cc,10509002,Acute bronchitis (disorder),,resolved,2020-10-04T02:24:51+00:00,2020-10-04T02:24:51+00:00,2020,False
a4ad37f3-ce06-43f5-9264-7abbe5e37b77,8c7271df-e8d9-4baa-8762-8f0a585297cc,10509002,Acute bronchitis (disorder),,resolved,2017-10-12T02:24:51+00:00,2017-10-12T02:24:51+00:00,2017,False
59d210e8-ef12-4f7c-a3a8-422591e180f9,8c7271df-e8d9-4baa-8762-8f0a585297cc,444814009,Viral sinusitis (disorder),,resolved,2013-01-24T02:24:51+00:00,2013-01-24T02:24:51+00:00,2013,False
080f9812-a7f6-4de6-a52b-bae0c14bdeeb,8c7271df-e8d9-4baa-8762-8f0a585297cc,444814009,Viral sinusitis (disorder),,resolved,2016-08-28T02:24:51+00:00,2016-08-28T02:24:51+00:00,2016,False
508e0918-cac4-44be-bfaf-e68b88d8f195,8c7271df-e8d9-4baa-8762-8f0a585297cc,87433001,Pulmonary emphysema (disorder),,active,2013-09-12T02:24:51+00:00,2013-09-12T02:24:51+00:00,2013,False
2109597f-cd06-4d75-b121-ddd198e3ecd5,8c7271df-e8d9-4baa-8762-8f0a585297cc,72892002,Normal pregnancy,,resolved,2018-12-20T02:24:51+00:00,2018-12-20T02:24:51+00:00,2018,False
7d9c882f-0efb-4bdf-aebb-7c884d96eb8f,583443e3-2d06-4a98-903c-044f0fd5659f,444814009,Viral sinusitis (disorder),,resolved,2013-10-18T19:58:14+00:00,2013-10-18T19:58:14+00:00,2013,False
d3942a9c-2170-4025-952e-5e9c29d47df9,583443e3-2d06-4a98-903c-044f0fd5659f,36971009,Sinusitis (disorder),,resolved,2014-10-09T19:58:14+00:00,2014-10-09T19:58:14+00:00,2014,False
a98ea10a-de25-4b86-ab2c-53ce1d05edf5,583443e3-2d06-4a98-903c-044f0fd5659f,10509002,Acute bronchitis (disorder),,resolved,2018-12-04T19:58:14+00:00,2018-12-04T19:58:14+00:00,2018,False
bec66091-8c3f-4e24-8cce-ce0ef8b07952,583443e3-2d06-4a98-903c-044f0fd5659f,19169002,Miscarriage in first trimester,,active,1989-02-03T19:58:14+00:00,1989-02-03T19:58:14+00:00,1989,False
3e9f7bcb-f935-4dcf-afa2-ef576fece15f,583443e3-2d06-4a98-903c-044f0fd5659f,444814009,Viral sinusitis (disorder),,resolved,2018-01-22T19:58:14+00:00,2018-01-22T19:58:14+00:00,2018,False
7a90795b-f430-4fd5-b49c-db1adb39d8b3,583443e3-2d06-4a98-903c-044f0fd5659f,10509002,Acute bronchitis (disorder),,resolved,2021-02-12T19:58:14+00:00,2021-02-12T19:58:14+00:00,2021,False
7ea2fee5-6620-45a2-8a13-a42de4b75119,8ff20ff8-9a14-4c50-b0e1-e2e5c11df428,65363002,Otitis media,,resolved,2012-04-23T23:07:34+00:00,2012-04-23T23:07:34+00:00,2012,False
d2341321-f5ff-4324-9877-c6bceac4c572,8ff20ff8-9a14-4c50-b0e1-e2e5c11df428,444814009,Viral sinusitis (disorder),,resolved,2014-05-20T23:07:34+00:00,2014-05-20T23:07:34+00:00,2014,False
16edfba0-ed06-4750-a69a-8f2a55403c81,8ff20ff8-9a14-4c50-b0e1-e2e5c11df428,84757009,Epilepsy,,active,2012-08-01T23:07:34+00:00,2012-08-01T23:07:34+00:00,2012,False
4265477d-5441-460f-92c2-ac8c1eb49f02,8ff20ff8-9a14-4c50-b0e1-e2e5c11df428,703151001,History of single seizure (situation),,active,2012-08-01T23:07:34+00:00,2012-08-01T23:07:34+00:00,2012,False
51407479-37b5-4d20-a84d-e2b45215a1e7,8ff20ff8-9a14-4c50-b0e1-e2e5c11df428,65363002,Otitis media,,resolved,2013-10-02T23:07:34+00:00,2013-10-02T23:07:34+00:00,2013,False
cae4a1c5-f603-4674-8b00-4a2a59ec6cc5,8ff20ff8-9a14-4c50-b0e1-e2e5c11df428,10509002,Acute bronchitis (disorder),,active,2021-03-23T23:07:34+00:00,2021-03-23T23:07:34+00:00,2021,False
867b89ea-2f69-48e3-9c3d-78b8d97164c6,8ff20ff8-9a14-4c50-b0e1-e2e5c11df428,43878008,Streptococcal sore throat (disorder),,resolved,2018-02-25T23:07:34+00:00,2018-02-25T23:07:34+00:00,2018,False
95e136c0-efee-46c9-ae06-1549396b712b,8ff20ff8-9a14-4c50-b0e1-e2e5c11df428,128613002,Seizure disorder,,active,2012-08-01T23:07:34+00:00,2012-08-01T23:07:34+00:00,2012,False
c9826092-a0d2-4b16-b941-09a1626c3ae0,8ff20ff8-9a14-4c50-b0e1-e2e5c11df428,10509002,Acute bronchitis (disorder),,resolved,2013-07-19T23:07:34+00:00,2013-07-19T23:07:34+00:00,2013,False
bac50d78-5337-4919-a957-0189509b7453,f9aef24a-c8f6-4c36-90a3-970a21701185,239873007,Osteoarthritis of knee,,active,1999-05-12T07:02:12+00:00,1999-05-12T07:02:12+00:00,1999,True
94f92e77-4bb4-4314-b97f-ede5b7d24bb1,f9aef24a-c8f6-4c36-90a3-970a21701185,230690007,Stroke,,active,2019-02-15T07:02:12+00:00,2019-02-15T07:02:12+00:00,2019,False
df424eff-1e04-4a3a-9284-7eb119f94b17,f9aef24a-c8f6-4c36-90a3-970a21701185,19169002,Miscarriage in first trimester,,active,1987-11-27T07:02:12+00:00,1987-11-27T07:02:12+00:00,1987,False
7147227b-1a6a-46fd-97a4-aedd2a916ac9,f9aef24a-c8f6-4c36-90a3-970a21701185,162864005,Body mass index 30+ - obesity (finding),,active,1996-06-07T07:02:12+00:00,1996-06-07T07:02:12+00:00,1996,True
fe69a8a4-b652-4a3b-83d2-cac3f65128b7,f9aef24a-c8f6-4c36-90a3-970a21701185,195662009,Acute viral pharyngitis (disorder),,resolved,2012-09-07T07:02:12+00:00,2012-09-07T07:02:12+00:00,2012,False
1784a2f2-526c-4ad7-8bf9-9cc4c11c1511,e7991a49-1512-4005-a478-09ecad76ca4c,271737000,Anemia (disorder),,active,1955-01-24T05:19:57+00:00,1955-01-24T05:19:57+00:00,1955,False
2564a5c3-a88d-47b1-8fbc-e0d3442b8d07,e7991a49-1512-4005-a478-09ecad76ca4c,444814009,Viral sinusitis (disorder),,resolved,1990-01-10T05:19:57+00:00,1990-01-10T05:19:57+00:00,1990,False
599a0b5f-e127-4b64-9cb5-65dd517a01d6,e7991a49-1512-4005-a478-09ecad76ca4c,15777000,Prediabetes,,active,1953-01-19T05:19:57+00:00,1953-01-19T05:19:57+00:00,1953,True
102ad1ab-85e0-4f02-9f4a-97ecb4fd5fd2,e7991a49-1512-4005-a478-09ecad76ca4c,68496003,Polyp of colon,,resolved,1988-01-08T05:19:57+00:00,1988-01-08T05:19:57+00:00,1988,False
59ab1f37-d367-4db6-8b05-0df69a028930,e7991a49-1512-4005-a478-09ecad76ca4c,58150001,Fracture of clavicle,,resolved,1997-05-29T05:19:57+00:00,1997-05-29T05:19:57+00:00,1997,False
2bb865d7-1907-4882-a014-880428a856f3,e7991a49-1512-4005-a478-09ecad76ca4c,88805009,Chronic congestive heart failure (disorder),,active,1998-01-11T05:19:57+00:00,1998-01-11T05:19:57+00:00,1998,True
1da0d278-7b1c-4b19-8a78-7c44027ef590,e7991a49-1512-4005-a478-09ecad76ca4c,26929004,Alzheimer's disease (disorder),,active,1989-05-15T05:19:57+00:00,1989-05-15T05:19:57+00:00,1989,False
b32023c6-872a-4a54-bf37-3ab8cc1a2cb9,e7991a49-1512-4005-a478-09ecad76ca4c,195662009,Acute viral pharyngitis (disorder),,resolved,1988-12-23T05:19:57+00:00,1988-12-23T05:19:57+00:00,1988,False
f4ec0eff-be21-4400-ab16-455408e8381e,155d3d80-f3f0-4b39-9207-0d122cf94a11,35999006,Blighted ovum,,resolved,2017-12-25T07:22:23+00:00,2017-12-25T07:22:23+00:00,2017,False
b7b46301-19e6-4787-a26b-65bccdee8b7f,155d3d80-f3f0-4b39-9207-0d122cf94a11,195662009,Acute viral pharyngitis (disorder),,resolved,2020-04-30T07:22:23+00:00,2020-04-30T07:22:23+00:00,2020,False
1f892746-04ee-4325-8767-6437677171b1,155d3d80-f3f0-4b39-9207-0d122cf94a11,19169002,Miscarriage in first trimester,,active,2017-12-25T07:22:23+00:00,2017-12-25T07:22:23+00:00,2017,False
0c0f48a1-e978-4482-a4f6-bb7b5f08a808,155d3d80-f3f0-4b39-9207-0d122cf94a11,162864005,Body mass index 30+ - obesity (finding),,active,2009-05-11T07:22:23+00:00,2009-05-11T07:22:23+00:00,2009,True
d6f8c1f8-5274-4abf-ac21-0a38fdeb6dd8,155d3d80-f3f0-4b39-9207-0d122cf94a11,301011002,Escherichia coli urinary tract infection,,resolved,2011-07-20T07:22:23+00:00,2011-07-20T07:22:23+00:00,2011,False
ed6b9f57-0294-4fef-bfcc-8392a6601d9f,155d3d80-f3f0-4b39-9207-0d122cf94a11,43878008,Streptococcal sore throat (disorder),,resolved,2019-10-22T07:22:23+00:00,2019-10-22T07:22:23+00:00,2019,False
50167beb-e8e4-437d-bfd6-2f1ec7497bc4,155d3d80-f3f0-4b39-9207-0d122cf94a11,72892002,Normal pregnancy,,resolved,2017-12-25T07:22:23+00:00,2017-12-25T07:22:23+00:00,2017,False
f672fba9-2ec9-4fc8-b3df-873697388ece,155d3d80-f3f0-4b39-9207-0d122cf94a11,10509002,Acute bronchitis (disorder),,resolved,2012-09-19T07:22:23+00:00,2012-09-19T07:22:23+00:00,2012,False
e90b222b-f0a2-4ffd-80a6-056e56b3c1c7,155d3d80-f3f0-4b39-9207-0d122cf94a11,444814009,Viral sinusitis (disorder),,resolved,2012-09-08T07:22:23+00:00,2012-09-08T07:22:23+00:00,2012,False
6ac3252e-aae8-4e75-b9c0-c5c86e799dc9,155d3d80-f3f0-4b39-9207-0d122cf94a11,44465007,Sprain of ankle,,resolved,2013-06-13T07:22:23+00:00,2013-06-13T07:22:23+00:00,2013,False
034bf6fb-ddb8-421b-82c1-81c8f1b94e68,b361ebbe-5dd5-4dee-a178-773d774fc04d,15777000,Prediabetes,,active,2004-02-03T03:53:29+00:00,2004-02-03T03:53:29+00:00,2004,True
24fb37b1-6a6c-482e-aad5-f589977a9dda,b361ebbe-5dd5-4dee-a178-773d774fc04d,237602007,Metabolic syndrome X (disorder),,active,2004-02-03T03:53:29+00:00,2004-02-03T03:53:29+00:00,2004,False
42d4b8a9-1902-434b-bc73-7c2860a76f89,b361ebbe-5dd5-4dee-a178-773d774fc04d,703151001,History of single seizure (situation),,active,1972-07-10T03:53:29+00:00,1972-07-10T03:53:29+00:00,1972,False
b31a7f6a-76e8-436c-8260-7adb6bd16887,b361ebbe-5dd5-4dee-a178-773d774fc04d,44054006,Diabetes,,active,1998-01-27T03:53:29+00:00,1998-01-27T03:53:29+00:00,1998,True
c4162b53-3abf-46fd-bc69-5fc89071c389,b361ebbe-5dd5-4dee-a178-773d774fc04d,128613002,Seizure disorder,,active,1972-07-10T03:53:29+00:00,1972-07-10T03:53:29+00:00,1972,False
d30c42f2-28d9-4e52-b0e0-65382e9db92c,b361ebbe-5dd5-4dee-a178-773d774fc04d,283385000,Laceration of thigh,,resolved,2016-03-12T03:53:29+00:00,2016-03-12T03:53:29+00:00,2016,False
89915484-e446-44e7-9bde-ac900a24e592,b361ebbe-5dd5-4dee-a178-773d774fc04d,10509002,Acute bronchitis (disorder),,resolved,2011-12-05T03:53:29+00:00,2011-12-05T03:53:29+00:00,2011,False
0b1d20d2-1009-496d-a2be-ac01d72a2712,b361ebbe-5dd5-4dee-a178-773d774fc04d,302870006,Hypertriglyceridemia (disorder),,active,2001-01-30T03:53:29+00:00,2001-01-30T03:53:29+00:00,2001,False
8646c9b5-6bf1-429a-bc1c-e04343a03aac,b361ebbe-5dd5-4dee-a178-773d774fc04d,271737000,Anemia (disorder),,active,1998-01-27T03:53:29+00:00,1998-01-27T03:53:29+00:00,1998,False
39606f49-2040-4a90-a864-40bad8ae854c,b361ebbe-5dd5-4dee-a178-773d774fc04d,80394007,Hyperglycemia (disorder),,active,2004-02-03T03:53:29+00:00,2004-02-03T03:53:29+00:00,2004,False
978c95d2-066d-44bb-a1b3-a91c3e932dc4,b361ebbe-5dd5-4dee-a178-773d774fc04d,19169002,Miscarriage in first trimester,,active,1993-07-20T03:53:29+00:00,1993-07-20T03:53:29+00:00,1993,False
3d4a96e1-c8c2-4f21-be3a-4c87893780e1,b361ebbe-5dd5-4dee-a178-773d774fc04d,72892002,Normal pregnancy,,resolved,2014-10-07T03:53:29+00:00,2014-10-07T03:53:29+00:00,2014,False
dbedbfa4-d892-416a-86a7-395c8c571d83,6e7c2272-da51-4bf8-9511-d1e18eee1a89,65363002,Otitis media,,resolved,2012-07-08T16:34:23+00:00,2012-07-08T16:34:23+00:00,2012,False
89eaa726-1059-4b15-8788-e9cc39b4a3d3,6e7c2272-da51-4bf8-9511-d1e18eee1a89,444814009,Viral sinusitis (disorder),,resolved,2020-09-30T16:34:23+00:00,2020-09-30T16:34:23+00:00,2020,False
76d63bc7-698b-41da-b9ba-e523ffbbf779,6e7c2272-da51-4bf8-9511-d1e18eee1a89,65363002,Otitis media,,resolved,2013-09-26T16:34:23+00:00,2013-09-26T16:34:23+00:00,2013,False
bf95dc6f-d937-4322-9142-c6603998ff68,6e7c2272-da51-4bf8-9511-d1e18eee1a89,195662009,Acute viral pharyngitis (disorder),,resolved,2016-08-29T16:34:23+00:00,2016-08-29T16:34:23+00:00,2016,False
740eec3c-3860-4477-85be-29c2239b9730,6e7c2272-da51-4bf8-9511-d1e18eee1a89,195662009,Acute viral pharyngitis (disorder),,resolved,2015-02-24T16:34:23+00:00,2015-02-24T16:34:23+00:00,2015,False
f4f522d2-580a-4d2b-b2dd-c070e86d7b37,6e7c2272-da51-4bf8-9511-d1e18eee1a89,10509002,Acute bronchitis (disorder),,resolved,2012-02-11T16:34:23+00:00,2012-02-11T16:34:23+00:00,2012,False
83d508b3-9ce8-4c3c-8d08-57d5a4fdabe2,74bbd61f-8017-4274-a156-8e31a96ec0d3,444814009,Viral sinusitis (disorder),,resolved,2020-03-01T22:58:06+00:00,2020-03-01T22:58:06+00:00,2020,False
44553fa5-53d6-4ed5-b9f0-892c3aab9a6f,74bbd61f-8017-4274-a156-8e31a96ec0d3,444814009,Viral sinusitis (disorder),,resolved,2017-07-18T22:58:06+00:00,2017-07-18T22:58:06+00:00,2017,False
8648866c-3e1e-45d3-b2ab-c6fef520dc36,74bbd61f-8017-4274-a156-8e31a96ec0d3,62106007,Concussion with no loss of consciousness,,resolved,2019-03-16T22:58:06+00:00,2019-03-16T22:58:06+00:00,2019,False
71d48445-1793-494f-b6b7-81643917ef04,74bbd61f-8017-4274-a156-8e31a96ec0d3,72892002,Normal pregnancy,,resolved,2010-12-22T22:58:06+00:00,2010-12-22T22:58:06+00:00,2010,False
f442b726-9345-41de-89ae-4657c01affd6,74bbd61f-8017-4274-a156-8e31a96ec0d3,162864005,Body mass index 30+ - obesity (finding),,active,2011-04-27T22:58:06+00:00,2011-04-27T22:58:06+00:00,2011,True
9236c42e-1e55-47ee-86d7-7a2b22c02b47,27f12f19-ede7-4432-98d6-659b5201c9fa,38341003,Hypertension,,active,2010-10-16T18:09:48+00:00,2010-10-16T18:09:48+00:00,2010,True
ed3432c9-eb74-4f1f-ac8c-7d524e0139d9,27f12f19-ede7-4432-98d6-659b5201c9fa,444814009,Viral sinusitis (disorder),,resolved,2018-10-17T18:09:48+00:00,2018-10-17T18:09:48+00:00,2018,False
8edb7446-ae71-4666-a038-3e1b00965d9e,27f12f19-ede7-4432-98d6-659b5201c9fa,195662009,Acute viral pharyngitis (disorder),,resolved,2016-01-15T18:09:48+00:00,2016-01-15T18:09:48+00:00,2016,False
327e1824-e555-4f7e-b19f-50b0d8e1c81b,27f12f19-ede7-4432-98d6-659b5201c9fa,271737000,Anemia (disorder),,resolved,2013-03-09T18:09:48+00:00,2013-03-09T18:09:48+00:00,2013,False
94001247-3bf6-4113-abc0-67d792425274,27f12f19-ede7-4432-98d6-659b5201c9fa,10509002,Acute bronchitis (disorder),,resolved,2018-03-29T18:09:48+00:00,2018-03-29T18:09:48+00:00,2018,False
42cc11ab-bf53-44b1-b236-10a14d4bab49,27f12f19-ede7-4432-98d6-659b5201c9fa,444448004,Injury of medial collateral ligament of knee,,resolved,2017-12-25T18:09:48+00:00,2017-12-25T18:09:48+00:00,2017,False
35abd09e-bd8d-48bd-b2aa-350874231911,27f12f19-ede7-4432-98d6-659b5201c9fa,403191005,Second degree burn,,resolved,2021-01-15T18:09:48+00:00,2021-01-15T18:09:48+00:00,2021,False
b604afc6-8cad-43f4-9137-9c3913af2f73,27f12f19-ede7-4432-98d6-659b5201c9fa,72892002,Normal pregnancy,,resolved,2020-08-08T18:09:48+00:00,2020-08-08T18:09:48+00:00,2020,False
3d6930bd-1db1-48c5-8ba4-cc5e9dd5c0b9,27f12f19-ede7-4432-98d6-659b5201c9fa,72892002,Normal pregnancy,,resolved,2015-12-05T18:09:48+00:00,2015-12-05T18:09:48+00:00,2015,False
c2ceacb0-66fb-47b1-8aa4-66aa1668addc,27f12f19-ede7-4432-98d6-659b5201c9fa,72892002,Normal pregnancy,,resolved,2015-08-01T18:09:48+00:00,2015-08-01T18:09:48+00:00,2015,False
4233c16e-9bef-4bfd-88f7-f8936c2065b8,27f12f19-ede7-4432-98d6-659b5201c9fa,72892002,Normal pregnancy,,resolved,2014-06-28T18:09:48+00:00,2014-06-28T18:09:48+00:00,2014,False
940a2f6a-98d8-4189-b7ec-dec28e14733b,27f12f19-ede7-4432-98d6-659b5201c9fa,72892002,Normal pregnancy,,resolved,2013-03-09T18:09:48+00:00,2013-03-09T18:09:48+00:00,2013,False
79af1f98-354e-4aef-8f1f-840bcd8c0141,9462ff5c-47c8-4e46-a180-1cac0a2003c4,444814009,Viral sinusitis (disorder),,resolved,2017-09-23T05:28:35+00:00,2017-09-23T05:28:35+00:00,2017,False
bbfc07c7-d7ce-41fb-a0f5-5571d59c1b42,9462ff5c-47c8-4e46-a180-1cac0a2003c4,195662009,Acute viral pharyngitis (disorder),,resolved,2016-05-04T05:28:35+00:00,2016-05-04T05:28:35+00:00,2016,False
4cae8fbe-63ba-43d9-a505-1fc881a9e793,9462ff5c-47c8-4e46-a180-1cac0a2003c4,38341003,Hypertension,,active,2016-03-23T05:28:35+00:00,2016-03-23T05:28:35+00:00,2016,True
c23480d9-2d8a-4b53-a9c0-1f828b34e8f5,d442b673-1185-42f5-bf7c-32eb47bb6b3d,62106007,Concussion with no loss of consciousness,,resolved,2019-01-01T09:56:48+00:00,2019-01-01T09:56:48+00:00,2019,False
f6292d11-3749-4b1d-870d-f142cd01a90d,d442b673-1185-42f5-bf7c-32eb47bb6b3d,38341003,Hypertension,,active,1999-12-28T09:56:48+00:00,1999-12-28T09:56:48+00:00,1999,True
b79f84cb-75a1-4550-8d36-941c7bb31ce4,d442b673-1185-42f5-bf7c-32eb47bb6b3d,162864005,Body mass index 30+ - obesity (finding),,active,2012-01-10T09:56:48+00:00,2012-01-10T09:56:48+00:00,2012,True
425a3f3c-138e-4356-a0fe-0676fc01456e,d442b673-1185-42f5-bf7c-32eb47bb6b3d,58150001,Fracture of clavicle,,resolved,2017-02-10T09:56:48+00:00,2017-02-10T09:56:48+00:00,2017,False
44d0b507-3174-458a-b63d-f57f1572b0e4,c26c8d14-0497-4550-bab9-996eb8a1d83c,444814009,Viral sinusitis (disorder),,resolved,2019-07-19T02:04:32+00:00,2019-07-19T02:04:32+00:00,2019,False
c2e27ecb-57e3-4f35-ba21-b6254268a516,c26c8d14-0497-4550-bab9-996eb8a1d83c,239873007,Osteoarthritis of knee,,active,2011-07-21T19:22:39+00:00,2011-07-21T19:22:39+00:00,2011,True
6dc16348-29b8-4835-ae9f-2fc8bc08fc4d,c26c8d14-0497-4550-bab9-996eb8a1d83c,284549007,Laceration of hand,,resolved,2011-08-06T02:04:32+00:00,2011-08-06T02:04:32+00:00,2011,False
af53a796-5222-4a5b-80ab-04e2a1153bcd,c26c8d14-0497-4550-bab9-996eb8a1d83c,195662009,Acute viral pharyngitis (disorder),,resolved,2014-01-25T02:04:32+00:00,2014-01-25T02:04:32+00:00,2014,False
c7c8d4fa-d86b-4c19-be08-b5faa3bb205f,c26c8d14-0497-4550-bab9-996eb8a1d83c,444814009,Viral sinusitis (disorder),,resolved,2012-11-07T02:04:32+00:00,2012-11-07T02:04:32+00:00,2012,False
78552412-d5fa-46d6-aeb7-56f94989f446,c26c8d14-0497-4550-bab9-996eb8a1d83c,192127007,Child attention deficit disorder,,active,2019-10-13T02:04:32+00:00,2019-10-13T02:04:32+00:00,2019,False
db99c6b3-a1a3-423f-bc4c-a78577246316,786ec762-c52d-4f65-bd73-0119a0184e80,444814009,Viral sinusitis (disorder),,resolved,2012-09-10T19:59:36+00:00,2012-09-10T19:59:36+00:00,2012,False
a80fdaee-781d-4991-ae85-7c4bd75c104f,786ec762-c52d-4f65-bd73-0119a0184e80,15777000,Prediabetes,,active,2008-02-25T19:59:36+00:00,2008-02-25T19:59:36+00:00,2008,True
eea8f042-9509-43ee-8567-fd11423efd29,786ec762-c52d-4f65-bd73-0119a0184e80,444470001,Injury of anterior cruciate ligament,,resolved,2017-12-16T19:59:36+00:00,2017-12-16T19:59:36+00:00,2017,False
be564399-9d68-4a64-84f3-0e08019101c1,786ec762-c52d-4f65-bd73-0119a0184e80,271737000,Anemia (disorder),,active,2008-02-25T19:59:36+00:00,2008-02-25T19:59:36+00:00,2008,False
8efdf4fc-ccb0-4577-b7c1-1c1b5fe5f670,786ec762-c52d-4f65-bd73-0119a0184e80,10509002,Acute bronchitis (disorder),,resolved,2013-09-23T19:59:36+00:00,2013-09-23T19:59:36+00:00,2013,False
2c2d3e7d-2c22-4e3e-87a1-ccf1eb53a16c,786ec762-c52d-4f65-bd73-0119a0184e80,10509002,Acute bronchitis (disorder),,resolved,2012-10-13T19:59:36+00:00,2012-10-13T19:59:36+00:00,2012,False
e7474b16-d525-4765-87d1-51050963cb97,786ec762-c52d-4f65-bd73-0119a0184e80,44465007,Sprain of ankle,,resolved,2016-10-31T19:59:36+00:00,2016-10-31T19:59:36+00:00,2016,False
0ac006c6-c28b-4e86-bb81-daa93e86ec79,59d572ce-0c47-434e-8fe6-2aa79c0f1139,410429000,Cardiac Arrest,,active,1995-02-20T20:00:29+00:00,1995-02-20T20:00:29+00:00,1995,False
f066f8e0-b810-4161-824f-642e0d975246,59d572ce-0c47-434e-8fe6-2aa79c0f1139,444814009,Viral sinusitis (disorder),,resolved,2017-11-20T20:00:29+00:00,2017-11-20T20:00:29+00:00,2017,False
6f1ce838-af48-4773-8efe-a5508f623544,59d572ce-0c47-434e-8fe6-2aa79c0f1139,195662009,Acute viral pharyngitis (disorder),,resolved,2014-03-20T20:00:29+00:00,2014-03-20T20:00:29+00:00,2014,False
b43aee87-60b6-4a8f-bf92-b5702cc9b719,59d572ce-0c47-434e-8fe6-2aa79c0f1139,230690007,Stroke,,active,2004-12-27T20:00:29+00:00,2004-12-27T20:00:29+00:00,2004,False
2dbf4335-ff31-401e-9887-e108b861bbbe,59d572ce-0c47-434e-8fe6-2aa79c0f1139,162864005,Body mass index 30+ - obesity (finding),,active,2000-04-17T20:00:29+00:00,2000-04-17T20:00:29+00:00,2000,True
12203531-b2c9-4fd5-9d71-356c4fa2b6c8,59d572ce-0c47-434e-8fe6-2aa79c0f1139,75498004,Acute bacterial sinusitis (disorder),,resolved,2011-03-18T20:00:29+00:00,2011-03-18T20:00:29+00:00,2011,False
5d42c8dd-894c-4cd9-968b-56ee485ee714,59d572ce-0c47-434e-8fe6-2aa79c0f1139,429007001,History of cardiac arrest (situation),,active,1995-02-20T20:00:29+00:00,1995-02-20T20:00:29+00:00,1995,False
cf50cde3-d6ea-44e9-a44e-313c8fe7abdb,59d572ce-0c47-434e-8fe6-2aa79c0f1139,40055000,Chronic sinusitis (disorder),,resolved,2011-05-20T20:00:29+00:00,2011-05-20T20:00:29+00:00,2011,False
a9a8d3d8-2c2d-4375-ab07-011326ad36a4,2d95f315-808c-4b67-836b-e56bdba9dd21,64859006,Osteoporosis (disorder),,active,2018-09-21T16:13:53+00:00,2018-09-21T16:13:53+00:00,2018,False
8164b370-f010-466b-88c9-c81ec372f1eb,2d95f315-808c-4b67-836b-e56bdba9dd21,271737000,Anemia (disorder),,active,1992-05-29T16:13:53+00:00,1992-05-29T16:13:53+00:00,1992,False
5df937fa-a7c5-444c-b680-60ac36fd13cc,2d95f315-808c-4b67-836b-e56bdba9dd21,15777000,Prediabetes,,active,1989-05-26T16:13:53+00:00,1989-05-26T16:13:53+00:00,1989,True
d8f5cfb2-463f-4cec-a903-f5f7426503f4,2d95f315-808c-4b67-836b-e56bdba9dd21,239873007,Osteoarthritis of knee,,active,2007-03-02T16:13:53+00:00,2007-03-02T16:13:53+00:00,2007,True
4ec49030-1506-445b-8aa1-bdd059a68ed2,2d95f315-808c-4b67-836b-e56bdba9dd21,10509002,Acute bronchitis (disorder),,resolved,2018-09-10T16:13:53+00:00,2018-09-10T16:13:53+00:00,2018,False
8b8db704-f8de-4d01-8644-941d94632480,2d95f315-808c-4b67-836b-e56bdba9dd21,44465007,Sprain of ankle,,resolved,2018-04-05T16:13:53+00:00,2018-04-05T16:13:53+00:00,2018,False
a48c40b0-cc93-4008-9b0c-072d1e505f0c,7d8d8cb5-24ff-4c7b-bb37-de80ce94155b,444814009,Viral sinusitis (disorder),,resolved,1993-10-10T02:39:21+00:00,1993-10-10T02:39:21+00:00,1993,False
b50ea5c0-b446-4302-9544-0887cb3a1486,7d8d8cb5-24ff-4c7b-bb37-de80ce94155b,162864005,Body mass index 30+ - obesity (finding),,active,1960-04-30T02:39:21+00:00,1960-04-30T02:39:21+00:00,1960,True
25ba8126-d873-4e71-86a9-52f0c670cef3,7d8d8cb5-24ff-4c7b-bb37-de80ce94155b,68496003,Polyp of colon,,active,1997-05-11T02:39:21+00:00,1997-05-11T02:39:21+00:00,1997,False
d2203620-357f-425c-b1eb-88b408a838e3,7d8d8cb5-24ff-4c7b-bb37-de80ce94155b,68496003,Polyp of colon,,resolved,1981-04-17T02:39:21+00:00,1981-04-17T02:39:21+00:00,1981,False
1d4735d5-7052-4fc8-881b-c76d61bf5fbd,7d8d8cb5-24ff-4c7b-bb37-de80ce94155b,68496003,Polyp of colon,,resolved,1975-04-24T02:39:21+00:00,1975-04-24T02:39:21+00:00,1975,False
0a0d6c45-3407-4a61-82d4-a5acf103cfa5,7d8d8cb5-24ff-4c7b-bb37-de80ce94155b,44465007,Sprain of ankle,,resolved,1995-09-21T02:39:21+00:00,1995-09-21T02:39:21+00:00,1995,False
bb63d78b-d0f1-4c77-9c3a-479f8bb5e46f,7d8d8cb5-24ff-4c7b-bb37-de80ce94155b,444814009,Viral sinusitis (disorder),,resolved,1991-08-25T02:39:21+00:00,1991-08-25T02:39:21+00:00,1991,False
75d91058-909f-4abb-9f0a-0e07be42f82e,7d8d8cb5-24ff-4c7b-bb37-de80ce94155b,93761005,Primary malignant neoplasm of colon,,active,1997-05-18T02:39:21+00:00,1997-05-18T02:39:21+00:00,1997,False
839119b6-106b-412f-915a-abc07c7db844,d5b9e8d1-eeab-48c6-bfc2-71b8f8ff342b,444814009,Viral sinusitis (disorder),,resolved,2011-06-15T08:57:20+00:00,2011-06-15T08:57:20+00:00,2011,False
f4e404c2-cf43-4ea8-9fff-6944a7cf7b2b,d5b9e8d1-eeab-48c6-bfc2-71b8f8ff342b,201834006,"Localized, primary osteoarthritis of the hand",,active,2008-11-26T08:57:20+00:00,2008-11-26T08:57:20+00:00,2008,True
b28692e6-e0f5-41b7-8e83-dd0ed345df66,d5b9e8d1-eeab-48c6-bfc2-71b8f8ff342b,444814009,Viral sinusitis (disorder),,resolved,2018-08-20T08:57:20+00:00,2018-08-20T08:57:20+00:00,2018,False
9fa9ceeb-ab15-49c8-a20d-3ccc4c7001f5,d5b9e8d1-eeab-48c6-bfc2-71b8f8ff342b,38822007,Cystitis,,resolved,2019-11-24T08:57:20+00:00,2019-11-24T08:57:20+00:00,2019,False
c610599b-d838-433a-ae21-fe28ab369bee,3be268d8-ec01-471a-937d-267bf0ed0b5c,444814009,Viral sinusitis (disorder),,resolved,2013-01-10T03:39:04+00:00,2013-01-10T03:39:04+00:00,2013,False
7a188803-6c33-4337-bce0-7a04981de5c4,3be268d8-ec01-471a-937d-267bf0ed0b5c,232353008,Perennial allergic rhinitis with seasonal variation,,active,1979-06-07T03:39:04+00:00,1979-06-07T03:39:04+00:00,1979,False
1cba607b-96d7-4ac2-bc86-6b1c530bb21f,3be268d8-ec01-471a-937d-267bf0ed0b5c,195967001,Asthma,,active,1994-06-03T03:39:04+00:00,1994-06-03T03:39:04+00:00,1994,True
759e420b-8a27-405c-8004-598d80f9950f,3be268d8-ec01-471a-937d-267bf0ed0b5c,162864005,Body mass index 30+ - obesity (finding),,active,1991-01-21T03:39:04+00:00,1991-01-21T03:39:04+00:00,1991,True
545973ed-13a1-432b-80b6-e48a4d924c4b,3be268d8-ec01-471a-937d-267bf0ed0b5c,195662009,Acute viral pharyngitis (disorder),,resolved,2015-03-02T03:39:04+00:00,2015-03-02T03:39:04+00:00,2015,False
7dfd1c5a-2560-4bc3-9251-aea678311430,65057126-d09f-49e2-ad8f-5a486ccf55f1,65363002,Otitis media,,resolved,2020-03-14T07:49:16+00:00,2020-03-14T07:49:16+00:00,2020,False
a2a013a5-cc18-43a7-bfe4-864da8047b80,65057126-d09f-49e2-ad8f-5a486ccf55f1,43878008,Streptococcal sore throat (disorder),,resolved,2020-10-14T07:49:16+00:00,2020-10-14T07:49:16+00:00,2020,False
f438766a-a804-46d0-96f3-ac43e405ea1a,65057126-d09f-49e2-ad8f-5a486ccf55f1,10509002,Acute bronchitis (disorder),,resolved,2021-02-04T07:49:16+00:00,2021-02-04T07:49:16+00:00,2021,False
05107342-75bf-4b70-93b9-9fb2d97c4c97,65057126-d09f-49e2-ad8f-5a486ccf55f1,10509002,Acute bronchitis (disorder),,resolved,2019-07-05T07:49:16+00:00,2019-07-05T07:49:16+00:00,2019,False
25e6531e-62fe-4120-9020-493c612df0c9,65057126-d09f-49e2-ad8f-5a486ccf55f1,10509002,Acute bronchitis (disorder),,resolved,2018-02-24T07:49:16+00:00,2018-02-24T07:49:16+00:00,2018,False
eb7f6b51-8f7e-41a5-a696-027e7ff5ef4a,54c48934-bec2-4773-89f5-f09f6fc6e6f9,10509002,Acute bronchitis (disorder),,resolved,2019-10-28T06:05:58+00:00,2019-10-28T06:05:58+00:00,2019,False
2a0299af-f80a-407c-92ae-12ff32fa8706,54c48934-bec2-4773-89f5-f09f6fc6e6f9,38341003,Hypertension,,active,2015-09-16T06:05:58+00:00,2015-09-16T06:05:58+00:00,2015,True
795534ef-9b80-41b5-8bb9-59656691e669,54c48934-bec2-4773-89f5-f09f6fc6e6f9,283385000,Laceration of thigh,,resolved,2016-03-20T06:05:58+00:00,2016-03-20T06:05:58+00:00,2016,False
7209029c-967d-447c-9753-5097dbb03a26,2bd18d48-1d2d-4edb-ad61-70bd7d91fe81,271737000,Anemia (disorder),,active,1974-06-20T06:29:54+00:00,1974-06-20T06:29:54+00:00,1974,False
ed55e6a7-a2a5-4317-a1ad-975defac1033,2bd18d48-1d2d-4edb-ad61-70bd7d91fe81,195662009,Acute viral pharyngitis (disorder),,resolved,2009-10-29T06:29:54+00:00,2009-10-29T06:29:54+00:00,2009,False
f5a4cc05-c70c-46d2-92d8-257001630dfa,2bd18d48-1d2d-4edb-ad61-70bd7d91fe81,15777000,Prediabetes,,active,1974-06-20T06:29:54+00:00,1974-06-20T06:29:54+00:00,1974,True
c5ce7e2c-ad46-4aa0-bfb3-456d9422bdb5,2bd18d48-1d2d-4edb-ad61-70bd7d91fe81,195662009,Acute viral pharyngitis (disorder),,resolved,2008-11-18T06:29:54+00:00,2008-11-18T06:29:54+00:00,2008,False
cff967a1-facb-458d-8e05-0eec826b862d,2bd18d48-1d2d-4edb-ad61-70bd7d91fe81,263102004,Fracture subluxation of wrist,,resolved,2011-12-18T06:29:54+00:00,2011-12-18T06:29:54+00:00,2011,False
8e877b7a-8fba-40e8-81c5-3ed1de635c35,2bd18d48-1d2d-4edb-ad61-70bd7d91fe81,26929004,Alzheimer's disease (disorder),,active,2007-01-25T06:29:54+00:00,2007-01-25T06:29:54+00:00,2007,False
a2f75df1-a52f-4434-909f-5559277417b9,2bd18d48-1d2d-4edb-ad61-70bd7d91fe81,444814009,Viral sinusitis (disorder),,resolved,2010-06-28T06:29:54+00:00,2010-06-28T06:29:54+00:00,2010,False
d50904ba-65d1-4668-ae1e-e05fe0d1d428,2bd18d48-1d2d-4edb-ad61-70bd7d91fe81,444814009,Viral sinusitis (disorder),,resolved,2007-02-16T06:29:54+00:00,2007-02-16T06:29:54+00:00,2007,False
711f3e38-244e-4b72-aa05-6f43172a3c79,2bd18d48-1d2d-4edb-ad61-70bd7d91fe81,10509002,Acute bronchitis (disorder),,resolved,2011-12-04T06:29:54+00:00,2011-12-04T06:29:54+00:00,2011,False
645cf9e0-106d-4430-b0e1-7894b5e4fed8,2bd18d48-1d2d-4edb-ad61-70bd7d91fe81,233604007,Pneumonia,,active,2013-05-23T06:29:54+00:00,2013-05-23T06:29:54+00:00,2013,False
240cf1b1-8623-460c-800a-b956c978700e,2bd18d48-1d2d-4edb-ad61-70bd7d91fe81,87433001,Pulmonary emphysema (disorder),,active,1969-08-28T06:29:54+00:00,1969-08-28T06:29:54+00:00,1969,False
b2c7786a-e6d8-44ae-87d5-19c512b61890,2bd18d48-1d2d-4edb-ad61-70bd7d91fe81,58150001,Fracture of clavicle,,resolved,2007-04-13T06:29:54+00:00,2007-04-13T06:29:54+00:00,2007,False
f10461bb-e359-46fe-8784-5b7af7631667,2bd18d48-1d2d-4edb-ad61-70bd7d91fe81,38341003,Hypertension,,active,1950-08-03T06:29:54+00:00,1950-08-03T06:29:54+00:00,1950,True
086a3308-6b67-40a2-9fbb-8b605052972b,a29740c4-30a5-442c-b49d-df0450de7388,444814009,Viral sinusitis (disorder),,resolved,2015-08-14T00:56:39+00:00,2015-08-14T00:56:39+00:00,2015,False
754677c0-3f5d-4c15-bbc6-867191eff683,a29740c4-30a5-442c-b49d-df0450de7388,196416002,Impacted molars,,active,1991-12-06T00:56:39+00:00,1991-12-06T00:56:39+00:00,1991,False
f787dc92-13dc-47b0-8c16-18a72be14db6,a29740c4-30a5-442c-b49d-df0450de7388,195662009,Acute viral pharyngitis (disorder),,resolved,2021-01-21T00:56:39+00:00,2021-01-21T00:56:39+00:00,2021,False
f179a860-85ad-4278-8c2b-f89f117cba78,a29740c4-30a5-442c-b49d-df0450de7388,195662009,Acute viral pharyngitis (disorder),,resolved,2013-02-18T00:56:39+00:00,2013-02-18T00:56:39+00:00,2013,False
9b4fa7b9-0260-44c6-bb8e-698cfebaa915,a29740c4-30a5-442c-b49d-df0450de7388,124171000119105,Chronic intractable migraine without aura,,active,1992-05-28T00:56:39+00:00,1992-05-28T00:56:39+00:00,1992,False
27ad700d-017f-43e4-8f70-6b9d129f6f5b,a29740c4-30a5-442c-b49d-df0450de7388,55680006,Drug overdose,,active,2002-10-06T00:56:39+00:00,2002-10-06T00:56:39+00:00,2002,False
0a431012-3c99-4649-b223-3ad42c8fe0d2,a29740c4-30a5-442c-b49d-df0450de7388,82423001,Chronic pain,,active,1993-03-09T00:56:39+00:00,1993-03-09T00:56:39+00:00,1993,False
f8129c99-cbd5-4f11-a165-afbffe7787a9,a29740c4-30a5-442c-b49d-df0450de7388,10509002,Acute bronchitis (disorder),,resolved,2014-12-23T00:56:39+00:00,2014-12-23T00:56:39+00:00,2014,False
ccfaf518-eba7-4b40-bcb0-cc08cf6b4a38,a29740c4-30a5-442c-b49d-df0450de7388,698754002,Chronic paralysis due to lesion of spinal cord,,active,2010-10-12T00:56:39+00:00,2010-10-12T00:56:39+00:00,2010,False
2344d954-544e-4aa6-82fa-0c4ac8c9b607,fbeb6608-4810-453b-a3a6-b34f321410b1,444814009,Viral sinusitis (disorder),,resolved,2018-07-11T18:33:39+00:00,2018-07-11T18:33:39+00:00,2018,False
eb248245-db3c-4588-9fad-f0ae0fe3464a,fbeb6608-4810-453b-a3a6-b34f321410b1,444814009,Viral sinusitis (disorder),,resolved,2011-09-24T18:33:39+00:00,2011-09-24T18:33:39+00:00,2011,False
c5ee3f4f-cc96-4f4e-8f43-7a9a7b48b04d,fbeb6608-4810-453b-a3a6-b34f321410b1,444448004,Injury of medial collateral ligament of knee,,resolved,2019-08-27T18:33:39+00:00,2019-08-27T18:33:39+00:00,2019,False
bf34a019-9ce7-4489-88c7-8a6549cddc70,fbeb6608-4810-453b-a3a6-b34f321410b1,70704007,Sprain of wrist,,resolved,2014-12-16T18:33:39+00:00,2014-12-16T18:33:39+00:00,2014,False
38d8fcbb-2239-4665-842c-4b23838cd842,fbeb6608-4810-453b-a3a6-b34f321410b1,10509002,Acute bronchitis (disorder),,resolved,2019-01-27T18:33:39+00:00,2019-01-27T18:33:39+00:00,2019,False
06f08b9f-93d2-456b-b140-fc993005dabb,fbeb6608-4810-453b-a3a6-b34f321410b1,10509002,Acute bronchitis (disorder),,resolved,2017-04-29T18:33:39+00:00,2017-04-29T18:33:39+00:00,2017,False
be6fabe9-ab5c-41c8-a980-e69382cc1c53,fbeb6608-4810-453b-a3a6-b34f321410b1,10509002,Acute bronchitis (disorder),,resolved,2015-05-17T18:33:39+00:00,2015-05-17T18:33:39+00:00,2015,False
18e07ee7-cfba-44b7-98c9-c7e42e7f16f6,fc200fa2-12c9-4276-ba4a-e0601d424e55,43878008,Streptococcal sore throat (disorder),,resolved,2020-08-24T04:38:16+00:00,2020-08-24T04:38:16+00:00,2020,False
9fc53840-d71a-4169-9217-0743b509c1bf,fc200fa2-12c9-4276-ba4a-e0601d424e55,43878008,Streptococcal sore throat (disorder),,resolved,2019-11-13T04:38:16+00:00,2019-11-13T04:38:16+00:00,2019,False
0b789a67-86b7-4ce7-afab-0fcde3f86fc0,7777f4bb-9c19-42fe-b09a-cd791ea99ac2,444814009,Viral sinusitis (disorder),,resolved,2020-12-18T18:07:25+00:00,2020-12-18T18:07:25+00:00,2020,False
945e2833-06b4-4f38-ad4d-1bfc6e5418b3,7777f4bb-9c19-42fe-b09a-cd791ea99ac2,444814009,Viral sinusitis (disorder),,resolved,2015-02-27T18:07:25+00:00,2015-02-27T18:07:25+00:00,2015,False
2cd6f4dc-14d9-4d41-8935-e43782343181,7777f4bb-9c19-42fe-b09a-cd791ea99ac2,195662009,Acute viral pharyngitis (disorder),,resolved,2018-06-07T18:07:25+00:00,2018-06-07T18:07:25+00:00,2018,False
ee434da5-90de-4312-ba7c-afccf72b3374,b3679343-2f2d-4b44-84a9-31fc259bfef1,75498004,Acute bacterial sinusitis (disorder),,resolved,2015-09-30T15:44:30+00:00,2015-09-30T15:44:30+00:00,2015,False
72b89908-6389-46ac-9a17-488465407b6f,b3679343-2f2d-4b44-84a9-31fc259bfef1,444814009,Viral sinusitis (disorder),,resolved,2019-04-26T15:44:30+00:00,2019-04-26T15:44:30+00:00,2019,False
2ae90a31-9234-45fd-8c79-78bd88a17a7d,b3679343-2f2d-4b44-84a9-31fc259bfef1,444814009,Viral sinusitis (disorder),,resolved,2011-05-11T15:44:30+00:00,2011-05-11T15:44:30+00:00,2011,False
0a48b0d4-b7ee-480d-b80a-856290dfb35d,b3679343-2f2d-4b44-84a9-31fc259bfef1,10509002,Acute bronchitis (disorder),,resolved,2021-02-12T15:44:30+00:00,2021-02-12T15:44:30+00:00,2021,False
17cb73e8-107a-4407-9b4c-3803190d91d3,c34852c9-ffba-4bda-890a-eef4bc683e42,444814009,Viral sinusitis (disorder),,resolved,2018-05-02T18:38:58+00:00,2018-05-02T18:38:58+00:00,2018,False
0799af7e-6a23-4aed-bca3-461aad2b5d14,c34852c9-ffba-4bda-890a-eef4bc683e42,19169002,Miscarriage in first trimester,,active,1959-04-05T18:38:58+00:00,1959-04-05T18:38:58+00:00,1959,False
7baea47a-0507-4fc4-87eb-da8260262d4d,c34852c9-ffba-4bda-890a-eef4bc683e42,64859006,Osteoporosis (disorder),,active,2016-10-09T18:38:58+00:00,2016-10-09T18:38:58+00:00,2016,False
f31758b6-e22e-4cc9-8d95-9283649f759b,c34852c9-ffba-4bda-890a-eef4bc683e42,162864005,Body mass index 30+ - obesity (finding),,active,1957-08-18T18:38:58+00:00,1957-08-18T18:38:58+00:00,1957,True
9c509295-cb49-49f8-869b-198bd6ed1989,c34852c9-ffba-4bda-890a-eef4bc683e42,195662009,Acute viral pharyngitis (disorder),,resolved,2014-09-24T18:38:58+00:00,2014-09-24T18:38:58+00:00,2014,False
6627acf8-0d57-4e49-be43-ae20f9fd5ff9,c34852c9-ffba-4bda-890a-eef4bc683e42,65966004,Fracture of forearm,,resolved,2020-12-16T18:38:58+00:00,2020-12-16T18:38:58+00:00,2020,False
0f17544f-8ad8-4b88-9b05-c6fede4d078a,c34852c9-ffba-4bda-890a-eef4bc683e42,40055000,Chronic sinusitis (disorder),,active,1957-11-19T18:38:58+00:00,1957-11-19T18:38:58+00:00,1957,False
de6d97df-25d4-4b5d-8205-bb68f3ab8719,c34852c9-ffba-4bda-890a-eef4bc683e42,201834006,"Localized, primary osteoarthritis of the hand",,active,1972-05-25T18:38:58+00:00,1972-05-25T18:38:58+00:00,1972,True
3871c663-9695-4079-bebc-4aecfdbc03e9,c34852c9-ffba-4bda-890a-eef4bc683e42,10509002,Acute bronchitis (disorder),,resolved,2018-07-16T18:38:58+00:00,2018-07-16T18:38:58+00:00,2018,False
611d9c36-5cce-4cf6-9584-5ba1429a0aef,c34852c9-ffba-4bda-890a-eef4bc683e42,49436004,Atrial Fibrillation,,active,2010-06-06T18:38:58+00:00,2010-06-06T18:38:58+00:00,2010,True
a16d6b9e-d5b2-47b7-8401-a747ec6eb5a7,c34852c9-ffba-4bda-890a-eef4bc683e42,443165006,Pathological fracture due to osteoporosis (disorder),,resolved,2020-12-16T18:38:58+00:00,2020-12-16T18:38:58+00:00,2020,False
f7814072-6d9b-4874-a85c-3fec067e25d4,c34852c9-ffba-4bda-890a-eef4bc683e42,65966004,Fracture of forearm,,resolved,2012-04-02T18:38:58+00:00,2012-04-02T18:38:58+00:00,2012,False
115ef390-3a31-42fb-b31a-368027e37969,c34852c9-ffba-4bda-890a-eef4bc683e42,55822004,Hyperlipidemia,,active,1974-06-30T18:38:58+00:00,1974-06-30T18:38:58+00:00,1974,True
161ded65-bd19-49dd-af3f-e22af48bb294,dbcdd082-df8c-45c5-b961-816cf90f70c4,428251008,History of appendectomy,,active,2017-12-28T10:47:29+00:00,2017-12-28T10:47:29+00:00,2017,False
3e569be2-0ef0-47ff-92d0-699f2114ae08,dbcdd082-df8c-45c5-b961-816cf90f70c4,271737000,Anemia (disorder),,active,2018-10-04T10:47:29+00:00,2018-10-04T10:47:29+00:00,2018,False
014089f2-3d78-47be-aaf8-8b2e62865a3a,dbcdd082-df8c-45c5-b961-816cf90f70c4,10509002,Acute bronchitis (disorder),,resolved,2015-09-04T10:47:29+00:00,2015-09-04T10:47:29+00:00,2015,False
34fe9631-b50d-477b-82e7-705c25b17d55,dbcdd082-df8c-45c5-b961-816cf90f70c4,15777000,Prediabetes,,active,2017-09-28T10:47:29+00:00,2017-09-28T10:47:29+00:00,2017,True
86209f97-05d2-40e0-8274-ee3f265f13ba,dbcdd082-df8c-45c5-b961-816cf90f70c4,10509002,Acute bronchitis (disorder),,resolved,2019-03-12T10:47:29+00:00,2019-03-12T10:47:29+00:00,2019,False
80b84e44-1679-400b-9468-e05f5caa2974,dbcdd082-df8c-45c5-b961-816cf90f70c4,74400008,Appendicitis,,active,2017-12-28T10:47:29+00:00,2017-12-28T10:47:29+00:00,2017,False
eca5345f-a6a3-4e3a-a87a-8f33a646b4d4,dbcdd082-df8c-45c5-b961-816cf90f70c4,444814009,Viral sinusitis (disorder),,resolved,2013-06-23T10:47:29+00:00,2013-06-23T10:47:29+00:00,2013,False
95fe9d88-0db4-4145-8265-43cea45ea0b6,775447e9-2cc5-4cc9-94de-d358d0efa661,444814009,Viral sinusitis (disorder),,resolved,2013-12-01T05:50:34+00:00,2013-12-01T05:50:34+00:00,2013,False
a77eaa55-d0a4-456a-9f5c-05ea4f60f8f2,775447e9-2cc5-4cc9-94de-d358d0efa661,36971009,Sinusitis (disorder),,resolved,2012-06-18T05:50:34+00:00,2012-06-18T05:50:34+00:00,2012,False
d36aeda5-df68-40b6-82b6-42b509ba6bcd,775447e9-2cc5-4cc9-94de-d358d0efa661,44465007,Sprain of ankle,,resolved,2016-01-19T05:50:34+00:00,2016-01-19T05:50:34+00:00,2016,False
27880db9-f239-49dc-be15-da32216503d4,775447e9-2cc5-4cc9-94de-d358d0efa661,195662009,Acute viral pharyngitis (disorder),,resolved,2015-07-06T05:50:34+00:00,2015-07-06T05:50:34+00:00,2015,False
d97f5e0e-e81e-4309-8314-daa5a2fd0301,775447e9-2cc5-4cc9-94de-d358d0efa661,40055000,Chronic sinusitis (disorder),,resolved,2009-11-23T05:50:34+00:00,2009-11-23T05:50:34+00:00,2009,False
ce02f89f-9ce8-48f8-8db5-910e78b959ab,775447e9-2cc5-4cc9-94de-d358d0efa661,10509002,Acute bronchitis (disorder),,resolved,2017-04-23T05:50:34+00:00,2017-04-23T05:50:34+00:00,2017,False
20029316-a772-4f1a-974f-5c2f3fbbffe0,775447e9-2cc5-4cc9-94de-d358d0efa661,283385000,Laceration of thigh,,resolved,2015-01-03T05:50:34+00:00,2015-01-03T05:50:34+00:00,2015,False
c9df85d3-aef2-469a-9f0b-28c32ce04f56,276e0848-caaf-4e0e-96ed-0d1f238b6ce8,703151001,History of single seizure (situation),,active,2001-10-25T13:10:39+00:00,2001-10-25T13:10:39+00:00,2001,False
7f8e6e88-1e6e-4051-b73f-30c212121409,276e0848-caaf-4e0e-96ed-0d1f238b6ce8,444814009,Viral sinusitis (disorder),,resolved,2011-10-18T13:10:39+00:00,2011-10-18T13:10:39+00:00,2011,False
ac0b6177-fd4d-4194-b089-2380e0563724,276e0848-caaf-4e0e-96ed-0d1f238b6ce8,128613002,Seizure disorder,,active,2001-10-25T13:10:39+00:00,2001-10-25T13:10:39+00:00,2001,False
de13a4c7-2afb-44f7-b0bc-df53fc729892,276e0848-caaf-4e0e-96ed-0d1f238b6ce8,84757009,Epilepsy,,active,2001-10-25T13:10:39+00:00,2001-10-25T13:10:39+00:00,2001,False
b37fffd8-bf95-436f-8a7a-84ab2355befe,276e0848-caaf-4e0e-96ed-0d1f238b6ce8,444814009,Viral sinusitis (disorder),,resolved,2012-01-07T13:10:39+00:00,2012-01-07T13:10:39+00:00,2012,False
94387198-31c5-4161-b06b-42de2bcf39c5,276e0848-caaf-4e0e-96ed-0d1f238b6ce8,195662009,Acute viral pharyngitis (disorder),,resolved,2018-01-30T13:10:39+00:00,2018-01-30T13:10:39+00:00,2018,False
