medication_id,patient_id,code,medication,status,intent,dosage,authored_on
d0b1888e-fd65-47a7-9181-0a855f9cf972,bb7fb8e1-1a76-4328-92ea-3852f34846e6,751905,Trinessa 28 Day Pack,stopped,order,,2017-05-25T04:33:37+00:00
8d355e8b-7ebe-4740-9454-4f16b5bff2b9,bb7fb8e1-1a76-4328-92ea-3852f34846e6,1367439,NuvaRing 0.12/0.015 MG per 24HR 21 Day Vaginal Ring,stopped,order,,2013-06-15T04:33:37+00:00
7c0446a3-201e-4656-bb54-88dd0eb17e58,bb7fb8e1-1a76-4328-92ea-3852f34846e6,1870230,NDA020800 0.3 ML Epinephrine 1 MG/ML Auto-Injector,active,order,,1996-11-12T04:33:37+00:00
34be4c6f-5777-469d-837b-c531d903ef47,bb7fb8e1-1a76-4328-92ea-3852f34846e6,748856,Yaz 28 Day Pack,stopped,order,,2018-05-20T04:33:37+00:00
fc3a8595-9df8-4da8-afc0-532acc99c93b,bb7fb8e1-1a76-4328-92ea-3852f34846e6,748856,Yaz 28 Day Pack,stopped,order,,2014-06-10T04:33:37+00:00
96850e42-f35f-4eb9-bd9c-fe6579912433,bb7fb8e1-1a76-4328-92ea-3852f34846e6,751905,Trinessa 28 Day Pack,stopped,order,,2012-06-20T04:33:37+00:00
08e31958-5bb4-4eb3-a785-0577e1ea4fe0,bb7fb8e1-1a76-4328-92ea-3852f34846e6,389221,Etonogestrel 68 MG Drug Implant,stopped,order,,2010-07-01T04:33:37+00:00
15318cd4-8ff6-45a5-9d02-190a3071e10d,bb7fb8e1-1a76-4328-92ea-3852f34846e6,665078,Loratadine 5 MG Chewable Tablet,active,order,,1996-11-12T04:33:37+00:00
5a8871e1-63ad-49bb-9ac6-4857705b90f8,bb7fb8e1-1a76-4328-92ea-3852f34846e6,751905,Trinessa 28 Day Pack,stopped,order,,2011-06-26T04:33:37+00:00
b96f709c-f2d7-42d6-b54f-405fb030cfbd,b89834ac-a767-4563-890b-cac9d55adb15,316672,Simvistatin 10 MG,stopped,order,,2012-10-01T20:25:13+00:00
76200829-747b-4a08-8523-81061d205935,b89834ac-a767-4563-890b-cac9d55adb15,316672,Simvistatin 10 MG,stopped,order,,2016-09-30T20:25:13+00:00
cb0bbaf0-1565-480e-9d79-034065477fd0,b89834ac-a767-4563-890b-cac9d55adb15,316672,Simvistatin 10 MG,active,order,,2020-09-29T20:25:13+00:00
a7d1e639-aed4-41b1-acfa-1b69820dd296,b89834ac-a767-4563-890b-cac9d55adb15,316672,Simvistatin 10 MG,stopped,order,,2015-10-01T20:25:13+00:00
cc5a0465-e4b9-4b48-a1ba-26a25eb42965,b89834ac-a767-4563-890b-cac9d55adb15,316672,Simvistatin 10 MG,stopped,order,,2019-09-30T20:25:13+00:00
53c7271d-28e1-4d7d-8ee3-8e19d0ba289b,b89834ac-a767-4563-890b-cac9d55adb15,316672,Simvistatin 10 MG,stopped,order,,2013-10-01T20:25:13+00:00
f2959fea-4ffa-4284-bfe5-339799062a9a,b89834ac-a767-4563-890b-cac9d55adb15,316672,Simvistatin 10 MG,stopped,order,,2017-09-30T20:25:13+00:00
c1828751-8ed2-49fe-b5ba-4f3e4a7a0c95,b89834ac-a767-4563-890b-cac9d55adb15,313782,Acetaminophen 325 MG Oral Tablet,stopped,order,,2014-05-19T20:25:13+00:00
7c5577e8-5b84-4a5f-b767-22b9df934c7b,b89834ac-a767-4563-890b-cac9d55adb15,316672,Simvistatin 10 MG,stopped,order,,2018-09-30T20:25:13+00:00
848a3eca-ce31-4b18-8b30-c643efa57efe,b89834ac-a767-4563-890b-cac9d55adb15,316672,Simvistatin 10 MG,stopped,order,,2014-10-01T20:25:13+00:00
c0ad841a-d671-4ca9-8290-9be407c15461,9afe28dc-7ad5-4e90-b6a6-16123eae98c3,2001499,Vitamin B 12 5 MG/ML Injectable Solution,active,order,,1978-06-29T06:29:54+00:00
fe99b4a5-ec01-4ea7-9caa-5420ba0ba50f,9afe28dc-7ad5-4e90-b6a6-16123eae98c3,562251,Amoxicillin 250 MG / Clavulanate 125 MG Oral Tablet,stopped,order,,2012-01-03T06:29:54+00:00
2ed55032-ccc6-4610-998c-c9f6bde7fe51,9afe28dc-7ad5-4e90-b6a6-16123eae98c3,752899,0.25 ML Leuprolide Acetate 30 MG/ML Prefilled Syringe,active,order,,2000-03-10T06:29:54+00:00
7543390c-e00c-463a-8643-130b4c10944c,9afe28dc-7ad5-4e90-b6a6-16123eae98c3,1860480,1 ML DOCEtaxel 20 MG/ML Injection,active,order,,2000-03-10T06:29:54+00:00
928aa845-fa90-4778-9df4-489a24bf9559,d4fb3bba-73a9-4b82-a0bc-678d47f386b4,316049,Hydrochlorothiazide 25 MG,active,order,,1999-08-22T22:30:06+00:00
80166f54-6f54-4e9e-af1d-8d0d8fe34f76,d4fb3bba-73a9-4b82-a0bc-678d47f386b4,748962,Camila 28 Day Pack,stopped,order,,2015-12-08T22:30:06+00:00
03e2945c-3348-4efd-8371-eb0c9490884d,d4fb3bba-73a9-4b82-a0bc-678d47f386b4,1000126,1 ML medroxyprogesterone acetate 150 MG/ML Injection,stopped,order,,2012-12-23T22:30:06+00:00
37ae1fe3-784a-47e3-a0a1-d15d277aecd0,d4fb3bba-73a9-4b82-a0bc-678d47f386b4,1367439,NuvaRing 0.12/0.015 MG per 24HR 21 Day Vaginal Ring,stopped,order,,2017-11-27T22:30:06+00:00
6d1437e6-7a7d-424e-98d1-685237c188ce,2094b6fa-01b6-4d0c-bef4-38931181732e,904419,Alendronic acid 10 MG Oral Tablet,active,order,,2015-01-22T05:47:30+00:00
5fc2fd1a-08dc-4674-ab2c-5075ff20759b,3552e945-2598-4993-b617-4133ab2ed914,316049,Hydrochlorothiazide 25 MG,active,order,,2004-06-11T15:26:27+00:00
5a49df69-ac5b-4cbd-ab35-b52e7fa715bf,004b7f3b-eaaa-4eda-81dc-3a82854a363d,748962,Camila 28 Day Pack,stopped,order,,2012-04-04T21:45:04+00:00
88fdd498-5b0c-4507-8742-fdd1f9751040,004b7f3b-eaaa-4eda-81dc-3a82854a363d,1043400,Acetaminophen 21.7 MG/ML / Dextromethorphan Hydrobromide 1 MG/ML / doxylamine succinate 0.417 MG/ML Oral Solution,stopped,order,,2017-01-13T21:45:04+00:00
3efba376-e874-4545-bb02-63f3a671f850,004b7f3b-eaaa-4eda-81dc-3a82854a363d,310965,Ibuprofen 200 MG Oral Tablet,stopped,order,,2016-04-06T21:45:04+00:00
2ca3760e-87da-408d-b9e5-89fb84b37bf9,004b7f3b-eaaa-4eda-81dc-3a82854a363d,313782,Acetaminophen 325 MG Oral Tablet,stopped,order,,2013-11-21T21:45:04+00:00
36df8712-c48f-4eae-8161-abcd7f2de4bc,004b7f3b-eaaa-4eda-81dc-3a82854a363d,562251,Amoxicillin 250 MG / Clavulanate 125 MG Oral Tablet,stopped,order,,2012-02-07T21:45:04+00:00
472ff88f-1132-4fc5-a0aa-a0b33908b224,004b7f3b-eaaa-4eda-81dc-3a82854a363d,389221,Etonogestrel 68 MG Drug Implant,stopped,order,,2013-03-30T21:45:04+00:00
dd5c774d-083a-42ca-afad-1f0481bad220,06895d41-5937-4e83-9f3d-0af09db31c69,904419,Alendronic acid 10 MG Oral Tablet,active,order,,2006-03-04T19:20:06+00:00
efda28ed-6f07-49c2-834c-0a4c16b9e965,06895d41-5937-4e83-9f3d-0af09db31c69,309097,Cefuroxime 250 MG Oral Tablet,stopped,order,,2010-12-24T19:20:06+00:00
13a8861d-05b9-4649-b073-786bd7df0117,06895d41-5937-4e83-9f3d-0af09db31c69,849574,Naproxen sodium 220 MG Oral Tablet,stopped,order,,1961-06-21T19:20:06+00:00
b565b64e-f0f7-4189-967b-3c244f1debc0,06895d41-5937-4e83-9f3d-0af09db31c69,1719286,10 ML Furosemide 10 MG/ML Injection,active,order,,2020-07-11T19:20:06+00:00
72caa7de-6fd9-4f03-b9fd-76d7fbe6d97c,06895d41-5937-4e83-9f3d-0af09db31c69,197604,Digoxin 0.125 MG Oral Tablet,active,order,,1992-12-19T19:20:06+00:00
dfc86db2-01c4-4ca3-9735-dfc215ccfb5c,06895d41-5937-4e83-9f3d-0af09db31c69,315971,Lasix 40mg,active,order,,2019-07-17T19:20:06+00:00
7b2dfee5-de0e-4dcc-8c83-c480b78b8262,06895d41-5937-4e83-9f3d-0af09db31c69,897718,Verapamil Hydrochloride 40 MG,active,order,,1992-12-19T19:20:06+00:00
d7afdbe0-1a9e-4f9e-9571-721ca22fde39,06895d41-5937-4e83-9f3d-0af09db31c69,866414,24 HR metoprolol succinate 100 MG Extended Release Oral Tablet [Toprol],active,order,,2019-07-17T19:20:06+00:00
a545918b-b03d-4ca1-91dc-cb47bb85bd5b,06895d41-5937-4e83-9f3d-0af09db31c69,855332,Warfarin Sodium 5 MG Oral Tablet,active,order,,1992-12-19T19:20:06+00:00
66138d89-474a-4db5-934a-7349c6ebe60b,d0f9bf93-f99f-4544-b095-1d3c5265b5bb,1000126,1 ML medroxyprogesterone acetate 150 MG/ML Injection,stopped,order,,2014-04-23T05:12:30+00:00
f027ddb1-321a-4404-a415-4f5d046bf9a6,d0f9bf93-f99f-4544-b095-1d3c5265b5bb,562251,Amoxicillin 250 MG / Clavulanate 125 MG Oral Tablet,stopped,order,,2017-11-26T05:12:30+00:00
0740d238-7339-4a66-88c9-41db750a1b57,d0f9bf93-f99f-4544-b095-1d3c5265b5bb,313782,Acetaminophen 325 MG Oral Tablet,stopped,order,,2020-08-13T05:12:30+00:00
0729ce61-1aee-4ef4-adf8-22df7665e78e,d0f9bf93-f99f-4544-b095-1d3c5265b5bb,1094107,Phenazopyridine hydrochloride 100 MG Oral Tablet,stopped,order,,2017-04-25T05:12:30+00:00
11318f54-ba88-4652-b318-70f95203a414,d0f9bf93-f99f-4544-b095-1d3c5265b5bb,749762,Seasonique 91 Day Pack,stopped,order,,2017-04-07T05:12:30+00:00
bdbc5ff6-3efd-4a23-b530-49a8fcdcdc2a,d0f9bf93-f99f-4544-b095-1d3c5265b5bb,749762,Seasonique 91 Day Pack,stopped,order,,2012-05-03T05:12:30+00:00
102be67e-30a6-4c99-950f-a4700a98e17f,d0f9bf93-f99f-4544-b095-1d3c5265b5bb,311989,Nitrofurantoin 5 MG/ML Oral Suspension,stopped,order,,2017-04-25T05:12:30+00:00
aed487ad-6960-46f0-b8c5-be115a2d73c4,d0f9bf93-f99f-4544-b095-1d3c5265b5bb,834102,Penicillin V Potassium 500 MG Oral Tablet,stopped,order,,2014-06-20T05:12:30+00:00
98f28c5f-b473-48e0-a498-a41f0b1831a2,d0f9bf93-f99f-4544-b095-1d3c5265b5bb,751905,Trinessa 28 Day Pack,stopped,order,,2018-04-02T05:12:30+00:00
55320cfd-42b7-4dbe-85d6-f6a60da86227,d0f9bf93-f99f-4544-b095-1d3c5265b5bb,308192,Amoxicillin 500 MG Oral Tablet,stopped,order,,2020-08-13T05:12:30+00:00
4568e773-672e-4d71-939b-3b24d8bb04a7,d0f9bf93-f99f-4544-b095-1d3c5265b5bb,861467,Meperidine Hydrochloride 50 MG Oral Tablet,stopped,order,,2020-08-13T05:12:30+00:00
8203d0fd-133d-45a6-bb5a-e16adeecfa1d,f9ed4a8e-44f9-4392-bf35-9857b65937c5,751905,Trinessa 28 Day Pack,stopped,order,,2014-08-08T11:12:13+00:00
43740d22-a437-42ad-a991-1a98c3f5fd91,f9ed4a8e-44f9-4392-bf35-9857b65937c5,749762,Seasonique 91 Day Pack,stopped,order,,2015-08-03T11:12:13+00:00
efd34008-5b62-4fc8-9386-fbd2dbde0bcb,f9ed4a8e-44f9-4392-bf35-9857b65937c5,562251,Amoxicillin 250 MG / Clavulanate 125 MG Oral Tablet,stopped,order,,2014-10-14T11:12:13+00:00
bf9cacbf-d959-447b-a878-2a34aa87b2a7,f9ed4a8e-44f9-4392-bf35-9857b65937c5,1534809,168 HR Ethinyl Estradiol 0.00146 MG/HR / norelgestromin 0.00625 MG/HR Transdermal System,stopped,order,,2012-08-18T11:12:13+00:00
f98cd563-c3fb-4284-ab63-5054a544dd4c,0d1c4ee3-084d-4818-9689-783e94162748,282464,Acetaminophen 160 MG Oral Tablet,stopped,order,,2014-10-30T20:11:16+00:00
fb2d6f05-9e3d-4555-b411-1e7d90b3c35b,0d1c4ee3-084d-4818-9689-783e94162748,282464,Acetaminophen 160 MG Oral Tablet,stopped,order,,2019-11-08T20:11:16+00:00
d69c7c83-a2a9-451a-9cc2-d30f54f79243,0d1c4ee3-084d-4818-9689-783e94162748,198405,Ibuprofen 100 MG Oral Tablet,stopped,order,,2017-10-19T20:11:16+00:00
95446775-3192-4455-bc53-7dfa579e05a6,802e150c-c3f3-4a2d-954f-9b7a92be59bc,748962,Camila 28 Day Pack,stopped,order,,2018-02-11T18:52:40+00:00
a8d702c5-ecf2-4759-b2f1-f727a8a4d3a5,802e150c-c3f3-4a2d-954f-9b7a92be59bc,831533,Errin 28 Day Pack,stopped,order,,2019-02-06T18:52:40+00:00
ec493fd4-760e-4c47-b461-b375588da4b5,802e150c-c3f3-4a2d-954f-9b7a92be59bc,316052,Hydrochlorothiazide 6.25 MG,stopped,order,,2013-04-26T18:52:40+00:00
acc43346-8fda-412d-b66d-78570f99f00f,802e150c-c3f3-4a2d-954f-9b7a92be59bc,316049,Hydrochlorothiazide 25 MG,active,order,,2016-02-12T18:52:40+00:00
8f42ef9d-36de-43ff-a36a-ec4f731d483b,802e150c-c3f3-4a2d-954f-9b7a92be59bc,1870230,NDA020800 0.3 ML Epinephrine 1 MG/ML Auto-Injector,active,order,,1996-02-19T18:52:40+00:00
25ca0152-3621-4ad9-a054-fd228c964edf,802e150c-c3f3-4a2d-954f-9b7a92be59bc,1534809,168 HR Ethinyl Estradiol 0.00146 MG/HR / norelgestromin 0.00625 MG/HR Transdermal System,stopped,order,,2020-02-01T18:52:40+00:00
38e2a83f-8d19-4ed3-8dca-85b2b8bb6e4c,802e150c-c3f3-4a2d-954f-9b7a92be59bc,748962,Camila 28 Day Pack,stopped,order,,2017-02-16T18:52:40+00:00
f911ab8d-02ff-4593-b9e1-d28b73cd6bdd,802e150c-c3f3-4a2d-954f-9b7a92be59bc,1049630,diphenhydrAMINE Hydrochloride 25 MG Oral Tablet,active,order,,1996-02-19T18:52:40+00:00
7afca009-2f35-475f-9d07-b2c5223c304b,11a7f0e3-b1d0-431c-adb6-ad1ad8d61720,849574,Naproxen sodium 220 MG Oral Tablet,active,order,,2006-02-24T22:40:48+00:00
b2e65f95-f9fc-41d3-b950-b9075356ca3c,11a7f0e3-b1d0-431c-adb6-ad1ad8d61720,197604,Digoxin 0.125 MG Oral Tablet,active,order,,2015-09-16T22:40:48+00:00
ff827624-8b78-4614-95cd-de5327775d8e,11a7f0e3-b1d0-431c-adb6-ad1ad8d61720,313782,Acetaminophen 325 MG Oral Tablet,stopped,order,,2014-02-07T22:40:48+00:00
3f3c72c7-975f-4d16-8fa0-8d511df90af1,11a7f0e3-b1d0-431c-adb6-ad1ad8d61720,313782,Acetaminophen 325 MG Oral Tablet,stopped,order,,2015-02-16T22:40:48+00:00
59de7006-7e72-4808-a49e-afa5d1f0143c,11a7f0e3-b1d0-431c-adb6-ad1ad8d61720,897718,Verapamil Hydrochloride 40 MG,active,order,,2015-09-16T22:40:48+00:00
812e78c3-573f-49f2-a745-d1555fd3cff3,11a7f0e3-b1d0-431c-adb6-ad1ad8d61720,855332,Warfarin Sodium 5 MG Oral Tablet,active,order,,2015-09-16T22:40:48+00:00
9fccfc69-3a5b-4393-af6e-12a9a7dda83a,28d83205-7289-4483-a25d-877009825909,316672,Simvistatin 10 MG,stopped,order,,2012-12-01T05:24:48+00:00
212519f4-9abe-438e-bc1f-4c8e7d56abac,28d83205-7289-4483-a25d-877009825909,316672,Simvistatin 10 MG,stopped,order,,2014-12-01T05:24:48+00:00
b5e950ff-f2d2-4582-8203-cd78a6f37b57,28d83205-7289-4483-a25d-877009825909,316672,Simvistatin 10 MG,stopped,order,,2000-12-04T05:24:48+00:00
d5ba477c-f677-4cb5-9b7c-9511db98dcbc,28d83205-7289-4483-a25d-877009825909,316672,Simvistatin 10 MG,stopped,order,,2016-11-30T05:24:48+00:00
4ac43bdc-e56f-464f-afc7-8313a48b15fb,28d83205-7289-4483-a25d-877009825909,316672,Simvistatin 10 MG,stopped,order,,2009-12-02T05:24:48+00:00
7f2979d7-8ec1-4431-a9c3-7e4415ba21e1,28d83205-7289-4483-a25d-877009825909,310965,Ibuprofen 200 MG Oral Tablet,stopped,order,,2018-04-13T05:24:48+00:00
921be7af-2d7e-4609-90bd-0afd879d3fe0,28d83205-7289-4483-a25d-877009825909,316672,Simvistatin 10 MG,stopped,order,,2007-12-03T05:24:48+00:00
28565030-2bb7-411c-98d5-c4a40213685a,28d83205-7289-4483-a25d-877009825909,316672,Simvistatin 10 MG,stopped,order,,1998-12-05T05:24:48+00:00
69a1df1c-1a69-484f-b972-e77b9d61ca8d,28d83205-7289-4483-a25d-877009825909,316672,Simvistatin 10 MG,stopped,order,,2002-12-04T05:24:48+00:00
e99a94f2-fea5-485a-9dd6-c0b10c29ae74,28d83205-7289-4483-a25d-877009825909,316672,Simvistatin 10 MG,stopped,order,,2003-12-04T05:24:48+00:00
e579ec26-3b99-4448-9fcf-0c21477127dc,28d83205-7289-4483-a25d-877009825909,316672,Simvistatin 10 MG,stopped,order,,2001-12-04T05:24:48+00:00
0860fd83-427d-4f71-b11b-dcd325c36552,28d83205-7289-4483-a25d-877009825909,316672,Simvistatin 10 MG,stopped,order,,1997-12-05T05:24:48+00:00
b4704f69-45a4-488a-8eb0-d9b4be04e219,28d83205-7289-4483-a25d-877009825909,316672,Simvistatin 10 MG,active,order,,2020-11-29T05:24:48+00:00
6fc30f48-71bf-4960-b257-9a63d6e1018f,28d83205-7289-4483-a25d-877009825909,316672,Simvistatin 10 MG,stopped,order,,2013-12-01T05:24:48+00:00
cb434e13-3d95-4cd0-885c-89626ef72354,28d83205-7289-4483-a25d-877009825909,316672,Simvistatin 10 MG,stopped,order,,2004-12-03T05:24:48+00:00
1b60b847-5497-4163-8f5a-2208361a5b74,28d83205-7289-4483-a25d-877009825909,316672,Simvistatin 10 MG,stopped,order,,2015-12-01T05:24:48+00:00
b0b68044-e81d-4030-8f1d-c0c592017b81,28d83205-7289-4483-a25d-877009825909,316672,Simvistatin 10 MG,stopped,order,,2008-12-02T05:24:48+00:00
002eb59e-0936-4257-9ca2-d862de60fe1e,28d83205-7289-4483-a25d-877009825909,316672,Simvistatin 10 MG,stopped,order,,2010-12-02T05:24:48+00:00
06b67638-626f-46d4-8df1-59157e50954a,28d83205-7289-4483-a25d-877009825909,316672,Simvistatin 10 MG,stopped,order,,2017-11-30T05:24:48+00:00
a8903c4b-97f7-4e46-98d5-9180157c5033,28d83205-7289-4483-a25d-877009825909,316672,Simvistatin 10 MG,stopped,order,,2005-12-03T05:24:48+00:00
1c5c4a16-f0c1-4da6-b0e8-4c038ed0b30c,28d83205-7289-4483-a25d-877009825909,316672,Simvistatin 10 MG,stopped,order,,2018-11-30T05:24:48+00:00
b9536b61-1737-46ac-ac00-c61772fef1eb,28d83205-7289-4483-a25d-877009825909,316672,Simvistatin 10 MG,stopped,order,,2006-12-03T05:24:48+00:00
5e409afe-3d86-461f-b884-d368c2605418,28d83205-7289-4483-a25d-877009825909,316672,Simvistatin 10 MG,stopped,order,,2011-12-02T05:24:48+00:00
adc524cd-c1c1-4960-baff-29680ddd6a72,28d83205-7289-4483-a25d-877009825909,316672,Simvistatin 10 MG,stopped,order,,1999-12-05T05:24:48+00:00
c559d565-507b-4947-8246-28658043cf49,28d83205-7289-4483-a25d-877009825909,316672,Simvistatin 10 MG,stopped,order,,2019-11-30T05:24:48+00:00
713f13e9-b001-4108-ab07-82ef44af7c70,28d83205-7289-4483-a25d-877009825909,316672,Simvistatin 10 MG,stopped,order,,1996-12-05T05:24:48+00:00
8e262122-7908-41c6-92fc-5ea604652cb3,af0e5952-c2ac-44fc-a896-36e9e30c2097,389221,Etonogestrel 68 MG Drug Implant,stopped,order,,2012-12-18T19:56:12+00:00
a0090222-3c0f-4836-b2f5-ee4abfa47b2f,af0e5952-c2ac-44fc-a896-36e9e30c2097,1043400,Acetaminophen 21.7 MG/ML / Dextromethorphan Hydrobromide 1 MG/ML / doxylamine succinate 0.417 MG/ML Oral Solution,stopped,order,,2017-07-25T19:56:12+00:00
82830436-592d-491e-9287-2f1f85ebbdff,af0e5952-c2ac-44fc-a896-36e9e30c2097,313782,Acetaminophen 325 MG Oral Tablet,stopped,order,,2014-07-02T19:56:12+00:00
f345c154-3daa-4211-9702-945589b37a8a,af0e5952-c2ac-44fc-a896-36e9e30c2097,757594,Jolivette 28 Day Pack,stopped,order,,2013-12-13T19:56:12+00:00
a1511f06-f69a-4c02-82ec-b2f8922bfcc3,af0e5952-c2ac-44fc-a896-36e9e30c2097,1094107,Phenazopyridine hydrochloride 100 MG Oral Tablet,stopped,order,,2018-03-24T19:56:12+00:00
b3a6d966-698d-4e54-a42b-1a4f2bf6d0a8,af0e5952-c2ac-44fc-a896-36e9e30c2097,860975,24 HR Metformin hydrochloride 500 MG Extended Release Oral Tablet,active,order,,2010-04-22T19:56:12+00:00
db249519-9bac-4a2b-9471-5ebc8daa1559,af0e5952-c2ac-44fc-a896-36e9e30c2097,1000126,1 ML medroxyprogesterone acetate 150 MG/ML Injection,stopped,order,,2014-12-08T19:56:12+00:00
5b2c596d-963a-4169-bb8a-c9d0fb9425ef,af0e5952-c2ac-44fc-a896-36e9e30c2097,311989,Nitrofurantoin 5 MG/ML Oral Suspension,stopped,order,,2018-03-24T19:56:12+00:00
18f925ac-7324-449c-941d-d6ff97affcc5,af0e5952-c2ac-44fc-a896-36e9e30c2097,389221,Etonogestrel 68 MG Drug Implant,stopped,order,,2019-12-29T19:56:12+00:00
ae913c21-5e2c-4fab-beee-0c8417ba15a8,af0e5952-c2ac-44fc-a896-36e9e30c2097,751905,Trinessa 28 Day Pack,stopped,order,,2011-12-24T19:56:12+00:00
9fe7cc4e-12c9-47b8-bcc7-18715b23e910,7d3aec4c-0f8f-4bde-b6c2-37fdb2c537d8,282464,Acetaminophen 160 MG Oral Tablet,stopped,order,,2019-11-26T03:32:37+00:00
2055ab0d-f5f8-4dc2-a7b3-223a46f38f6b,7d3aec4c-0f8f-4bde-b6c2-37fdb2c537d8,308182,Amoxicillin 250 MG Oral Capsule,stopped,order,,2019-11-26T03:32:37+00:00
4515fdee-78fc-4214-99c6-f9f1ba3ef8ce,a9dd69c1-b94a-4434-8239-48d264b39746,1000126,1 ML medroxyprogesterone acetate 150 MG/ML Injection,stopped,order,,2017-02-15T10:11:32+00:00
4594bafb-536b-4b4c-bed5-c3d13697519d,a9dd69c1-b94a-4434-8239-48d264b39746,2001499,Vitamin B 12 5 MG/ML Injectable Solution,active,order,,2010-05-20T10:11:32+00:00
a18b3975-64ed-4a89-98d0-0bd78a0b9a42,a9dd69c1-b94a-4434-8239-48d264b39746,1856546,Kyleena 19.5 MG Intrauterine System,active,order,,2021-01-25T10:11:32+00:00
8eb6fc99-a4f2-4983-91de-97c5994b0e51,a9dd69c1-b94a-4434-8239-48d264b39746,748879,Levora 0.15/30 28 Day Pack,stopped,order,,2016-02-21T10:11:32+00:00
3eb6f24a-1af7-4242-851c-7b48d1157fe1,a9dd69c1-b94a-4434-8239-48d264b39746,748962,Camila 28 Day Pack,stopped,order,,2019-02-05T10:11:32+00:00
c11b5048-e306-4698-b8bc-ececd26f571f,a9dd69c1-b94a-4434-8239-48d264b39746,389221,Etonogestrel 68 MG Drug Implant,stopped,order,,2012-01-08T10:11:32+00:00
6a43fc73-2d89-4ddb-9f8b-6d4c158a7820,a9dd69c1-b94a-4434-8239-48d264b39746,389221,Etonogestrel 68 MG Drug Implant,stopped,order,,2013-01-02T10:11:32+00:00
08bfb8b5-144a-48d9-8021-6b1c2b33eba5,a9dd69c1-b94a-4434-8239-48d264b39746,757594,Jolivette 28 Day Pack,stopped,order,,2020-01-31T10:11:32+00:00
7844aa53-ddd7-4883-a6cd-dc410601f1f1,a9dd69c1-b94a-4434-8239-48d264b39746,313782,Acetaminophen 325 MG Oral Tablet,stopped,order,,2020-05-07T10:11:32+00:00
924a8246-ef53-4381-955c-40748a1c5d07,a9dd69c1-b94a-4434-8239-48d264b39746,1534809,168 HR Ethinyl Estradiol 0.00146 MG/HR / norelgestromin 0.00625 MG/HR Transdermal System,stopped,order,,2011-01-13T10:11:32+00:00
73597a7c-22f9-43e0-8db5-470ce9d63a09,a9dd69c1-b94a-4434-8239-48d264b39746,757594,Jolivette 28 Day Pack,stopped,order,,2015-02-26T10:11:32+00:00
79227dfe-b6c1-41b7-b10a-3120ef74b0ca,1f456f0a-acb1-4728-82af-01ca57083c7b,316052,Hydrochlorothiazide 6.25 MG,stopped,order,,2012-06-04T14:10:09+00:00
f20f08b2-919c-4eb2-8e12-977130ca7948,1f456f0a-acb1-4728-82af-01ca57083c7b,316049,Hydrochlorothiazide 25 MG,active,order,,2013-06-10T14:10:09+00:00
2463dfcd-897c-4bc0-ab82-417fdddea39c,1f456f0a-acb1-4728-82af-01ca57083c7b,665078,Loratadine 5 MG Chewable Tablet,active,order,,1994-03-30T14:10:09+00:00
0292eea7-2040-416a-a967-1ba711a89dff,1f456f0a-acb1-4728-82af-01ca57083c7b,1870230,NDA020800 0.3 ML Epinephrine 1 MG/ML Auto-Injector,active,order,,1994-03-30T14:10:09+00:00
9dd996db-5ab4-4826-8d8c-7b1ab8d21070,1f456f0a-acb1-4728-82af-01ca57083c7b,745679,200 ACTUAT Albuterol 0.09 MG/ACTUAT Metered Dose Inhaler,stopped,order,,1996-06-27T14:10:09+00:00
7d7802d4-3820-4c1b-9e0a-12923aa4923d,1f456f0a-acb1-4728-82af-01ca57083c7b,895994,120 ACTUAT Fluticasone propionate 0.044 MG/ACTUAT Metered Dose Inhaler,stopped,order,,1996-06-27T14:10:09+00:00
d07d72c8-9000-4187-a0e3-3e2b21fd526b,3f1fe154-98d8-4d19-bf34-5497e37d2068,313782,Acetaminophen 325 MG Oral Tablet,stopped,order,,2017-12-04T12:55:57+00:00
f3a6c1f0-3896-4120-a186-920e593b305e,2cda5aad-e409-4070-9a15-e1c35c46ed5a,562251,Amoxicillin 250 MG / Clavulanate 125 MG Oral Tablet,stopped,order,,2014-10-04T09:51:38+00:00
83b6c511-8b78-4fe2-b484-346ddee61933,2cda5aad-e409-4070-9a15-e1c35c46ed5a,316049,Hydrochlorothiazide 25 MG,active,order,,2011-05-27T09:51:38+00:00
d7977dfa-dd7d-4390-b525-12e758f28c7b,2cda5aad-e409-4070-9a15-e1c35c46ed5a,562251,Amoxicillin 250 MG / Clavulanate 125 MG Oral Tablet,stopped,order,,2016-09-27T09:51:38+00:00
8b03ba69-61ee-4453-b94f-4a471a4ee790,5ee05359-57bf-4cee-8e89-91382c07e162,1660014,1 ML Epinephrine 1 MG/ML Injection,stopped,order,,1989-02-15T08:54:18+00:00
55b5db91-5f9d-4feb-8560-05d4c4e6794a,5ee05359-57bf-4cee-8e89-91382c07e162,705129,Nitroglycerin 0.4 MG/ACTUAT Mucosal Spray,active,order,,1983-07-13T08:54:18+00:00
0d4d2457-8b4e-423c-956d-88e2cfe3d46e,5ee05359-57bf-4cee-8e89-91382c07e162,313782,Acetaminophen 325 MG Oral Tablet,stopped,order,,1981-06-20T08:54:18+00:00
2f58ea32-51a7-49f2-b697-1b105a3cb5f3,5ee05359-57bf-4cee-8e89-91382c07e162,562251,Amoxicillin 250 MG / Clavulanate 125 MG Oral Tablet,stopped,order,,1980-03-30T08:54:18+00:00
4d9b241d-d415-4ed1-a15c-30fdb3e6b6f3,5ee05359-57bf-4cee-8e89-91382c07e162,1190795,Atropine Sulfate 1 MG/ML Injectable Solution,stopped,order,,1989-02-15T08:54:18+00:00
9a1bdeb4-b2d2-40a9-834a-1d1ce4a34426,5ee05359-57bf-4cee-8e89-91382c07e162,834357,3 ML Amiodarone hydrocholoride 50 MG/ML Prefilled Syringe,stopped,order,,1989-02-15T08:54:18+00:00
97b051c2-45aa-4b50-b23e-6ea9b0658c3a,5d08f7da-5a78-4d35-afec-9d2c2c0245ee,308971,Carbamazepine[Tegretol],active,order,,2004-09-25T22:22:41+00:00
caf189cb-6ef4-4718-90b6-2c438768e315,5d08f7da-5a78-4d35-afec-9d2c2c0245ee,562251,Amoxicillin 250 MG / Clavulanate 125 MG Oral Tablet,stopped,order,,2016-09-02T22:22:41+00:00
c84b4681-62ce-4c5e-804d-06ea0b7d7d26,5d08f7da-5a78-4d35-afec-9d2c2c0245ee,313782,Acetaminophen 325 MG Oral Tablet,stopped,order,,2018-06-07T22:22:41+00:00
d0ba77e0-7da9-4dc4-9c93-b05878739c09,5d08f7da-5a78-4d35-afec-9d2c2c0245ee,562251,Amoxicillin 250 MG / Clavulanate 125 MG Oral Tablet,stopped,order,,2013-08-29T22:22:41+00:00
d261dfc8-9790-4ea2-be2f-638c7ebe93f7,5d08f7da-5a78-4d35-afec-9d2c2c0245ee,861467,Meperidine Hydrochloride 50 MG Oral Tablet,stopped,order,,2018-06-14T22:22:41+00:00
83bfb395-6103-4045-a80a-4c201651e6aa,a74651a6-8141-4c7e-91b5-a43ce80e6b92,316049,Hydrochlorothiazide 25 MG,active,order,,1942-08-10T21:51:36+00:00
5a731013-35f4-49a5-9a26-ee354bd8bb9b,a74651a6-8141-4c7e-91b5-a43ce80e6b92,313782,Acetaminophen 325 MG Oral Tablet,stopped,order,,1952-12-21T21:51:36+00:00
90ca730b-2f42-4c30-bb90-d5bc28949a39,a74651a6-8141-4c7e-91b5-a43ce80e6b92,562251,Amoxicillin 250 MG / Clavulanate 125 MG Oral Tablet,stopped,order,,1950-11-13T21:51:36+00:00
9c4075c3-ffe6-4431-99c0-daa3f51841e7,a74651a6-8141-4c7e-91b5-a43ce80e6b92,563026,Diazepam [Valium],active,order,,1959-06-08T21:51:36+00:00
4a25a836-ca91-43e3-a371-ca336606021b,0b8d3c83-93f8-4f9a-b711-96b7d2e13264,749762,Seasonique 91 Day Pack,stopped,order,,2011-10-07T19:43:24+00:00
dc53d2d4-21ac-497b-babc-d4cc796c2511,0b8d3c83-93f8-4f9a-b711-96b7d2e13264,751905,Trinessa 28 Day Pack,stopped,order,,2010-10-12T19:43:24+00:00
b636d574-b1b5-4d7a-ab2a-ca313f92c181,0b8d3c83-93f8-4f9a-b711-96b7d2e13264,807283,Mirena 52 MG Intrauterine System,stopped,order,,2018-11-12T19:43:24+00:00
9e02c5cb-c1ff-4d7a-bcc8-13ca3d72213a,0b8d3c83-93f8-4f9a-b711-96b7d2e13264,389221,Etonogestrel 68 MG Drug Implant,stopped,order,,2014-09-21T19:43:24+00:00
7e435efb-d548-4701-83c4-eec93fcfaeb5,0b8d3c83-93f8-4f9a-b711-96b7d2e13264,978950,Natazia 28 Day Pack,stopped,order,,2016-11-22T19:43:24+00:00
96caf238-7f7f-4459-8601-eb8978ba94b9,ae8a896e-bbd9-4e1a-a732-1568df9d7527,562251,Amoxicillin 250 MG / Clavulanate 125 MG Oral Tablet,stopped,order,,2013-03-22T19:57:41+00:00
87aa7f61-253e-48ad-a5a4-359fccffa8bd,ae8a896e-bbd9-4e1a-a732-1568df9d7527,1043400,Acetaminophen 21.7 MG/ML / Dextromethorphan Hydrobromide 1 MG/ML / doxylamine succinate 0.417 MG/ML Oral Solution,stopped,order,,2018-06-02T19:57:41+00:00
e38b2911-9c8b-4921-b115-7e8f7ada559c,ae8a896e-bbd9-4e1a-a732-1568df9d7527,834102,Penicillin V Potassium 500 MG Oral Tablet,stopped,order,,2013-05-14T19:57:41+00:00
5e88e927-0ff1-407b-86d8-3d53c2babf6e,65b95f0a-e27d-4536-b04e-4e17a726ed38,106892,"insulin human, isophane 70 UNT/ML / Regular Insulin, Human 30 UNT/ML Injectable Suspension [Humulin]",active,order,,1997-02-11T21:04:33+00:00
24df3564-8ff0-44ed-aa8a-23f90ef3b554,65b95f0a-e27d-4536-b04e-4e17a726ed38,849574,Naproxen sodium 220 MG Oral Tablet,stopped,order,,2004-10-06T21:04:33+00:00
16a922e6-cb15-4afe-a318-61407ec8caa1,14867dba-fb11-4df3-9829-8e8e081b39e6,477045,Chlorpheniramine Maleate 2 MG/ML Oral Solution,active,order,,1986-05-07T00:54:07+00:00
2b84b347-5e9d-4585-bae8-51a59dc061d3,14867dba-fb11-4df3-9829-8e8e081b39e6,310965,Ibuprofen 200 MG Oral Tablet,stopped,order,,2016-06-08T00:54:07+00:00
c7d8ca2c-ef53-4600-bf94-555ed6d62d22,14867dba-fb11-4df3-9829-8e8e081b39e6,313782,Acetaminophen 325 MG Oral Tablet,stopped,order,,2012-12-29T00:54:07+00:00
b2d9a850-de6a-482e-8fbc-94923bb88f65,754942e7-108b-47eb-87ea-b365264e7ee6,308182,Amoxicillin 250 MG Oral Capsule,stopped,order,,2014-02-09T10:55:03+00:00
b4671a92-eb44-4f1f-83fb-ed488e54e04b,754942e7-108b-47eb-87ea-b365264e7ee6,834061,Penicillin V Potassium 250 MG Oral Tablet,stopped,order,,2011-12-29T10:55:03+00:00
f46f60e9-3229-4917-b81c-a6d7c0d35886,754942e7-108b-47eb-87ea-b365264e7ee6,198405,Ibuprofen 100 MG Oral Tablet,stopped,order,,2014-02-09T10:55:03+00:00
bb25bb40-da78-4f50-93ba-d3780a7ba672,030b3765-844c-4cc1-a36f-974c37895eee,757594,Jolivette 28 Day Pack,stopped,order,,2016-10-29T21:58:38+00:00
608187bb-f498-4588-86f7-01377951c294,030b3765-844c-4cc1-a36f-974c37895eee,748879,Levora 0.15/30 28 Day Pack,stopped,order,,2019-10-14T21:58:38+00:00
6a8f06b0-9cda-477f-a984-1be3928ec61d,030b3765-844c-4cc1-a36f-974c37895eee,748856,Yaz 28 Day Pack,stopped,order,,2011-07-06T21:58:38+00:00
4d09f066-3e00-4725-a548-21663dd00a5a,030b3765-844c-4cc1-a36f-974c37895eee,313782,Acetaminophen 325 MG Oral Tablet,stopped,order,,2014-10-10T21:58:38+00:00
9a131329-2bbe-43fa-9b1a-a3b075004122,aa0b29d0-6916-4fb7-85f0-6e42370dd5fa,310325,ferrous sulfate 325 MG Oral Tablet,active,order,,1966-10-10T16:42:48+00:00
39a374ed-49a2-4727-96aa-bc6855ea5eb1,aa0b29d0-6916-4fb7-85f0-6e42370dd5fa,562251,Amoxicillin 250 MG / Clavulanate 125 MG Oral Tablet,stopped,order,,2018-11-30T16:42:48+00:00
ef10f2f7-85fd-4482-af70-470ed134222f,aa0b29d0-6916-4fb7-85f0-6e42370dd5fa,310965,Ibuprofen 200 MG Oral Tablet,stopped,order,,2018-11-30T16:42:48+00:00
d60a25bc-0126-44af-88ff-d758f5831ad4,aa0b29d0-6916-4fb7-85f0-6e42370dd5fa,313782,Acetaminophen 325 MG Oral Tablet,stopped,order,,2020-02-08T16:42:48+00:00
5961f808-e6f9-45ba-bb45-7df210d2cc64,cb0a84bd-b04c-458e-baa3-c9f89ca767d7,282464,Acetaminophen 160 MG Oral Tablet,stopped,order,,2014-08-21T20:16:51+00:00
fc89cae6-3333-4003-903a-47cde1f08b51,cb0a84bd-b04c-458e-baa3-c9f89ca767d7,895994,120 ACTUAT Fluticasone propionate 0.044 MG/ACTUAT Metered Dose Inhaler,active,order,,2013-01-25T20:16:51+00:00
27ec5c97-deb9-442d-920b-b07f483d4da1,cb0a84bd-b04c-458e-baa3-c9f89ca767d7,745679,200 ACTUAT Albuterol 0.09 MG/ACTUAT Metered Dose Inhaler,active,order,,2013-01-25T20:16:51+00:00
6c9606d6-ae0f-429d-ba1c-d0006662ec5d,cb0a84bd-b04c-458e-baa3-c9f89ca767d7,313782,Acetaminophen 325 MG Oral Tablet,stopped,order,,2015-03-26T20:16:51+00:00
6d3efd79-08f6-4d5d-a59a-c52ee4525809,cb0a84bd-b04c-458e-baa3-c9f89ca767d7,1870230,NDA020800 0.3 ML Epinephrine 1 MG/ML Auto-Injector,active,order,,2010-03-24T20:16:51+00:00
4784b894-6d8d-4cec-86a2-2154c96e93ad,cb0a84bd-b04c-458e-baa3-c9f89ca767d7,1043400,Acetaminophen 21.7 MG/ML / Dextromethorphan Hydrobromide 1 MG/ML / doxylamine succinate 0.417 MG/ML Oral Solution,stopped,order,,2013-03-01T20:16:51+00:00
ad947e5c-d950-4280-95ef-265c1ed606e7,cb0a84bd-b04c-458e-baa3-c9f89ca767d7,1014676,cetirizine hydrochloride 5 MG Oral Tablet,active,order,,2010-03-24T20:16:51+00:00
d9c08922-371d-4fcd-a37a-4bffded54622,0488ce70-f68d-45fb-b6a5-29684d0e4f35,316672,Simvistatin 10 MG,stopped,order,,2015-06-11T06:23:34+00:00
edbc2554-4461-4233-b525-16c102819ee3,0488ce70-f68d-45fb-b6a5-29684d0e4f35,316672,Simvistatin 10 MG,stopped,order,,2016-06-10T06:23:34+00:00
ce1d218d-df2a-443a-bc1a-41cc819aa477,0488ce70-f68d-45fb-b6a5-29684d0e4f35,316672,Simvistatin 10 MG,active,order,,2020-06-09T06:23:34+00:00
aff2c759-8c4a-4add-9ec3-6abdbb93461c,0488ce70-f68d-45fb-b6a5-29684d0e4f35,316672,Simvistatin 10 MG,stopped,order,,2013-06-11T06:23:34+00:00
b5a5bf9c-3a98-47b1-8d72-bfd87efc73d0,0488ce70-f68d-45fb-b6a5-29684d0e4f35,316672,Simvistatin 10 MG,stopped,order,,2017-06-10T06:23:34+00:00
58c19c63-14e5-4d3e-8774-62e5d85a9499,0488ce70-f68d-45fb-b6a5-29684d0e4f35,316672,Simvistatin 10 MG,stopped,order,,2014-06-11T06:23:34+00:00
a14715e0-e542-48c0-8fca-5ce3c53f5a68,0488ce70-f68d-45fb-b6a5-29684d0e4f35,316672,Simvistatin 10 MG,stopped,order,,2012-06-11T06:23:34+00:00
6171020d-2a17-4dfa-b211-587ba28badda,0488ce70-f68d-45fb-b6a5-29684d0e4f35,316672,Simvistatin 10 MG,stopped,order,,2018-06-10T06:23:34+00:00
9333e913-46bb-4fae-8f45-971e925a3414,0488ce70-f68d-45fb-b6a5-29684d0e4f35,316672,Simvistatin 10 MG,stopped,order,,2019-06-10T06:23:34+00:00
d5e4c50a-f822-4eb8-aa4e-43bc06fe667d,0488ce70-f68d-45fb-b6a5-29684d0e4f35,834102,Penicillin V Potassium 500 MG Oral Tablet,stopped,order,,2013-09-06T06:23:34+00:00
0c0ddb6a-1da0-4f6c-ace9-649c14987d8f,0488ce70-f68d-45fb-b6a5-29684d0e4f35,316672,Simvistatin 10 MG,stopped,order,,2010-06-12T06:23:34+00:00
b047a8fe-c1e5-4549-bd1a-7fe6f69b6d9f,0488ce70-f68d-45fb-b6a5-29684d0e4f35,316672,Simvistatin 10 MG,stopped,order,,2011-06-12T06:23:34+00:00
1c8518e2-d55a-407b-b41f-73907d27957b,0488ce70-f68d-45fb-b6a5-29684d0e4f35,849574,Naproxen sodium 220 MG Oral Tablet,active,order,,2010-07-30T06:23:34+00:00
4e80a068-1006-4eb8-ab9e-1ac10241a77f,0488ce70-f68d-45fb-b6a5-29684d0e4f35,316672,Simvistatin 10 MG,stopped,order,,2009-06-12T06:23:34+00:00
6eabdf0b-4aab-4657-98b2-18febef08613,ede897d1-b0d4-4401-9c8b-45ccf637cbbd,316672,Simvistatin 10 MG,active,order,,2021-03-28T15:27:00+00:00
c348396f-fa52-46f1-9f6f-144b01a07132,ede897d1-b0d4-4401-9c8b-45ccf637cbbd,316049,Hydrochlorothiazide 25 MG,active,order,,1950-01-24T15:27:00+00:00
4ca97c16-1624-423b-8ac6-c65d9afb2d59,ede897d1-b0d4-4401-9c8b-45ccf637cbbd,316672,Simvistatin 10 MG,stopped,order,,2004-04-01T15:27:00+00:00
c29ceea6-c711-461e-950e-b94af601fa41,ede897d1-b0d4-4401-9c8b-45ccf637cbbd,316672,Simvistatin 10 MG,stopped,order,,2015-03-30T15:27:00+00:00
681da379-a278-4cef-b257-4004accb1d4c,ede897d1-b0d4-4401-9c8b-45ccf637cbbd,316672,Simvistatin 10 MG,stopped,order,,2020-03-28T15:27:00+00:00
ab83fc82-ff0d-4797-9fdd-e37e6dfade4a,ede897d1-b0d4-4401-9c8b-45ccf637cbbd,316672,Simvistatin 10 MG,stopped,order,,2005-04-01T15:27:00+00:00
7d34a8b0-9cb3-4695-9960-3b546a7dc412,ede897d1-b0d4-4401-9c8b-45ccf637cbbd,316672,Simvistatin 10 MG,stopped,order,,2014-03-30T15:27:00+00:00
05950d58-b7fc-4e31-ac77-dbce60a93b5c,ede897d1-b0d4-4401-9c8b-45ccf637cbbd,316672,Simvistatin 10 MG,stopped,order,,2008-03-31T15:27:00+00:00
9e897226-b922-415b-b0b7-26de0e0294c5,ede897d1-b0d4-4401-9c8b-45ccf637cbbd,316672,Simvistatin 10 MG,stopped,order,,1990-04-05T15:27:00+00:00
9b2fb5b6-ca6a-44ef-a4a2-0add2bd2fe59,ede897d1-b0d4-4401-9c8b-45ccf637cbbd,316672,Simvistatin 10 MG,stopped,order,,2002-04-02T15:27:00+00:00
f0154536-c813-4fc5-a330-0490a929b2a1,ede897d1-b0d4-4401-9c8b-45ccf637cbbd,316672,Simvistatin 10 MG,stopped,order,,1998-04-03T15:27:00+00:00
978e4c23-58ac-433f-8dc7-7f55d98ce7fe,ede897d1-b0d4-4401-9c8b-45ccf637cbbd,316672,Simvistatin 10 MG,stopped,order,,2019-03-29T15:27:00+00:00
2b6e61d6-2d11-48ce-9f00-dc858c6230f7,ede897d1-b0d4-4401-9c8b-45ccf637cbbd,316672,Simvistatin 10 MG,stopped,order,,1999-04-03T15:27:00+00:00
543cbcca-1172-43ba-bd39-ecfe17060607,ede897d1-b0d4-4401-9c8b-45ccf637cbbd,316672,Simvistatin 10 MG,stopped,order,,2001-04-02T15:27:00+00:00
d61fa32c-1b76-491c-9b22-deefa40de45b,ede897d1-b0d4-4401-9c8b-45ccf637cbbd,316672,Simvistatin 10 MG,stopped,order,,1991-04-05T15:27:00+00:00
125c4600-2d95-4968-a269-835f2a01608e,ede897d1-b0d4-4401-9c8b-45ccf637cbbd,316672,Simvistatin 10 MG,stopped,order,,1988-04-05T15:27:00+00:00
4043aa30-4657-4119-880d-a0585c7e6beb,ede897d1-b0d4-4401-9c8b-45ccf637cbbd,316672,Simvistatin 10 MG,stopped,order,,2013-03-30T15:27:00+00:00
f5cbfbbd-1371-465d-af2e-94709251202f,ede897d1-b0d4-4401-9c8b-45ccf637cbbd,316672,Simvistatin 10 MG,stopped,order,,2012-03-30T15:27:00+00:00
de2d61d2-5c99-4ee1-b603-4ee78d37f997,ede897d1-b0d4-4401-9c8b-45ccf637cbbd,316672,Simvistatin 10 MG,stopped,order,,1994-04-04T15:27:00+00:00
031b522d-6c8f-4831-a005-69d442d97ac5,ede897d1-b0d4-4401-9c8b-45ccf637cbbd,316672,Simvistatin 10 MG,stopped,order,,1996-04-03T15:27:00+00:00
5b01fce7-0e02-4225-9340-a4c434a5576d,ede897d1-b0d4-4401-9c8b-45ccf637cbbd,316672,Simvistatin 10 MG,stopped,order,,1993-04-04T15:27:00+00:00
e14ccb22-9d91-4a95-873d-32add59c4530,ede897d1-b0d4-4401-9c8b-45ccf637cbbd,316672,Simvistatin 10 MG,stopped,order,,2010-03-31T15:27:00+00:00
92eaed08-4ffc-4fd6-8153-b5660103122b,ede897d1-b0d4-4401-9c8b-45ccf637cbbd,316672,Simvistatin 10 MG,stopped,order,,1989-04-05T15:27:00+00:00
8178c61f-28a8-4a6f-baf6-c03d952b2e46,ede897d1-b0d4-4401-9c8b-45ccf637cbbd,316672,Simvistatin 10 MG,stopped,order,,2018-03-29T15:27:00+00:00
954d2ff5-31bc-4622-aed5-afff52c8e028,ede897d1-b0d4-4401-9c8b-45ccf637cbbd,316672,Simvistatin 10 MG,stopped,order,,2009-03-31T15:27:00+00:00
e09b7524-5724-4f6c-b12c-90a8da0d1eb6,ede897d1-b0d4-4401-9c8b-45ccf637cbbd,316672,Simvistatin 10 MG,stopped,order,,2011-03-31T15:27:00+00:00
d14821a2-2e4b-422f-a77c-a85ae61862c5,ede897d1-b0d4-4401-9c8b-45ccf637cbbd,316672,Simvistatin 10 MG,stopped,order,,2003-04-02T15:27:00+00:00
a6188fe1-a662-4132-848c-235f7c8bcad7,ede897d1-b0d4-4401-9c8b-45ccf637cbbd,316672,Simvistatin 10 MG,stopped,order,,2016-03-29T15:27:00+00:00
685961ad-0dbc-42b3-8151-4b9984aefaf6,ede897d1-b0d4-4401-9c8b-45ccf637cbbd,316672,Simvistatin 10 MG,stopped,order,,1997-04-03T15:27:00+00:00
d6a10202-15f2-4c32-a5e3-18c745a239c4,ede897d1-b0d4-4401-9c8b-45ccf637cbbd,316672,Simvistatin 10 MG,stopped,order,,2006-04-01T15:27:00+00:00
47f9ec05-8ea7-4510-9430-b7d1953e2984,ede897d1-b0d4-4401-9c8b-45ccf637cbbd,316672,Simvistatin 10 MG,stopped,order,,1995-04-04T15:27:00+00:00
eee34ede-7990-4696-9baf-211f740efb4a,ede897d1-b0d4-4401-9c8b-45ccf637cbbd,896209,60 ACTUAT Fluticasone propionate 0.25 MG/ACTUAT / salmeterol 0.05 MG/ACTUAT Dry Powder Inhaler,active,order,,2002-06-04T15:27:00+00:00
fdce9608-70e7-47a0-b76e-09db845d2833,ede897d1-b0d4-4401-9c8b-45ccf637cbbd,316672,Simvistatin 10 MG,stopped,order,,2000-04-02T15:27:00+00:00
00782bb3-2424-4798-827b-122717da49d6,ede897d1-b0d4-4401-9c8b-45ccf637cbbd,316672,Simvistatin 10 MG,stopped,order,,2007-04-01T15:27:00+00:00
97c534e1-6860-44d2-8f4a-9b460d14f375,ede897d1-b0d4-4401-9c8b-45ccf637cbbd,316672,Simvistatin 10 MG,stopped,order,,2017-03-29T15:27:00+00:00
d8d6e354-5b2b-4566-81f7-968dc50c9a24,ede897d1-b0d4-4401-9c8b-45ccf637cbbd,313782,Acetaminophen 325 MG Oral Tablet,stopped,order,,2020-02-13T15:27:00+00:00
3d085e83-b414-4550-ab68-03891ce91d42,ede897d1-b0d4-4401-9c8b-45ccf637cbbd,316672,Simvistatin 10 MG,stopped,order,,1992-04-04T15:27:00+00:00
d4c1ec6c-1b00-46db-b698-14cc24789de4,4bd94092-ce3a-404a-8d16-d6c84b9617bc,749762,Seasonique 91 Day Pack,stopped,order,,2016-04-26T08:11:23+00:00
fbf263cb-edb1-4c9e-af79-3d172a9bd4fd,4bd94092-ce3a-404a-8d16-d6c84b9617bc,316049,Hydrochlorothiazide 25 MG,active,order,,2020-06-23T08:11:23+00:00
e552b460-1ed1-4c28-a718-45375420eb5b,7c058fdc-75a9-4837-bedf-3bf1924311b7,282464,Acetaminophen 160 MG Oral Tablet,stopped,order,,2014-02-08T09:24:03+00:00
39ab2fb3-4476-4b58-9b9e-d19718b39fbe,7c058fdc-75a9-4837-bedf-3bf1924311b7,834061,Penicillin V Potassium 250 MG Oral Tablet,stopped,order,,2011-11-08T09:24:03+00:00
1d372f16-44b3-4ba2-a4a1-5089567620f1,dc877b20-081d-4109-9e97-99f0fdc58287,562251,Amoxicillin 250 MG / Clavulanate 125 MG Oral Tablet,stopped,order,,2015-12-19T17:09:13+00:00
a24e13e2-24a6-4cae-b400-7145ed137192,dc877b20-081d-4109-9e97-99f0fdc58287,966222,Levothyroxine Sodium 0.075 MG Oral Tablet,active,order,,2017-06-02T17:09:13+00:00
049e9b28-8c88-4783-a8b0-ea749362e051,775ae455-7966-416e-8d04-fd0b8fdac28f,389221,Etonogestrel 68 MG Drug Implant,stopped,order,,2016-11-10T22:56:38+00:00
3756b0cf-76dc-48b6-96cf-5e984daa45db,775ae455-7966-416e-8d04-fd0b8fdac28f,2001499,Vitamin B 12 5 MG/ML Injectable Solution,active,order,,2004-07-20T23:56:38+00:00
359e4780-c914-4c71-b035-277f96be8e27,775ae455-7966-416e-8d04-fd0b8fdac28f,1367439,NuvaRing 0.12/0.015 MG per 24HR 21 Day Vaginal Ring,stopped,order,,2015-11-16T22:56:38+00:00
40b4d966-c8c5-44f1-828c-bb5f624f24f9,775ae455-7966-416e-8d04-fd0b8fdac28f,477045,Chlorpheniramine Maleate 2 MG/ML Oral Solution,active,order,,1989-09-01T22:56:38+00:00
642d93e6-e957-4690-9222-c56503d33cd0,775ae455-7966-416e-8d04-fd0b8fdac28f,1870230,NDA020800 0.3 ML Epinephrine 1 MG/ML Auto-Injector,active,order,,1989-09-01T22:56:38+00:00
70823a0f-14ab-4e8b-b437-5d3f5a520d99,775ae455-7966-416e-8d04-fd0b8fdac28f,831533,Errin 28 Day Pack,active,order,,2020-10-20T22:56:38+00:00
32e2eb99-a266-4e9f-be9c-a85431e2e529,775ae455-7966-416e-8d04-fd0b8fdac28f,749762,Seasonique 91 Day Pack,stopped,order,,2012-12-01T22:56:38+00:00
734bee52-61bf-4dd7-b072-2592ddfb1715,775ae455-7966-416e-8d04-fd0b8fdac28f,749762,Seasonique 91 Day Pack,stopped,order,,2011-12-07T22:56:38+00:00
0ae0925f-69d4-4def-9cf0-d867087bd8bb,775ae455-7966-416e-8d04-fd0b8fdac28f,1000126,1 ML medroxyprogesterone acetate 150 MG/ML Injection,stopped,order,,2010-12-12T22:56:38+00:00
45cba5f8-bfa1-40a5-a3ad-5f84de789c3a,775ae455-7966-416e-8d04-fd0b8fdac28f,1000126,1 ML medroxyprogesterone acetate 150 MG/ML Injection,stopped,order,,2014-11-21T22:56:38+00:00
bfb3df25-964b-43c8-a4ce-6a0bf4bb4b7d,08bb5ad8-79b2-47ef-a0ad-81ef0b4ab2c3,1860154,Abuse-Deterrent 12 HR Oxycodone Hydrochloride 15 MG Extended Release Oral Tablet,stopped,order,,1993-10-28T07:44:08+00:00
11919426-9ae4-41ff-bee6-3eaa4e75e6ac,08bb5ad8-79b2-47ef-a0ad-81ef0b4ab2c3,1860154,Abuse-Deterrent 12 HR Oxycodone Hydrochloride 15 MG Extended Release Oral Tablet,stopped,order,,1993-09-21T07:44:08+00:00
aba2a698-f749-40a7-b80f-62d7b96d6630,08bb5ad8-79b2-47ef-a0ad-81ef0b4ab2c3,1860154,Abuse-Deterrent 12 HR Oxycodone Hydrochloride 15 MG Extended Release Oral Tablet,stopped,order,,1995-12-14T07:44:08+00:00
00aab5b4-7c33-4246-92c1-5dfded3439ee,08bb5ad8-79b2-47ef-a0ad-81ef0b4ab2c3,1860154,Abuse-Deterrent 12 HR Oxycodone Hydrochloride 15 MG Extended Release Oral Tablet,stopped,order,,1994-06-24T07:44:08+00:00
f412d184-545f-41ec-b65a-ad754b7fc973,08bb5ad8-79b2-47ef-a0ad-81ef0b4ab2c3,1310197,Acetaminophen 300 MG / HYDROcodone Bitartrate 5 MG [Vicodin],stopped,order,,1998-04-30T07:44:08+00:00
495d2433-c60b-40e8-8791-d96d890f18da,08bb5ad8-79b2-47ef-a0ad-81ef0b4ab2c3,1310197,Acetaminophen 300 MG / HYDROcodone Bitartrate 5 MG [Vicodin],stopped,order,,1995-02-23T07:44:08+00:00
40c43b99-76ac-431c-8d89-ac54bdd67307,08bb5ad8-79b2-47ef-a0ad-81ef0b4ab2c3,1049221,Acetaminophen 325 MG / Oxycodone Hydrochloride 5 MG Oral Tablet,stopped,order,,1999-01-05T07:44:08+00:00
b5b88067-1c46-4901-b703-04898c6e503b,08bb5ad8-79b2-47ef-a0ad-81ef0b4ab2c3,855332,Warfarin Sodium 5 MG Oral Tablet,active,order,,1986-07-26T07:44:08+00:00
4cc35d57-700e-4d00-b392-c537171801ff,08bb5ad8-79b2-47ef-a0ad-81ef0b4ab2c3,1860154,Abuse-Deterrent 12 HR Oxycodone Hydrochloride 15 MG Extended Release Oral Tablet,stopped,order,,1999-09-03T07:44:08+00:00
7d31b792-bde6-4c84-8748-0851ffd4b2d0,08bb5ad8-79b2-47ef-a0ad-81ef0b4ab2c3,1049221,Acetaminophen 325 MG / Oxycodone Hydrochloride 5 MG Oral Tablet,stopped,order,,1997-09-24T07:44:08+00:00
3942dbe2-1534-4c46-9a23-d8f9a6a475bc,08bb5ad8-79b2-47ef-a0ad-81ef0b4ab2c3,1860154,Abuse-Deterrent 12 HR Oxycodone Hydrochloride 15 MG Extended Release Oral Tablet,stopped,order,,2000-01-20T07:44:08+00:00
bc3cdf67-a87b-4405-9e8f-0e0a09758a96,08bb5ad8-79b2-47ef-a0ad-81ef0b4ab2c3,1310197,Acetaminophen 300 MG / HYDROcodone Bitartrate 5 MG [Vicodin],stopped,order,,1993-06-13T07:44:08+00:00
f28127aa-1d3c-4eb3-855c-33be388e4ef1,08bb5ad8-79b2-47ef-a0ad-81ef0b4ab2c3,1049221,Acetaminophen 325 MG / Oxycodone Hydrochloride 5 MG Oral Tablet,stopped,order,,1997-07-21T07:44:08+00:00
a386f27f-ce7a-4980-9b8c-2938cadc2d8f,08bb5ad8-79b2-47ef-a0ad-81ef0b4ab2c3,897718,Verapamil Hydrochloride 40 MG,active,order,,1986-07-26T07:44:08+00:00
38b87816-e4c0-4482-a241-b2acfc92872a,08bb5ad8-79b2-47ef-a0ad-81ef0b4ab2c3,1310197,Acetaminophen 300 MG / HYDROcodone Bitartrate 5 MG [Vicodin],stopped,order,,2000-05-24T07:44:08+00:00
1214df19-7376-4c17-ba23-6c50db941c11,08bb5ad8-79b2-47ef-a0ad-81ef0b4ab2c3,1049221,Acetaminophen 325 MG / Oxycodone Hydrochloride 5 MG Oral Tablet,stopped,order,,2000-08-27T07:44:08+00:00
827f0d4e-ae68-4156-908a-1806ade97adb,08bb5ad8-79b2-47ef-a0ad-81ef0b4ab2c3,1049221,Acetaminophen 325 MG / Oxycodone Hydrochloride 5 MG Oral Tablet,stopped,order,,1998-09-30T07:44:08+00:00
6f1f35e7-2de8-4a4e-a3c7-dfba069e454a,08bb5ad8-79b2-47ef-a0ad-81ef0b4ab2c3,1860154,Abuse-Deterrent 12 HR Oxycodone Hydrochloride 15 MG Extended Release Oral Tablet,stopped,order,,2000-02-26T07:44:08+00:00
1fa03137-5461-43e9-be8a-791e3514d9c3,08bb5ad8-79b2-47ef-a0ad-81ef0b4ab2c3,562251,Amoxicillin 250 MG / Clavulanate 125 MG Oral Tablet,stopped,order,,2000-08-24T07:44:08+00:00
7b70c02f-b8cf-4101-b90b-e64ad150a6ef,08bb5ad8-79b2-47ef-a0ad-81ef0b4ab2c3,1049221,Acetaminophen 325 MG / Oxycodone Hydrochloride 5 MG Oral Tablet,stopped,order,,1994-11-20T07:44:08+00:00
8f73200f-1103-461a-9d10-062a939bcd62,08bb5ad8-79b2-47ef-a0ad-81ef0b4ab2c3,1860154,Abuse-Deterrent 12 HR Oxycodone Hydrochloride 15 MG Extended Release Oral Tablet,stopped,order,,1999-05-15T07:44:08+00:00
466e7e1f-6a22-4908-8a40-d0fd19837ece,08bb5ad8-79b2-47ef-a0ad-81ef0b4ab2c3,1310197,Acetaminophen 300 MG / HYDROcodone Bitartrate 5 MG [Vicodin],stopped,order,,1997-01-07T07:44:08+00:00
8f852def-087f-48b1-9a14-a1f135270568,08bb5ad8-79b2-47ef-a0ad-81ef0b4ab2c3,1310197,Acetaminophen 300 MG / HYDROcodone Bitartrate 5 MG [Vicodin],stopped,order,,1998-07-04T07:44:08+00:00
ca210578-1851-4875-b16d-ff26c99706c1,08bb5ad8-79b2-47ef-a0ad-81ef0b4ab2c3,1310197,Acetaminophen 300 MG / HYDROcodone Bitartrate 5 MG [Vicodin],stopped,order,,1993-05-07T07:44:08+00:00
b4998def-542c-47aa-bbd7-b55d8f235b08,08bb5ad8-79b2-47ef-a0ad-81ef0b4ab2c3,1310197,Acetaminophen 300 MG / HYDROcodone Bitartrate 5 MG [Vicodin],stopped,order,,1999-06-28T07:44:08+00:00
79f62aab-e2b6-4bc0-b4d2-e522f59fb80a,08bb5ad8-79b2-47ef-a0ad-81ef0b4ab2c3,197604,Digoxin 0.125 MG Oral Tablet,active,order,,1986-07-26T07:44:08+00:00
444007b9-edbc-4a3c-aa77-341cb9b15f18,08bb5ad8-79b2-47ef-a0ad-81ef0b4ab2c3,896209,60 ACTUAT Fluticasone propionate 0.25 MG/ACTUAT / salmeterol 0.05 MG/ACTUAT Dry Powder Inhaler,active,order,,2001-06-23T07:44:08+00:00
77e589a3-cff0-4abd-afd0-70a28a479b4b,08bb5ad8-79b2-47ef-a0ad-81ef0b4ab2c3,1860154,Abuse-Deterrent 12 HR Oxycodone Hydrochloride 15 MG Extended Release Oral Tablet,stopped,order,,1994-04-04T07:44:08+00:00
36e61064-63ca-45c8-97ef-5aead2beb7aa,08bb5ad8-79b2-47ef-a0ad-81ef0b4ab2c3,1310197,Acetaminophen 300 MG / HYDROcodone Bitartrate 5 MG [Vicodin],stopped,order,,1992-10-24T07:44:08+00:00
e9db2ebf-c801-4aec-8c5a-7ff4e592cb67,08bb5ad8-79b2-47ef-a0ad-81ef0b4ab2c3,1049221,Acetaminophen 325 MG / Oxycodone Hydrochloride 5 MG Oral Tablet,stopped,order,,1996-05-04T07:44:08+00:00
791287e2-f236-48f4-ba5f-53c552f6c0de,08bb5ad8-79b2-47ef-a0ad-81ef0b4ab2c3,1310197,Acetaminophen 300 MG / HYDROcodone Bitartrate 5 MG [Vicodin],stopped,order,,1998-08-17T07:44:08+00:00
38de6c25-54df-4305-a57a-a09d0479a15f,08bb5ad8-79b2-47ef-a0ad-81ef0b4ab2c3,1049221,Acetaminophen 325 MG / Oxycodone Hydrochloride 5 MG Oral Tablet,stopped,order,,1996-07-01T07:44:08+00:00
36878d89-28b2-43fc-b1de-68a459d22029,08bb5ad8-79b2-47ef-a0ad-81ef0b4ab2c3,1310197,Acetaminophen 300 MG / HYDROcodone Bitartrate 5 MG [Vicodin],stopped,order,,1995-01-17T07:44:08+00:00
364334b0-a5e8-4e95-80a4-6223deca2b04,08bb5ad8-79b2-47ef-a0ad-81ef0b4ab2c3,1049221,Acetaminophen 325 MG / Oxycodone Hydrochloride 5 MG Oral Tablet,stopped,order,,1992-08-06T07:44:08+00:00
7e7173b2-f790-45e4-a1f6-469ecc243d62,08bb5ad8-79b2-47ef-a0ad-81ef0b4ab2c3,1049221,Acetaminophen 325 MG / Oxycodone Hydrochloride 5 MG Oral Tablet,stopped,order,,1997-05-08T07:44:08+00:00
241a9156-6bee-48b3-94f5-c7507c8bedc4,08bb5ad8-79b2-47ef-a0ad-81ef0b4ab2c3,1310197,Acetaminophen 300 MG / HYDROcodone Bitartrate 5 MG [Vicodin],stopped,order,,1995-08-11T07:44:08+00:00
3dee12b0-8ca8-4888-a5a3-44f597c2d3b4,08bb5ad8-79b2-47ef-a0ad-81ef0b4ab2c3,1860154,Abuse-Deterrent 12 HR Oxycodone Hydrochloride 15 MG Extended Release Oral Tablet,stopped,order,,1995-04-01T07:44:08+00:00
fac175fc-5483-4c86-ad23-fa8f89480110,08bb5ad8-79b2-47ef-a0ad-81ef0b4ab2c3,1860154,Abuse-Deterrent 12 HR Oxycodone Hydrochloride 15 MG Extended Release Oral Tablet,stopped,order,,1999-03-25T07:44:08+00:00
c9af383e-1e80-461a-b018-2c95592a0425,87a339d0-8cae-418e-89c7-8651e6aab3c6,1534809,168 HR Ethinyl Estradiol 0.00146 MG/HR / norelgestromin 0.00625 MG/HR Transdermal System,stopped,order,,2010-09-06T23:17:40+00:00
c6845e69-e8cb-4379-9c1a-ba795bc435d4,87a339d0-8cae-418e-89c7-8651e6aab3c6,389221,Etonogestrel 68 MG Drug Implant,stopped,order,,2013-08-21T23:17:40+00:00
3eb27b6b-199a-4ec1-a8e4-66fe8a4600cb,87a339d0-8cae-418e-89c7-8651e6aab3c6,1043400,Acetaminophen 21.7 MG/ML / Dextromethorphan Hydrobromide 1 MG/ML / doxylamine succinate 0.417 MG/ML Oral Solution,stopped,order,,2015-03-05T23:17:40+00:00
51287876-23ff-4cd9-a73c-d13b87dd03df,87a339d0-8cae-418e-89c7-8651e6aab3c6,748962,Camila 28 Day Pack,stopped,order,,2012-08-26T23:17:40+00:00
b83cf849-96da-4b59-912e-93b9bfed7d2b,87a339d0-8cae-418e-89c7-8651e6aab3c6,860975,24 HR Metformin hydrochloride 500 MG Extended Release Oral Tablet,active,order,,2001-03-14T23:17:40+00:00
288b3dc6-1b86-4447-8826-8eb2de56b933,018f428e-34f6-4707-8009-5ad742f901e7,310965,Ibuprofen 200 MG Oral Tablet,stopped,order,,2017-03-21T23:37:54+00:00
5dc51a75-3741-4343-a466-5dc8aa9b1a9a,018f428e-34f6-4707-8009-5ad742f901e7,861467,Meperidine Hydrochloride 50 MG Oral Tablet,stopped,order,,2017-03-28T23:37:54+00:00
748a3808-c397-4d39-9979-ce0961be661d,689892bd-dcbe-41fc-8651-38a1d0893854,316672,Simvistatin 10 MG,active,order,,2020-12-11T04:51:58+00:00
c9fe2077-e9f6-49aa-ab66-bc77c50cb7bf,689892bd-dcbe-41fc-8651-38a1d0893854,316672,Simvistatin 10 MG,stopped,order,,2016-12-12T04:51:58+00:00
1a17e1a9-b805-4b54-8b8f-6cf4d83b67ac,689892bd-dcbe-41fc-8651-38a1d0893854,316049,Hydrochlorothiazide 25 MG,active,order,,1984-08-13T04:51:58+00:00
7a485eef-a95b-465b-88d7-560a1ecdcd4e,689892bd-dcbe-41fc-8651-38a1d0893854,316672,Simvistatin 10 MG,stopped,order,,2018-12-12T04:51:58+00:00
34a6a8ff-7fe9-4965-ae63-88fb124146e4,689892bd-dcbe-41fc-8651-38a1d0893854,316672,Simvistatin 10 MG,stopped,order,,2017-12-12T04:51:58+00:00
bbe6038a-27db-4ee6-8f4a-7f7b77ae9530,689892bd-dcbe-41fc-8651-38a1d0893854,316672,Simvistatin 10 MG,stopped,order,,2019-12-12T04:51:58+00:00
43cb8532-dec1-49da-8723-99584d4ab494,9e691882-981e-4dd3-af5e-be44d315d715,313782,Acetaminophen 325 MG Oral Tablet,stopped,order,,2013-11-06T00:39:23+00:00
3c0e21c5-654c-4af7-891e-7bc129c4a35a,9e691882-981e-4dd3-af5e-be44d315d715,807283,Mirena 52 MG Intrauterine System,stopped,order,,2014-01-02T00:39:23+00:00
18cabc6d-4817-41fc-b37f-8e1fc1172700,9e691882-981e-4dd3-af5e-be44d315d715,834102,Penicillin V Potassium 500 MG Oral Tablet,stopped,order,,2011-05-28T00:39:23+00:00
e1dff5f2-6cf9-40af-a5a1-e7f6b330a3f8,9e691882-981e-4dd3-af5e-be44d315d715,849574,Naproxen sodium 220 MG Oral Tablet,stopped,order,,2015-07-20T00:39:23+00:00
dd77e689-4a2e-4f97-961b-563aee80836d,9e691882-981e-4dd3-af5e-be44d315d715,834102,Penicillin V Potassium 500 MG Oral Tablet,stopped,order,,2021-03-14T00:39:23+00:00
e60020ee-32fe-4e36-8141-3dc32b039415,9e691882-981e-4dd3-af5e-be44d315d715,748856,Yaz 28 Day Pack,stopped,order,,2017-12-19T00:39:23+00:00
10798e1f-c309-486a-9af5-c04c4ba2cda4,9e691882-981e-4dd3-af5e-be44d315d715,748962,Camila 28 Day Pack,stopped,order,,2012-01-13T00:39:23+00:00
de12a446-ba84-49d3-ae12-7f42d55d0295,eedd6def-8163-4238-825f-19e8bbd63d34,197604,Digoxin 0.125 MG Oral Tablet,active,order,,2020-08-14T12:07:22+00:00
b77a712a-46c3-4358-bf13-8ad7d833fd5d,eedd6def-8163-4238-825f-19e8bbd63d34,849574,Naproxen sodium 220 MG Oral Tablet,stopped,order,,2018-11-15T12:07:22+00:00
b2cc3156-6c01-4b5a-9b54-e81be8c4d3aa,eedd6def-8163-4238-825f-19e8bbd63d34,897718,Verapamil Hydrochloride 40 MG,active,order,,2020-08-14T12:07:22+00:00
6910b73d-3c61-4139-ad32-f082cd4ffd3c,eedd6def-8163-4238-825f-19e8bbd63d34,855332,Warfarin Sodium 5 MG Oral Tablet,active,order,,2020-08-14T12:07:22+00:00
53a0aa12-f379-4746-a2b2-d7d2409ea8f5,6daf3d7c-1620-4d79-9396-990469306470,895994,120 ACTUAT Fluticasone propionate 0.044 MG/ACTUAT Metered Dose Inhaler,active,order,,2018-04-10T11:09:14+00:00
7b0a33e2-3d1c-4834-8226-a59bea6353fb,6daf3d7c-1620-4d79-9396-990469306470,665078,Loratadine 5 MG Chewable Tablet,active,order,,2016-01-15T11:09:14+00:00
4415c9eb-82b4-424d-b59f-5c38a5f96d53,6daf3d7c-1620-4d79-9396-990469306470,1870230,NDA020800 0.3 ML Epinephrine 1 MG/ML Auto-Injector,active,order,,2016-01-15T11:09:14+00:00
0effe758-84f8-4a52-b62e-2074442a828d,6daf3d7c-1620-4d79-9396-990469306470,745679,200 ACTUAT Albuterol 0.09 MG/ACTUAT Metered Dose Inhaler,active,order,,2018-04-10T11:09:14+00:00
06ecd70c-804c-4e8b-9769-fb8b025e0db9,6daf3d7c-1620-4d79-9396-990469306470,313782,Acetaminophen 325 MG Oral Tablet,stopped,order,,2017-06-23T11:09:14+00:00
bed77137-32d6-46d7-8113-dc819fd22f19,6daf3d7c-1620-4d79-9396-990469306470,562251,Amoxicillin 250 MG / Clavulanate 125 MG Oral Tablet,stopped,order,,2019-02-03T11:09:14+00:00
612eb7fa-5376-44e4-8045-dd3984f3d9b4,86512c6f-caf6-41f4-9503-e4270b37b94f,313782,Acetaminophen 325 MG Oral Tablet,stopped,order,,2016-03-12T19:22:25+00:00
b99d932d-1b58-4d4a-a4a2-1bcda8b9ddf4,a8ddde95-60c6-4aae-9db8-bb863179ebc3,855332,Warfarin Sodium 5 MG Oral Tablet,active,order,,2005-02-21T14:40:43+00:00
b213ce88-79ec-4227-86be-9fee8c5c62f8,a8ddde95-60c6-4aae-9db8-bb863179ebc3,197361,Amlodipine 5 MG Oral Tablet,active,order,,1996-02-26T14:40:43+00:00
e707c6d2-894a-4b57-999a-a5756dab29c4,a8ddde95-60c6-4aae-9db8-bb863179ebc3,705129,Nitroglycerin 0.4 MG/ACTUAT Mucosal Spray,active,order,,1966-12-05T14:40:43+00:00
859eb2ed-10ba-4a43-adee-dc9fdf94a60d,a8ddde95-60c6-4aae-9db8-bb863179ebc3,312961,Simvastatin 20 MG Oral Tablet,active,order,,1994-02-21T14:40:43+00:00
3742dcaa-89bc-4316-b89e-6056e639b92c,a8ddde95-60c6-4aae-9db8-bb863179ebc3,197604,Digoxin 0.125 MG Oral Tablet,active,order,,2005-02-21T14:40:43+00:00
c6d0fdc7-4d31-4b96-849a-560a4cb72983,a8ddde95-60c6-4aae-9db8-bb863179ebc3,897718,Verapamil Hydrochloride 40 MG,active,order,,2005-02-21T14:40:43+00:00
6e4038db-a1b2-46ca-a83e-3d2280d8c9bd,a8ddde95-60c6-4aae-9db8-bb863179ebc3,896209,60 ACTUAT Fluticasone propionate 0.25 MG/ACTUAT / salmeterol 0.05 MG/ACTUAT Dry Powder Inhaler,active,order,,2008-03-10T14:40:43+00:00
b4f1f900-a0f2-4987-9c37-72c99d4a923b,a8ddde95-60c6-4aae-9db8-bb863179ebc3,309362,Clopidogrel 75 MG Oral Tablet,active,order,,2000-03-06T14:40:43+00:00
a42666dc-c4db-489a-a97b-760f68eda024,bfa92124-f8a9-4bc3-92ff-fcc768685b5e,106258,Hydrocortisone 10 MG/ML Topical Cream,active,order,,2014-03-25T02:09:52+00:00
96c4f6ae-9389-4f70-9e3a-88e7b6890e6f,bfa92124-f8a9-4bc3-92ff-fcc768685b5e,313782,Acetaminophen 325 MG Oral Tablet,stopped,order,,2013-07-08T02:09:52+00:00
ba0767bb-e31a-494e-b432-2a57ca585604,bfa92124-f8a9-4bc3-92ff-fcc768685b5e,1000126,1 ML medroxyprogesterone acetate 150 MG/ML Injection,stopped,order,,2017-02-20T02:09:52+00:00
5dddfab8-4154-43e0-8e3c-1fa712550b5b,bfa92124-f8a9-4bc3-92ff-fcc768685b5e,313782,Acetaminophen 325 MG Oral Tablet,stopped,order,,2012-03-29T02:09:52+00:00
db7568cf-8307-490f-85fa-e7e0af77f0f0,bfa92124-f8a9-4bc3-92ff-fcc768685b5e,311372,Loratadine 10 MG Oral Tablet,active,order,,2014-04-08T02:09:52+00:00
db63bb24-f2fc-483c-9222-0ecad2f26720,bfa92124-f8a9-4bc3-92ff-fcc768685b5e,1000126,1 ML medroxyprogesterone acetate 150 MG/ML Injection,stopped,order,,2016-02-26T02:09:52+00:00
6d81f65a-b9e3-416b-a948-0d4cd59beadc,bfa92124-f8a9-4bc3-92ff-fcc768685b5e,1870230,NDA020800 0.3 ML Epinephrine 1 MG/ML Auto-Injector,active,order,,2014-04-08T02:09:52+00:00
78c3ef51-b59a-4d44-b8ef-7fb7def8a37a,546ebc02-7a24-497f-bcbc-e3bb473dac7a,562251,Amoxicillin 250 MG / Clavulanate 125 MG Oral Tablet,stopped,order,,2020-05-11T11:51:55+00:00
9d53812a-bd22-4088-badc-e22083ff9ce9,546ebc02-7a24-497f-bcbc-e3bb473dac7a,313782,Acetaminophen 325 MG Oral Tablet,stopped,order,,2020-04-16T11:51:55+00:00
34961c46-6f18-4a6f-9de0-525ae8a30210,ebd50853-8a52-423a-8f6d-cb6dda740a1a,197604,Digoxin 0.125 MG Oral Tablet,active,order,,2014-06-10T06:12:43+00:00
96beebf5-ea9c-483d-afe4-3d0d44c1e97c,ebd50853-8a52-423a-8f6d-cb6dda740a1a,316672,Simvistatin 10 MG,stopped,order,,2011-06-14T06:12:43+00:00
21b43422-5a37-4841-8be5-54bcecdb15a9,ebd50853-8a52-423a-8f6d-cb6dda740a1a,316672,Simvistatin 10 MG,stopped,order,,2017-06-12T06:12:43+00:00
ce24988e-a627-4ce0-a461-dfc2cbc51c91,ebd50853-8a52-423a-8f6d-cb6dda740a1a,316672,Simvistatin 10 MG,stopped,order,,2018-06-12T06:12:43+00:00
d77acc67-0085-45dd-9a3d-4675d11dc042,ebd50853-8a52-423a-8f6d-cb6dda740a1a,316672,Simvistatin 10 MG,stopped,order,,2015-06-13T06:12:43+00:00
ab4d7684-fcd8-40b6-bf83-84bd75e36733,ebd50853-8a52-423a-8f6d-cb6dda740a1a,562251,Amoxicillin 250 MG / Clavulanate 125 MG Oral Tablet,stopped,order,,2019-11-30T06:12:43+00:00
c824cc9b-97ea-4194-b17a-c4dcbe3d21c3,ebd50853-8a52-423a-8f6d-cb6dda740a1a,316672,Simvistatin 10 MG,stopped,order,,2012-06-13T06:12:43+00:00
ee2ee7fa-defc-4913-98ba-7c861d61520d,ebd50853-8a52-423a-8f6d-cb6dda740a1a,316672,Simvistatin 10 MG,stopped,order,,2016-06-12T06:12:43+00:00
82150dcc-db36-49c0-bda2-774a8adcab47,ebd50853-8a52-423a-8f6d-cb6dda740a1a,897718,Verapamil Hydrochloride 40 MG,active,order,,2014-06-10T06:12:43+00:00
5cc74c24-bce7-488f-9029-5adbf4936c12,ebd50853-8a52-423a-8f6d-cb6dda740a1a,316672,Simvistatin 10 MG,stopped,order,,2014-06-13T06:12:43+00:00
9ada8841-e2a4-4d75-8ba1-660aafcf89ac,ebd50853-8a52-423a-8f6d-cb6dda740a1a,316672,Simvistatin 10 MG,active,order,,2020-06-11T06:12:43+00:00
34ccf9ec-4da8-4ea0-a162-16bd708e856a,ebd50853-8a52-423a-8f6d-cb6dda740a1a,1599803,24 HR Donepezil hydrochloride 10 MG / Memantine hydrochloride 28 MG Extended Release Oral Capsule,active,order,,2019-06-28T06:12:43+00:00
84c7799c-f22a-48c9-83b5-0f40ce2b2b18,ebd50853-8a52-423a-8f6d-cb6dda740a1a,316672,Simvistatin 10 MG,stopped,order,,2013-06-13T06:12:43+00:00
49cddefe-f094-4a04-bdd0-f7b1225b22db,ebd50853-8a52-423a-8f6d-cb6dda740a1a,316672,Simvistatin 10 MG,stopped,order,,2019-06-12T06:12:43+00:00
862e9916-9113-4350-885c-95b17b2320f1,ebd50853-8a52-423a-8f6d-cb6dda740a1a,855332,Warfarin Sodium 5 MG Oral Tablet,active,order,,2014-06-10T06:12:43+00:00
9220d788-4891-4485-9664-0cac64dd4874,ebd50853-8a52-423a-8f6d-cb6dda740a1a,310436,Galantamine 4 MG Oral Tablet,stopped,order,,2018-07-03T06:12:43+00:00
effc6617-8ce0-44e5-b41d-d24ed9d65c2f,39e53c6f-309b-4ed7-b650-79a4ef7b1e99,313782,Acetaminophen 325 MG Oral Tablet,stopped,order,,2019-04-09T19:57:28+00:00
6fc4735d-5039-4167-ac16-2979ea508345,39e53c6f-309b-4ed7-b650-79a4ef7b1e99,562251,Amoxicillin 250 MG / Clavulanate 125 MG Oral Tablet,stopped,order,,2015-06-07T19:57:28+00:00
a5e74bcd-ada8-4ecd-b0ee-27d6789757b3,39e53c6f-309b-4ed7-b650-79a4ef7b1e99,310965,Ibuprofen 200 MG Oral Tablet,stopped,order,,2015-11-26T19:57:28+00:00
707dd71a-f35c-4c03-929e-931c6a96cc50,39e53c6f-309b-4ed7-b650-79a4ef7b1e99,316049,Hydrochlorothiazide 25 MG,active,order,,2005-09-18T19:57:28+00:00
d7e849c9-d07d-4ff2-9ba1-e1842d6cba85,e1943f44-dea5-4574-b824-622a5ddd2fd7,751905,Trinessa 28 Day Pack,stopped,order,,2015-03-30T05:14:29+00:00
3ed1f073-0903-4ff7-b8c0-02abc958424c,e1943f44-dea5-4574-b824-622a5ddd2fd7,1000126,1 ML medroxyprogesterone acetate 150 MG/ML Injection,stopped,order,,2018-05-25T05:14:29+00:00
612d6aca-01aa-4091-9238-8700852f081a,e1943f44-dea5-4574-b824-622a5ddd2fd7,1000126,1 ML medroxyprogesterone acetate 150 MG/ML Injection,stopped,order,,2011-04-12T05:14:29+00:00
acc20f01-25ca-4500-860e-e628be9a6cf9,e1943f44-dea5-4574-b824-622a5ddd2fd7,831533,Errin 28 Day Pack,stopped,order,,2012-04-06T05:14:29+00:00
6be295a9-2102-4f2e-b2e2-46be5886b3d6,e1943f44-dea5-4574-b824-622a5ddd2fd7,978950,Natazia 28 Day Pack,stopped,order,,2016-03-24T05:14:29+00:00
e15effd8-678e-442b-9477-7d27be95e06a,e1943f44-dea5-4574-b824-622a5ddd2fd7,757594,Jolivette 28 Day Pack,active,order,,2020-05-14T05:14:29+00:00
fddec33c-8689-428d-b0db-3db4c21f68a4,e1943f44-dea5-4574-b824-622a5ddd2fd7,751905,Trinessa 28 Day Pack,stopped,order,,2019-05-20T05:14:29+00:00
ff14de60-21c1-4b76-8ffa-3bdd308e98e3,e1943f44-dea5-4574-b824-622a5ddd2fd7,313782,Acetaminophen 325 MG Oral Tablet,stopped,order,,2011-08-01T05:14:29+00:00
6cc6ae53-77a4-4805-8445-d9ecbc5b86f8,e1943f44-dea5-4574-b824-622a5ddd2fd7,748879,Levora 0.15/30 28 Day Pack,stopped,order,,2017-05-30T05:14:29+00:00
b33b1833-24e1-4dd5-84eb-a1ab73caa393,e1943f44-dea5-4574-b824-622a5ddd2fd7,313782,Acetaminophen 325 MG Oral Tablet,stopped,order,,2019-10-01T05:14:29+00:00
45d4dfa1-ef29-4a90-a439-0962e04127ad,20a30240-90e2-431b-8ce5-e47aa814d017,834061,Penicillin V Potassium 250 MG Oral Tablet,stopped,order,,2020-02-11T18:12:58+00:00
93b4d599-8d59-4ff6-81f5-e0ca886c08fe,20a30240-90e2-431b-8ce5-e47aa814d017,1870230,NDA020800 0.3 ML Epinephrine 1 MG/ML Auto-Injector,active,order,,2015-03-17T18:12:58+00:00
5ffb8368-f621-4236-bfd0-9bf589dafda1,20a30240-90e2-431b-8ce5-e47aa814d017,312617,predniSONE 5 MG Oral Tablet,stopped,order,,2015-03-07T23:12:58+00:00
5064b985-6340-487b-aff8-8120931a7455,20a30240-90e2-431b-8ce5-e47aa814d017,313782,Acetaminophen 325 MG Oral Tablet,stopped,order,,2019-04-16T18:12:58+00:00
2d189e91-543a-46cc-b012-fd49306bb48b,20a30240-90e2-431b-8ce5-e47aa814d017,997488,Fexofenadine hydrochloride 30 MG Oral Tablet,active,order,,2015-03-17T18:12:58+00:00
2883fb7c-bc3e-4376-987b-433bfc0f9d16,ca95b2c5-d306-44d4-a7fa-756de736e68e,316052,Hydrochlorothiazide 6.25 MG,active,order,,2017-09-02T05:17:03+00:00
efc40903-e24e-4353-93ae-c9f0f6fd1a9f,ca95b2c5-d306-44d4-a7fa-756de736e68e,834061,Penicillin V Potassium 250 MG Oral Tablet,stopped,order,,2013-11-07T05:17:03+00:00
0e39fb17-2a4a-4be9-a4ca-9eddc9c60b74,ca95b2c5-d306-44d4-a7fa-756de736e68e,757594,Jolivette 28 Day Pack,stopped,order,,2015-06-26T05:17:03+00:00
f48fadea-16c7-4c15-9e82-90017463cc55,4b65ed63-14ff-46f9-b336-1edb1ef1410e,745679,200 ACTUAT Albuterol 0.09 MG/ACTUAT Metered Dose Inhaler,active,order,,2006-11-22T09:15:51+00:00
2eab5900-7f44-49a9-864e-79608896cda2,4b65ed63-14ff-46f9-b336-1edb1ef1410e,895994,120 ACTUAT Fluticasone propionate 0.044 MG/ACTUAT Metered Dose Inhaler,active,order,,2006-11-22T09:15:51+00:00
96b0b84a-ccde-44cc-b965-58a5fbfe409b,4b65ed63-14ff-46f9-b336-1edb1ef1410e,834061,Penicillin V Potassium 250 MG Oral Tablet,stopped,order,,2015-03-01T09:15:51+00:00
32c03d26-9354-46e1-bfeb-14631fdde9e1,4b65ed63-14ff-46f9-b336-1edb1ef1410e,748879,Levora 0.15/30 28 Day Pack,active,order,,2020-10-22T09:15:51+00:00
29e7b30f-3b65-456c-9886-f0efc3c7037e,4b65ed63-14ff-46f9-b336-1edb1ef1410e,313782,Acetaminophen 325 MG Oral Tablet,stopped,order,,2016-10-17T09:15:51+00:00
5dc759ca-f6ec-45df-b827-488339d90a5c,7e1f4334-1a53-41a7-b07f-f0203bb55733,315971,Lasix 40mg,active,order,,2018-10-05T06:58:56+00:00
4bd45cd6-20b8-426e-91eb-b49400c90b2b,7e1f4334-1a53-41a7-b07f-f0203bb55733,310436,Galantamine 4 MG Oral Tablet,stopped,order,,2013-01-13T06:58:56+00:00
10e54a0c-3f53-4348-bfca-d6a70ae1eac3,7e1f4334-1a53-41a7-b07f-f0203bb55733,866414,24 HR metoprolol succinate 100 MG Extended Release Oral Tablet [Toprol],active,order,,2018-10-05T06:58:56+00:00
0c8fe80f-20e7-433b-9d2e-6221d6c55255,7e1f4334-1a53-41a7-b07f-f0203bb55733,1719286,10 ML Furosemide 10 MG/ML Injection,active,order,,2019-04-03T06:58:56+00:00
1738a880-5529-40ca-a239-90c77d544210,7e1f4334-1a53-41a7-b07f-f0203bb55733,996740,Memantine hydrochloride 2 MG/ML Oral Solution,active,order,,2014-11-04T06:58:56+00:00
4930f6b2-4e10-45b4-9673-de4d05108e3c,ab245cab-fcbc-4d5f-a2e8-b9433fc7d26f,1153378,Clonazepam [Klonopin],stopped,order,,2017-06-21T05:46:38+00:00
cf2d2171-e163-4c3e-9baf-f6091c0058c8,ab245cab-fcbc-4d5f-a2e8-b9433fc7d26f,849574,Naproxen sodium 220 MG Oral Tablet,stopped,order,,2013-03-05T05:46:38+00:00
c8b4e96f-d616-4bb7-ae6f-98eaf05205fe,ab245cab-fcbc-4d5f-a2e8-b9433fc7d26f,313782,Acetaminophen 325 MG Oral Tablet,stopped,order,,2017-02-03T05:46:38+00:00
a63a4288-aa0b-4931-b3d6-423d6832b746,98671a34-1c6e-4569-a1bc-6ee40c8d03a5,748962,Camila 28 Day Pack,stopped,order,,2013-06-15T00:19:38+00:00
1fb0dfa6-d25b-4c9f-b2a8-b46bc273c96b,98671a34-1c6e-4569-a1bc-6ee40c8d03a5,1000126,1 ML medroxyprogesterone acetate 150 MG/ML Injection,stopped,order,,2017-05-28T00:19:38+00:00
8136009c-5e21-4e07-99c1-b48e340d9061,98671a34-1c6e-4569-a1bc-6ee40c8d03a5,757594,Jolivette 28 Day Pack,stopped,order,,2012-06-20T00:19:38+00:00
35e519be-2fd0-4967-9b51-19888335b0d8,98671a34-1c6e-4569-a1bc-6ee40c8d03a5,807283,Mirena 52 MG Intrauterine System,stopped,order,,2015-06-05T00:19:38+00:00
131706c8-37e2-442d-bcc7-146ed7a82150,98671a34-1c6e-4569-a1bc-6ee40c8d03a5,1860154,Abuse-Deterrent 12 HR Oxycodone Hydrochloride 15 MG Extended Release Oral Tablet,stopped,order,,2011-12-19T00:19:38+00:00
58c93f8e-a76d-4f09-ae0a-9ea0cf10cafb,98671a34-1c6e-4569-a1bc-6ee40c8d03a5,757594,Jolivette 28 Day Pack,stopped,order,,2014-06-10T00:19:38+00:00
ff98f9b9-efaf-4c0f-82a7-db50ace43ba9,98671a34-1c6e-4569-a1bc-6ee40c8d03a5,310965,Ibuprofen 200 MG Oral Tablet,stopped,order,,2011-07-07T00:19:38+00:00
be10b484-ac35-42c4-a065-0fa794467a7b,98671a34-1c6e-4569-a1bc-6ee40c8d03a5,1000126,1 ML medroxyprogesterone acetate 150 MG/ML Injection,stopped,order,,2016-06-02T00:19:38+00:00
b79244c3-1e9c-4cd9-b514-4e0b111758c8,bc6c8e2a-63de-4790-94af-fcab57874c21,313782,Acetaminophen 325 MG Oral Tablet,stopped,order,,2020-08-27T15:07:51+00:00
16fb9e81-ecf0-4d33-9c90-697fea77ed75,bc6c8e2a-63de-4790-94af-fcab57874c21,748856,Yaz 28 Day Pack,stopped,order,,2016-09-05T15:07:51+00:00
2753d6b1-0a24-427d-8a32-4aad8e581a53,bc6c8e2a-63de-4790-94af-fcab57874c21,751905,Trinessa 28 Day Pack,stopped,order,,2017-08-31T15:07:51+00:00
8bd3b4ca-1ffc-4372-818f-de6506357c51,43b6ae50-2cca-4934-ad38-282f8934b770,1804799,Alteplase 100 MG Injection,stopped,order,,2016-11-05T17:49:34+00:00
92590fb1-980a-4df9-8a6a-679a54921000,43b6ae50-2cca-4934-ad38-282f8934b770,197604,Digoxin 0.125 MG Oral Tablet,active,order,,1995-09-02T17:49:34+00:00
d7e9e9a2-e1e8-4d12-a38d-87a60ab5f3d5,43b6ae50-2cca-4934-ad38-282f8934b770,855332,Warfarin Sodium 5 MG Oral Tablet,active,order,,1995-09-02T17:49:34+00:00
fdb02687-1705-40b2-a647-c1c4f6706c05,43b6ae50-2cca-4934-ad38-282f8934b770,897718,Verapamil Hydrochloride 40 MG,active,order,,1995-09-02T17:49:34+00:00
cfdea838-b1b4-4524-a05d-50707ee1db4f,43b6ae50-2cca-4934-ad38-282f8934b770,309362,Clopidogrel 75 MG Oral Tablet,stopped,order,,2016-11-05T17:49:34+00:00
5e3f0ca3-b45f-4cf1-86e8-cc134ddd5269,43b6ae50-2cca-4934-ad38-282f8934b770,857005,Acetaminophen 325 MG / HYDROcodone Bitartrate 7.5 MG Oral Tablet,stopped,order,,2011-09-30T17:49:34+00:00
00cf0f66-2b86-491e-9cd2-5eccb4721cdd,43b6ae50-2cca-4934-ad38-282f8934b770,310965,Ibuprofen 200 MG Oral Tablet,stopped,order,,2018-04-26T17:49:34+00:00
cf3f0363-e143-451e-9b99-85715e0ae21d,43b6ae50-2cca-4934-ad38-282f8934b770,313782,Acetaminophen 325 MG Oral Tablet,stopped,order,,2011-09-30T17:49:34+00:00
2e889551-03d3-48bb-b087-0c3e55e5096f,43b6ae50-2cca-4934-ad38-282f8934b770,904419,Alendronic acid 10 MG Oral Tablet,active,order,,1997-09-13T17:49:34+00:00
753ad752-86b3-4b69-a0ec-dbd0bde32eae,43b6ae50-2cca-4934-ad38-282f8934b770,861467,Meperidine Hydrochloride 50 MG Oral Tablet,stopped,order,,2018-04-26T17:49:34+00:00
65dbd72e-6dc8-43d0-a944-8d9d4c11d8e8,43b6ae50-2cca-4934-ad38-282f8934b770,310436,Galantamine 4 MG Oral Tablet,active,order,,2020-01-18T17:49:34+00:00
9e127d93-3153-49d4-be00-579cf312464e,c19264dc-4d8e-488f-b6df-31a896089080,313782,Acetaminophen 325 MG Oral Tablet,stopped,order,,2018-06-15T14:01:06+00:00
9a61b75c-90a8-4376-97d3-06791447ff3c,b3873037-a455-4558-a066-9faaed01b673,316049,Hydrochlorothiazide 25 MG,active,order,,1985-09-13T19:30:25+00:00
21f0eddc-b60a-44fb-a087-e9e50543b5d7,2e46729a-6efe-4f46-be91-50ac16b547c6,198405,Ibuprofen 100 MG Oral Tablet,stopped,order,,2020-09-25T18:37:08+00:00
e76bf06c-a6ae-4426-b0e5-486ffc7ab8ef,389bac6b-5b19-43c2-90a6-79afa9ba59e7,856980,Acetaminophen/Hydrocodone,active,order,,2015-07-03T16:51:27+00:00
7c223571-2fdf-454d-b829-6b090eefc799,389bac6b-5b19-43c2-90a6-79afa9ba59e7,316049,Hydrochlorothiazide 25 MG,active,order,,1992-01-17T16:51:27+00:00
9fc12f3b-f974-48a6-b84c-08eb2ebac438,389bac6b-5b19-43c2-90a6-79afa9ba59e7,328670,Sertraline 100MG,active,order,,2015-07-03T16:51:27+00:00
eb53408a-b7b8-424c-a1c6-3b39e5b288c2,389bac6b-5b19-43c2-90a6-79afa9ba59e7,310965,Ibuprofen 200 MG Oral Tablet,stopped,order,,2015-04-04T16:51:27+00:00
8a1f1a86-f84b-4641-a8a4-d22f3e8794f7,5db1e775-33a3-47fb-8954-d97cd43e8074,860975,24 HR Metformin hydrochloride 500 MG Extended Release Oral Tablet,active,order,,2007-07-22T18:29:30+00:00
65f3946e-72fe-4db0-bbde-055ddb93a44b,5db1e775-33a3-47fb-8954-d97cd43e8074,1000126,1 ML medroxyprogesterone acetate 150 MG/ML Injection,stopped,order,,2010-10-25T18:29:30+00:00
28f21dec-6488-4cb7-a99a-4e237cb4bc20,5db1e775-33a3-47fb-8954-d97cd43e8074,313782,Acetaminophen 325 MG Oral Tablet,stopped,order,,2016-03-10T18:29:30+00:00
824a2c74-36ce-486b-bce1-f29c9d2cd50b,5db1e775-33a3-47fb-8954-d97cd43e8074,313782,Acetaminophen 325 MG Oral Tablet,stopped,order,,2013-09-14T18:29:30+00:00
8f13a215-af40-4325-82d4-cdf85a875237,ab4e7a7d-8b0d-41e1-9ce9-3877d7615aed,1049630,diphenhydrAMINE Hydrochloride 25 MG Oral Tablet,active,order,,1988-01-12T14:01:57+00:00
2f509dca-67b1-4e8c-9b43-d1e2e217b733,ab4e7a7d-8b0d-41e1-9ce9-3877d7615aed,106258,Hydrocortisone 10 MG/ML Topical Cream,active,order,,1987-12-27T14:01:57+00:00
a3ba9e5a-2ba0-453a-9534-ce0619b526bb,ab4e7a7d-8b0d-41e1-9ce9-3877d7615aed,106892,"insulin human, isophane 70 UNT/ML / Regular Insulin, Human 30 UNT/ML Injectable Suspension [Humulin]",active,order,,2021-03-11T14:01:57+00:00
77b9110a-e49f-4543-a8f4-370f87e26ccc,ab4e7a7d-8b0d-41e1-9ce9-3877d7615aed,2001499,Vitamin B 12 5 MG/ML Injectable Solution,active,order,,2006-01-19T14:01:57+00:00
99214a86-bd5d-4111-a774-aea61aaa6691,ab4e7a7d-8b0d-41e1-9ce9-3877d7615aed,562251,Amoxicillin 250 MG / Clavulanate 125 MG Oral Tablet,stopped,order,,2014-02-07T14:01:57+00:00
ea361f8c-96f2-40eb-9712-7f5e7edb83fe,ab4e7a7d-8b0d-41e1-9ce9-3877d7615aed,310965,Ibuprofen 200 MG Oral Tablet,stopped,order,,2019-10-19T14:01:57+00:00
fdabeaf7-455b-4393-a937-dcb04063343b,ab4e7a7d-8b0d-41e1-9ce9-3877d7615aed,313782,Acetaminophen 325 MG Oral Tablet,stopped,order,,2020-09-04T14:01:57+00:00
c9df185a-de3f-4fda-ab5f-4cfb4bf4553c,ab4e7a7d-8b0d-41e1-9ce9-3877d7615aed,849574,Naproxen sodium 220 MG Oral Tablet,active,order,,2014-12-12T14:01:57+00:00
21b05e44-0cfd-4cd2-be4a-a81c6a0e5abc,ab4e7a7d-8b0d-41e1-9ce9-3877d7615aed,310965,Ibuprofen 200 MG Oral Tablet,stopped,order,,2016-08-30T14:01:57+00:00
8d17f1fb-563e-46e7-9bd4-0993c24b035f,ab4e7a7d-8b0d-41e1-9ce9-3877d7615aed,316049,Hydrochlorothiazide 25 MG,active,order,,1976-05-13T14:01:57+00:00
b9ec385c-d33a-42db-b798-86d21f6155bd,a8cd3462-ed0c-48a4-81cc-45249aa946ca,849574,Naproxen sodium 220 MG Oral Tablet,stopped,order,,2016-05-03T00:52:41+00:00
9d03802f-4914-438f-a16f-c696072714ae,5fd069dc-e337-4062-9722-a732c655c17d,313782,Acetaminophen 325 MG Oral Tablet,stopped,order,,1980-09-17T19:20:06+00:00
b655258c-5a9e-46ea-bf69-d4a2d1795d78,5fd069dc-e337-4062-9722-a732c655c17d,866414,24 HR metoprolol succinate 100 MG Extended Release Oral Tablet [Toprol],active,order,,1978-07-27T19:20:06+00:00
7b75d4f1-1e05-4bae-b310-3d51fa20e7e3,5fd069dc-e337-4062-9722-a732c655c17d,705129,Nitroglycerin 0.4 MG/ACTUAT Mucosal Spray,active,order,,1976-12-25T19:20:06+00:00
1297843a-8a3f-40ca-acd6-85aa30004e9b,5fd069dc-e337-4062-9722-a732c655c17d,313782,Acetaminophen 325 MG Oral Tablet,stopped,order,,1978-11-13T19:20:06+00:00
0fcfe94a-d501-44b8-a26d-0e03a91899b6,5fd069dc-e337-4062-9722-a732c655c17d,316049,Hydrochlorothiazide 25 MG,active,order,,1963-07-27T19:20:06+00:00
246e3cba-6740-4cdd-ae2d-592985986d52,5fd069dc-e337-4062-9722-a732c655c17d,860975,24 HR Metformin hydrochloride 500 MG Extended Release Oral Tablet,active,order,,1965-07-03T19:20:06+00:00
025968d8-d217-4cfa-a713-52f5f520eb4b,5fd069dc-e337-4062-9722-a732c655c17d,315971,Lasix 40mg,active,order,,1978-07-27T19:20:06+00:00
0c804a78-9ccd-41b2-abd1-26084a525fc0,5fd069dc-e337-4062-9722-a732c655c17d,1719286,10 ML Furosemide 10 MG/ML Injection,active,order,,1980-07-16T19:20:06+00:00
ded177ec-a299-432b-a4ac-db9926a48deb,5fd069dc-e337-4062-9722-a732c655c17d,313782,Acetaminophen 325 MG Oral Tablet,stopped,order,,1973-12-10T19:20:06+00:00
2cef0540-3d42-47a2-ba38-eef93539ffd7,5fd069dc-e337-4062-9722-a732c655c17d,106892,"insulin human, isophane 70 UNT/ML / Regular Insulin, Human 30 UNT/ML Injectable Suspension [Humulin]",active,order,,1965-07-03T19:20:06+00:00
bcdbb774-b641-4867-a303-4778c2aec8e3,5fd069dc-e337-4062-9722-a732c655c17d,313782,Acetaminophen 325 MG Oral Tablet,stopped,order,,1972-08-20T19:20:06+00:00
f45a63bf-321e-4ae0-8fc0-0ee98a6d0052,29105b30-f807-4e58-a253-01a7830aa8f6,1534809,168 HR Ethinyl Estradiol 0.00146 MG/HR / norelgestromin 0.00625 MG/HR Transdermal System,active,order,,2021-03-24T20:14:20+00:00
184cf268-1d92-497d-aef2-79e221407ea8,29105b30-f807-4e58-a253-01a7830aa8f6,1000156,0.65 ML medroxyprogesterone acetate 160 MG/ML Prefilled Syringe,stopped,order,,2019-04-04T20:14:20+00:00
43ff509d-ced9-47bd-b35a-a2fe480c86f8,29105b30-f807-4e58-a253-01a7830aa8f6,749762,Seasonique 91 Day Pack,stopped,order,,2015-04-25T20:14:20+00:00
0239611b-86d4-45b6-b5e4-4a7c32f95b78,29105b30-f807-4e58-a253-01a7830aa8f6,1043400,Acetaminophen 21.7 MG/ML / Dextromethorphan Hydrobromide 1 MG/ML / doxylamine succinate 0.417 MG/ML Oral Solution,stopped,order,,2015-12-12T20:14:20+00:00
371cfb3a-ff9a-4f87-9e22-95426164f720,29105b30-f807-4e58-a253-01a7830aa8f6,757594,Jolivette 28 Day Pack,stopped,order,,2016-04-19T20:14:20+00:00
60a3c9dc-9082-43a4-9857-df57869c5a7e,29105b30-f807-4e58-a253-01a7830aa8f6,751905,Trinessa 28 Day Pack,stopped,order,,2011-06-08T20:14:20+00:00
b97f9005-1488-45a2-8102-4ac5edd55d6b,29105b30-f807-4e58-a253-01a7830aa8f6,1000126,1 ML medroxyprogesterone acetate 150 MG/ML Injection,stopped,order,,2017-04-14T20:14:20+00:00
fb5aae2d-6063-437e-8f03-06ddc1a2551f,29105b30-f807-4e58-a253-01a7830aa8f6,748962,Camila 28 Day Pack,stopped,order,,2020-03-29T20:14:20+00:00
6cc75ba2-0f3d-4170-a06c-c6a25c2fe3f9,13a00221-8417-4973-961e-e21b32ece95a,1605257,Liletta 52 MG Intrauterine System,stopped,order,,2018-03-26T05:34:38+00:00
ad76b9cf-519e-4445-ab71-b490a121220c,13a00221-8417-4973-961e-e21b32ece95a,849574,Naproxen sodium 220 MG Oral Tablet,active,order,,2019-04-03T05:34:38+00:00
2ef33cf6-12a1-4b4e-afd0-ea249f4a2952,13a00221-8417-4973-961e-e21b32ece95a,807283,Mirena 52 MG Intrauterine System,stopped,order,,2016-03-30T05:34:38+00:00
d5ce9275-fbca-4fbf-bd89-a74d010f33ae,13a00221-8417-4973-961e-e21b32ece95a,748879,Levora 0.15/30 28 Day Pack,stopped,order,,2014-04-10T05:34:38+00:00
c9368759-6928-4011-bb15-c2cbc0136588,13a00221-8417-4973-961e-e21b32ece95a,834102,Penicillin V Potassium 500 MG Oral Tablet,stopped,order,,2014-09-27T05:34:38+00:00
7458570c-6dc6-4e6f-a8f0-d8477ce8663f,13a00221-8417-4973-961e-e21b32ece95a,1000126,1 ML medroxyprogesterone acetate 150 MG/ML Injection,stopped,order,,2019-03-29T05:34:38+00:00
b90d8da5-fa6f-4313-bbb0-5ef4dda33ee3,db5c2af9-8854-4f8c-a2e9-30640aa3b4b6,316049,Hydrochlorothiazide 25 MG,active,order,,1956-04-10T19:08:38+00:00
8d526540-92ff-4627-bd77-f83fdc913db8,db5c2af9-8854-4f8c-a2e9-30640aa3b4b6,562251,Amoxicillin 250 MG / Clavulanate 125 MG Oral Tablet,stopped,order,,1998-01-16T19:08:38+00:00
f3db3038-7274-4a86-afa9-b794d9d39df0,db5c2af9-8854-4f8c-a2e9-30640aa3b4b6,1190795,Atropine Sulfate 1 MG/ML Injectable Solution,stopped,order,,1999-05-11T19:08:38+00:00
2d4eb0ee-de17-4c05-889d-24d198f74171,db5c2af9-8854-4f8c-a2e9-30640aa3b4b6,197361,Amlodipine 5 MG Oral Tablet,active,order,,1996-10-15T19:08:38+00:00
aca2c616-b459-46f2-bebd-53e95c946c82,db5c2af9-8854-4f8c-a2e9-30640aa3b4b6,106258,Hydrocortisone 10 MG/ML Topical Cream,active,order,,1965-08-21T19:08:38+00:00
c2d847d6-6b8d-40c9-8ec5-d295e2ae5223,db5c2af9-8854-4f8c-a2e9-30640aa3b4b6,312961,Simvastatin 20 MG Oral Tablet,active,order,,1993-09-28T19:08:38+00:00
a5d85cbd-98f8-4ffe-b308-0ad354d37ce5,db5c2af9-8854-4f8c-a2e9-30640aa3b4b6,1660014,1 ML Epinephrine 1 MG/ML Injection,stopped,order,,1999-05-11T19:08:38+00:00
15cf459d-39d6-428f-9c01-03e571032e43,db5c2af9-8854-4f8c-a2e9-30640aa3b4b6,834357,3 ML Amiodarone hydrocholoride 50 MG/ML Prefilled Syringe,stopped,order,,1999-05-11T19:08:38+00:00
6331729d-e79c-4fd2-86be-1c97e444001f,db5c2af9-8854-4f8c-a2e9-30640aa3b4b6,705129,Nitroglycerin 0.4 MG/ACTUAT Mucosal Spray,active,order,,1993-09-28T19:08:38+00:00
d11cde2d-dfe6-4f8d-a4fd-b50fec79f9b0,6234b038-fa0d-476f-b373-6c22de018cf7,310436,Galantamine 4 MG Oral Tablet,active,order,,2018-03-11T16:07:29+00:00
4443a8a0-cf75-496d-85fc-399e8390d9b8,6234b038-fa0d-476f-b373-6c22de018cf7,562251,Amoxicillin 250 MG / Clavulanate 125 MG Oral Tablet,stopped,order,,2020-12-03T16:07:29+00:00
e1658c2e-b2a3-43a1-becc-db1242fef64d,6234b038-fa0d-476f-b373-6c22de018cf7,866414,24 HR metoprolol succinate 100 MG Extended Release Oral Tablet [Toprol],active,order,,2020-07-06T16:07:29+00:00
adc2905f-5d59-4e63-a08a-a7ce5400eee2,6234b038-fa0d-476f-b373-6c22de018cf7,313782,Acetaminophen 325 MG Oral Tablet,stopped,order,,2014-12-24T16:07:29+00:00
6603ea8d-4e86-4e35-b588-222d907b28db,6234b038-fa0d-476f-b373-6c22de018cf7,315971,Lasix 40mg,active,order,,2020-07-06T16:07:29+00:00
b83b2ab5-a66b-4283-b1f1-3a01b2a814c4,dbc100c0-8f16-4ec1-b74c-74b80de41c07,849574,Naproxen sodium 220 MG Oral Tablet,active,order,,2003-05-18T13:33:52+00:00
74475d6d-e368-416f-b1fe-4e06c12fad97,dbc100c0-8f16-4ec1-b74c-74b80de41c07,310965,Ibuprofen 200 MG Oral Tablet,stopped,order,,2012-07-01T13:33:52+00:00
92fb8495-0015-40c9-b71b-d5343765ee86,dbc100c0-8f16-4ec1-b74c-74b80de41c07,310965,Ibuprofen 200 MG Oral Tablet,stopped,order,,2016-12-05T13:33:52+00:00
2510311f-3d36-41a0-bd1b-cdc6da66dc42,080e29a2-b350-47a0-8422-1325caefbadc,282464,Acetaminophen 160 MG Oral Tablet,stopped,order,,2012-12-17T03:57:00+00:00
086279ce-5a7e-457f-96a2-7efda8c17327,565feedb-ca56-40e3-aeb2-ace1287164c3,1000126,1 ML medroxyprogesterone acetate 150 MG/ML Injection,stopped,order,,2017-11-21T13:02:46+00:00
574423b7-ca40-48e3-9804-347ebf46e4f7,565feedb-ca56-40e3-aeb2-ace1287164c3,831533,Errin 28 Day Pack,stopped,order,,2011-12-16T13:02:46+00:00
f242df7d-908b-4f17-a8e7-0f7af30e7c48,565feedb-ca56-40e3-aeb2-ace1287164c3,749762,Seasonique 91 Day Pack,stopped,order,,2006-01-16T13:02:46+00:00
9d7272a2-dc42-4c19-b948-23558a26cb8e,565feedb-ca56-40e3-aeb2-ace1287164c3,749762,Seasonique 91 Day Pack,active,order,,2020-12-02T13:02:46+00:00
911cc5f8-6c10-49d1-9ccc-ee95c5e87d1d,565feedb-ca56-40e3-aeb2-ace1287164c3,749762,Seasonique 91 Day Pack,stopped,order,,2007-01-11T13:02:46+00:00
b76c6aa6-9c76-490a-a27d-897601601639,565feedb-ca56-40e3-aeb2-ace1287164c3,313782,Acetaminophen 325 MG Oral Tablet,stopped,order,,2013-05-24T13:02:46+00:00
6c7cf736-157d-4d37-9eb7-ef1e482b6934,e312f2f5-689d-47f9-b4dd-f6f12417322f,1804799,Alteplase 100 MG Injection,stopped,order,,2018-09-03T00:48:33+00:00
e11833ed-7560-4ca4-97f0-0b1d9a5a23d6,e312f2f5-689d-47f9-b4dd-f6f12417322f,309362,Clopidogrel 75 MG Oral Tablet,stopped,order,,2018-09-03T00:48:33+00:00
adf7a060-fe8a-42f0-b6e9-62952fc1443d,e312f2f5-689d-47f9-b4dd-f6f12417322f,834102,Penicillin V Potassium 500 MG Oral Tablet,stopped,order,,2019-09-06T00:48:33+00:00
e5fc677f-ea52-4efb-9654-47cb2973b43b,8c8bea6b-3352-4331-b5e8-544c0fef254a,315971,Lasix 40mg,active,order,,2000-02-21T10:10:39+00:00
8f2e0cda-eebb-4cfc-b5ce-317d83bb7e95,8c8bea6b-3352-4331-b5e8-544c0fef254a,316672,Simvistatin 10 MG,stopped,order,,1998-03-23T10:10:39+00:00
3315e84d-83cf-485b-8ea3-6c48d75ab61e,8c8bea6b-3352-4331-b5e8-544c0fef254a,316672,Simvistatin 10 MG,stopped,order,,1999-03-23T10:10:39+00:00
954535e0-48d3-4b74-a44e-dfe2348d1a88,8c8bea6b-3352-4331-b5e8-544c0fef254a,316672,Simvistatin 10 MG,active,order,,2000-03-22T10:10:39+00:00
f5803b27-e58b-4373-b0a8-ef864777f7bb,8c8bea6b-3352-4331-b5e8-544c0fef254a,1094107,Phenazopyridine hydrochloride 100 MG Oral Tablet,stopped,order,,2000-02-25T10:10:39+00:00
5067840c-c7a5-4f50-94de-21001e6b9b03,8c8bea6b-3352-4331-b5e8-544c0fef254a,316672,Simvistatin 10 MG,stopped,order,,1996-03-23T10:10:39+00:00
7f798c75-b621-47ec-9e66-4121b2112caa,8c8bea6b-3352-4331-b5e8-544c0fef254a,316672,Simvistatin 10 MG,stopped,order,,1997-03-23T10:10:39+00:00
7e9a39fb-2289-40c1-87ae-5312a75e8e31,8c8bea6b-3352-4331-b5e8-544c0fef254a,311989,Nitrofurantoin 5 MG/ML Oral Suspension,stopped,order,,2000-02-25T10:10:39+00:00
b51f4522-7f67-4e13-b94e-9993f501d0bb,8c8bea6b-3352-4331-b5e8-544c0fef254a,316672,Simvistatin 10 MG,stopped,order,,1995-03-24T10:10:39+00:00
6ade6658-e11f-4afb-82c3-64aec4bc7d9e,8c8bea6b-3352-4331-b5e8-544c0fef254a,1719286,10 ML Furosemide 10 MG/ML Injection,active,order,,2001-02-15T10:10:39+00:00
f5f7e3a4-ab09-4a5c-b1e2-64c5de3a7816,8c8bea6b-3352-4331-b5e8-544c0fef254a,562251,Amoxicillin 250 MG / Clavulanate 125 MG Oral Tablet,stopped,order,,1995-10-18T10:10:39+00:00
53746035-9cd8-4fd7-822e-b88c91081c3a,8c8bea6b-3352-4331-b5e8-544c0fef254a,904419,Alendronic acid 10 MG Oral Tablet,active,order,,1999-03-26T10:10:39+00:00
c33b9d9b-4136-42dd-8a92-fd97011c79e3,8c8bea6b-3352-4331-b5e8-544c0fef254a,866414,24 HR metoprolol succinate 100 MG Extended Release Oral Tablet [Toprol],active,order,,2000-02-21T10:10:39+00:00
8017d331-291f-419f-bc1e-5b988b29a339,8c8bea6b-3352-4331-b5e8-544c0fef254a,849574,Naproxen sodium 220 MG Oral Tablet,stopped,order,,1992-01-14T10:10:39+00:00
fef0a654-0936-4d88-8d93-ba52dbdf7eb7,d98ae128-2a42-4c85-b9aa-cebdf6bddb1d,313782,Acetaminophen 325 MG Oral Tablet,stopped,order,,2018-04-26T19:03:19+00:00
4d38a207-0fd7-4bf7-8359-3c35b0c957be,d98ae128-2a42-4c85-b9aa-cebdf6bddb1d,313782,Acetaminophen 325 MG Oral Tablet,stopped,order,,2013-01-26T19:03:19+00:00
f4e18570-b8e9-4143-b406-678b24209e57,768be7ac-743f-4c24-aa0f-fed5a3a38b6a,316672,Simvistatin 10 MG,stopped,order,,2005-04-19T17:45:54+00:00
67d17824-77e7-4ddb-82fb-0b9d4af65c78,768be7ac-743f-4c24-aa0f-fed5a3a38b6a,316672,Simvistatin 10 MG,stopped,order,,1988-04-23T17:45:54+00:00
11ade43d-efb4-40e8-9438-0ffe239701ba,768be7ac-743f-4c24-aa0f-fed5a3a38b6a,316672,Simvistatin 10 MG,stopped,order,,2002-04-20T17:45:54+00:00
d08680af-ea13-429f-9d9e-8c488b0570ff,768be7ac-743f-4c24-aa0f-fed5a3a38b6a,316672,Simvistatin 10 MG,stopped,order,,1996-04-21T17:45:54+00:00
5c1ad0cc-1a93-4850-b526-5fa784935294,768be7ac-743f-4c24-aa0f-fed5a3a38b6a,316672,Simvistatin 10 MG,stopped,order,,1991-04-23T17:45:54+00:00
78a9e011-a297-4ee1-bf31-6aaa233d4bca,768be7ac-743f-4c24-aa0f-fed5a3a38b6a,316672,Simvistatin 10 MG,stopped,order,,1980-04-25T17:45:54+00:00
2d9fe89b-db96-4897-9dd7-ba5aa9b0564b,768be7ac-743f-4c24-aa0f-fed5a3a38b6a,316672,Simvistatin 10 MG,stopped,order,,2001-04-20T17:45:54+00:00
595cc766-4936-43f5-ba66-a63447161978,768be7ac-743f-4c24-aa0f-fed5a3a38b6a,316672,Simvistatin 10 MG,stopped,order,,1987-04-24T17:45:54+00:00
f68af7d3-d8e7-4097-a777-1ea261188d90,768be7ac-743f-4c24-aa0f-fed5a3a38b6a,316672,Simvistatin 10 MG,stopped,order,,2004-04-19T17:45:54+00:00
0faffd50-5d98-40cd-903b-5e36f3ab101a,768be7ac-743f-4c24-aa0f-fed5a3a38b6a,316672,Simvistatin 10 MG,stopped,order,,2011-04-18T17:45:54+00:00
b5df98fb-209d-49a4-8efd-2757766d8609,768be7ac-743f-4c24-aa0f-fed5a3a38b6a,316672,Simvistatin 10 MG,stopped,order,,2003-04-20T17:45:54+00:00
885b2362-beac-48b3-bb5b-88e140fa7348,768be7ac-743f-4c24-aa0f-fed5a3a38b6a,316672,Simvistatin 10 MG,stopped,order,,2018-04-16T17:45:54+00:00
042fe6e9-2d20-444d-a368-78218f6b5dce,768be7ac-743f-4c24-aa0f-fed5a3a38b6a,316672,Simvistatin 10 MG,stopped,order,,2015-04-17T17:45:54+00:00
eb6dbaba-1a33-45d4-8be6-1d9141814431,768be7ac-743f-4c24-aa0f-fed5a3a38b6a,316672,Simvistatin 10 MG,stopped,order,,1978-04-26T17:45:54+00:00
163e3f03-b8af-48b3-a6ee-17c20017e721,768be7ac-743f-4c24-aa0f-fed5a3a38b6a,316672,Simvistatin 10 MG,stopped,order,,1979-04-26T17:45:54+00:00
169fc605-55e2-4248-bdfe-354632425fc1,768be7ac-743f-4c24-aa0f-fed5a3a38b6a,316672,Simvistatin 10 MG,stopped,order,,1995-04-22T17:45:54+00:00
e1d3b7d2-0419-4561-80ec-40a0c9449d4f,768be7ac-743f-4c24-aa0f-fed5a3a38b6a,316672,Simvistatin 10 MG,stopped,order,,1999-04-21T17:45:54+00:00
4721795d-ef12-4149-9aa2-89d30932a158,768be7ac-743f-4c24-aa0f-fed5a3a38b6a,316672,Simvistatin 10 MG,stopped,order,,2017-04-16T17:45:54+00:00
47f978ac-000d-4435-b0ee-23bc8b932882,768be7ac-743f-4c24-aa0f-fed5a3a38b6a,316672,Simvistatin 10 MG,stopped,order,,1981-04-25T17:45:54+00:00
e3a6ddf3-3508-49cb-9d8d-d09a2d9c3bdf,768be7ac-743f-4c24-aa0f-fed5a3a38b6a,316672,Simvistatin 10 MG,stopped,order,,2016-04-16T17:45:54+00:00
2cf68722-5e51-4c28-9860-f44ca9bac4a1,768be7ac-743f-4c24-aa0f-fed5a3a38b6a,316672,Simvistatin 10 MG,stopped,order,,1997-04-21T17:45:54+00:00
4c863eeb-448e-467f-b4cd-77f073aa3f4f,768be7ac-743f-4c24-aa0f-fed5a3a38b6a,316672,Simvistatin 10 MG,active,order,,2020-04-15T17:45:54+00:00
b11763ce-855c-49c1-939e-e719de2be14a,768be7ac-743f-4c24-aa0f-fed5a3a38b6a,316672,Simvistatin 10 MG,stopped,order,,1983-04-25T17:45:54+00:00
4c18791f-d3a6-4977-872d-0c227064d261,768be7ac-743f-4c24-aa0f-fed5a3a38b6a,316672,Simvistatin 10 MG,stopped,order,,2014-04-17T17:45:54+00:00
374819c0-a0ed-45b1-8164-c93586eca441,768be7ac-743f-4c24-aa0f-fed5a3a38b6a,316672,Simvistatin 10 MG,stopped,order,,2006-04-19T17:45:54+00:00
3b118ec0-bef2-454b-b63a-a6131a0877c7,768be7ac-743f-4c24-aa0f-fed5a3a38b6a,316672,Simvistatin 10 MG,stopped,order,,1998-04-21T17:45:54+00:00
7a75ec92-3645-4d2c-bf10-11fe9d43b649,768be7ac-743f-4c24-aa0f-fed5a3a38b6a,316672,Simvistatin 10 MG,stopped,order,,2009-04-18T17:45:54+00:00
5d1aff6f-ef10-4797-bf7e-901ef5fc344f,768be7ac-743f-4c24-aa0f-fed5a3a38b6a,316672,Simvistatin 10 MG,stopped,order,,1986-04-24T17:45:54+00:00
6ec0cd50-618f-4590-bced-a4b13c8c5ff9,768be7ac-743f-4c24-aa0f-fed5a3a38b6a,316672,Simvistatin 10 MG,stopped,order,,2019-04-16T17:45:54+00:00
17452e75-69b9-4994-a714-18b039ef22ae,768be7ac-743f-4c24-aa0f-fed5a3a38b6a,316672,Simvistatin 10 MG,stopped,order,,1992-04-22T17:45:54+00:00
7a7aae21-c6d8-4e78-a85a-6ae40309905b,768be7ac-743f-4c24-aa0f-fed5a3a38b6a,316672,Simvistatin 10 MG,stopped,order,,1993-04-22T17:45:54+00:00
5910bd9a-89f9-4c5e-ae39-466c5d3384e5,768be7ac-743f-4c24-aa0f-fed5a3a38b6a,316672,Simvistatin 10 MG,stopped,order,,2013-04-17T17:45:54+00:00
2c9ccb51-0dd3-4334-b00e-3a7a1b10cc1f,768be7ac-743f-4c24-aa0f-fed5a3a38b6a,316672,Simvistatin 10 MG,stopped,order,,2000-04-20T17:45:54+00:00
dce28d8e-4ba8-4820-85e3-85372802109d,768be7ac-743f-4c24-aa0f-fed5a3a38b6a,316672,Simvistatin 10 MG,stopped,order,,1982-04-25T17:45:54+00:00
7120a60a-c5b0-4d9b-a0d9-c9d9bc97cc22,768be7ac-743f-4c24-aa0f-fed5a3a38b6a,316672,Simvistatin 10 MG,stopped,order,,2010-04-18T17:45:54+00:00
5628de83-1a0f-4e8f-abf8-12f4779e5dd0,768be7ac-743f-4c24-aa0f-fed5a3a38b6a,316672,Simvistatin 10 MG,stopped,order,,1989-04-23T17:45:54+00:00
162bda1a-122f-47e9-9c6a-0cc2bcde7fb3,768be7ac-743f-4c24-aa0f-fed5a3a38b6a,316672,Simvistatin 10 MG,stopped,order,,1984-04-24T17:45:54+00:00
78952b44-03e4-47f0-9a62-bd3ee8dba2e2,768be7ac-743f-4c24-aa0f-fed5a3a38b6a,316672,Simvistatin 10 MG,stopped,order,,1985-04-24T17:45:54+00:00
ca345c97-4fc3-4bae-8aeb-4e372b572a17,768be7ac-743f-4c24-aa0f-fed5a3a38b6a,316672,Simvistatin 10 MG,stopped,order,,1994-04-22T17:45:54+00:00
1529bd27-e246-4bd1-8fbd-a6ea3eedc37e,768be7ac-743f-4c24-aa0f-fed5a3a38b6a,316672,Simvistatin 10 MG,stopped,order,,2012-04-17T17:45:54+00:00
4f29bbbe-26d7-4dff-abda-b3e71b50d9b0,768be7ac-743f-4c24-aa0f-fed5a3a38b6a,316672,Simvistatin 10 MG,stopped,order,,2008-04-18T17:45:54+00:00
5aa15459-72b2-485f-9301-d5732dee0015,768be7ac-743f-4c24-aa0f-fed5a3a38b6a,316672,Simvistatin 10 MG,stopped,order,,1990-04-23T17:45:54+00:00
a1431d94-f8ca-4d35-b56c-cb8bdef28a4b,84451841-21bf-4754-9eb5-99d508c4282f,316672,Simvistatin 10 MG,stopped,order,,2019-08-18T10:19:35+00:00
65495fa1-582c-4460-9c82-59e87aa64d19,84451841-21bf-4754-9eb5-99d508c4282f,313782,Acetaminophen 325 MG Oral Tablet,stopped,order,,2014-08-23T10:19:35+00:00
a23d136e-075f-490f-9536-f84e816967f0,84451841-21bf-4754-9eb5-99d508c4282f,316672,Simvistatin 10 MG,active,order,,2020-08-17T10:19:35+00:00
957a7868-85ec-4529-8a10-2370e56e75b0,84451841-21bf-4754-9eb5-99d508c4282f,316672,Simvistatin 10 MG,stopped,order,,2014-08-19T10:19:35+00:00
72f1b47f-b928-4afa-942a-907f013e9844,84451841-21bf-4754-9eb5-99d508c4282f,748962,Camila 28 Day Pack,stopped,order,,2013-04-08T10:19:35+00:00
29037d0a-ca54-4417-b5db-86243dcf39a7,84451841-21bf-4754-9eb5-99d508c4282f,751905,Trinessa 28 Day Pack,stopped,order,,2012-04-13T10:19:35+00:00
ec025d00-2bb9-4eae-ab36-b5f643db3c0d,84451841-21bf-4754-9eb5-99d508c4282f,751905,Trinessa 28 Day Pack,stopped,order,,2011-04-19T10:19:35+00:00
042700fd-5127-4097-a623-afc085a5f84c,84451841-21bf-4754-9eb5-99d508c4282f,1359133,Estrostep Fe 28 Day Pack,stopped,order,,2010-04-24T10:19:35+00:00
1a8b8666-98fe-40cb-9c79-03902d40e086,84451841-21bf-4754-9eb5-99d508c4282f,316672,Simvistatin 10 MG,stopped,order,,2013-08-19T10:19:35+00:00
251fc374-9a2c-4b9f-98be-fd191ec9244c,84451841-21bf-4754-9eb5-99d508c4282f,316672,Simvistatin 10 MG,stopped,order,,2017-08-18T10:19:35+00:00
3471840a-8ca6-4e01-900b-f806a7de9427,84451841-21bf-4754-9eb5-99d508c4282f,316672,Simvistatin 10 MG,stopped,order,,2018-08-18T10:19:35+00:00
245162c8-1a87-478c-9e90-73d0ddc28210,84451841-21bf-4754-9eb5-99d508c4282f,316672,Simvistatin 10 MG,stopped,order,,2015-08-19T10:19:35+00:00
28034ef7-0038-48be-a00a-9fac043c52f8,84451841-21bf-4754-9eb5-99d508c4282f,2001499,Vitamin B 12 5 MG/ML Injectable Solution,active,order,,1981-10-12T10:19:35+00:00
4377d3b7-0f05-4549-9a53-e1971f31cf27,84451841-21bf-4754-9eb5-99d508c4282f,316672,Simvistatin 10 MG,stopped,order,,2016-08-18T10:19:35+00:00
0abb2c07-d218-4a2b-bbc3-baff7e4dc3bc,43dd4e31-0c9d-42c7-a2e1-53ccf0e09dba,895994,120 ACTUAT Fluticasone propionate 0.044 MG/ACTUAT Metered Dose Inhaler,active,order,,1968-04-30T14:19:20+00:00
621ff8b7-dc4a-4cb1-998a-bb360f23a5e7,43dd4e31-0c9d-42c7-a2e1-53ccf0e09dba,745679,200 ACTUAT Albuterol 0.09 MG/ACTUAT Metered Dose Inhaler,active,order,,1968-04-30T14:19:20+00:00
0442a574-0095-4052-bd20-aeb15880bba8,43dd4e31-0c9d-42c7-a2e1-53ccf0e09dba,751905,Trinessa 28 Day Pack,stopped,order,,2010-07-12T14:19:20+00:00
c48529d8-691c-4cd1-9539-a3ab87c9256b,43dd4e31-0c9d-42c7-a2e1-53ccf0e09dba,106258,Hydrocortisone 10 MG/ML Topical Cream,active,order,,1973-03-21T14:19:20+00:00
5d7043a2-83f8-438b-ae2e-a417b58fb566,43dd4e31-0c9d-42c7-a2e1-53ccf0e09dba,477045,Chlorpheniramine Maleate 2 MG/ML Oral Solution,active,order,,1967-05-15T14:19:20+00:00
26cfb549-e251-4e44-8a50-ca2a7c3b4905,43dd4e31-0c9d-42c7-a2e1-53ccf0e09dba,849574,Naproxen sodium 220 MG Oral Tablet,active,order,,2004-04-14T14:19:20+00:00
827feeff-3a8d-40d9-8d87-69af7311eab1,43dd4e31-0c9d-42c7-a2e1-53ccf0e09dba,313782,Acetaminophen 325 MG Oral Tablet,stopped,order,,2012-08-22T14:19:20+00:00
954a4314-c309-4afb-b52f-0c2598baf71a,39234650-0229-4aee-975b-c8ee68bab40b,705129,Nitroglycerin 0.4 MG/ACTUAT Mucosal Spray,stopped,order,,2012-12-29T02:39:21+00:00
1544fee6-bb48-4ef4-8298-465bb3441e68,39234650-0229-4aee-975b-c8ee68bab40b,855332,Warfarin Sodium 5 MG Oral Tablet,active,order,,1967-01-28T02:39:21+00:00
26ea01ef-1138-4cc6-bb9c-9d440526d4a4,39234650-0229-4aee-975b-c8ee68bab40b,833036,Captopril 25 MG Oral Tablet,stopped,order,,2016-12-10T02:39:21+00:00
6cac2e36-664e-4bda-bbce-7c54517ba7a3,39234650-0229-4aee-975b-c8ee68bab40b,259255,Atorvastatin 80 MG Oral Tablet,stopped,order,,2016-12-10T02:39:21+00:00
0d8f6007-b49b-4d07-bec7-f7c277b181cd,39234650-0229-4aee-975b-c8ee68bab40b,197361,Amlodipine 5 MG Oral Tablet,active,order,,2012-12-29T02:39:21+00:00
d05f8102-ae00-4710-9ae2-09ecc7353ca7,39234650-0229-4aee-975b-c8ee68bab40b,562251,Amoxicillin 250 MG / Clavulanate 125 MG Oral Tablet,stopped,order,,2012-11-25T02:39:21+00:00
9603a696-fb7c-44f3-b433-98f8f1ebc3ac,39234650-0229-4aee-975b-c8ee68bab40b,316049,Hydrochlorothiazide 25 MG,active,order,,1938-06-18T02:39:21+00:00
1c3731e5-fa0d-4cf0-a52d-c05839d97095,39234650-0229-4aee-975b-c8ee68bab40b,897718,Verapamil Hydrochloride 40 MG,active,order,,1983-11-05T02:39:21+00:00
c0d730d1-0f83-4322-8dcc-461b2b82b702,39234650-0229-4aee-975b-c8ee68bab40b,312961,Simvastatin 20 MG Oral Tablet,active,order,,2012-12-29T02:39:21+00:00
6ddb9c0e-7a97-4417-8bad-58adf5b4d932,39234650-0229-4aee-975b-c8ee68bab40b,197604,Digoxin 0.125 MG Oral Tablet,active,order,,1967-01-28T02:39:21+00:00
5b1df622-a887-4529-bc66-8bda63f7a089,39234650-0229-4aee-975b-c8ee68bab40b,309362,Clopidogrel 75 MG Oral Tablet,stopped,order,,2012-12-29T02:39:21+00:00
55e23488-1e9d-47fd-95fc-d88fc41ffcf0,45ecc2b1-2e0c-4e67-bdac-2979f439275a,316049,Hydrochlorothiazide 25 MG,active,order,,1993-04-05T14:01:55+00:00
7008db5f-7b50-4a34-b249-66ac6ff10f20,45ecc2b1-2e0c-4e67-bdac-2979f439275a,313782,Acetaminophen 325 MG Oral Tablet,stopped,order,,2011-06-09T14:01:55+00:00
28fa1cc0-69cc-4c1a-b580-3b5d9a404b10,45ecc2b1-2e0c-4e67-bdac-2979f439275a,1804799,Alteplase 100 MG Injection,stopped,order,,2012-11-26T14:01:55+00:00
fac41eb7-5b02-4e6a-805c-e87a5bb6c766,45ecc2b1-2e0c-4e67-bdac-2979f439275a,2001499,Vitamin B 12 5 MG/ML Injectable Solution,active,order,,1996-04-08T14:01:55+00:00
7b3fb463-720f-4ba2-9779-7e690963e7e7,45ecc2b1-2e0c-4e67-bdac-2979f439275a,309362,Clopidogrel 75 MG Oral Tablet,stopped,order,,2012-11-26T14:01:55+00:00
261c2fb3-4e17-4ebe-a9f5-ee3857ada3f2,47c09f86-2ff8-46e9-9544-8146fc723bab,316672,Simvistatin 10 MG,stopped,order,,2005-08-01T06:58:56+00:00
48362311-e824-4288-a663-e0ce3b6cb775,47c09f86-2ff8-46e9-9544-8146fc723bab,316672,Simvistatin 10 MG,stopped,order,,2016-07-29T06:58:56+00:00
4d73bc3a-aa45-4b4e-920c-3983afc5cd3b,47c09f86-2ff8-46e9-9544-8146fc723bab,316672,Simvistatin 10 MG,stopped,order,,2009-07-31T06:58:56+00:00
1cc55e69-3925-44a3-897e-b2dc956520de,47c09f86-2ff8-46e9-9544-8146fc723bab,316672,Simvistatin 10 MG,stopped,order,,2008-07-31T06:58:56+00:00
43a53f00-4aa3-4c8d-9ec3-494f57f882cb,47c09f86-2ff8-46e9-9544-8146fc723bab,316672,Simvistatin 10 MG,stopped,order,,2014-07-30T06:58:56+00:00
c82626ee-adfb-4b2d-96ca-8039c66e80ef,47c09f86-2ff8-46e9-9544-8146fc723bab,316672,Simvistatin 10 MG,stopped,order,,2007-08-01T06:58:56+00:00
75a9197d-8802-485d-b313-7ef3985ad186,47c09f86-2ff8-46e9-9544-8146fc723bab,313782,Acetaminophen 325 MG Oral Tablet,stopped,order,,2011-11-04T06:58:56+00:00
a6414160-3bc4-4f8a-8ef3-b52ccad29974,47c09f86-2ff8-46e9-9544-8146fc723bab,316672,Simvistatin 10 MG,stopped,order,,2018-07-29T06:58:56+00:00
1e69e64f-af59-4792-8a51-04f54ef9eca0,47c09f86-2ff8-46e9-9544-8146fc723bab,316672,Simvistatin 10 MG,stopped,order,,2010-07-31T06:58:56+00:00
20f91efb-c4ce-4fbb-9687-0199ce383a16,47c09f86-2ff8-46e9-9544-8146fc723bab,316672,Simvistatin 10 MG,stopped,order,,2011-07-31T06:58:56+00:00
57a6f66e-6fde-49f4-b156-f15cebf3d171,47c09f86-2ff8-46e9-9544-8146fc723bab,316672,Simvistatin 10 MG,stopped,order,,2017-07-29T06:58:56+00:00
e1de7c27-9558-418a-8fdb-7a2f1de019b0,47c09f86-2ff8-46e9-9544-8146fc723bab,316672,Simvistatin 10 MG,stopped,order,,2013-07-30T06:58:56+00:00
1fc8af62-3091-4a91-96bb-30c9c7aaca91,47c09f86-2ff8-46e9-9544-8146fc723bab,316672,Simvistatin 10 MG,active,order,,2020-07-28T06:58:56+00:00
8a285592-53d0-4bf3-9a03-f11ced49d982,47c09f86-2ff8-46e9-9544-8146fc723bab,316672,Simvistatin 10 MG,stopped,order,,2012-07-30T06:58:56+00:00
b83954b5-329a-44cf-bba8-8deb04ba1ff3,47c09f86-2ff8-46e9-9544-8146fc723bab,316672,Simvistatin 10 MG,stopped,order,,2019-07-29T06:58:56+00:00
541b4e33-1b8e-4bd1-9a46-59abc3658ee4,47c09f86-2ff8-46e9-9544-8146fc723bab,316672,Simvistatin 10 MG,stopped,order,,2004-08-01T06:58:56+00:00
ac24a9d3-75be-49d8-b561-7ac39f1230e5,47c09f86-2ff8-46e9-9544-8146fc723bab,316672,Simvistatin 10 MG,stopped,order,,2006-08-01T06:58:56+00:00
9de499ce-0268-4a84-a4d2-eed57045becd,47c09f86-2ff8-46e9-9544-8146fc723bab,316672,Simvistatin 10 MG,stopped,order,,2015-07-30T06:58:56+00:00
1d3552b0-828a-4783-8de6-5a454e8fb63b,10fe9427-a075-4d8c-8af7-1d4d24f72112,310965,Ibuprofen 200 MG Oral Tablet,stopped,order,,2011-12-23T22:39:54+00:00
e71e87bf-40b5-4949-ac3d-3c138f44c6c2,10fe9427-a075-4d8c-8af7-1d4d24f72112,1870230,NDA020800 0.3 ML Epinephrine 1 MG/ML Auto-Injector,active,order,,1990-06-07T22:39:54+00:00
deacf361-1e9c-4599-9774-1d7d02ac81df,10fe9427-a075-4d8c-8af7-1d4d24f72112,1049630,diphenhydrAMINE Hydrochloride 25 MG Oral Tablet,active,order,,1990-06-07T22:39:54+00:00
cb2a4152-ff1b-4f44-a42d-98886d8dc86a,10fe9427-a075-4d8c-8af7-1d4d24f72112,749762,Seasonique 91 Day Pack,stopped,order,,2010-09-14T22:39:54+00:00
cef2e4e4-fa9e-4e7b-8a77-20e34e1ce76b,10fe9427-a075-4d8c-8af7-1d4d24f72112,310965,Ibuprofen 200 MG Oral Tablet,stopped,order,,2019-05-29T22:39:54+00:00
c9e18a2a-f03b-4f14-a763-00e44093a9ed,bab7fbbe-9b84-4b2b-b541-bb1fe769772a,316672,Simvistatin 10 MG,stopped,order,,2005-02-21T07:21:10+00:00
267e0fee-eddd-4616-b642-cdd03c8857f6,bab7fbbe-9b84-4b2b-b541-bb1fe769772a,316672,Simvistatin 10 MG,stopped,order,,2011-02-20T07:21:10+00:00
a6a63477-ab31-42af-8d00-d5ccaa9bde98,bab7fbbe-9b84-4b2b-b541-bb1fe769772a,316672,Simvistatin 10 MG,stopped,order,,2008-02-21T07:21:10+00:00
9143f2ac-4acd-4c91-bce4-8aa3277805b4,bab7fbbe-9b84-4b2b-b541-bb1fe769772a,316672,Simvistatin 10 MG,stopped,order,,2012-02-20T07:21:10+00:00
4fed8e11-50a5-4ee3-8f42-f3fa246affc7,bab7fbbe-9b84-4b2b-b541-bb1fe769772a,316672,Simvistatin 10 MG,stopped,order,,2007-02-21T07:21:10+00:00
4a3fcd02-5c4a-4ede-99eb-c69173f9cf1b,bab7fbbe-9b84-4b2b-b541-bb1fe769772a,316049,Hydrochlorothiazide 25 MG,active,order,,1978-11-13T07:21:10+00:00
354ec4b0-c1ac-4e88-8086-d6dc2d40c2a5,bab7fbbe-9b84-4b2b-b541-bb1fe769772a,316672,Simvistatin 10 MG,stopped,order,,2010-02-20T07:21:10+00:00
00f4c183-87e7-4b4c-9232-c36dec6def32,bab7fbbe-9b84-4b2b-b541-bb1fe769772a,316672,Simvistatin 10 MG,stopped,order,,2018-02-18T07:21:10+00:00
2d7e2906-0f10-4c31-b313-0220eff90948,bab7fbbe-9b84-4b2b-b541-bb1fe769772a,316672,Simvistatin 10 MG,stopped,order,,2016-02-19T07:21:10+00:00
e2bc2eaa-ce68-424a-a60c-9c80314b3a58,bab7fbbe-9b84-4b2b-b541-bb1fe769772a,316672,Simvistatin 10 MG,stopped,order,,2017-02-18T07:21:10+00:00
1792615f-9206-4083-b4f4-46a73db93739,bab7fbbe-9b84-4b2b-b541-bb1fe769772a,316672,Simvistatin 10 MG,stopped,order,,2006-02-21T07:21:10+00:00
1f4580ee-8566-4591-ad92-803f6b265ebe,bab7fbbe-9b84-4b2b-b541-bb1fe769772a,316672,Simvistatin 10 MG,stopped,order,,2020-02-18T07:21:10+00:00
68317353-ced8-4e65-aeee-d3d21c886e40,bab7fbbe-9b84-4b2b-b541-bb1fe769772a,316672,Simvistatin 10 MG,stopped,order,,2014-02-19T07:21:10+00:00
50da11c8-4a78-4494-bde4-108bf0d3dcfc,bab7fbbe-9b84-4b2b-b541-bb1fe769772a,316672,Simvistatin 10 MG,stopped,order,,2015-02-19T07:21:10+00:00
faa75502-77b2-47ec-9103-de235067ff3d,bab7fbbe-9b84-4b2b-b541-bb1fe769772a,316672,Simvistatin 10 MG,stopped,order,,2019-02-18T07:21:10+00:00
09a4d0c2-1801-4b8b-b39b-502270eb12da,bab7fbbe-9b84-4b2b-b541-bb1fe769772a,313782,Acetaminophen 325 MG Oral Tablet,stopped,order,,2020-05-14T07:21:10+00:00
0fe54075-cb0b-45dd-a04a-8b195879ec7b,bab7fbbe-9b84-4b2b-b541-bb1fe769772a,562251,Amoxicillin 250 MG / Clavulanate 125 MG Oral Tablet,stopped,order,,2015-11-18T07:21:10+00:00
14727090-7a5d-437e-b4e8-ae06e5cc8c47,bab7fbbe-9b84-4b2b-b541-bb1fe769772a,316672,Simvistatin 10 MG,stopped,order,,2013-02-19T07:21:10+00:00
ac916db7-f55f-4041-9a8b-b88fb7699ecb,bab7fbbe-9b84-4b2b-b541-bb1fe769772a,316672,Simvistatin 10 MG,active,order,,2021-02-17T07:21:10+00:00
20b62100-564f-434a-a277-a063435c2aa0,bab7fbbe-9b84-4b2b-b541-bb1fe769772a,316672,Simvistatin 10 MG,stopped,order,,2009-02-20T07:21:10+00:00
e4bf072b-b390-422e-ba47-7f5bb3448ec6,d5525459-8f3e-4e60-8ed2-5140d165db75,866414,24 HR metoprolol succinate 100 MG Extended Release Oral Tablet [Toprol],active,order,,2016-02-05T04:59:42+00:00
5d1ff020-40cb-4c57-9824-4cbcdd65f037,d5525459-8f3e-4e60-8ed2-5140d165db75,315971,Lasix 40mg,active,order,,2016-02-05T04:59:42+00:00
fd3268f7-3ea7-4036-8f0d-3bc90db1a2cc,d5525459-8f3e-4e60-8ed2-5140d165db75,106892,"insulin human, isophane 70 UNT/ML / Regular Insulin, Human 30 UNT/ML Injectable Suspension [Humulin]",active,order,,2011-10-09T04:59:42+00:00
7c1521d8-3615-45ad-846b-0aae99dfefd6,d5525459-8f3e-4e60-8ed2-5140d165db75,197319,Allopurinol 100 MG Oral Tablet,stopped,order,,2014-01-31T04:59:42+00:00
326f88b2-2856-48c3-819a-8bf0b78a66f2,d5525459-8f3e-4e60-8ed2-5140d165db75,858069,Colchicine 0.6 MG [Colcrys],stopped,order,,2014-01-31T04:59:42+00:00
9194d5a2-981a-4a66-82aa-b22f82f4706a,d5525459-8f3e-4e60-8ed2-5140d165db75,1719286,10 ML Furosemide 10 MG/ML Injection,active,order,,2018-01-25T04:59:42+00:00
c5c18b52-ab70-4166-ad7f-d3cc73324d4e,d5525459-8f3e-4e60-8ed2-5140d165db75,849574,Naproxen sodium 220 MG Oral Tablet,stopped,order,,2014-11-07T04:59:42+00:00
82c58d1e-3029-46ea-883f-b96418cd9913,5f6d256f-fc32-4b10-ba9c-51aba830cfa4,860975,24 HR Metformin hydrochloride 500 MG Extended Release Oral Tablet,active,order,,1992-09-05T05:46:40+00:00
bc825425-f7a8-4cba-aa0e-69fa6aa7f0a8,5f6d256f-fc32-4b10-ba9c-51aba830cfa4,313782,Acetaminophen 325 MG Oral Tablet,stopped,order,,1999-08-03T05:46:40+00:00
fc7fcf8f-ab88-4784-89a8-801f6ae88dd0,5f6d256f-fc32-4b10-ba9c-51aba830cfa4,2001499,Vitamin B 12 5 MG/ML Injectable Solution,active,order,,1972-01-15T05:46:40+00:00
080447bb-ecb0-4cea-b3c1-fcccc4539770,5f6d256f-fc32-4b10-ba9c-51aba830cfa4,1043400,Acetaminophen 21.7 MG/ML / Dextromethorphan Hydrobromide 1 MG/ML / doxylamine succinate 0.417 MG/ML Oral Solution,stopped,order,,1994-02-08T05:46:40+00:00
0be1f9dd-4bcd-4f57-a179-bffbf54ade8e,5f6d256f-fc32-4b10-ba9c-51aba830cfa4,897718,Verapamil Hydrochloride 40 MG,active,order,,2000-07-29T05:46:40+00:00
b0ed2945-d589-4e21-9149-7b8e50312506,5f6d256f-fc32-4b10-ba9c-51aba830cfa4,749785,Ortho Tri-Cyclen 28 Day Pack,stopped,order,,1992-08-25T05:46:40+00:00
d860f641-fd3d-4173-80e3-7f3287bee0d0,5f6d256f-fc32-4b10-ba9c-51aba830cfa4,855332,Warfarin Sodium 5 MG Oral Tablet,active,order,,2000-07-29T05:46:40+00:00
361afba0-b581-47f2-a55e-3e27e1d581bb,5f6d256f-fc32-4b10-ba9c-51aba830cfa4,316049,Hydrochlorothiazide 25 MG,active,order,,1990-09-29T05:46:40+00:00
2f0f1367-ae2d-4ede-b29d-244e6cfcf283,5f6d256f-fc32-4b10-ba9c-51aba830cfa4,197604,Digoxin 0.125 MG Oral Tablet,active,order,,2000-07-29T05:46:40+00:00
40f8db9e-5156-44ba-95e3-21aa517d17a0,5f6d256f-fc32-4b10-ba9c-51aba830cfa4,313782,Acetaminophen 325 MG Oral Tablet,stopped,order,,1997-07-01T05:46:40+00:00
bf9955f5-7207-4fa8-bb36-a3aaf2a547d1,132f48ba-1d72-4e0c-a220-91786d7501aa,860975,24 HR Metformin hydrochloride 500 MG Extended Release Oral Tablet,active,order,,2019-09-20T00:14:49+00:00
568861ca-545d-490f-b70f-f5deb88bfda5,132f48ba-1d72-4e0c-a220-91786d7501aa,1000126,1 ML medroxyprogesterone acetate 150 MG/ML Injection,stopped,order,,2011-08-11T00:14:49+00:00
8133b97c-cd9d-4c91-8ecd-7eddfd341df2,132f48ba-1d72-4e0c-a220-91786d7501aa,389221,Etonogestrel 68 MG Drug Implant,stopped,order,,2020-01-05T00:14:49+00:00
88225a6f-e734-47eb-9f32-5f875eb4c491,132f48ba-1d72-4e0c-a220-91786d7501aa,807283,Mirena 52 MG Intrauterine System,stopped,order,,2017-01-16T00:14:49+00:00
5d69fbd2-c0f1-4a95-b145-187df5680bae,132f48ba-1d72-4e0c-a220-91786d7501aa,748879,Levora 0.15/30 28 Day Pack,stopped,order,,2016-01-22T00:14:49+00:00
de033d50-ac39-45dc-925c-389e159118d3,132f48ba-1d72-4e0c-a220-91786d7501aa,106892,"insulin human, isophane 70 UNT/ML / Regular Insulin, Human 30 UNT/ML Injectable Suspension [Humulin]",active,order,,2019-11-22T00:14:49+00:00
4591045b-237e-4c4b-a03f-3225754cae34,132f48ba-1d72-4e0c-a220-91786d7501aa,389221,Etonogestrel 68 MG Drug Implant,stopped,order,,2018-01-15T00:14:49+00:00
7dbf9cee-120f-4657-a8e9-c6fc65034fd2,132f48ba-1d72-4e0c-a220-91786d7501aa,748962,Camila 28 Day Pack,stopped,order,,2019-01-10T00:14:49+00:00
e441bce5-1196-4260-9108-2e1935e82bc1,132f48ba-1d72-4e0c-a220-91786d7501aa,389221,Etonogestrel 68 MG Drug Implant,stopped,order,,2010-08-16T00:14:49+00:00
3086f7a5-063b-4ba0-92da-f68165552801,fa064acf-b7f1-4279-83d3-7a94686da7ba,316049,Hydrochlorothiazide 25 MG,active,order,,1939-06-24T02:39:21+00:00
56fc6837-18a9-43a4-9009-689399a702f5,fa064acf-b7f1-4279-83d3-7a94686da7ba,849574,Naproxen sodium 220 MG Oral Tablet,stopped,order,,1972-04-11T02:39:21+00:00
d60403d3-2770-4a64-8b5a-4186f6de7f8b,fa064acf-b7f1-4279-83d3-7a94686da7ba,860975,24 HR Metformin hydrochloride 500 MG Extended Release Oral Tablet,active,order,,1966-05-14T02:39:21+00:00
dbd35d99-ef3a-4546-b291-fc7069f6bf4b,fa064acf-b7f1-4279-83d3-7a94686da7ba,197604,Digoxin 0.125 MG Oral Tablet,active,order,,2014-11-01T02:39:21+00:00
27f9b85f-3f31-455a-8d83-41e2ec222a6c,fa064acf-b7f1-4279-83d3-7a94686da7ba,897718,Verapamil Hydrochloride 40 MG,active,order,,2014-11-01T02:39:21+00:00
b89c412e-ee3f-40ef-9e98-4826ba4675e0,fa064acf-b7f1-4279-83d3-7a94686da7ba,562251,Amoxicillin 250 MG / Clavulanate 125 MG Oral Tablet,stopped,order,,2012-09-23T02:39:21+00:00
ff415492-967e-4833-9751-38f15bbb41a5,fa064acf-b7f1-4279-83d3-7a94686da7ba,309362,Clopidogrel 75 MG Oral Tablet,stopped,order,,2020-09-26T02:39:21+00:00
507848f0-e04c-4cfc-b892-6012baf158e5,fa064acf-b7f1-4279-83d3-7a94686da7ba,1804799,Alteplase 100 MG Injection,stopped,order,,2020-09-26T02:39:21+00:00
f8a0eb36-c014-4d95-9f2c-9ee6e52cf57d,fa064acf-b7f1-4279-83d3-7a94686da7ba,855332,Warfarin Sodium 5 MG Oral Tablet,active,order,,2014-11-01T02:39:21+00:00
81a7ab12-34cb-48f4-a7cd-da0b51e6a5f0,ffb8ae8f-8c7f-4475-8c42-d38419108e94,849574,Naproxen sodium 220 MG Oral Tablet,active,order,,1971-09-28T06:01:37+00:00
d4018d4f-62a8-42b9-bd41-2ef11e062393,ffb8ae8f-8c7f-4475-8c42-d38419108e94,1734340,Etoposide 100 MG Injection,stopped,order,,2011-02-10T06:01:37+00:00
533fdb00-b2d0-48fc-8e6b-d6161b6e7dc2,ffb8ae8f-8c7f-4475-8c42-d38419108e94,1736854,Cisplatin 50 MG Injection,stopped,order,,2010-02-07T06:01:37+00:00
f13779d9-f072-43e4-ae63-cfba71ee3c22,ffb8ae8f-8c7f-4475-8c42-d38419108e94,1736854,Cisplatin 50 MG Injection,stopped,order,,2012-04-06T06:01:37+00:00
cb1d8393-d662-404b-99bc-de1ebec84592,ffb8ae8f-8c7f-4475-8c42-d38419108e94,1736854,Cisplatin 50 MG Injection,stopped,order,,2010-01-11T06:01:37+00:00
45ca430e-5772-4640-a5ce-59e36da7101b,ffb8ae8f-8c7f-4475-8c42-d38419108e94,752899,0.25 ML Leuprolide Acetate 30 MG/ML Prefilled Syringe,active,order,,2003-01-07T06:01:37+00:00
107d2ea3-73d5-4815-befb-9e37e2f3511f,ffb8ae8f-8c7f-4475-8c42-d38419108e94,1736854,Cisplatin 50 MG Injection,stopped,order,,2011-11-05T06:01:37+00:00
e86f37f8-6e5d-4506-92e3-cb8102118956,ffb8ae8f-8c7f-4475-8c42-d38419108e94,1734340,Etoposide 100 MG Injection,stopped,order,,2012-02-15T06:01:37+00:00
df58e0d0-c844-425e-8718-9703b0d07483,ffb8ae8f-8c7f-4475-8c42-d38419108e94,1734340,Etoposide 100 MG Injection,stopped,order,,2011-07-10T06:01:37+00:00
69db1ef2-0eae-4923-bc35-f17f0cb2d850,ffb8ae8f-8c7f-4475-8c42-d38419108e94,1734340,Etoposide 100 MG Injection,stopped,order,,2009-08-01T06:01:37+00:00
2a1c1aee-758e-428b-85df-a77d31746f1c,ffb8ae8f-8c7f-4475-8c42-d38419108e94,562251,Amoxicillin 250 MG / Clavulanate 125 MG Oral Tablet,stopped,order,,2008-09-16T06:01:37+00:00
a46c712d-949f-4bb8-b0c1-7e460876b2b7,ffb8ae8f-8c7f-4475-8c42-d38419108e94,1734340,Etoposide 100 MG Injection,stopped,order,,2010-10-10T06:01:37+00:00
640fa483-9c94-4ef5-94fa-edbfdc84518c,ffb8ae8f-8c7f-4475-8c42-d38419108e94,1734340,Etoposide 100 MG Injection,stopped,order,,2011-05-20T06:01:37+00:00
5139a913-c815-4cbb-887f-2fc3ab041aff,ffb8ae8f-8c7f-4475-8c42-d38419108e94,1736854,Cisplatin 50 MG Injection,stopped,order,,2010-03-30T06:01:37+00:00
e3ba1537-d8a2-4b53-a143-63ae0af06d64,ffb8ae8f-8c7f-4475-8c42-d38419108e94,1734340,Etoposide 100 MG Injection,stopped,order,,2010-06-13T06:01:37+00:00
49c29c04-a9c4-48bd-8346-a09193241938,ffb8ae8f-8c7f-4475-8c42-d38419108e94,1736854,Cisplatin 50 MG Injection,stopped,order,,2011-08-01T06:01:37+00:00
ee785731-efc1-4178-b0c0-4c577f2ba76b,ffb8ae8f-8c7f-4475-8c42-d38419108e94,1734340,Etoposide 100 MG Injection,stopped,order,,2011-01-17T06:01:37+00:00
77e0856b-d5b3-4d72-83fb-d8e923b48730,ffb8ae8f-8c7f-4475-8c42-d38419108e94,310965,Ibuprofen 200 MG Oral Tablet,stopped,order,,2009-03-04T06:01:37+00:00
6af04281-6ce3-4d05-90c6-75f976787141,ffb8ae8f-8c7f-4475-8c42-d38419108e94,1734340,Etoposide 100 MG Injection,stopped,order,,2012-07-15T06:01:37+00:00
502d7d01-cc5f-4910-b3db-1b501ef43219,ffb8ae8f-8c7f-4475-8c42-d38419108e94,1734340,Etoposide 100 MG Injection,stopped,order,,2010-09-18T06:01:37+00:00
3cfe2a5f-540d-435a-a726-db5b6c7ac085,ffb8ae8f-8c7f-4475-8c42-d38419108e94,1736854,Cisplatin 50 MG Injection,stopped,order,,2011-03-30T06:01:37+00:00
fadc1c5d-6d5e-4080-80ba-9d968928f8d0,ffb8ae8f-8c7f-4475-8c42-d38419108e94,1734340,Etoposide 100 MG Injection,stopped,order,,2010-08-28T06:01:37+00:00
4ccbf974-1963-400e-8f66-722cec2daf80,ffb8ae8f-8c7f-4475-8c42-d38419108e94,1734340,Etoposide 100 MG Injection,stopped,order,,2011-11-30T06:01:37+00:00
b37ccb26-afe3-4310-a4d3-0d92728284eb,ffb8ae8f-8c7f-4475-8c42-d38419108e94,1734340,Etoposide 100 MG Injection,stopped,order,,2009-10-11T06:01:37+00:00
66a44435-68d4-4835-80af-3af1613ad647,ffb8ae8f-8c7f-4475-8c42-d38419108e94,1734340,Etoposide 100 MG Injection,stopped,order,,2012-05-02T06:01:37+00:00
2021687f-536a-4478-bc78-bd57d8fdd921,ffb8ae8f-8c7f-4475-8c42-d38419108e94,1736854,Cisplatin 50 MG Injection,stopped,order,,2009-08-01T06:01:37+00:00
48c7bafc-264b-48d1-b4d0-9d30e598c6a5,ffb8ae8f-8c7f-4475-8c42-d38419108e94,1736854,Cisplatin 50 MG Injection,stopped,order,,2012-06-23T06:01:37+00:00
b1f1fe8e-9c9b-42e4-8ba7-f08b2abef0c1,ffb8ae8f-8c7f-4475-8c42-d38419108e94,1736854,Cisplatin 50 MG Injection,stopped,order,,2012-07-15T06:01:37+00:00
bccabccf-247f-444c-bea2-09b586f83988,ffb8ae8f-8c7f-4475-8c42-d38419108e94,1736854,Cisplatin 50 MG Injection,stopped,order,,2011-05-20T06:01:37+00:00
d7c275f4-9c29-4691-a7d5-507da5bef3da,ffb8ae8f-8c7f-4475-8c42-d38419108e94,1734340,Etoposide 100 MG Injection,stopped,order,,2011-08-22T06:01:37+00:00
8be6e9f9-3d3e-4df4-9132-415793595401,ffb8ae8f-8c7f-4475-8c42-d38419108e94,1734340,Etoposide 100 MG Injection,stopped,order,,2010-11-28T06:01:37+00:00
b66f46a0-1143-41f2-8a44-d37c4d4dad5a,ffb8ae8f-8c7f-4475-8c42-d38419108e94,1736854,Cisplatin 50 MG Injection,stopped,order,,2010-11-28T06:01:37+00:00
46bf3263-b8c5-4be2-b22e-bad23d877711,ffb8ae8f-8c7f-4475-8c42-d38419108e94,1734340,Etoposide 100 MG Injection,stopped,order,,2009-11-02T06:01:37+00:00
49b9d190-7d2c-42db-baab-3c656c884592,ffb8ae8f-8c7f-4475-8c42-d38419108e94,406022,Fluoxetine 25MG,active,order,,1955-11-22T06:01:37+00:00
13405cd6-65e0-4588-83fb-84e6f7c640cf,ffb8ae8f-8c7f-4475-8c42-d38419108e94,1736854,Cisplatin 50 MG Injection,stopped,order,,2012-01-19T06:01:37+00:00
5af8f54e-8e52-48d5-b585-9a8d78024c35,ffb8ae8f-8c7f-4475-8c42-d38419108e94,1736854,Cisplatin 50 MG Injection,stopped,order,,2011-11-30T06:01:37+00:00
183434b0-554c-4626-b7a5-1af13a9f464a,ffb8ae8f-8c7f-4475-8c42-d38419108e94,1736854,Cisplatin 50 MG Injection,stopped,order,,2009-09-15T06:01:37+00:00
5b6815b3-ef55-49b0-98f2-92d857b7b9c3,ffb8ae8f-8c7f-4475-8c42-d38419108e94,1734340,Etoposide 100 MG Injection,stopped,order,,2010-08-01T06:01:37+00:00
09eceeb7-a254-423f-8265-9239fa7bb013,ffb8ae8f-8c7f-4475-8c42-d38419108e94,1734340,Etoposide 100 MG Injection,stopped,order,,2011-04-24T06:01:37+00:00
25cf2585-f0df-4530-b4fc-c364b977fc9b,ffb8ae8f-8c7f-4475-8c42-d38419108e94,1736854,Cisplatin 50 MG Injection,stopped,order,,2011-04-24T06:01:37+00:00
8c257201-1f8f-4702-9e08-a3c7303902eb,ffb8ae8f-8c7f-4475-8c42-d38419108e94,1734340,Etoposide 100 MG Injection,stopped,order,,2011-03-30T06:01:37+00:00
5327cec9-61b2-433c-a129-138152d7b20f,ffb8ae8f-8c7f-4475-8c42-d38419108e94,1736854,Cisplatin 50 MG Injection,stopped,order,,2009-12-19T06:01:37+00:00
ae055660-eb2f-4d2c-b431-4824446f306a,ffb8ae8f-8c7f-4475-8c42-d38419108e94,1734340,Etoposide 100 MG Injection,stopped,order,,2010-04-25T06:01:37+00:00
e6d073f2-629c-4ecb-9d30-3b49447a1f46,ffb8ae8f-8c7f-4475-8c42-d38419108e94,1736854,Cisplatin 50 MG Injection,stopped,order,,2010-09-18T06:01:37+00:00
27c9b4e0-94e7-4853-bf4c-ed11c159a040,ffb8ae8f-8c7f-4475-8c42-d38419108e94,1734340,Etoposide 100 MG Injection,stopped,order,,2011-10-09T06:01:37+00:00
4e21d43c-3bb6-4805-8c27-668fe70fe3a9,ffb8ae8f-8c7f-4475-8c42-d38419108e94,1736854,Cisplatin 50 MG Injection,stopped,order,,2009-08-23T06:01:37+00:00
264eafa4-0d8a-42ff-94cc-f8b18c02b0a5,ffb8ae8f-8c7f-4475-8c42-d38419108e94,1736854,Cisplatin 50 MG Injection,stopped,order,,2010-07-07T06:01:37+00:00
079e9367-8f1f-4e8e-82ff-2e82cb2eb155,ffb8ae8f-8c7f-4475-8c42-d38419108e94,1736854,Cisplatin 50 MG Injection,stopped,order,,2011-09-13T06:01:37+00:00
938328da-33b9-424a-984f-b8d054a69f7a,ffb8ae8f-8c7f-4475-8c42-d38419108e94,1734340,Etoposide 100 MG Injection,stopped,order,,2010-01-11T06:01:37+00:00
f16e0e55-7b7e-41aa-af11-075c709cb34c,ffb8ae8f-8c7f-4475-8c42-d38419108e94,1734340,Etoposide 100 MG Injection,stopped,order,,2011-08-01T06:01:37+00:00
ef0f20d7-79ff-4446-8976-cb19059216b1,ffb8ae8f-8c7f-4475-8c42-d38419108e94,1736854,Cisplatin 50 MG Injection,stopped,order,,2010-08-01T06:01:37+00:00
53d1fa23-e395-4ed1-8bf7-0f62442a81e0,ffb8ae8f-8c7f-4475-8c42-d38419108e94,1736854,Cisplatin 50 MG Injection,stopped,order,,2011-01-17T06:01:37+00:00
19c69220-ff7d-4caf-bd32-a145b8882510,ffb8ae8f-8c7f-4475-8c42-d38419108e94,1734340,Etoposide 100 MG Injection,stopped,order,,2011-12-27T06:01:37+00:00
224d31ed-aef7-46a6-8a0f-83c463e0ae6f,ffb8ae8f-8c7f-4475-8c42-d38419108e94,1736854,Cisplatin 50 MG Injection,stopped,order,,2011-08-22T06:01:37+00:00
9b81b10e-6af0-4250-91e9-cc8753b3c72c,ffb8ae8f-8c7f-4475-8c42-d38419108e94,1734340,Etoposide 100 MG Injection,stopped,order,,2010-11-04T06:01:37+00:00
94f8bd4c-d5a2-4012-b696-12844c0d5325,ffb8ae8f-8c7f-4475-8c42-d38419108e94,855332,Warfarin Sodium 5 MG Oral Tablet,active,order,,2006-01-24T06:01:37+00:00
b5c6a608-5ae5-4075-96ce-1cc889ff14b8,ffb8ae8f-8c7f-4475-8c42-d38419108e94,1736854,Cisplatin 50 MG Injection,stopped,order,,2010-10-10T06:01:37+00:00
4da115bf-bab6-4db5-8a82-bd65c4fffe52,ffb8ae8f-8c7f-4475-8c42-d38419108e94,1736854,Cisplatin 50 MG Injection,stopped,order,,2010-12-22T06:01:37+00:00
b7581dc8-809a-4d8f-9df3-6bcb1d530b52,ffb8ae8f-8c7f-4475-8c42-d38419108e94,1736854,Cisplatin 50 MG Injection,stopped,order,,2012-05-02T06:01:37+00:00
ab2f60a9-b65a-4b3e-9062-6b69f645495d,ffb8ae8f-8c7f-4475-8c42-d38419108e94,1736854,Cisplatin 50 MG Injection,stopped,order,,2011-10-09T06:01:37+00:00
298a158a-8e22-45f6-953d-860079b0e810,ffb8ae8f-8c7f-4475-8c42-d38419108e94,1736854,Cisplatin 50 MG Injection,stopped,order,,2010-06-13T06:01:37+00:00
13952380-5a38-4713-8a8c-b80aca2a6e0a,ffb8ae8f-8c7f-4475-8c42-d38419108e94,1734340,Etoposide 100 MG Injection,stopped,order,,2012-04-06T06:01:37+00:00
e87bbfc8-749f-4506-9720-6ed10e0ae711,ffb8ae8f-8c7f-4475-8c42-d38419108e94,1734340,Etoposide 100 MG Injection,stopped,order,,2009-09-15T06:01:37+00:00
617eb194-72ba-4417-8606-0502d5444a7e,ffb8ae8f-8c7f-4475-8c42-d38419108e94,1734340,Etoposide 100 MG Injection,stopped,order,,2010-02-07T06:01:37+00:00
299d7878-1255-4b9f-b27b-28a8ae4eb2d3,ffb8ae8f-8c7f-4475-8c42-d38419108e94,897718,Verapamil Hydrochloride 40 MG,active,order,,2006-01-24T06:01:37+00:00
1a77fd03-2e96-4269-9624-17c012121b46,ffb8ae8f-8c7f-4475-8c42-d38419108e94,1736854,Cisplatin 50 MG Injection,stopped,order,,2010-03-06T06:01:37+00:00
2748444a-bbe3-4b77-837c-e02434c1bf65,ffb8ae8f-8c7f-4475-8c42-d38419108e94,1736854,Cisplatin 50 MG Injection,stopped,order,,2011-07-10T06:01:37+00:00
e496f58a-5da8-4919-b570-d236b19306c6,ffb8ae8f-8c7f-4475-8c42-d38419108e94,1734340,Etoposide 100 MG Injection,stopped,order,,2012-05-29T06:01:37+00:00
966b11f3-bf6e-45f4-a713-b566e31ffeef,ffb8ae8f-8c7f-4475-8c42-d38419108e94,1736854,Cisplatin 50 MG Injection,stopped,order,,2010-05-18T06:01:37+00:00
a9c62fdc-b3a5-4c53-b43e-d95e0660e2b6,ffb8ae8f-8c7f-4475-8c42-d38419108e94,1736854,Cisplatin 50 MG Injection,stopped,order,,2011-12-27T06:01:37+00:00
c16a69df-00f0-4ca9-8585-a1970782f15b,ffb8ae8f-8c7f-4475-8c42-d38419108e94,1736854,Cisplatin 50 MG Injection,stopped,order,,2011-02-10T06:01:37+00:00
5cdfeba2-5043-4635-bfe2-c78c67c12053,ffb8ae8f-8c7f-4475-8c42-d38419108e94,1734340,Etoposide 100 MG Injection,stopped,order,,2010-03-06T06:01:37+00:00
307ed80c-7a07-4d9f-b62a-04449fc207ee,ffb8ae8f-8c7f-4475-8c42-d38419108e94,1860480,1 ML DOCEtaxel 20 MG/ML Injection,active,order,,2003-01-07T06:01:37+00:00
aa410c59-c05f-4ad5-8cd6-152ea164ac12,ffb8ae8f-8c7f-4475-8c42-d38419108e94,197604,Digoxin 0.125 MG Oral Tablet,active,order,,2006-01-24T06:01:37+00:00
6a03ed8f-4524-4f53-b9ab-b31ad864bbbc,ffb8ae8f-8c7f-4475-8c42-d38419108e94,1736854,Cisplatin 50 MG Injection,stopped,order,,2011-06-16T06:01:37+00:00
6523fa40-d90b-411b-b316-e4ad934c9beb,ffb8ae8f-8c7f-4475-8c42-d38419108e94,1736854,Cisplatin 50 MG Injection,stopped,order,,2009-11-23T06:01:37+00:00
38a6f015-1eb8-421b-b247-5e5913ad1f25,ffb8ae8f-8c7f-4475-8c42-d38419108e94,1736854,Cisplatin 50 MG Injection,stopped,order,,2010-08-28T06:01:37+00:00
c3a13872-0f10-4179-97af-1d78bb8955d2,ffb8ae8f-8c7f-4475-8c42-d38419108e94,1736854,Cisplatin 50 MG Injection,stopped,order,,2009-11-02T06:01:37+00:00
c94b2d56-73e1-4287-bc14-b91b364d02de,ffb8ae8f-8c7f-4475-8c42-d38419108e94,1736854,Cisplatin 50 MG Injection,stopped,order,,2009-10-11T06:01:37+00:00
d8e53f0d-618e-4ddd-b49e-d9717b88d68b,ffb8ae8f-8c7f-4475-8c42-d38419108e94,1734340,Etoposide 100 MG Injection,stopped,order,,2012-01-19T06:01:37+00:00
756666dc-68af-4b03-bda1-89d101df8541,ffb8ae8f-8c7f-4475-8c42-d38419108e94,1734340,Etoposide 100 MG Injection,stopped,order,,2010-07-07T06:01:37+00:00
eb77ab48-3d14-4b0f-a2df-12bbfa52a3f5,ffb8ae8f-8c7f-4475-8c42-d38419108e94,1736854,Cisplatin 50 MG Injection,stopped,order,,2010-11-04T06:01:37+00:00
78dd9496-da91-42a3-a655-101d606c5723,ffb8ae8f-8c7f-4475-8c42-d38419108e94,1734340,Etoposide 100 MG Injection,stopped,order,,2012-03-13T06:01:37+00:00
3b4f59d1-a009-4e38-8ccf-89fba2d04307,ffb8ae8f-8c7f-4475-8c42-d38419108e94,1734340,Etoposide 100 MG Injection,stopped,order,,2010-03-30T06:01:37+00:00
157bb52c-9231-43e9-9c0b-791fc02e21dd,ffb8ae8f-8c7f-4475-8c42-d38419108e94,1734340,Etoposide 100 MG Injection,stopped,order,,2009-11-23T06:01:37+00:00
29bcf89c-3229-48a9-8362-fd1af7a4bf63,ffb8ae8f-8c7f-4475-8c42-d38419108e94,1734340,Etoposide 100 MG Injection,stopped,order,,2010-12-22T06:01:37+00:00
99de853f-fc24-49b1-b202-c34a1fc01653,ffb8ae8f-8c7f-4475-8c42-d38419108e94,1734340,Etoposide 100 MG Injection,stopped,order,,2011-11-05T06:01:37+00:00
9452d838-9b1c-4a20-a8f6-c6aeb95b7ffa,ffb8ae8f-8c7f-4475-8c42-d38419108e94,1734340,Etoposide 100 MG Injection,stopped,order,,2011-03-06T06:01:37+00:00
f152562d-7a68-44b4-9494-02ac73abb63b,ffb8ae8f-8c7f-4475-8c42-d38419108e94,1734340,Etoposide 100 MG Injection,stopped,order,,2011-06-16T06:01:37+00:00
3492e73d-79a6-410a-8050-64a1b4eb3f92,ffb8ae8f-8c7f-4475-8c42-d38419108e94,1736854,Cisplatin 50 MG Injection,stopped,order,,2010-04-25T06:01:37+00:00
c5e51eaf-95ae-4b71-90f4-996db2b1f0cd,ffb8ae8f-8c7f-4475-8c42-d38419108e94,1734340,Etoposide 100 MG Injection,stopped,order,,2011-09-13T06:01:37+00:00
90db5267-ee31-4fdc-8213-72bafcbf90a6,ffb8ae8f-8c7f-4475-8c42-d38419108e94,1736854,Cisplatin 50 MG Injection,stopped,order,,2012-02-15T06:01:37+00:00
0649792b-8e9e-48fc-a267-0a128e834b74,ffb8ae8f-8c7f-4475-8c42-d38419108e94,1734340,Etoposide 100 MG Injection,stopped,order,,2009-08-23T06:01:37+00:00
8fb5371a-2e09-4fe2-9d09-99bd9e51d357,ffb8ae8f-8c7f-4475-8c42-d38419108e94,1734340,Etoposide 100 MG Injection,stopped,order,,2009-12-19T06:01:37+00:00
e15c9289-1251-4322-a018-74ab41084105,ffb8ae8f-8c7f-4475-8c42-d38419108e94,1734340,Etoposide 100 MG Injection,stopped,order,,2012-06-23T06:01:37+00:00
8842ede7-4cb6-4ec1-87c3-8febfafa3501,ffb8ae8f-8c7f-4475-8c42-d38419108e94,1736854,Cisplatin 50 MG Injection,stopped,order,,2011-03-06T06:01:37+00:00
125b8b80-890e-4a18-a0b6-2e3a110dfe92,ffb8ae8f-8c7f-4475-8c42-d38419108e94,1736854,Cisplatin 50 MG Injection,stopped,order,,2012-03-13T06:01:37+00:00
f2dad03a-bc40-4d54-8d30-48b558e990a3,ffb8ae8f-8c7f-4475-8c42-d38419108e94,1734340,Etoposide 100 MG Injection,stopped,order,,2010-05-18T06:01:37+00:00
a5b95da0-31a3-4b91-b732-bbbc2a5bf61e,7d92e3ac-4bb6-4c7a-953a-ec8bb3b2da56,316049,Hydrochlorothiazide 25 MG,active,order,,1977-06-09T03:48:02+00:00
715fd16b-9a4a-4bec-b30d-7e03b31503d7,7d92e3ac-4bb6-4c7a-953a-ec8bb3b2da56,315971,Lasix 40mg,active,order,,2016-02-24T03:48:02+00:00
080d306c-84da-478e-8d0d-ad0c6997d1d2,7d92e3ac-4bb6-4c7a-953a-ec8bb3b2da56,310325,ferrous sulfate 325 MG Oral Tablet,active,order,,1987-06-25T03:48:02+00:00
f34f1842-6ab5-4438-87b8-6a6472116887,7d92e3ac-4bb6-4c7a-953a-ec8bb3b2da56,313782,Acetaminophen 325 MG Oral Tablet,stopped,order,,2015-06-29T03:48:02+00:00
c3d33318-5e72-48e0-8449-84a1724dc2f5,7d92e3ac-4bb6-4c7a-953a-ec8bb3b2da56,866414,24 HR metoprolol succinate 100 MG Extended Release Oral Tablet [Toprol],active,order,,2016-02-24T03:48:02+00:00
23e9c3e9-4951-4914-9c36-c7077c16d9eb,7d92e3ac-4bb6-4c7a-953a-ec8bb3b2da56,313782,Acetaminophen 325 MG Oral Tablet,stopped,order,,2008-07-26T03:48:02+00:00
a5073dc7-57fb-418c-a0cf-b4ea84da5f9b,7d92e3ac-4bb6-4c7a-953a-ec8bb3b2da56,1719286,10 ML Furosemide 10 MG/ML Injection,active,order,,2016-08-22T03:48:02+00:00
0cfd993a-d1f3-4f47-9880-e495a15be698,f2316789-30c4-4c06-9193-0ca5475bbb1b,316049,Hydrochlorothiazide 25 MG,active,order,,2017-07-07T04:38:18+00:00
60d88b5b-978e-4f9e-bb0f-1ad43c3802f7,f2316789-30c4-4c06-9193-0ca5475bbb1b,1856546,Kyleena 19.5 MG Intrauterine System,active,order,,2020-06-12T04:38:18+00:00
efa337b8-384f-4879-8505-7a078632bc29,f2316789-30c4-4c06-9193-0ca5475bbb1b,310965,Ibuprofen 200 MG Oral Tablet,stopped,order,,2014-12-30T04:38:18+00:00
ba07dc9f-c764-4ec5-8890-538cb73057ed,f2316789-30c4-4c06-9193-0ca5475bbb1b,807283,Mirena 52 MG Intrauterine System,stopped,order,,2013-01-19T04:38:18+00:00
0fdfd78f-f5e0-4e6a-b1f7-770dc2341f05,f2316789-30c4-4c06-9193-0ca5475bbb1b,978950,Natazia 28 Day Pack,stopped,order,,2012-01-25T04:38:18+00:00
c6a038fc-09c5-4e84-a9b9-a064598c42cb,f2316789-30c4-4c06-9193-0ca5475bbb1b,310325,ferrous sulfate 325 MG Oral Tablet,active,order,,2016-06-24T04:38:18+00:00
e8efd1b0-aeee-41f7-b905-ca23ef10fbb8,f2316789-30c4-4c06-9193-0ca5475bbb1b,313782,Acetaminophen 325 MG Oral Tablet,stopped,order,,2014-06-17T04:38:18+00:00
3c2a7048-aab8-428e-b2dd-6e59547ce66c,c6e10999-2d4f-405d-964c-2e61f0aebd76,2001499,Vitamin B 12 5 MG/ML Injectable Solution,active,order,,1997-12-14T04:08:33+00:00
9e5e460a-5fe6-45ef-b67c-ff3f49cd9de7,c6e10999-2d4f-405d-964c-2e61f0aebd76,860975,24 HR Metformin hydrochloride 500 MG Extended Release Oral Tablet,active,order,,1997-12-14T04:08:33+00:00
be1d0c51-8efd-4782-aed7-a602f76ff0c7,c6e10999-2d4f-405d-964c-2e61f0aebd76,313782,Acetaminophen 325 MG Oral Tablet,stopped,order,,2017-04-06T04:08:33+00:00
b1f1e8fe-f8ff-4b4a-936d-dc2f44476262,c6e10999-2d4f-405d-964c-2e61f0aebd76,1043400,Acetaminophen 21.7 MG/ML / Dextromethorphan Hydrobromide 1 MG/ML / doxylamine succinate 0.417 MG/ML Oral Solution,stopped,order,,2021-02-11T04:08:33+00:00
32f034db-5b2c-4d98-aefa-b96c8d3a9aaf,c6e10999-2d4f-405d-964c-2e61f0aebd76,106892,"insulin human, isophane 70 UNT/ML / Regular Insulin, Human 30 UNT/ML Injectable Suspension [Humulin]",active,order,,2001-12-23T04:08:33+00:00
72cda310-7875-41d7-83b7-e1e8a83d8f2a,75e95f92-3bfa-454f-aa99-99375173f201,749762,Seasonique 91 Day Pack,stopped,order,,2012-10-24T17:06:11+00:00
5884745c-d152-40f2-b330-f2168f47b28f,75e95f92-3bfa-454f-aa99-99375173f201,751905,Trinessa 28 Day Pack,stopped,order,,2015-10-09T17:06:11+00:00
e8cee78a-9e61-42c8-bb33-81fb77fc61c3,75e95f92-3bfa-454f-aa99-99375173f201,1049630,diphenhydrAMINE Hydrochloride 25 MG Oral Tablet,active,order,,1997-05-17T17:06:11+00:00
e883345d-fc56-4671-a47a-bd9e64453658,75e95f92-3bfa-454f-aa99-99375173f201,1870230,NDA020800 0.3 ML Epinephrine 1 MG/ML Auto-Injector,active,order,,1997-05-17T17:06:11+00:00
88a8ff12-96d0-450e-b184-ed81cbba2fe8,75e95f92-3bfa-454f-aa99-99375173f201,1359133,Estrostep Fe 28 Day Pack,stopped,order,,2010-11-04T17:06:11+00:00
b50ed062-d3ff-40eb-acb3-636974d19c02,75e95f92-3bfa-454f-aa99-99375173f201,751905,Trinessa 28 Day Pack,stopped,order,,2013-10-19T17:06:11+00:00
f022946c-d31c-4ead-bb22-db118d7dd020,75e95f92-3bfa-454f-aa99-99375173f201,1000156,0.65 ML medroxyprogesterone acetate 160 MG/ML Prefilled Syringe,stopped,order,,2018-06-21T17:06:11+00:00
c16285b7-1eea-473f-b45e-2e21bb10ef1c,4577f039-dafd-4751-861c-bb99b34cf71d,1719286,10 ML Furosemide 10 MG/ML Injection,active,order,,2020-10-03T07:44:08+00:00
e28f873a-a608-4531-b68d-f5b4214cd4de,4577f039-dafd-4751-861c-bb99b34cf71d,197319,Allopurinol 100 MG Oral Tablet,stopped,order,,2018-05-15T07:44:08+00:00
7384bf11-7a0f-419a-b8c0-794a8adffd24,4577f039-dafd-4751-861c-bb99b34cf71d,198014,Naproxen 500 MG Oral Tablet,stopped,order,,2018-05-15T07:44:08+00:00
998a0165-64bf-4204-956a-e01607cdd4f0,4577f039-dafd-4751-861c-bb99b34cf71d,904419,Alendronic acid 10 MG Oral Tablet,active,order,,2018-05-26T07:44:08+00:00
fc0bca1a-40f5-4f74-9b65-a1810bde699a,4577f039-dafd-4751-861c-bb99b34cf71d,896209,60 ACTUAT Fluticasone propionate 0.25 MG/ACTUAT / salmeterol 0.05 MG/ACTUAT Dry Powder Inhaler,active,order,,1981-08-01T07:44:08+00:00
82f0b93c-ab63-4570-bfbc-4379a18d3e06,4577f039-dafd-4751-861c-bb99b34cf71d,866414,24 HR metoprolol succinate 100 MG Extended Release Oral Tablet [Toprol],active,order,,2017-04-22T07:44:08+00:00
6e10d240-6fce-4592-9641-02ae8cdade24,4577f039-dafd-4751-861c-bb99b34cf71d,316049,Hydrochlorothiazide 25 MG,active,order,,1957-08-17T07:44:08+00:00
c281a003-3424-44f1-9100-7eb439e3f8e7,4577f039-dafd-4751-861c-bb99b34cf71d,1043400,Acetaminophen 21.7 MG/ML / Dextromethorphan Hydrobromide 1 MG/ML / doxylamine succinate 0.417 MG/ML Oral Solution,stopped,order,,2020-03-09T07:44:08+00:00
bd3973f2-0bb9-42ff-bc97-955165ca3a45,4577f039-dafd-4751-861c-bb99b34cf71d,315971,Lasix 40mg,active,order,,2017-04-22T07:44:08+00:00
188a1ad0-6fa7-4aa2-b05b-ef8f1a331b2a,6cd1cedb-08c2-473d-b8cf-ca3973587bcc,1367439,NuvaRing 0.12/0.015 MG per 24HR 21 Day Vaginal Ring,active,order,,2020-07-08T21:24:36+00:00
64331f74-fb3b-48a8-acde-8807fff59665,6cd1cedb-08c2-473d-b8cf-ca3973587bcc,997488,Fexofenadine hydrochloride 30 MG Oral Tablet,active,order,,2005-07-31T21:24:36+00:00
3ebc9e70-79b8-4812-818b-5c33e3a4b417,6cd1cedb-08c2-473d-b8cf-ca3973587bcc,1870230,NDA020800 0.3 ML Epinephrine 1 MG/ML Auto-Injector,active,order,,2005-07-31T21:24:36+00:00
adecfc8d-6078-4542-9494-567c5445be8c,6cd1cedb-08c2-473d-b8cf-ca3973587bcc,834061,Penicillin V Potassium 250 MG Oral Tablet,stopped,order,,2014-10-21T21:24:36+00:00
2053b174-2596-4d01-8d11-5827a65893fc,9af8e1d3-885b-4356-bf48-b60297671f9b,198405,Ibuprofen 100 MG Oral Tablet,stopped,order,,2019-09-14T02:05:05+00:00
cd7a230a-dae1-4045-a723-c80ed9f9b581,9af8e1d3-885b-4356-bf48-b60297671f9b,834061,Penicillin V Potassium 250 MG Oral Tablet,stopped,order,,2014-04-15T02:05:05+00:00
cb633493-396f-4f78-8f13-20ffca758a7f,9af8e1d3-885b-4356-bf48-b60297671f9b,997488,Fexofenadine hydrochloride 30 MG Oral Tablet,active,order,,2008-08-30T02:05:05+00:00
9843ee06-76e8-4c2e-a5c9-2ad6bd9390b4,7099b4c5-6f47-4293-9690-f2afb23b9dd6,313782,Acetaminophen 325 MG Oral Tablet,stopped,order,,2015-06-28T00:41:27+00:00
e4199865-c3af-41c3-98b7-b63f260058a9,7099b4c5-6f47-4293-9690-f2afb23b9dd6,860975,24 HR Metformin hydrochloride 500 MG Extended Release Oral Tablet,active,order,,1984-09-02T00:41:27+00:00
e6fbaaba-de80-4585-b77a-b7e0dc0ea399,7099b4c5-6f47-4293-9690-f2afb23b9dd6,106892,"insulin human, isophane 70 UNT/ML / Regular Insulin, Human 30 UNT/ML Injectable Suspension [Humulin]",active,order,,2001-12-02T00:41:27+00:00
07d4536d-9d38-41d8-9aee-9c0981b506fa,7099b4c5-6f47-4293-9690-f2afb23b9dd6,562251,Amoxicillin 250 MG / Clavulanate 125 MG Oral Tablet,stopped,order,,2014-10-14T00:41:27+00:00
736713bc-1bb5-4556-967c-de65853324e1,7099b4c5-6f47-4293-9690-f2afb23b9dd6,752899,0.25 ML Leuprolide Acetate 30 MG/ML Prefilled Syringe,active,order,,2017-12-17T00:41:27+00:00
93a66433-61d4-4cd9-944e-754eeea04498,7099b4c5-6f47-4293-9690-f2afb23b9dd6,1860480,1 ML DOCEtaxel 20 MG/ML Injection,active,order,,2017-12-17T00:41:27+00:00
3d58bb72-783b-4c7f-a897-f43cd2802048,7099b4c5-6f47-4293-9690-f2afb23b9dd6,855332,Warfarin Sodium 5 MG Oral Tablet,active,order,,2016-10-16T00:41:27+00:00
de85539c-850e-483e-a900-998fd0eeb0ec,7099b4c5-6f47-4293-9690-f2afb23b9dd6,897718,Verapamil Hydrochloride 40 MG,active,order,,2016-10-16T00:41:27+00:00
669eeb08-2da2-40d3-91e3-e95abc0e606b,7099b4c5-6f47-4293-9690-f2afb23b9dd6,197604,Digoxin 0.125 MG Oral Tablet,active,order,,2016-10-16T00:41:27+00:00
ebd6a6b8-b5aa-41f0-8090-a275fede8e18,7099b4c5-6f47-4293-9690-f2afb23b9dd6,313782,Acetaminophen 325 MG Oral Tablet,stopped,order,,2019-03-22T00:41:27+00:00
9a831264-c383-4b1e-aeca-e4f1a51853d7,881f534f-d041-425d-a542-cbf669f43e18,757594,Jolivette 28 Day Pack,stopped,order,,2012-07-29T13:06:23+00:00
dbf3522b-8381-4621-9258-220860bb334c,881f534f-d041-425d-a542-cbf669f43e18,748962,Camila 28 Day Pack,stopped,order,,2010-08-09T13:06:23+00:00
43a0af50-1d82-46d1-93b9-a0ffaad86eb4,881f534f-d041-425d-a542-cbf669f43e18,748962,Camila 28 Day Pack,stopped,order,,2016-08-17T13:06:23+00:00
58647b09-c966-475f-ad01-8ff87e9e7f8a,881f534f-d041-425d-a542-cbf669f43e18,861467,Meperidine Hydrochloride 50 MG Oral Tablet,stopped,order,,2015-01-20T13:06:23+00:00
f6255a19-d66f-41df-a70f-42a68ae2b36f,881f534f-d041-425d-a542-cbf669f43e18,860975,24 HR Metformin hydrochloride 500 MG Extended Release Oral Tablet,active,order,,2006-01-18T13:06:23+00:00
91a9e5d7-4e57-4879-9340-611acb049f8f,881f534f-d041-425d-a542-cbf669f43e18,316049,Hydrochlorothiazide 25 MG,active,order,,2003-01-15T13:06:23+00:00
0ccadbb6-25ad-4844-a5bb-4a311a032cfc,881f534f-d041-425d-a542-cbf669f43e18,849574,Naproxen sodium 220 MG Oral Tablet,stopped,order,,2015-01-20T13:06:23+00:00
16a93cf5-341b-426a-bca6-7538cb92b1dd,ffd502c9-23e1-4f8f-bc8a-87373acad280,562251,Amoxicillin 250 MG / Clavulanate 125 MG Oral Tablet,stopped,order,,2018-08-27T17:17:39+00:00
b8c2ecd3-35da-4322-a3f6-b59d867cf0d8,ffd502c9-23e1-4f8f-bc8a-87373acad280,1049630,diphenhydrAMINE Hydrochloride 25 MG Oral Tablet,active,order,,1977-01-29T17:17:39+00:00
32d4e218-c509-4602-bea9-3701ca35d9bb,ffd502c9-23e1-4f8f-bc8a-87373acad280,860975,24 HR Metformin hydrochloride 500 MG Extended Release Oral Tablet,active,order,,2007-11-26T17:17:39+00:00
9e8a9f3a-15bd-46aa-8919-16218ad10d53,80a75b5a-fd30-4f38-895d-d8098fe7206e,316049,Hydrochlorothiazide 25 MG,active,order,,2019-05-02T09:22:29+00:00
daf41659-6464-447d-928e-37e12f1dee03,80a75b5a-fd30-4f38-895d-d8098fe7206e,313782,Acetaminophen 325 MG Oral Tablet,stopped,order,,2017-06-22T09:22:29+00:00
12a1cf46-7d5d-46b9-b98b-70c91fa2e38a,80a75b5a-fd30-4f38-895d-d8098fe7206e,1091392,Methylphenidate Hydrochloride 20 MG Oral Tablet,stopped,order,,2008-07-18T09:22:29+00:00
b726caeb-52b7-44fc-a521-4a941922ff3d,1410c2ee-05cb-4d45-86cc-f4980597f053,316672,Simvistatin 10 MG,stopped,order,,2019-06-17T02:25:29+00:00
b8319f1c-28f2-4b17-b237-5ac9d08cf92e,1410c2ee-05cb-4d45-86cc-f4980597f053,316672,Simvistatin 10 MG,active,order,,2020-06-16T02:25:29+00:00
dac1ecd1-9e89-4d6e-b385-40372661f329,1410c2ee-05cb-4d45-86cc-f4980597f053,316672,Simvistatin 10 MG,stopped,order,,2015-06-18T02:25:29+00:00
135f7b8d-72f0-47bd-bfcc-8730fbf4271b,1410c2ee-05cb-4d45-86cc-f4980597f053,316672,Simvistatin 10 MG,stopped,order,,2017-06-17T02:25:29+00:00
b5a8c02f-3202-4d5e-9888-8e6e08846947,1410c2ee-05cb-4d45-86cc-f4980597f053,316672,Simvistatin 10 MG,stopped,order,,2018-06-17T02:25:29+00:00
a2844502-065b-44ff-9867-2bff884ebeff,1410c2ee-05cb-4d45-86cc-f4980597f053,310965,Ibuprofen 200 MG Oral Tablet,stopped,order,,2015-01-05T02:25:29+00:00
9b21d48d-572a-4cc1-b0ec-55b8771b8dae,1410c2ee-05cb-4d45-86cc-f4980597f053,316672,Simvistatin 10 MG,stopped,order,,2016-06-17T02:25:29+00:00
58ba264c-3eb6-4a5e-a872-7596e795091c,1410c2ee-05cb-4d45-86cc-f4980597f053,966222,Levothyroxine Sodium 0.075 MG Oral Tablet,active,order,,2002-02-24T02:25:29+00:00
2f5116cd-e876-4bbf-a8ed-55320350724c,068973f7-ee9f-48ef-b4ec-fb6092b14302,849574,Naproxen sodium 220 MG Oral Tablet,active,order,,1978-12-18T02:28:09+00:00
0a0db2d7-0a92-496d-84cc-f40f6316ad89,068973f7-ee9f-48ef-b4ec-fb6092b14302,866414,24 HR metoprolol succinate 100 MG Extended Release Oral Tablet [Toprol],active,order,,2006-01-20T02:28:09+00:00
e421d00f-7b19-46a5-b254-e5dc8daece0f,068973f7-ee9f-48ef-b4ec-fb6092b14302,1719286,10 ML Furosemide 10 MG/ML Injection,active,order,,2006-07-19T02:28:09+00:00
7010cccd-12ef-4c7b-81c6-1de96cb52b97,068973f7-ee9f-48ef-b4ec-fb6092b14302,315971,Lasix 40mg,active,order,,2006-01-20T02:28:09+00:00
67458d16-69e3-408d-a705-a26802c502c1,068973f7-ee9f-48ef-b4ec-fb6092b14302,904419,Alendronic acid 10 MG Oral Tablet,active,order,,2005-01-05T02:28:09+00:00
3eb3101f-75e4-4f37-bfe3-23ca8d8bab40,d00b766a-f5fa-4730-a64d-e8574994f460,316049,Hydrochlorothiazide 25 MG,active,order,,1967-12-07T20:44:32+00:00
fb4de9f8-7554-4ee8-83d9-ab0d0f6ce485,d00b766a-f5fa-4730-a64d-e8574994f460,1803932,Leucovorin 100 MG Injection,active,order,,2021-03-18T20:44:32+00:00
c03eead8-3725-472e-9ceb-88091a144737,d00b766a-f5fa-4730-a64d-e8574994f460,896209,60 ACTUAT Fluticasone propionate 0.25 MG/ACTUAT / salmeterol 0.05 MG/ACTUAT Dry Powder Inhaler,active,order,,2015-01-08T20:44:32+00:00
c3d09245-1c72-4e69-8b6e-8a5ea6ce7215,d00b766a-f5fa-4730-a64d-e8574994f460,1043400,Acetaminophen 21.7 MG/ML / Dextromethorphan Hydrobromide 1 MG/ML / doxylamine succinate 0.417 MG/ML Oral Solution,stopped,order,,2016-01-26T20:44:32+00:00
56e7a526-3764-439d-aec3-8bca96bbeb18,d00b766a-f5fa-4730-a64d-e8574994f460,310965,Ibuprofen 200 MG Oral Tablet,stopped,order,,2016-01-26T20:44:32+00:00
b705fef7-ea84-41c2-a092-1ea36a19c34f,d00b766a-f5fa-4730-a64d-e8574994f460,1736776,10 ML oxaliplatin 5 MG/ML Injection,active,order,,2021-03-18T20:44:32+00:00
88111fce-43cf-431b-8ecd-b6d10f7a399b,7c10b60c-42a6-4504-b446-f5268c573861,834061,Penicillin V Potassium 250 MG Oral Tablet,stopped,order,,2014-03-30T01:13:00+00:00
6cf9f269-985d-4799-9c32-6192faf78e54,7c10b60c-42a6-4504-b446-f5268c573861,834061,Penicillin V Potassium 250 MG Oral Tablet,stopped,order,,2013-10-20T01:13:00+00:00
b4321c08-1712-46db-a939-d81328b48f58,7c10b60c-42a6-4504-b446-f5268c573861,1870230,NDA020800 0.3 ML Epinephrine 1 MG/ML Auto-Injector,active,order,,2005-01-15T01:13:00+00:00
759869f6-8646-42b6-a62f-4a1a88fb4024,7c10b60c-42a6-4504-b446-f5268c573861,313782,Acetaminophen 325 MG Oral Tablet,stopped,order,,2017-10-02T01:13:00+00:00
86087dd6-ac9e-4744-b580-4b7092e2b0cf,7c10b60c-42a6-4504-b446-f5268c573861,997488,Fexofenadine hydrochloride 30 MG Oral Tablet,active,order,,2005-01-15T01:13:00+00:00
c4fdaccc-62df-4e91-bde2-bbf1a427acc9,7c10b60c-42a6-4504-b446-f5268c573861,282464,Acetaminophen 160 MG Oral Tablet,stopped,order,,2011-08-21T01:13:00+00:00
7bcd723d-a858-4ba8-9211-80aa9c35364a,2744ab6f-91dd-4e4f-8208-fe52ee2c27d1,705129,Nitroglycerin 0.4 MG/ACTUAT Mucosal Spray,stopped,order,,1971-12-08T23:07:44+00:00
ee7e124a-ac6a-403f-a54f-c85abd2101e8,2744ab6f-91dd-4e4f-8208-fe52ee2c27d1,1736776,10 ML oxaliplatin 5 MG/ML Injection,active,order,,2015-12-22T23:07:44+00:00
a3414edc-d63e-4ec6-9724-09a9ac13678e,2744ab6f-91dd-4e4f-8208-fe52ee2c27d1,1804799,Alteplase 100 MG Injection,stopped,order,,2009-03-04T23:07:44+00:00
947db8ea-f2fc-4634-8b38-190eda68e89c,2744ab6f-91dd-4e4f-8208-fe52ee2c27d1,316672,Simvistatin 10 MG,active,order,,2016-01-01T23:07:44+00:00
6e2dd527-c22c-453d-aad7-ee4001aeefa5,2744ab6f-91dd-4e4f-8208-fe52ee2c27d1,309362,Clopidogrel 75 MG Oral Tablet,stopped,order,,2009-11-18T23:07:44+00:00
9ca7231e-c6c8-4794-b431-ec70a5c88996,2744ab6f-91dd-4e4f-8208-fe52ee2c27d1,316672,Simvistatin 10 MG,stopped,order,,2014-01-01T23:07:44+00:00
7fc2d709-364e-4fc8-8a6c-6a99e589fab6,2744ab6f-91dd-4e4f-8208-fe52ee2c27d1,312961,Simvastatin 20 MG Oral Tablet,active,order,,1994-09-07T23:07:44+00:00
f7e5e292-c6d7-433c-8e68-c40e20376d63,2744ab6f-91dd-4e4f-8208-fe52ee2c27d1,259255,Atorvastatin 80 MG Oral Tablet,stopped,order,,2016-11-30T23:07:44+00:00
e33bdfb9-e8a9-48f3-83d0-c889c4c08176,2744ab6f-91dd-4e4f-8208-fe52ee2c27d1,1803932,Leucovorin 100 MG Injection,active,order,,2015-12-22T23:07:44+00:00
65639872-e16f-41db-8d89-23135f786081,2744ab6f-91dd-4e4f-8208-fe52ee2c27d1,833036,Captopril 25 MG Oral Tablet,stopped,order,,2016-11-30T23:07:44+00:00
f2947356-7ec6-4d36-bca6-0a38ccb0ffe5,2744ab6f-91dd-4e4f-8208-fe52ee2c27d1,309362,Clopidogrel 75 MG Oral Tablet,stopped,order,,1999-11-24T23:07:44+00:00
5fe8e268-2996-4798-b487-7e83cd6d576d,2744ab6f-91dd-4e4f-8208-fe52ee2c27d1,316672,Simvistatin 10 MG,stopped,order,,2015-01-01T23:07:44+00:00
5dbb79ad-45c8-44d9-ab5b-d901908d7250,2744ab6f-91dd-4e4f-8208-fe52ee2c27d1,197361,Amlodipine 5 MG Oral Tablet,active,order,,1997-09-17T23:07:44+00:00
c454a28f-9dc1-4f11-8703-1b0dedd1dd34,186ff984-f437-4817-8d35-0997a8b7f405,1049221,Acetaminophen 325 MG / oxyCODONE Hydrochloride 5 MG Oral Tablet,stopped,order,,2017-10-02T05:07:21+00:00
f036a78c-c487-4f0e-84df-ef36baa217ed,186ff984-f437-4817-8d35-0997a8b7f405,904419,Alendronic acid 10 MG Oral Tablet,active,order,,2006-01-22T05:07:21+00:00
7be9a1f8-749f-4cb6-b9a1-44c6503fdbae,186ff984-f437-4817-8d35-0997a8b7f405,316049,Hydrochlorothiazide 25 MG,active,order,,1964-02-02T05:07:21+00:00
053c113a-9f27-4129-a5a3-37e58d232ab1,186ff984-f437-4817-8d35-0997a8b7f405,834102,Penicillin V Potassium 500 MG Oral Tablet,stopped,order,,2014-08-01T05:07:21+00:00
841e4cc3-565b-4bfa-995e-cab4ecc31fe9,186ff984-f437-4817-8d35-0997a8b7f405,313782,Acetaminophen 325 MG Oral Tablet,stopped,order,,2017-10-02T05:07:21+00:00
c6dc6162-1c90-4cc8-9a38-2237111c70e8,186ff984-f437-4817-8d35-0997a8b7f405,562251,Amoxicillin 250 MG / Clavulanate 125 MG Oral Tablet,stopped,order,,2014-08-20T05:07:21+00:00
8ef9217e-a1f3-4913-94da-4f9e0852484d,bd6f9f37-7295-4cd6-b212-134afcef1253,106892,"insulin human, isophane 70 UNT/ML / Regular Insulin, Human 30 UNT/ML Injectable Suspension [Humulin]",active,order,,2020-05-16T21:37:43+00:00
491020b9-4dda-434c-a9d2-bba718a1fccf,bd6f9f37-7295-4cd6-b212-134afcef1253,1804799,Alteplase 100 MG Injection,stopped,order,,2019-01-26T21:37:43+00:00
3b3299ab-b887-4ef9-b355-222d23478f2c,bd6f9f37-7295-4cd6-b212-134afcef1253,316049,Hydrochlorothiazide 25 MG,active,order,,1974-11-23T21:37:43+00:00
b8d29d66-2b43-49b5-ae7c-91c6a883f08d,bd6f9f37-7295-4cd6-b212-134afcef1253,896209,60 ACTUAT Fluticasone propionate 0.25 MG/ACTUAT / salmeterol 0.05 MG/ACTUAT Dry Powder Inhaler,active,order,,2017-03-18T21:37:43+00:00
a1190c62-303a-4721-9c9d-4f0ad6475d15,bd6f9f37-7295-4cd6-b212-134afcef1253,860975,24 HR Metformin hydrochloride 500 MG Extended Release Oral Tablet,active,order,,1998-03-21T21:37:43+00:00
74a127d1-ed81-446e-9c47-f800ed44b9b1,bd6f9f37-7295-4cd6-b212-134afcef1253,309362,Clopidogrel 75 MG Oral Tablet,stopped,order,,2019-01-26T21:37:43+00:00
51ca16ba-cf62-426d-bd50-528317bb0375,2f06f0fd-bc92-4450-9b66-4f15bd84d056,316049,Hydrochlorothiazide 25 MG,active,order,,1986-06-07T20:27:04+00:00
6af4dbbd-272a-46ee-9f0e-2c42154d6583,17ff80a3-dda8-4a58-a8c5-6fe94ad0d747,313782,Acetaminophen 325 MG Oral Tablet,stopped,order,,2016-05-25T06:25:15+00:00
cbd83464-7fd3-46bd-b661-94c0336cc063,17ff80a3-dda8-4a58-a8c5-6fe94ad0d747,1870230,NDA020800 0.3 ML Epinephrine 1 MG/ML Auto-Injector,active,order,,2004-04-11T06:25:15+00:00
d3ea91db-4384-447a-b721-30fe4289cfff,17ff80a3-dda8-4a58-a8c5-6fe94ad0d747,1043400,Acetaminophen 21.7 MG/ML / Dextromethorphan Hydrobromide 1 MG/ML / doxylamine succinate 0.417 MG/ML Oral Solution,stopped,order,,2016-02-27T06:25:15+00:00
b9ee602e-0000-4276-a2f8-06e7f6b97695,17ff80a3-dda8-4a58-a8c5-6fe94ad0d747,665078,Loratadine 5 MG Chewable Tablet,active,order,,2004-04-11T06:25:15+00:00
93263718-3ef9-404f-937c-19b55e3c1be8,17ff80a3-dda8-4a58-a8c5-6fe94ad0d747,313782,Acetaminophen 325 MG Oral Tablet,stopped,order,,2018-12-28T06:25:15+00:00
d4b8a60d-dbd9-473c-b379-5ea443bc3f10,35ee91de-83bd-4fa3-9548-58384c91de93,313782,Acetaminophen 325 MG Oral Tablet,stopped,order,,2013-01-29T08:45:17+00:00
ede3735d-8c8e-400e-a378-defa0b7e3fcc,35ee91de-83bd-4fa3-9548-58384c91de93,831533,Errin 28 Day Pack,stopped,order,,2012-03-29T08:45:17+00:00
1a7d19ed-98ea-42e0-9d89-3532e928b7e4,866bb57e-a566-4708-8381-3a0a400e93ab,282464,Acetaminophen 160 MG Oral Tablet,stopped,order,,2020-02-22T13:51:19+00:00
38eef7ef-524c-4cb8-ae44-bc0bfa5d6af0,866bb57e-a566-4708-8381-3a0a400e93ab,849574,Naproxen sodium 220 MG Oral Tablet,active,order,,2002-07-19T19:27:45+00:00
12cd0092-6645-42b0-9386-67ac8047ea78,866bb57e-a566-4708-8381-3a0a400e93ab,309097,Cefuroxime 250 MG Oral Tablet,stopped,order,,2020-02-22T13:51:19+00:00
274b4548-11ac-42e1-9bbf-ad2f1e43e4f5,d00b080d-706e-4cd8-ae87-6531e798b1fd,752899,0.25 ML Leuprolide Acetate 30 MG/ML Prefilled Syringe,active,order,,2020-06-08T05:29:14+00:00
fe5154b4-08f8-4274-969a-9ba0afed5e61,d00b080d-706e-4cd8-ae87-6531e798b1fd,477045,Chlorpheniramine Maleate 2 MG/ML Oral Solution,active,order,,1955-04-06T05:29:14+00:00
e0b56345-d4ac-452b-9410-23bee4406f62,d00b080d-706e-4cd8-ae87-6531e798b1fd,745679,200 ACTUAT Albuterol 0.09 MG/ACTUAT Metered Dose Inhaler,active,order,,1955-03-23T05:29:14+00:00
5cf741b6-69d3-44b7-9159-a4c7f2dfae54,d00b080d-706e-4cd8-ae87-6531e798b1fd,895994,120 ACTUAT Fluticasone propionate 0.044 MG/ACTUAT Metered Dose Inhaler,active,order,,1955-03-23T05:29:14+00:00
f0f93512-62f6-481d-9ec8-3175baf71c7c,d00b080d-706e-4cd8-ae87-6531e798b1fd,1860480,1 ML DOCEtaxel 20 MG/ML Injection,active,order,,2020-06-08T05:29:14+00:00
ffed1818-adac-4ee5-9924-baf776cd4d27,1ce88101-5829-4c50-9b30-3b9e166d51c8,834102,Penicillin V Potassium 500 MG Oral Tablet,stopped,order,,2014-05-15T06:01:37+00:00
5a007119-25ab-422e-98f1-680fe2169a0a,1ce88101-5829-4c50-9b30-3b9e166d51c8,904419,Alendronic acid 10 MG Oral Tablet,active,order,,1996-12-03T06:01:37+00:00
37510676-50fb-4407-98a5-e23ad16d0eca,f3d887cf-1b74-4922-b35d-32bfaa1670ec,834061,Penicillin V Potassium 250 MG Oral Tablet,stopped,order,,2017-02-09T17:27:53+00:00
5e3b7f6f-3f36-439b-b358-3cc3118354e6,f3d887cf-1b74-4922-b35d-32bfaa1670ec,282464,Acetaminophen 160 MG Oral Tablet,stopped,order,,2017-01-23T17:27:53+00:00
47828ab5-7dc2-4015-a74e-91fae50532da,f3d887cf-1b74-4922-b35d-32bfaa1670ec,789980,Ampicillin 100 MG/ML Injectable Solution,stopped,order,,1964-05-06T18:54:49+00:00
7ecfd0dc-f645-4dee-b9e0-bd051ecdb08f,f3d887cf-1b74-4922-b35d-32bfaa1670ec,282464,Acetaminophen 160 MG Oral Tablet,stopped,order,,2016-05-11T17:27:53+00:00
6f4c4af8-6125-4d58-bf6c-5499e0dd47d5,f3d887cf-1b74-4922-b35d-32bfaa1670ec,309097,Cefuroxime 250 MG Oral Tablet,stopped,order,,2017-01-23T17:27:53+00:00
3448ecd0-d455-4d69-ad88-fb76c093a5c1,43400618-8533-406d-8303-af7cc5714549,389221,Etonogestrel 68 MG Drug Implant,stopped,order,,2015-01-06T13:54:53+00:00
70f82e68-4bdc-47ca-9811-0ad02edc4604,43400618-8533-406d-8303-af7cc5714549,389221,Etonogestrel 68 MG Drug Implant,stopped,order,,2014-01-11T13:54:53+00:00
11dcae4d-c57f-4830-96ed-5624b90e47ee,43400618-8533-406d-8303-af7cc5714549,562251,Amoxicillin 250 MG / Clavulanate 125 MG Oral Tablet,stopped,order,,2018-09-09T13:54:53+00:00
c6759849-e2b2-4e36-91c0-8eb4efd206cd,43400618-8533-406d-8303-af7cc5714549,562251,Amoxicillin 250 MG / Clavulanate 125 MG Oral Tablet,stopped,order,,2016-01-03T13:54:53+00:00
0965b126-4127-4ebd-adc3-79b0c6497798,43400618-8533-406d-8303-af7cc5714549,978950,Natazia 28 Day Pack,stopped,order,,2016-12-26T13:54:53+00:00
88cd832a-7bfe-4594-8d8e-754285fb85e3,43400618-8533-406d-8303-af7cc5714549,313782,Acetaminophen 325 MG Oral Tablet,stopped,order,,2018-05-12T13:54:53+00:00
564ecfb6-7d81-439e-89d8-893d5b04723a,8f65af92-c3c9-4316-bb7f-862c248788dd,833036,Captopril 25 MG Oral Tablet,stopped,order,,2017-01-13T11:51:55+00:00
adf5d965-4de3-47d0-8284-8d977c55f165,8f65af92-c3c9-4316-bb7f-862c248788dd,197361,Amlodipine 5 MG Oral Tablet,active,order,,2008-11-14T11:51:55+00:00
2b9874ce-d5b3-4506-bbbd-7d7281f70c0c,8f65af92-c3c9-4316-bb7f-862c248788dd,309362,Clopidogrel 75 MG Oral Tablet,stopped,order,,2008-11-14T11:51:55+00:00
094328b1-d268-44c0-9e78-fb0431d91c76,8f65af92-c3c9-4316-bb7f-862c248788dd,562251,Amoxicillin 250 MG / Clavulanate 125 MG Oral Tablet,stopped,order,,2015-08-12T11:51:55+00:00
389a8a0f-0ef4-42f6-8adf-2689199b6371,8f65af92-c3c9-4316-bb7f-862c248788dd,310325,ferrous sulfate 325 MG Oral Tablet,active,order,,1987-09-12T12:51:55+00:00
9572ba99-ddbb-4169-ae0c-b893ac6d165b,8f65af92-c3c9-4316-bb7f-862c248788dd,259255,Atorvastatin 80 MG Oral Tablet,stopped,order,,2017-01-13T11:51:55+00:00
561ff85d-67f7-49c0-9b21-18b227a967c6,8f65af92-c3c9-4316-bb7f-862c248788dd,705129,Nitroglycerin 0.4 MG/ACTUAT Mucosal Spray,stopped,order,,2008-11-14T11:51:55+00:00
ce754310-5dac-4ff0-bd82-03720ae41507,8f65af92-c3c9-4316-bb7f-862c248788dd,311989,Nitrofurantoin 5 MG/ML Oral Suspension,stopped,order,,2008-12-13T11:51:55+00:00
f2f054dc-5e97-4d29-bd31-37b2f05d7b49,8f65af92-c3c9-4316-bb7f-862c248788dd,312961,Simvastatin 20 MG Oral Tablet,active,order,,2008-11-14T11:51:55+00:00
e0db5a9a-06fe-4e08-8819-c7048ae7ed07,8f65af92-c3c9-4316-bb7f-862c248788dd,1094107,Phenazopyridine hydrochloride 100 MG Oral Tablet,stopped,order,,2008-12-13T11:51:55+00:00
e7e8a88c-cb4d-4b99-8a7f-c400085af98e,2a3d4d46-512f-480f-8eb9-5a11ef3b2176,849574,Naproxen sodium 220 MG Oral Tablet,active,order,,2011-10-03T12:01:49+00:00
4cf47b06-6b8d-4a70-97ee-77bb1faa8884,aba76b64-036c-4477-a48b-2e07a741114e,316672,Simvistatin 10 MG,stopped,order,,2011-12-31T00:07:44+00:00
a68d6927-8664-4b5c-9771-66b03b7f53f1,aba76b64-036c-4477-a48b-2e07a741114e,316672,Simvistatin 10 MG,stopped,order,,2014-12-30T00:07:44+00:00
cad97fc5-30ed-4c7e-a1a2-39840a89d8ad,aba76b64-036c-4477-a48b-2e07a741114e,309362,Clopidogrel 75 MG Oral Tablet,stopped,order,,2017-12-20T00:07:44+00:00
92f7d750-6a31-4c8d-8966-b9178145e375,aba76b64-036c-4477-a48b-2e07a741114e,316672,Simvistatin 10 MG,stopped,order,,2008-01-01T00:07:44+00:00
13b87442-0691-4b54-a537-12f08e1df23b,aba76b64-036c-4477-a48b-2e07a741114e,316672,Simvistatin 10 MG,stopped,order,,2006-01-01T00:07:44+00:00
6ced2e50-167b-4f27-b10f-357fb9da41cf,aba76b64-036c-4477-a48b-2e07a741114e,316672,Simvistatin 10 MG,stopped,order,,2007-01-01T00:07:44+00:00
066af83f-d844-4920-92b0-219401457c20,aba76b64-036c-4477-a48b-2e07a741114e,1043400,Acetaminophen 21.7 MG/ML / Dextromethorphan Hydrobromide 1 MG/ML / doxylamine succinate 0.417 MG/ML Oral Solution,stopped,order,,2013-06-03T00:07:44+00:00
fe38684d-f2a1-4500-98ef-d5cd9d09dab3,aba76b64-036c-4477-a48b-2e07a741114e,316672,Simvistatin 10 MG,stopped,order,,2010-12-31T00:07:44+00:00
cf2affc5-67fa-4ff3-83c8-aed47231f134,aba76b64-036c-4477-a48b-2e07a741114e,316672,Simvistatin 10 MG,stopped,order,,2016-12-29T00:07:44+00:00
0a27ee67-6bdd-4c70-9a8f-5c39bc3abc53,aba76b64-036c-4477-a48b-2e07a741114e,1804799,Alteplase 100 MG Injection,stopped,order,,2017-12-20T00:07:44+00:00
b5b313d2-6350-4bae-b016-b282d4c1b270,aba76b64-036c-4477-a48b-2e07a741114e,316672,Simvistatin 10 MG,stopped,order,,2004-01-02T00:07:44+00:00
bd47dfa1-f78e-4a46-894c-9ca0ffbd6c37,aba76b64-036c-4477-a48b-2e07a741114e,316672,Simvistatin 10 MG,stopped,order,,2009-12-31T00:07:44+00:00
a6ca20f7-8182-4240-b23a-2ea8dce27375,aba76b64-036c-4477-a48b-2e07a741114e,316672,Simvistatin 10 MG,stopped,order,,2012-12-30T00:07:44+00:00
e8059630-cb86-4585-914c-70cba35c3800,aba76b64-036c-4477-a48b-2e07a741114e,316672,Simvistatin 10 MG,stopped,order,,2019-12-29T00:07:44+00:00
0b547a94-9851-42f1-b9f9-237283d0bc24,aba76b64-036c-4477-a48b-2e07a741114e,316672,Simvistatin 10 MG,stopped,order,,2015-12-30T00:07:44+00:00
22078cca-b732-4d0b-a47b-ea6640652a4d,aba76b64-036c-4477-a48b-2e07a741114e,316672,Simvistatin 10 MG,stopped,order,,2017-12-29T00:07:44+00:00
fbdc0330-7302-4d1c-8292-292923cc9553,aba76b64-036c-4477-a48b-2e07a741114e,316672,Simvistatin 10 MG,stopped,order,,2018-12-29T00:07:44+00:00
4a410f2f-4a28-47d3-9cf4-4b1303ced938,aba76b64-036c-4477-a48b-2e07a741114e,316672,Simvistatin 10 MG,stopped,order,,2005-01-01T00:07:44+00:00
704483f8-479e-4980-a69d-f10cdf241421,aba76b64-036c-4477-a48b-2e07a741114e,316672,Simvistatin 10 MG,stopped,order,,2003-01-02T00:07:44+00:00
c49bb3b6-604c-4ccc-9651-3ffc6d03d67d,aba76b64-036c-4477-a48b-2e07a741114e,316672,Simvistatin 10 MG,stopped,order,,2002-01-02T00:07:44+00:00
5b93bb45-a04a-4eb1-ad2c-7cc7d7ebbf57,aba76b64-036c-4477-a48b-2e07a741114e,316672,Simvistatin 10 MG,active,order,,2020-12-28T00:07:44+00:00
de1eccb8-e6fd-48bc-af36-8f79f1c8cc1d,aba76b64-036c-4477-a48b-2e07a741114e,310436,Galantamine 4 MG Oral Tablet,stopped,order,,2015-04-15T00:07:44+00:00
b043329f-338d-4c14-a74a-2d2f5dca088a,aba76b64-036c-4477-a48b-2e07a741114e,316672,Simvistatin 10 MG,stopped,order,,2013-12-30T00:07:44+00:00
ef01d474-812d-4201-bf5b-ee2fdf3febf6,aba76b64-036c-4477-a48b-2e07a741114e,996740,Memantine hydrochloride 2 MG/ML Oral Solution,active,order,,2016-03-10T00:07:44+00:00
72dfeddd-d4c6-4c85-a732-0c250de6aaac,aba76b64-036c-4477-a48b-2e07a741114e,316672,Simvistatin 10 MG,stopped,order,,2008-12-31T00:07:44+00:00
b00e78f6-082e-4d79-8beb-5d9dc24fc1e6,d8a00854-f768-4195-a025-9af34b2e0e9f,316049,Hydrochlorothiazide 25 MG,active,order,,2015-02-12T01:08:11+00:00
d5161422-b037-41f5-9a2c-ac8857e0f230,d8a00854-f768-4195-a025-9af34b2e0e9f,751905,Trinessa 28 Day Pack,stopped,order,,2011-12-11T01:08:11+00:00
babd8e2e-9a7b-49fe-a66a-273ca81d96e7,d8a00854-f768-4195-a025-9af34b2e0e9f,748856,Yaz 28 Day Pack,stopped,order,,2012-12-05T01:08:11+00:00
e4cbb059-55b3-4287-ae17-0ffba43409da,d8a00854-f768-4195-a025-9af34b2e0e9f,757594,Jolivette 28 Day Pack,stopped,order,,2015-11-20T01:08:11+00:00
87f08d18-2f7b-4b4c-a026-db0e6c2bde06,d8a00854-f768-4195-a025-9af34b2e0e9f,389221,Etonogestrel 68 MG Drug Implant,active,order,,2020-10-24T01:08:11+00:00
ab63e7f7-0434-494f-88c5-8e2b4e7e2c44,76bc2bcd-3074-46b9-bc18-18daf50825a2,313782,Acetaminophen 325 MG Oral Tablet,stopped,order,,2018-04-13T16:24:37+00:00
e63a55c7-05a1-4c5a-8c25-ce49d214a533,76bc2bcd-3074-46b9-bc18-18daf50825a2,1870230,NDA020800 0.3 ML Epinephrine 1 MG/ML Auto-Injector,active,order,,1991-01-02T16:24:37+00:00
6040a627-8769-4e75-91d6-8f0863863dc8,76bc2bcd-3074-46b9-bc18-18daf50825a2,1043400,Acetaminophen 21.7 MG/ML / Dextromethorphan Hydrobromide 1 MG/ML / doxylamine succinate 0.417 MG/ML Oral Solution,stopped,order,,2016-10-16T16:24:37+00:00
28fe82d9-8a28-481d-b76d-ecca9c3f3f94,76bc2bcd-3074-46b9-bc18-18daf50825a2,197378,Astemizole 10 MG Oral Tablet,active,order,,1991-01-02T16:24:37+00:00
185855c4-2da0-4ec2-b962-ee54f299e131,4f830f8a-7051-4bf4-9882-40f5c60e4159,316049,Hydrochlorothiazide 25 MG,active,order,,1991-01-19T15:06:54+00:00
a575e7c3-546d-468a-af50-ba67cff90029,4ef9f896-10bc-4479-acd6-1153e7318f14,316052,Hydrochlorothiazide 6.25 MG,stopped,order,,2011-03-27T23:58:38+00:00
9bc5d2ed-19b1-4dbc-a01d-639100a68fb1,4ef9f896-10bc-4479-acd6-1153e7318f14,310965,Ibuprofen 200 MG Oral Tablet,stopped,order,,2013-01-26T23:58:38+00:00
4c09067f-71ea-4fc7-86ea-28448c1ce191,4ef9f896-10bc-4479-acd6-1153e7318f14,316049,Hydrochlorothiazide 25 MG,active,order,,2012-04-01T23:58:38+00:00
607b491c-f5d3-458e-bb5e-63111585ac8c,3bffe2b3-b048-436d-b9b1-0d09263836e3,313782,Acetaminophen 325 MG Oral Tablet,stopped,order,,2015-03-18T13:59:06+00:00
1badff5c-252c-4954-8adc-f1bd9e47d35e,3bffe2b3-b048-436d-b9b1-0d09263836e3,748856,Yaz 28 Day Pack,stopped,order,,2016-01-21T13:59:06+00:00
fa602ac3-ace8-491c-bde3-1bc916dce9e1,3bffe2b3-b048-436d-b9b1-0d09263836e3,748879,Levora 0.15/30 28 Day Pack,stopped,order,,2012-02-11T13:59:06+00:00
3deb71b8-fa59-4ae1-ae2f-49719155104c,3bffe2b3-b048-436d-b9b1-0d09263836e3,861467,Meperidine Hydrochloride 50 MG Oral Tablet,stopped,order,,2012-01-09T13:59:06+00:00
ac65834f-6c23-4301-b1f3-ae0a9d20c0fc,3bffe2b3-b048-436d-b9b1-0d09263836e3,749762,Seasonique 91 Day Pack,stopped,order,,2013-02-05T13:59:06+00:00
4d7f0afe-d226-43c8-a306-52df4e553376,3bffe2b3-b048-436d-b9b1-0d09263836e3,757594,Jolivette 28 Day Pack,active,order,,2020-10-23T13:59:06+00:00
37252ed5-9068-42bb-b8a5-072945d19722,3bffe2b3-b048-436d-b9b1-0d09263836e3,562251,Amoxicillin 250 MG / Clavulanate 125 MG Oral Tablet,stopped,order,,2011-04-22T13:59:06+00:00
88ff23cd-f7fe-41aa-8ee3-7fd51be85da7,3bffe2b3-b048-436d-b9b1-0d09263836e3,313782,Acetaminophen 325 MG Oral Tablet,stopped,order,,2012-01-02T13:59:06+00:00
a664a384-9116-487b-b319-5eff04686a6a,3bffe2b3-b048-436d-b9b1-0d09263836e3,562251,Amoxicillin 250 MG / Clavulanate 125 MG Oral Tablet,stopped,order,,2011-07-14T13:59:06+00:00
ef53bbef-13df-4d3c-aecd-51b5c664998a,3bffe2b3-b048-436d-b9b1-0d09263836e3,831533,Errin 28 Day Pack,stopped,order,,2018-01-10T13:59:06+00:00
bc48865a-8b46-4e6a-b787-ede026340ecc,2316fb73-df53-4896-b17d-df48a42ce2f8,834061,Penicillin V Potassium 250 MG Oral Tablet,stopped,order,,2012-11-30T16:24:31+00:00
87b6ff6e-2ea4-46b8-8406-ccaba38c3bf1,beabfaa9-5f90-4aa4-860b-529ef87c8080,748856,Yaz 28 Day Pack,stopped,order,,2014-08-13T23:45:08+00:00
cc188849-4c3c-4a4a-ad7b-a001295f2839,beabfaa9-5f90-4aa4-860b-529ef87c8080,751905,Trinessa 28 Day Pack,stopped,order,,2015-08-08T23:45:08+00:00
1c30c156-4320-4e5a-91a8-551301ff4c6e,beabfaa9-5f90-4aa4-860b-529ef87c8080,308971,Carbamazepine[Tegretol],stopped,order,,2014-10-09T23:45:08+00:00
3fc87b14-d930-46fc-a19d-f485fc051d60,beabfaa9-5f90-4aa4-860b-529ef87c8080,1153378,Clonazepam [Klonopin],stopped,order,,2013-10-03T23:45:08+00:00
3d162f8c-69ec-46b3-a5fd-5ed955cd2e4f,beabfaa9-5f90-4aa4-860b-529ef87c8080,563026,Diazepam [Valium],stopped,order,,2012-08-23T23:45:08+00:00
baefd2fe-d9b3-4080-bb22-2639ba3ee2b2,beabfaa9-5f90-4aa4-860b-529ef87c8080,749762,Seasonique 91 Day Pack,active,order,,2020-07-12T23:45:08+00:00
369d6e43-e562-46b7-ae6e-40fe89dd9a5e,beabfaa9-5f90-4aa4-860b-529ef87c8080,849574,Naproxen sodium 220 MG Oral Tablet,stopped,order,,2017-03-25T23:45:08+00:00
3be7f6dc-5992-425d-8d01-5259a6eb9ef8,476d3544-6370-479f-9ac9-c43434aae12f,308182,Amoxicillin 250 MG Oral Capsule,stopped,order,,2017-09-24T03:38:03+00:00
722d61d5-b876-4328-987d-69aff52a3cdb,476d3544-6370-479f-9ac9-c43434aae12f,313782,Acetaminophen 325 MG Oral Tablet,stopped,order,,2020-03-14T03:38:03+00:00
68ff39be-caa4-4259-aded-427d8fdeb04e,476d3544-6370-479f-9ac9-c43434aae12f,308182,Amoxicillin 250 MG Oral Capsule,stopped,order,,2020-11-21T03:38:03+00:00
3db4ed26-1159-4578-a330-83d897da2c4d,476d3544-6370-479f-9ac9-c43434aae12f,282464,Acetaminophen 160 MG Oral Tablet,stopped,order,,2020-11-21T03:38:03+00:00
4fef166c-8f3c-4037-b16a-adf6c082bfa4,476d3544-6370-479f-9ac9-c43434aae12f,198405,Ibuprofen 100 MG Oral Tablet,stopped,order,,2017-09-24T03:38:03+00:00
29de9e61-da86-4334-a03f-5b057ba88888,09075876-bd10-46cf-9455-d55dc7df9f59,849574,Naproxen sodium 220 MG Oral Tablet,stopped,order,,2015-09-01T19:32:30+00:00
82ca3da1-31c7-47e6-9175-42cbd2ae01ca,09075876-bd10-46cf-9455-d55dc7df9f59,313782,Acetaminophen 325 MG Oral Tablet,stopped,order,,2019-04-27T19:32:30+00:00
417fcb90-332a-4277-8b66-5a1926c43e9a,09075876-bd10-46cf-9455-d55dc7df9f59,562251,Amoxicillin 250 MG / Clavulanate 125 MG Oral Tablet,stopped,order,,2019-11-09T19:32:30+00:00
5cedd393-b4eb-41f2-9855-96d4783e73db,09075876-bd10-46cf-9455-d55dc7df9f59,849574,Naproxen sodium 220 MG Oral Tablet,stopped,order,,2013-06-29T19:32:30+00:00
0a7abe07-bb31-42a9-b216-3ebb40f83c72,09075876-bd10-46cf-9455-d55dc7df9f59,562251,Amoxicillin 250 MG / Clavulanate 125 MG Oral Tablet,stopped,order,,2011-05-09T19:32:30+00:00
7b348f98-8de2-4c68-8b18-29706a52725d,d1934daf-4775-4b55-995b-4be2aa0e395b,313782,Acetaminophen 325 MG Oral Tablet,stopped,order,,2018-06-07T22:13:20+00:00
4bc6d3a9-6088-4c1e-a2f3-f9c745cfec49,d1934daf-4775-4b55-995b-4be2aa0e395b,316672,Simvistatin 10 MG,active,order,,2020-12-28T22:13:20+00:00
b3f4df1c-53a4-473c-9886-0df148d81769,d1934daf-4775-4b55-995b-4be2aa0e395b,316672,Simvistatin 10 MG,stopped,order,,2019-12-29T22:13:20+00:00
00542f98-0c93-4ec5-a433-26a3f0c02554,d1934daf-4775-4b55-995b-4be2aa0e395b,313782,Acetaminophen 325 MG Oral Tablet,stopped,order,,2018-08-16T22:13:20+00:00
c1ff67a5-df06-40e1-89f1-4add49921b64,34b6332c-71a9-46ad-9d30-17443d77dbd9,757594,Jolivette 28 Day Pack,stopped,order,,2019-10-17T22:06:51+00:00
cb0b1c89-908d-49ec-9194-3a420efcdb1d,34b6332c-71a9-46ad-9d30-17443d77dbd9,748879,Levora 0.15/30 28 Day Pack,stopped,order,,2017-10-27T22:06:51+00:00
4949a109-ed97-472b-9c5b-f8f43463c610,34b6332c-71a9-46ad-9d30-17443d77dbd9,748856,Yaz 28 Day Pack,stopped,order,,2018-10-22T22:06:51+00:00
fabc7cb8-7f4f-4555-89b9-e06626cf256a,34b6332c-71a9-46ad-9d30-17443d77dbd9,751905,Trinessa 28 Day Pack,active,order,,2020-10-11T22:06:51+00:00
1e45d6a2-23a2-49da-a79e-2cdabafa6874,e7de504a-311d-49be-b2bc-566a328bcc72,316672,Simvistatin 10 MG,stopped,order,,1987-05-02T09:49:33+00:00
b5dfc83f-4427-4780-bf30-448e0a780283,e7de504a-311d-49be-b2bc-566a328bcc72,1719286,10 ML Furosemide 10 MG/ML Injection,active,order,,1993-02-06T09:49:33+00:00
6a962595-d67e-402a-8abf-7c2353131767,e7de504a-311d-49be-b2bc-566a328bcc72,316672,Simvistatin 10 MG,stopped,order,,1985-05-02T09:49:33+00:00
42aaee61-31d1-4ed7-a74d-b2f0c02927cf,e7de504a-311d-49be-b2bc-566a328bcc72,311989,Nitrofurantoin 5 MG/ML Oral Suspension,stopped,order,,1991-08-11T09:49:33+00:00
65979a67-6ce9-4233-ba14-18bcd8152898,e7de504a-311d-49be-b2bc-566a328bcc72,316672,Simvistatin 10 MG,stopped,order,,1990-05-01T09:49:33+00:00
f10fe577-4ae6-4b93-9278-4ade5756205b,e7de504a-311d-49be-b2bc-566a328bcc72,749882,Norinyl 1+50 28 Day Pack,stopped,order,,1986-05-18T09:49:33+00:00
155b0c34-9dc8-4dd3-8a87-fc31a0f3e573,e7de504a-311d-49be-b2bc-566a328bcc72,866414,24 HR metoprolol succinate 100 MG Extended Release Oral Tablet [Toprol],active,order,,1992-08-10T09:49:33+00:00
13b6cfed-ffb7-421b-a720-651a6f2c4c7a,e7de504a-311d-49be-b2bc-566a328bcc72,749882,Norinyl 1+50 28 Day Pack,stopped,order,,1987-05-13T09:49:33+00:00
cf7d5f3d-718d-4841-9f3a-ba965d8e9102,e7de504a-311d-49be-b2bc-566a328bcc72,235389,Mestranol / Norethynodrel [Enovid],stopped,order,,1985-05-23T09:49:33+00:00
ef9ce4d7-cdc7-4f4c-9658-e5cf84591f8f,e7de504a-311d-49be-b2bc-566a328bcc72,316672,Simvistatin 10 MG,stopped,order,,1988-05-01T09:49:33+00:00
17a73c76-a238-4abc-9110-7116b3d45dbb,e7de504a-311d-49be-b2bc-566a328bcc72,310965,Ibuprofen 200 MG Oral Tablet,stopped,order,,1989-04-30T09:49:33+00:00
8b5394ce-4a27-4c5b-87cc-0d50376b0e07,e7de504a-311d-49be-b2bc-566a328bcc72,315971,Lasix 40mg,active,order,,1992-08-10T09:49:33+00:00
946f465f-a842-4941-9cae-e87a7abbbbb5,e7de504a-311d-49be-b2bc-566a328bcc72,1094107,Phenazopyridine hydrochloride 100 MG Oral Tablet,stopped,order,,1991-08-11T09:49:33+00:00
5c816376-0948-4c02-9c8f-07f1696f4bbf,e7de504a-311d-49be-b2bc-566a328bcc72,316672,Simvistatin 10 MG,active,order,,1992-04-30T09:49:33+00:00
d8e30a8b-a5d1-4e16-b366-8fcbefcd36a0,e7de504a-311d-49be-b2bc-566a328bcc72,313782,Acetaminophen 325 MG Oral Tablet,stopped,order,,1987-07-19T09:49:33+00:00
149db8d1-a1ec-4501-bbcb-21c9477ce0a3,e7de504a-311d-49be-b2bc-566a328bcc72,316672,Simvistatin 10 MG,stopped,order,,1986-05-02T09:49:33+00:00
ca90fcd0-4031-411e-ba14-5cb207091375,e7de504a-311d-49be-b2bc-566a328bcc72,309043,12 HR Cefaclor 500 MG Extended Release Oral Tablet,stopped,order,,1989-04-30T09:49:33+00:00
c4a86ba5-c88a-4d80-8a89-47dd199f3039,e7de504a-311d-49be-b2bc-566a328bcc72,316672,Simvistatin 10 MG,stopped,order,,1991-05-01T09:49:33+00:00
8ebf8075-1368-4b5e-898c-c812600ba9f9,e7de504a-311d-49be-b2bc-566a328bcc72,316672,Simvistatin 10 MG,stopped,order,,1989-05-01T09:49:33+00:00
5c994a74-0973-482d-81c4-bcd7cdb81521,e7de504a-311d-49be-b2bc-566a328bcc72,857005,Acetaminophen 325 MG / HYDROcodone Bitartrate 7.5 MG Oral Tablet,stopped,order,,1951-05-31T09:49:33+00:00
8a75f00c-fd0d-4768-8924-6f730a7b4ac2,c5ed5d78-5b3f-4a75-bdfb-5f318b068a20,849574,Naproxen sodium 220 MG Oral Tablet,active,order,,1958-06-22T19:20:06+00:00
b1da1c43-9318-4772-bbb0-e48061774eeb,c5ed5d78-5b3f-4a75-bdfb-5f318b068a20,583214,PACLitaxel 100 MG Injection,stopped,order,,1994-01-05T19:20:06+00:00
44f69371-8b7f-4cd8-b00b-98c08a87e4e8,c5ed5d78-5b3f-4a75-bdfb-5f318b068a20,1736854,Cisplatin 50 MG Injection,stopped,order,,1994-03-06T19:20:06+00:00
7ef5c99c-4b3b-45fb-9e96-d1642b0d236b,c5ed5d78-5b3f-4a75-bdfb-5f318b068a20,583214,PACLitaxel 100 MG Injection,stopped,order,,1994-10-05T19:20:06+00:00
1bb0f7a6-0d02-4f78-a38d-f273d20a33dd,c5ed5d78-5b3f-4a75-bdfb-5f318b068a20,583214,PACLitaxel 100 MG Injection,stopped,order,,1994-06-01T19:20:06+00:00
1f2fdea9-472e-4554-8591-6cadabffaf52,c5ed5d78-5b3f-4a75-bdfb-5f318b068a20,316672,Simvistatin 10 MG,stopped,order,,1982-11-11T19:20:06+00:00
eddef5e2-a806-4a30-b12a-05addd9f65af,c5ed5d78-5b3f-4a75-bdfb-5f318b068a20,1736854,Cisplatin 50 MG Injection,stopped,order,,1995-11-13T19:20:06+00:00
3593d3c9-a9eb-4914-bf3e-5597f7f4f9fe,c5ed5d78-5b3f-4a75-bdfb-5f318b068a20,1736854,Cisplatin 50 MG Injection,stopped,order,,1993-10-05T19:20:06+00:00
0f0bd938-b232-4697-ab5c-6d562a84c33b,c5ed5d78-5b3f-4a75-bdfb-5f318b068a20,1736854,Cisplatin 50 MG Injection,stopped,order,,1994-01-05T19:20:06+00:00
71ef3917-a1ee-4da0-a4f5-74da08db51ec,c5ed5d78-5b3f-4a75-bdfb-5f318b068a20,316672,Simvistatin 10 MG,stopped,order,,1978-11-12T19:20:06+00:00
aa54bcd0-08c1-4c58-9436-0d68019d3038,c5ed5d78-5b3f-4a75-bdfb-5f318b068a20,1736854,Cisplatin 50 MG Injection,stopped,order,,1994-08-02T19:20:06+00:00
c5d2452a-521d-4a4e-94f6-51bb6ab2e5a3,c5ed5d78-5b3f-4a75-bdfb-5f318b068a20,583214,PACLitaxel 100 MG Injection,stopped,order,,1996-05-13T19:20:06+00:00
69eec509-3def-4fb8-bc4d-839f963249f3,c5ed5d78-5b3f-4a75-bdfb-5f318b068a20,1736854,Cisplatin 50 MG Injection,stopped,order,,1996-06-11T19:20:06+00:00
220771a3-c9db-4e49-a3b7-dd2fb938d3d4,c5ed5d78-5b3f-4a75-bdfb-5f318b068a20,316672,Simvistatin 10 MG,stopped,order,,1985-11-10T19:20:06+00:00
3c55a13e-2e1a-44e8-a9e7-44659d400770,c5ed5d78-5b3f-4a75-bdfb-5f318b068a20,1736854,Cisplatin 50 MG Injection,stopped,order,,1994-12-09T19:20:06+00:00
2f984277-78d0-44df-aa2c-f0c0df74dcca,c5ed5d78-5b3f-4a75-bdfb-5f318b068a20,583214,PACLitaxel 100 MG Injection,stopped,order,,1996-08-06T19:20:06+00:00
d905e446-4c62-4393-b956-d1fac2a33309,c5ed5d78-5b3f-4a75-bdfb-5f318b068a20,1860480,1 ML DOCEtaxel 20 MG/ML Injection,active,order,,1975-08-30T19:20:06+00:00
b0767665-114d-4fb9-ae87-92de41dd18d4,c5ed5d78-5b3f-4a75-bdfb-5f318b068a20,583214,PACLitaxel 100 MG Injection,stopped,order,,1996-09-06T19:20:06+00:00
11836d55-2284-4565-9f35-da762934eb4f,c5ed5d78-5b3f-4a75-bdfb-5f318b068a20,1736854,Cisplatin 50 MG Injection,stopped,order,,1994-10-05T19:20:06+00:00
846ab020-c653-4d48-b246-2c88bf29bf14,c5ed5d78-5b3f-4a75-bdfb-5f318b068a20,583214,PACLitaxel 100 MG Injection,stopped,order,,1995-11-13T19:20:06+00:00
365ba773-7954-4d07-a8bf-d2b6e987d67b,c5ed5d78-5b3f-4a75-bdfb-5f318b068a20,1736854,Cisplatin 50 MG Injection,stopped,order,,1994-07-01T19:20:06+00:00
92d17ce1-5d6c-4e29-9406-fca156049d1c,c5ed5d78-5b3f-4a75-bdfb-5f318b068a20,1736854,Cisplatin 50 MG Injection,stopped,order,,1995-08-13T19:20:06+00:00
cd5f209d-8ed6-4d60-9bdb-29aeda15d705,c5ed5d78-5b3f-4a75-bdfb-5f318b068a20,1860154,Abuse-Deterrent 12 HR Oxycodone Hydrochloride 15 MG Extended Release Oral Tablet,stopped,order,,1993-05-22T19:20:06+00:00
1b859aa9-5039-4aeb-8e36-a5606fc84482,c5ed5d78-5b3f-4a75-bdfb-5f318b068a20,316672,Simvistatin 10 MG,stopped,order,,1992-11-08T19:20:06+00:00
1473f62d-d28b-4636-b565-a2036aab26dc,c5ed5d78-5b3f-4a75-bdfb-5f318b068a20,583214,PACLitaxel 100 MG Injection,stopped,order,,1994-05-03T19:20:06+00:00
af0823ec-9738-490c-a52c-6dee7db39945,c5ed5d78-5b3f-4a75-bdfb-5f318b068a20,583214,PACLitaxel 100 MG Injection,stopped,order,,1994-07-01T19:20:06+00:00
c31a71ae-b39b-438b-9e59-279ef8355f3c,c5ed5d78-5b3f-4a75-bdfb-5f318b068a20,1736854,Cisplatin 50 MG Injection,stopped,order,,1995-02-14T19:20:06+00:00
c9236b57-4bfc-4b4a-9032-ee94c70d0352,c5ed5d78-5b3f-4a75-bdfb-5f318b068a20,583214,PACLitaxel 100 MG Injection,stopped,order,,1996-04-12T19:20:06+00:00
fcf95463-6703-408a-bdc3-b12d2a60fe5b,c5ed5d78-5b3f-4a75-bdfb-5f318b068a20,1736854,Cisplatin 50 MG Injection,stopped,order,,1994-04-05T19:20:06+00:00
7777cd01-8418-4061-8b95-25ee17a34a96,c5ed5d78-5b3f-4a75-bdfb-5f318b068a20,583214,PACLitaxel 100 MG Injection,stopped,order,,1995-03-15T19:20:06+00:00
6ffc4473-facf-4a9d-afc6-0a95137a927b,c5ed5d78-5b3f-4a75-bdfb-5f318b068a20,1049221,Acetaminophen 325 MG / Oxycodone Hydrochloride 5 MG Oral Tablet,stopped,order,,1992-11-18T19:20:06+00:00
d7059ba4-2047-4374-ac32-a6e22c152723,c5ed5d78-5b3f-4a75-bdfb-5f318b068a20,1736854,Cisplatin 50 MG Injection,stopped,order,,1996-05-13T19:20:06+00:00
b735d15a-518a-4f74-a304-2cb74ca1fb91,c5ed5d78-5b3f-4a75-bdfb-5f318b068a20,1736854,Cisplatin 50 MG Injection,stopped,order,,1995-05-13T19:20:06+00:00
5e9a482b-f791-4896-b3dd-96e397585eed,c5ed5d78-5b3f-4a75-bdfb-5f318b068a20,316672,Simvistatin 10 MG,stopped,order,,1993-11-08T19:20:06+00:00
df6eda52-e92f-4736-ade0-02de9936ad8e,c5ed5d78-5b3f-4a75-bdfb-5f318b068a20,1049221,Acetaminophen 325 MG / Oxycodone Hydrochloride 5 MG Oral Tablet,stopped,order,,1993-04-15T19:20:06+00:00
3073e781-094c-423d-8e9b-4f6494f96d82,c5ed5d78-5b3f-4a75-bdfb-5f318b068a20,1719286,10 ML Furosemide 10 MG/ML Injection,active,order,,1996-01-19T19:20:06+00:00
82323ecd-b489-4fca-b6b8-fa3066e6a25b,c5ed5d78-5b3f-4a75-bdfb-5f318b068a20,583214,PACLitaxel 100 MG Injection,stopped,order,,1995-01-12T19:20:06+00:00
f33ff47a-4f19-46ef-903a-1d40d3dc72e2,c5ed5d78-5b3f-4a75-bdfb-5f318b068a20,316672,Simvistatin 10 MG,stopped,order,,1968-11-14T19:20:06+00:00
2e3ca09a-09ab-4577-bcc2-3c30eced0ee0,c5ed5d78-5b3f-4a75-bdfb-5f318b068a20,583214,PACLitaxel 100 MG Injection,stopped,order,,1996-01-15T19:20:06+00:00
79b5d6c5-8ec9-4cdf-a4b2-e001b82c56b9,c5ed5d78-5b3f-4a75-bdfb-5f318b068a20,1310197,Acetaminophen 300 MG / HYDROcodone Bitartrate 5 MG [Vicodin],stopped,order,,1992-06-06T19:20:06+00:00
49f6223d-0a14-4836-80fd-e0fc84b78c6f,c5ed5d78-5b3f-4a75-bdfb-5f318b068a20,583214,PACLitaxel 100 MG Injection,stopped,order,,1995-09-14T19:20:06+00:00
125f381d-f30c-41e1-a8ec-803b46e267cc,c5ed5d78-5b3f-4a75-bdfb-5f318b068a20,1736854,Cisplatin 50 MG Injection,stopped,order,,1995-09-14T19:20:06+00:00
ce4ba06a-8d81-47de-8205-68eeef96b5a6,c5ed5d78-5b3f-4a75-bdfb-5f318b068a20,316672,Simvistatin 10 MG,stopped,order,,1973-11-13T19:20:06+00:00
b1779a78-fa62-4ba2-9ee4-17b7e043588f,c5ed5d78-5b3f-4a75-bdfb-5f318b068a20,316672,Simvistatin 10 MG,stopped,order,,1979-11-12T19:20:06+00:00
63ee3c4c-dba6-4864-bcc3-5ce1d27b2e37,c5ed5d78-5b3f-4a75-bdfb-5f318b068a20,316672,Simvistatin 10 MG,stopped,order,,1994-11-08T19:20:06+00:00
c1eaaceb-08a4-4efd-9679-0ac7df0e5a15,c5ed5d78-5b3f-4a75-bdfb-5f318b068a20,1736854,Cisplatin 50 MG Injection,stopped,order,,1996-09-06T19:20:06+00:00
502b7c90-398d-4cfd-b304-cee2646c6cce,c5ed5d78-5b3f-4a75-bdfb-5f318b068a20,316672,Simvistatin 10 MG,stopped,order,,1971-11-14T19:20:06+00:00
3609f1dc-ac73-4672-9535-37ae6f773d5f,c5ed5d78-5b3f-4a75-bdfb-5f318b068a20,866414,24 HR metoprolol succinate 100 MG Extended Release Oral Tablet [Toprol],active,order,,1995-07-23T19:20:06+00:00
dd41b1ff-49cc-47f2-9396-08f9fef3dfde,c5ed5d78-5b3f-4a75-bdfb-5f318b068a20,316672,Simvistatin 10 MG,stopped,order,,1983-11-11T19:20:06+00:00
cadc38ac-0184-4b1a-8894-36f45ccc075a,c5ed5d78-5b3f-4a75-bdfb-5f318b068a20,583214,PACLitaxel 100 MG Injection,stopped,order,,1995-07-11T19:20:06+00:00
fc942076-0320-4596-ab98-3aefe9691508,c5ed5d78-5b3f-4a75-bdfb-5f318b068a20,1736854,Cisplatin 50 MG Injection,stopped,order,,1996-08-06T19:20:06+00:00
c551168b-e654-4807-9d88-da8c7ac38c88,c5ed5d78-5b3f-4a75-bdfb-5f318b068a20,316672,Simvistatin 10 MG,stopped,order,,1975-11-13T19:20:06+00:00
a3a2b9e9-0334-4b72-b8c0-586e70b37d63,c5ed5d78-5b3f-4a75-bdfb-5f318b068a20,583214,PACLitaxel 100 MG Injection,stopped,order,,1994-04-05T19:20:06+00:00
bcffcb30-2d95-4630-ad27-a1936afe67d8,c5ed5d78-5b3f-4a75-bdfb-5f318b068a20,316672,Simvistatin 10 MG,stopped,order,,1974-11-13T19:20:06+00:00
d788c858-31fc-488e-843a-aac00af87458,c5ed5d78-5b3f-4a75-bdfb-5f318b068a20,313782,Acetaminophen 325 MG Oral Tablet,stopped,order,,1993-12-26T19:20:06+00:00
6b689277-dbe4-4eda-add7-7c20e1315fe4,c5ed5d78-5b3f-4a75-bdfb-5f318b068a20,1736854,Cisplatin 50 MG Injection,stopped,order,,1994-09-03T19:20:06+00:00
42833b58-3f07-4caf-8b23-2c3d5ca8693a,c5ed5d78-5b3f-4a75-bdfb-5f318b068a20,316672,Simvistatin 10 MG,stopped,order,,1967-11-15T19:20:06+00:00
7be4e6ca-7723-44b9-8c3a-7f2041348d0e,c5ed5d78-5b3f-4a75-bdfb-5f318b068a20,316672,Simvistatin 10 MG,stopped,order,,1987-11-10T19:20:06+00:00
fcfa4aa3-5c0f-46a9-866c-9324cc73b15a,c5ed5d78-5b3f-4a75-bdfb-5f318b068a20,1736854,Cisplatin 50 MG Injection,stopped,order,,1994-06-01T19:20:06+00:00
14581e3e-f484-4a4c-83aa-49cee598ae62,c5ed5d78-5b3f-4a75-bdfb-5f318b068a20,1860154,Abuse-Deterrent 12 HR Oxycodone Hydrochloride 15 MG Extended Release Oral Tablet,stopped,order,,1993-11-14T19:20:06+00:00
50de67e0-6932-4811-a00b-1db300ac6198,c5ed5d78-5b3f-4a75-bdfb-5f318b068a20,583214,PACLitaxel 100 MG Injection,stopped,order,,1996-06-11T19:20:06+00:00
5c4101ec-faf0-4a17-94c1-2412edd7d5d4,c5ed5d78-5b3f-4a75-bdfb-5f318b068a20,583214,PACLitaxel 100 MG Injection,stopped,order,,1994-03-06T19:20:06+00:00
8e1f6564-3d34-4e50-98c5-e2c9e14e395b,c5ed5d78-5b3f-4a75-bdfb-5f318b068a20,583214,PACLitaxel 100 MG Injection,stopped,order,,1994-11-07T19:20:06+00:00
94739345-4f5b-4b3c-b188-514752fbb377,c5ed5d78-5b3f-4a75-bdfb-5f318b068a20,1736854,Cisplatin 50 MG Injection,stopped,order,,1995-03-15T19:20:06+00:00
458a9e91-bf81-4882-bc26-ae427b5464dd,c5ed5d78-5b3f-4a75-bdfb-5f318b068a20,313782,Acetaminophen 325 MG Oral Tablet,stopped,order,,1993-01-12T19:20:06+00:00
90186450-6e66-4c8c-8df3-a17e5e90d789,c5ed5d78-5b3f-4a75-bdfb-5f318b068a20,583214,PACLitaxel 100 MG Injection,stopped,order,,1995-10-13T19:20:06+00:00
c90b2071-1e3e-4588-a6da-2a55378710f9,c5ed5d78-5b3f-4a75-bdfb-5f318b068a20,316672,Simvistatin 10 MG,stopped,order,,1977-11-12T19:20:06+00:00
45508de4-ec1b-4090-a491-e80975d01255,c5ed5d78-5b3f-4a75-bdfb-5f318b068a20,1736854,Cisplatin 50 MG Injection,stopped,order,,1994-05-03T19:20:06+00:00
a60405a2-599d-4eef-9d56-8206031e32d5,c5ed5d78-5b3f-4a75-bdfb-5f318b068a20,1860154,Abuse-Deterrent 12 HR Oxycodone Hydrochloride 15 MG Extended Release Oral Tablet,stopped,order,,1992-09-14T19:20:06+00:00
3f00702c-27a9-4767-8ee7-4204393f774c,c5ed5d78-5b3f-4a75-bdfb-5f318b068a20,752899,0.25 ML Leuprolide Acetate 30 MG/ML Prefilled Syringe,active,order,,1975-08-30T19:20:06+00:00
bba92b89-2dd3-444f-ac51-fe16f76cd743,c5ed5d78-5b3f-4a75-bdfb-5f318b068a20,583214,PACLitaxel 100 MG Injection,stopped,order,,1994-09-03T19:20:06+00:00
49da4c85-7acd-4d7d-9c8d-32145315d15d,c5ed5d78-5b3f-4a75-bdfb-5f318b068a20,316672,Simvistatin 10 MG,stopped,order,,1984-11-10T19:20:06+00:00
5f48baa7-030e-4b47-85b5-61193eea2101,c5ed5d78-5b3f-4a75-bdfb-5f318b068a20,1049221,Acetaminophen 325 MG / Oxycodone Hydrochloride 5 MG Oral Tablet,stopped,order,,1993-08-02T19:20:06+00:00
f6b5c102-1353-468f-b59c-06fbd903308a,c5ed5d78-5b3f-4a75-bdfb-5f318b068a20,583214,PACLitaxel 100 MG Injection,stopped,order,,1995-08-13T19:20:06+00:00
e349d0c7-3199-47e3-9e22-7253c5c65c8c,c5ed5d78-5b3f-4a75-bdfb-5f318b068a20,1736854,Cisplatin 50 MG Injection,stopped,order,,1996-03-15T19:20:06+00:00
27fda1ea-2d2a-4b7e-b7d6-87fca10c9c2a,c5ed5d78-5b3f-4a75-bdfb-5f318b068a20,583214,PACLitaxel 100 MG Injection,stopped,order,,1994-08-02T19:20:06+00:00
ee865873-4a86-4601-94e3-1bcc9060c001,c5ed5d78-5b3f-4a75-bdfb-5f318b068a20,583214,PACLitaxel 100 MG Injection,stopped,order,,1993-12-03T19:20:06+00:00
2532c12e-7c4f-4e58-90de-71d8a2e77454,c5ed5d78-5b3f-4a75-bdfb-5f318b068a20,1736854,Cisplatin 50 MG Injection,stopped,order,,1995-04-15T19:20:06+00:00
ddbaf51a-edd8-4716-bed3-0b2dae4a49bd,c5ed5d78-5b3f-4a75-bdfb-5f318b068a20,1736854,Cisplatin 50 MG Injection,stopped,order,,1995-12-14T19:20:06+00:00
79d32755-c89f-4afc-a630-7035a097420f,c5ed5d78-5b3f-4a75-bdfb-5f318b068a20,583214,PACLitaxel 100 MG Injection,stopped,order,,1996-02-16T19:20:06+00:00
440a1472-80f8-48fc-91f7-4c66cb094076,c5ed5d78-5b3f-4a75-bdfb-5f318b068a20,583214,PACLitaxel 100 MG Injection,stopped,order,,1995-02-14T19:20:06+00:00
dae2bd03-43aa-4a2f-b824-06a505ae39b7,c5ed5d78-5b3f-4a75-bdfb-5f318b068a20,1736854,Cisplatin 50 MG Injection,stopped,order,,1996-04-12T19:20:06+00:00
d2aaeff5-d856-4319-9332-12240eee7421,c5ed5d78-5b3f-4a75-bdfb-5f318b068a20,316672,Simvistatin 10 MG,stopped,order,,1966-11-15T19:20:06+00:00
7f915f3f-e222-4651-8745-263f58109ec5,c5ed5d78-5b3f-4a75-bdfb-5f318b068a20,1736854,Cisplatin 50 MG Injection,stopped,order,,1996-01-15T19:20:06+00:00
784c4dec-4d27-46e0-b269-a8ae193d8438,c5ed5d78-5b3f-4a75-bdfb-5f318b068a20,1736854,Cisplatin 50 MG Injection,stopped,order,,1993-11-02T19:20:06+00:00
8a3c198d-12d1-4fe1-ae67-e392d5e326c6,c5ed5d78-5b3f-4a75-bdfb-5f318b068a20,583214,PACLitaxel 100 MG Injection,stopped,order,,1994-02-03T19:20:06+00:00
dd954eae-3806-41f7-8366-66d2b0530b70,c5ed5d78-5b3f-4a75-bdfb-5f318b068a20,316049,Hydrochlorothiazide 25 MG,active,order,,1934-01-13T19:20:06+00:00
b1f2e1bd-e709-4c08-8fd8-93706eb379f1,c5ed5d78-5b3f-4a75-bdfb-5f318b068a20,316672,Simvistatin 10 MG,stopped,order,,1976-11-12T19:20:06+00:00
5cb503fa-ab2f-400b-9ab5-05378c7ecea9,c5ed5d78-5b3f-4a75-bdfb-5f318b068a20,316672,Simvistatin 10 MG,stopped,order,,1988-11-09T19:20:06+00:00
cf3c09c6-63db-42b2-b73e-2b09c00fa9df,c5ed5d78-5b3f-4a75-bdfb-5f318b068a20,583214,PACLitaxel 100 MG Injection,stopped,order,,1995-12-14T19:20:06+00:00
a8535bee-2594-4777-b0bb-b578d524f57e,c5ed5d78-5b3f-4a75-bdfb-5f318b068a20,1736854,Cisplatin 50 MG Injection,stopped,order,,1994-11-07T19:20:06+00:00
201aae15-fd45-498e-b7f9-56e41c19c72c,c5ed5d78-5b3f-4a75-bdfb-5f318b068a20,583214,PACLitaxel 100 MG Injection,stopped,order,,1996-07-09T19:20:06+00:00
35337d89-9aa9-4d7d-b1a3-f5421543b0eb,c5ed5d78-5b3f-4a75-bdfb-5f318b068a20,315971,Lasix 40mg,active,order,,1995-07-23T19:20:06+00:00
72d6dbee-ebc8-4408-91cc-4f8f8d9ebde8,c5ed5d78-5b3f-4a75-bdfb-5f318b068a20,583214,PACLitaxel 100 MG Injection,stopped,order,,1993-11-02T19:20:06+00:00
4ea6f7bf-f230-48a9-973c-d2d366921b6f,c5ed5d78-5b3f-4a75-bdfb-5f318b068a20,1736854,Cisplatin 50 MG Injection,stopped,order,,1995-10-13T19:20:06+00:00
45622f4c-99be-4652-8f78-e45db28ae4f7,c5ed5d78-5b3f-4a75-bdfb-5f318b068a20,1860154,Abuse-Deterrent 12 HR Oxycodone Hydrochloride 15 MG Extended Release Oral Tablet,stopped,order,,1993-01-01T19:20:06+00:00
5d6b8874-9fc9-450d-b243-d18c1f21fbb8,c5ed5d78-5b3f-4a75-bdfb-5f318b068a20,1736854,Cisplatin 50 MG Injection,stopped,order,,1995-07-11T19:20:06+00:00
7412bf78-a764-4665-b584-3f8cae572cd7,c5ed5d78-5b3f-4a75-bdfb-5f318b068a20,316672,Simvistatin 10 MG,stopped,order,,1970-11-14T19:20:06+00:00
9c770424-0766-4940-8d90-7081e0c91eff,c5ed5d78-5b3f-4a75-bdfb-5f318b068a20,316672,Simvistatin 10 MG,stopped,order,,1965-11-15T19:20:06+00:00
648bdae4-a608-49b4-ad03-a51bbf3d8550,c5ed5d78-5b3f-4a75-bdfb-5f318b068a20,583214,PACLitaxel 100 MG Injection,stopped,order,,1993-10-05T19:20:06+00:00
45e283d9-32db-4f20-990e-bd319a30724c,c5ed5d78-5b3f-4a75-bdfb-5f318b068a20,316672,Simvistatin 10 MG,stopped,order,,1986-11-10T19:20:06+00:00
a70334d8-b077-414e-b022-3155ae1c3805,c5ed5d78-5b3f-4a75-bdfb-5f318b068a20,1736854,Cisplatin 50 MG Injection,stopped,order,,1994-02-03T19:20:06+00:00
37b3df4a-790b-476c-ac41-d1844a165eba,c5ed5d78-5b3f-4a75-bdfb-5f318b068a20,316672,Simvistatin 10 MG,stopped,order,,1969-11-14T19:20:06+00:00
dff3d843-fbe4-45e8-a798-839fd477ff07,c5ed5d78-5b3f-4a75-bdfb-5f318b068a20,583214,PACLitaxel 100 MG Injection,stopped,order,,1995-06-12T19:20:06+00:00
dd4e5b5e-5f22-4699-9bd2-1b386f5e41fa,c5ed5d78-5b3f-4a75-bdfb-5f318b068a20,1736854,Cisplatin 50 MG Injection,stopped,order,,1993-12-03T19:20:06+00:00
d15d40a3-94ec-4c32-8a63-d41b06063397,c5ed5d78-5b3f-4a75-bdfb-5f318b068a20,1736854,Cisplatin 50 MG Injection,stopped,order,,1995-01-12T19:20:06+00:00
4d83f63b-aa96-45f4-9ad2-a3c4b21ae871,c5ed5d78-5b3f-4a75-bdfb-5f318b068a20,1736854,Cisplatin 50 MG Injection,stopped,order,,1996-07-09T19:20:06+00:00
0ef78cf3-73b8-4bf3-b127-a96cf1baceb3,c5ed5d78-5b3f-4a75-bdfb-5f318b068a20,1736854,Cisplatin 50 MG Injection,stopped,order,,1995-06-12T19:20:06+00:00
9c14c336-320a-4e1e-84de-3fdd5fc653ec,c5ed5d78-5b3f-4a75-bdfb-5f318b068a20,316672,Simvistatin 10 MG,active,order,,1995-11-08T19:20:06+00:00
6da78f57-d95f-452f-bd7c-fc1d47d1e6a6,c5ed5d78-5b3f-4a75-bdfb-5f318b068a20,583214,PACLitaxel 100 MG Injection,stopped,order,,1995-04-15T19:20:06+00:00
4e5b936a-4c3f-4d74-9a76-30b1f5a62181,c5ed5d78-5b3f-4a75-bdfb-5f318b068a20,583214,PACLitaxel 100 MG Injection,stopped,order,,1996-03-15T19:20:06+00:00
a96ffee4-b5b0-4671-a481-62627189838c,c5ed5d78-5b3f-4a75-bdfb-5f318b068a20,316672,Simvistatin 10 MG,stopped,order,,1991-11-09T19:20:06+00:00
1da2386a-13ad-45bd-9dac-d85ac33a6c74,c5ed5d78-5b3f-4a75-bdfb-5f318b068a20,316672,Simvistatin 10 MG,stopped,order,,1989-11-09T19:20:06+00:00
f69851e9-63f9-401b-b958-7d1d80d6bcbf,c5ed5d78-5b3f-4a75-bdfb-5f318b068a20,583214,PACLitaxel 100 MG Injection,stopped,order,,1994-12-09T19:20:06+00:00
e844d147-2565-4383-814c-865af9949146,c5ed5d78-5b3f-4a75-bdfb-5f318b068a20,316672,Simvistatin 10 MG,stopped,order,,1981-11-11T19:20:06+00:00
489d9d3c-2f2c-45fc-849b-8541d673345a,c5ed5d78-5b3f-4a75-bdfb-5f318b068a20,1736854,Cisplatin 50 MG Injection,stopped,order,,1996-02-16T19:20:06+00:00
3f630b13-65da-4053-b164-82b1c97c0825,c5ed5d78-5b3f-4a75-bdfb-5f318b068a20,316672,Simvistatin 10 MG,stopped,order,,1980-11-11T19:20:06+00:00
136c4c25-4f5c-46a2-877a-71e37ba0d6c5,c5ed5d78-5b3f-4a75-bdfb-5f318b068a20,583214,PACLitaxel 100 MG Injection,stopped,order,,1995-05-13T19:20:06+00:00
39e7a390-0f80-461f-b3a0-0cf9f304e313,c5ed5d78-5b3f-4a75-bdfb-5f318b068a20,316672,Simvistatin 10 MG,stopped,order,,1963-11-16T19:20:06+00:00
4d2d9fa6-cffc-49a6-a962-8a9dd8150a31,c5ed5d78-5b3f-4a75-bdfb-5f318b068a20,316672,Simvistatin 10 MG,stopped,order,,1964-11-15T19:20:06+00:00
a4e20916-2cc0-4752-bb0b-f74174e448c1,c5ed5d78-5b3f-4a75-bdfb-5f318b068a20,316672,Simvistatin 10 MG,stopped,order,,1972-11-13T19:20:06+00:00
a9e8da51-aacb-4a3c-88da-7aa5bc8bf437,c5ed5d78-5b3f-4a75-bdfb-5f318b068a20,316672,Simvistatin 10 MG,stopped,order,,1990-11-09T19:20:06+00:00
163121e2-11ba-4ca4-a7f7-dc5975d814e8,948e608d-e408-4788-8cf2-8157c49c2940,313782,Acetaminophen 325 MG Oral Tablet,stopped,order,,2020-12-17T20:32:26+00:00
b2de4505-f87c-4a2d-9bb2-5f388905805d,948e608d-e408-4788-8cf2-8157c49c2940,316049,Hydrochlorothiazide 25 MG,active,order,,2019-03-05T20:32:26+00:00
e456bff0-401d-4b81-9c6e-eb7829c15455,948e608d-e408-4788-8cf2-8157c49c2940,861467,Meperidine Hydrochloride 50 MG Oral Tablet,stopped,order,,2020-12-17T20:32:26+00:00
11c85136-4e16-4f42-ab83-dbcd0ef7736f,948e608d-e408-4788-8cf2-8157c49c2940,308971,Carbamazepine[Tegretol],stopped,order,,1985-12-03T20:32:26+00:00
55156b9c-8a4b-4f97-b886-1c5686caa90e,948e608d-e408-4788-8cf2-8157c49c2940,860975,24 HR Metformin hydrochloride 500 MG Extended Release Oral Tablet,active,order,,2019-03-05T20:32:26+00:00
7f5c1e14-e645-4fda-9c85-cdbd61bc160c,948e608d-e408-4788-8cf2-8157c49c2940,308971,Carbamazepine[Tegretol],active,order,,1989-04-11T20:32:26+00:00
16df13f2-d839-4f29-abc9-1f9e746d4b6f,948e608d-e408-4788-8cf2-8157c49c2940,106892,"insulin human, isophane 70 UNT/ML / Regular Insulin, Human 30 UNT/ML Injectable Suspension [Humulin]",active,order,,2019-12-10T20:32:26+00:00
5d2741c3-c964-4a71-987a-b943a7899b8d,7cc7918f-fa5a-4818-8088-585e835d4aa7,831533,Errin 28 Day Pack,active,order,,2020-08-28T12:41:17+00:00
dc1695d5-d633-42d0-9aaa-6da3ce38d879,7cc7918f-fa5a-4818-8088-585e835d4aa7,1367439,NuvaRing 0.12/0.015 MG per 24HR 21 Day Vaginal Ring,stopped,order,,2019-09-03T12:41:17+00:00
b27c11f0-468d-43be-ad51-a6c35773d457,7cc7918f-fa5a-4818-8088-585e835d4aa7,748962,Camila 28 Day Pack,stopped,order,,2017-09-13T12:41:17+00:00
44759505-9d67-45c0-b42c-36a459210531,7cc7918f-fa5a-4818-8088-585e835d4aa7,198405,Ibuprofen 100 MG Oral Tablet,stopped,order,,2013-07-08T12:41:17+00:00
1e3a5ab5-c63c-49fd-b86d-3e635ef86171,7cc7918f-fa5a-4818-8088-585e835d4aa7,1043400,Acetaminophen 21.7 MG/ML / Dextromethorphan Hydrobromide 1 MG/ML / doxylamine succinate 0.417 MG/ML Oral Solution,stopped,order,,2013-01-04T12:41:17+00:00
8985e1e5-4e25-42d0-af06-e0fb63388c9a,7cc7918f-fa5a-4818-8088-585e835d4aa7,316049,Hydrochlorothiazide 25 MG,active,order,,2019-11-21T12:41:17+00:00
65e3eaa5-c027-4ded-895a-a5aea7f221a1,9bf59715-246f-4ce2-85a6-58c1757f8d21,2001499,Vitamin B 12 5 MG/ML Injectable Solution,active,order,,1982-02-01T16:34:40+00:00
ab5725c8-ca1b-4b0c-9b81-a773a35dcc53,9bf59715-246f-4ce2-85a6-58c1757f8d21,316672,Simvistatin 10 MG,stopped,order,,2014-01-01T16:34:40+00:00
0bc74264-6e97-482e-b296-9f6f535f0265,9bf59715-246f-4ce2-85a6-58c1757f8d21,316672,Simvistatin 10 MG,stopped,order,,2010-01-02T16:34:40+00:00
32a4e9f2-a5ff-4de3-b26b-5a8f1f86b82a,9bf59715-246f-4ce2-85a6-58c1757f8d21,316672,Simvistatin 10 MG,stopped,order,,2013-01-01T16:34:40+00:00
0745f86e-e1ee-47e9-8961-91bbb8df9f8d,9bf59715-246f-4ce2-85a6-58c1757f8d21,316672,Simvistatin 10 MG,stopped,order,,2009-01-02T16:34:40+00:00
9909eb3d-2b73-4d21-b3ae-caea35bfe5cc,9bf59715-246f-4ce2-85a6-58c1757f8d21,316672,Simvistatin 10 MG,stopped,order,,2011-01-02T16:34:40+00:00
08cbb8f0-9d3f-4e58-b729-f765bd578652,9bf59715-246f-4ce2-85a6-58c1757f8d21,316672,Simvistatin 10 MG,active,order,,2020-12-30T16:34:40+00:00
e67b74a2-fddb-4f27-9c80-e952a7d6ea32,9bf59715-246f-4ce2-85a6-58c1757f8d21,316672,Simvistatin 10 MG,stopped,order,,2017-12-31T16:34:40+00:00
bfeeb760-f12c-4c4f-80fd-545c9a1cd580,9bf59715-246f-4ce2-85a6-58c1757f8d21,316672,Simvistatin 10 MG,stopped,order,,2019-12-31T16:34:40+00:00
3aa9f06d-a98e-4b41-a385-28d716ac2671,9bf59715-246f-4ce2-85a6-58c1757f8d21,316049,Hydrochlorothiazide 25 MG,active,order,,1967-06-19T16:34:40+00:00
a81598fc-61a7-4f51-bbb9-f590bb1a9177,9bf59715-246f-4ce2-85a6-58c1757f8d21,309362,Clopidogrel 75 MG Oral Tablet,stopped,order,,2011-10-24T16:34:40+00:00
7a878848-f61d-4e47-b2f5-0020dd2b9d58,9bf59715-246f-4ce2-85a6-58c1757f8d21,316672,Simvistatin 10 MG,stopped,order,,2007-01-03T16:34:40+00:00
feac2c45-1ea8-4cc2-9560-8150cbe802ec,9bf59715-246f-4ce2-85a6-58c1757f8d21,745679,200 ACTUAT Albuterol 0.09 MG/ACTUAT Metered Dose Inhaler,active,order,,1950-11-15T16:34:40+00:00
d7ee5c31-8391-484d-9583-7ddd21429e9a,9bf59715-246f-4ce2-85a6-58c1757f8d21,316672,Simvistatin 10 MG,stopped,order,,2015-01-01T16:34:40+00:00
82e787f6-21dd-43e0-96e4-9daea4433d1a,9bf59715-246f-4ce2-85a6-58c1757f8d21,895994,120 ACTUAT Fluticasone propionate 0.044 MG/ACTUAT Metered Dose Inhaler,active,order,,1950-11-15T16:34:40+00:00
fe5bd0bf-4920-436f-95e9-438b0388f664,9bf59715-246f-4ce2-85a6-58c1757f8d21,316672,Simvistatin 10 MG,stopped,order,,2006-01-03T16:34:40+00:00
2a4d0c5d-fe07-41da-b8ba-ebeb818ff6ae,9bf59715-246f-4ce2-85a6-58c1757f8d21,316672,Simvistatin 10 MG,stopped,order,,2016-12-31T16:34:40+00:00
0bb45d5c-10d5-4277-a64e-5b8e64417e05,9bf59715-246f-4ce2-85a6-58c1757f8d21,316672,Simvistatin 10 MG,stopped,order,,2016-01-01T16:34:40+00:00
73dfe24b-1b3b-4366-9366-ea299417130d,9bf59715-246f-4ce2-85a6-58c1757f8d21,316672,Simvistatin 10 MG,stopped,order,,2018-12-31T16:34:40+00:00
bfb560cd-369e-4c1e-8073-dc64e32ef117,9bf59715-246f-4ce2-85a6-58c1757f8d21,904419,Alendronic acid 10 MG Oral Tablet,active,order,,2019-09-30T16:34:40+00:00
6f6dd60e-c1d8-4a16-94b8-40fc6df65453,9bf59715-246f-4ce2-85a6-58c1757f8d21,316672,Simvistatin 10 MG,stopped,order,,2008-01-03T16:34:40+00:00
2fc69517-6bba-40ab-b9d6-26eec09a6280,9bf59715-246f-4ce2-85a6-58c1757f8d21,860975,24 HR Metformin hydrochloride 500 MG Extended Release Oral Tablet,active,order,,1985-02-04T16:34:40+00:00
07438b70-7069-4303-9678-e8cc0c2c8d50,9bf59715-246f-4ce2-85a6-58c1757f8d21,316672,Simvistatin 10 MG,stopped,order,,2012-01-02T16:34:40+00:00
e93f4632-19b7-48a4-8521-0302f9427cd4,9bf59715-246f-4ce2-85a6-58c1757f8d21,316672,Simvistatin 10 MG,stopped,order,,2005-01-03T16:34:40+00:00
dc196cb6-4d4a-4e81-9a50-564824647804,9bf59715-246f-4ce2-85a6-58c1757f8d21,1804799,Alteplase 100 MG Injection,stopped,order,,2011-10-24T16:34:40+00:00
4b1d628b-5af8-4a4a-b7f1-8a15de172cca,a9fb0d0f-fb3c-4173-ad19-ec9ba84f4d02,310436,Galantamine 4 MG Oral Tablet,stopped,order,,2012-02-15T11:06:44+00:00
a7119894-4023-417c-9672-5c2339545984,a9fb0d0f-fb3c-4173-ad19-ec9ba84f4d02,562251,Amoxicillin 250 MG / Clavulanate 125 MG Oral Tablet,stopped,order,,2012-02-11T11:06:44+00:00
9c4273e2-d6f6-4ab3-9786-5548285bc581,a9fb0d0f-fb3c-4173-ad19-ec9ba84f4d02,315971,Lasix 40mg,active,order,,2017-05-29T11:06:44+00:00
7e6abac0-c72a-4802-95d7-bf26aeb520bd,a9fb0d0f-fb3c-4173-ad19-ec9ba84f4d02,866414,24 HR metoprolol succinate 100 MG Extended Release Oral Tablet [Toprol],active,order,,2017-05-29T11:06:44+00:00
da352126-865a-4486-b44c-0f0ad53e204b,a9fb0d0f-fb3c-4173-ad19-ec9ba84f4d02,1043400,Acetaminophen 21.7 MG/ML / Dextromethorphan Hydrobromide 1 MG/ML / doxylamine succinate 0.417 MG/ML Oral Solution,stopped,order,,2013-06-01T11:06:44+00:00
5a30886e-30e2-4164-be29-91cc6f32e4c4,a9fb0d0f-fb3c-4173-ad19-ec9ba84f4d02,316049,Hydrochlorothiazide 25 MG,active,order,,1962-07-11T11:06:44+00:00
eb10c42c-335d-4648-89f7-72ab58dccae6,a9fb0d0f-fb3c-4173-ad19-ec9ba84f4d02,1310197,Acetaminophen 300 MG / HYDROcodone Bitartrate 5 MG [Vicodin],stopped,order,,2010-03-31T11:06:44+00:00
c71e33e3-6fcd-4214-962d-ddc7e67d28e1,a9fb0d0f-fb3c-4173-ad19-ec9ba84f4d02,849574,Naproxen sodium 220 MG Oral Tablet,stopped,order,,2007-11-24T11:06:44+00:00
38470a87-e382-4a16-b080-1cb10210a710,a9fb0d0f-fb3c-4173-ad19-ec9ba84f4d02,313782,Acetaminophen 325 MG Oral Tablet,stopped,order,,2015-02-22T11:06:44+00:00
64d17c12-60a6-44e4-8ae5-54078e42d7fe,a9fb0d0f-fb3c-4173-ad19-ec9ba84f4d02,996740,Memantine hydrochloride 2 MG/ML Oral Solution,active,order,,2012-12-11T11:06:44+00:00
4385533f-c8a8-4d8c-b439-20b0dc8e5d99,cc74fae7-b8e8-4e77-af46-fb7c3177bf1c,313782,Acetaminophen 325 MG Oral Tablet,stopped,order,,2014-07-30T21:25:11+00:00
78617adf-bd86-4e79-8843-56a4c49ec6a6,494743a2-fea5-4827-8f02-c2b91e4a4c9e,316672,Simvistatin 10 MG,active,order,,2021-02-21T19:22:39+00:00
d24d8fab-a820-408b-9e17-68837772a812,494743a2-fea5-4827-8f02-c2b91e4a4c9e,316049,Hydrochlorothiazide 25 MG,active,order,,1990-09-23T19:22:39+00:00
56fdca69-945a-46d4-8285-ea6c5ae6b273,494743a2-fea5-4827-8f02-c2b91e4a4c9e,316672,Simvistatin 10 MG,stopped,order,,2017-02-22T19:22:39+00:00
70301e88-0421-4192-8eb1-92dcab243067,494743a2-fea5-4827-8f02-c2b91e4a4c9e,316672,Simvistatin 10 MG,stopped,order,,2014-02-23T19:22:39+00:00
e4c554d4-a9e9-4cfc-aa47-a900fe4045cb,494743a2-fea5-4827-8f02-c2b91e4a4c9e,316672,Simvistatin 10 MG,stopped,order,,2018-02-22T19:22:39+00:00
2da77a4c-5f1b-4839-bf17-f9234a3db2a5,494743a2-fea5-4827-8f02-c2b91e4a4c9e,316672,Simvistatin 10 MG,stopped,order,,2019-02-22T19:22:39+00:00
318d7dac-9625-431e-8063-13df750351a2,494743a2-fea5-4827-8f02-c2b91e4a4c9e,316672,Simvistatin 10 MG,stopped,order,,2016-02-23T19:22:39+00:00
84f31045-1ae5-4fbf-90ba-610bcec3f08c,494743a2-fea5-4827-8f02-c2b91e4a4c9e,316672,Simvistatin 10 MG,stopped,order,,2020-02-22T19:22:39+00:00
f0b9a4e2-a28c-4b00-a81d-110266f18569,494743a2-fea5-4827-8f02-c2b91e4a4c9e,316672,Simvistatin 10 MG,stopped,order,,2015-02-23T19:22:39+00:00
d1bc699b-d127-4b60-8a2c-52bdb8e63052,a85b31e5-8f0c-480d-9e81-67408608dd7a,313782,Acetaminophen 325 MG Oral Tablet,stopped,order,,2019-12-04T12:18:46+00:00
9fc241d0-7ba0-4da6-9d1a-007f6c544190,a85b31e5-8f0c-480d-9e81-67408608dd7a,1870230,NDA020800 0.3 ML Epinephrine 1 MG/ML Auto-Injector,active,order,,2017-09-27T12:18:46+00:00
a37d9ea8-04bb-40fe-9c69-be1e2b28c2c5,a85b31e5-8f0c-480d-9e81-67408608dd7a,665078,Loratadine 5 MG Chewable Tablet,active,order,,2017-09-27T12:18:46+00:00
5dd37b06-a4b0-48f9-83ed-d08adb75d31a,a85b31e5-8f0c-480d-9e81-67408608dd7a,198405,Ibuprofen 100 MG Oral Tablet,stopped,order,,2020-07-29T12:18:46+00:00
82fc2cb5-acf5-4873-a98e-7d0dd77c99b3,02fe5c57-6ef7-441b-8e1b-6ba103854594,198405,Ibuprofen 100 MG Oral Tablet,stopped,order,,2020-10-03T12:43:16+00:00
2f4faa94-67d4-4c30-ab9d-2b606019774d,02fe5c57-6ef7-441b-8e1b-6ba103854594,308182,Amoxicillin 250 MG Oral Capsule,stopped,order,,2020-10-03T12:43:16+00:00
497e8e7a-d9f3-4d89-a77b-0e53f5b7f932,641f77f3-3580-4a9f-b663-9b2b71ccdc34,313782,Acetaminophen 325 MG Oral Tablet,stopped,order,,2016-08-17T13:35:44+00:00
7218b211-2d5b-4f2b-bdf0-f5316cb7274b,641f77f3-3580-4a9f-b663-9b2b71ccdc34,309097,Cefuroxime 250 MG Oral Tablet,stopped,order,,2012-09-16T13:35:44+00:00
ffe297ee-eff5-4084-af3a-eb6c4d779071,641f77f3-3580-4a9f-b663-9b2b71ccdc34,313782,Acetaminophen 325 MG Oral Tablet,stopped,order,,2012-04-14T13:35:44+00:00
63c9d93b-3a08-4414-980f-8def8c52ec44,641f77f3-3580-4a9f-b663-9b2b71ccdc34,562251,Amoxicillin 250 MG / Clavulanate 125 MG Oral Tablet,stopped,order,,2013-08-28T13:35:44+00:00
a1501923-0ea8-44a6-aca9-75790edb2bb7,641f77f3-3580-4a9f-b663-9b2b71ccdc34,849574,Naproxen sodium 220 MG Oral Tablet,stopped,order,,2012-09-16T13:35:44+00:00
5b098f7d-745c-4ee9-9b62-41e99567298d,911103a3-0657-495c-b170-b2ee6078b5c8,310965,Ibuprofen 200 MG Oral Tablet,stopped,order,,2018-01-17T08:59:56+00:00
36827fea-65a1-4a8a-844e-bbb76753d823,911103a3-0657-495c-b170-b2ee6078b5c8,309097,Cefuroxime 250 MG Oral Tablet,stopped,order,,2020-02-29T08:59:56+00:00
637b8449-af9f-441e-a4ee-ef56efd74bd0,911103a3-0657-495c-b170-b2ee6078b5c8,310965,Ibuprofen 200 MG Oral Tablet,stopped,order,,2020-02-29T08:59:56+00:00
3522f8f1-710c-494a-8bc5-e26ac5918980,911103a3-0657-495c-b170-b2ee6078b5c8,562251,Amoxicillin 250 MG / Clavulanate 125 MG Oral Tablet,stopped,order,,2012-04-06T08:59:56+00:00
d11a6fc8-ca1e-4a87-91e2-6712490272f2,911103a3-0657-495c-b170-b2ee6078b5c8,316049,Hydrochlorothiazide 25 MG,active,order,,1975-12-13T08:59:56+00:00
2fd1dcfc-4c3a-4aa7-8af2-0c2a9095f98f,e0f40fe5-d579-41f7-87f6-6b2f5f6d1e5b,562251,Amoxicillin 250 MG / Clavulanate 125 MG Oral Tablet,stopped,order,,2011-11-20T15:25:25+00:00
50a62237-de3d-43dd-94c3-6d9d1096435a,e0f40fe5-d579-41f7-87f6-6b2f5f6d1e5b,313782,Acetaminophen 325 MG Oral Tablet,stopped,order,,2021-02-21T15:25:25+00:00
2e460869-8330-4779-802b-9f3e82a66962,e0f40fe5-d579-41f7-87f6-6b2f5f6d1e5b,313782,Acetaminophen 325 MG Oral Tablet,stopped,order,,2013-08-17T15:25:25+00:00
9e6be762-a174-411c-825a-a76bd0cfb5bd,e0f40fe5-d579-41f7-87f6-6b2f5f6d1e5b,1049630,diphenhydrAMINE Hydrochloride 25 MG Oral Tablet,active,order,,1953-04-03T15:25:25+00:00
06757bac-18ff-4cfd-8f12-0d55af7aab8a,e0f40fe5-d579-41f7-87f6-6b2f5f6d1e5b,849574,Naproxen sodium 220 MG Oral Tablet,active,order,,2016-02-26T15:25:25+00:00
68dcf19c-4b3d-4402-b5af-c74938a537f3,1d4685c4-e83e-4a73-a8e5-147a4c0b4ed4,705129,Nitroglycerin 0.4 MG/ACTUAT Mucosal Spray,active,order,,1974-12-23T23:11:46+00:00
723a434c-18ff-4b40-8be9-0660ab0613e6,1d4685c4-e83e-4a73-a8e5-147a4c0b4ed4,198031,24hr nicotine transdermal patch,active,order,,1968-01-29T23:11:46+00:00
64eca4df-7a30-44a0-a579-7a68bc4f59b9,1d4685c4-e83e-4a73-a8e5-147a4c0b4ed4,752899,0.25 ML Leuprolide Acetate 30 MG/ML Prefilled Syringe,active,order,,1972-05-09T23:11:46+00:00
8e6eac62-353f-436b-946c-6e8fb8c22859,1d4685c4-e83e-4a73-a8e5-147a4c0b4ed4,1860480,1 ML DOCEtaxel 20 MG/ML Injection,active,order,,1972-05-09T23:11:46+00:00
93b5edf9-a62f-49ff-bd18-1f9eb60fd28c,1d4685c4-e83e-4a73-a8e5-147a4c0b4ed4,106892,"insulin human, isophane 70 UNT/ML / Regular Insulin, Human 30 UNT/ML Injectable Suspension [Humulin]",active,order,,1961-02-13T23:11:46+00:00
5a6f6c91-c3d8-4866-a3c9-ee35f415f80c,1d4685c4-e83e-4a73-a8e5-147a4c0b4ed4,316049,Hydrochlorothiazide 25 MG,active,order,,1957-06-24T23:11:46+00:00
7fc77c9c-de38-42c4-bd30-4a70e487e53e,1d4685c4-e83e-4a73-a8e5-147a4c0b4ed4,849574,Naproxen sodium 220 MG Oral Tablet,active,order,,1958-09-07T23:11:46+00:00
d0a87e86-0595-4643-9768-b8344b45f107,91562621-cc8f-4731-b97d-9ff78bcb055c,849574,Naproxen sodium 220 MG Oral Tablet,active,order,,2021-03-29T03:00:49+00:00
804058ac-2d9b-41bd-af33-e1be77c25a3e,91562621-cc8f-4731-b97d-9ff78bcb055c,562251,Amoxicillin 250 MG / Clavulanate 125 MG Oral Tablet,stopped,order,,2012-11-19T03:00:49+00:00
8192e108-b407-4ec8-b2fe-0efc0b529d5c,7a18395e-05fb-44ad-9481-82774944b537,316672,Simvistatin 10 MG,stopped,order,,2017-07-16T22:37:08+00:00
4b36caee-a412-466d-8537-4ed218ef2a1c,7a18395e-05fb-44ad-9481-82774944b537,316672,Simvistatin 10 MG,stopped,order,,2019-07-16T22:37:08+00:00
3f047845-1abd-470c-a54f-9c8a6b603f4f,7a18395e-05fb-44ad-9481-82774944b537,310325,ferrous sulfate 325 MG Oral Tablet,active,order,,1994-02-20T22:37:08+00:00
4c905e0e-f463-4caf-a2de-ce9ebd21a702,7a18395e-05fb-44ad-9481-82774944b537,313782,Acetaminophen 325 MG Oral Tablet,stopped,order,,2017-09-03T22:37:08+00:00
08f4f40a-01d5-4a5c-9c3a-2c274b9a0b9a,7a18395e-05fb-44ad-9481-82774944b537,748962,Camila 28 Day Pack,stopped,order,,2013-08-18T22:37:08+00:00
5539f2a3-98e8-411e-bb6f-cc30bb060d76,7a18395e-05fb-44ad-9481-82774944b537,316672,Simvistatin 10 MG,active,order,,2020-07-15T22:37:08+00:00
8dcbbecc-e1fe-4e64-86cf-655ca1e8ccea,7a18395e-05fb-44ad-9481-82774944b537,748962,Camila 28 Day Pack,stopped,order,,2011-02-25T22:37:08+00:00
9bf33ffd-0155-4e2b-8c1d-8daf20c0fe11,7a18395e-05fb-44ad-9481-82774944b537,316672,Simvistatin 10 MG,stopped,order,,2018-07-16T22:37:08+00:00
4184c20b-2edc-4a05-afa9-ffdd4d4eec33,7a18395e-05fb-44ad-9481-82774944b537,310965,Ibuprofen 200 MG Oral Tablet,stopped,order,,2017-04-19T22:37:08+00:00
701a58fb-d54a-45aa-b9ee-d396040471b2,7a18395e-05fb-44ad-9481-82774944b537,1043400,Acetaminophen 21.7 MG/ML / Dextromethorphan Hydrobromide 1 MG/ML / doxylamine succinate 0.417 MG/ML Oral Solution,stopped,order,,2014-07-10T22:37:08+00:00
f5e84b43-693b-4444-b0f7-8bac8dee5adb,d67a0cff-8f7e-46f7-bb99-577a6623e59a,310965,Ibuprofen 200 MG Oral Tablet,stopped,order,,2018-12-18T01:23:28+00:00
42e17cff-6f75-4ad4-9007-55a77471a1c8,d67a0cff-8f7e-46f7-bb99-577a6623e59a,849574,Naproxen sodium 220 MG Oral Tablet,stopped,order,,2019-12-13T01:23:28+00:00
6ca8c6db-fbb6-49c8-b619-8464b9d4c523,d67a0cff-8f7e-46f7-bb99-577a6623e59a,849574,Naproxen sodium 220 MG Oral Tablet,stopped,order,,2012-06-24T01:23:28+00:00
02ef1c9d-9ce0-411e-8880-a1483ed211b9,63731047-b5a9-4b05-a14b-8cf6507efc98,313782,Acetaminophen 325 MG Oral Tablet,stopped,order,,2018-10-17T09:21:52+00:00
253498e2-58c7-48cb-817e-92069ecf849a,63731047-b5a9-4b05-a14b-8cf6507efc98,896209,60 ACTUAT Fluticasone propionate 0.25 MG/ACTUAT / salmeterol 0.05 MG/ACTUAT Dry Powder Inhaler,active,order,,1990-07-31T09:21:52+00:00
ccf5bb1f-9528-46a5-b85c-7e89c275e1ef,63731047-b5a9-4b05-a14b-8cf6507efc98,834357,3 ML Amiodarone hydrocholoride 50 MG/ML Prefilled Syringe,stopped,order,,2016-04-26T09:21:52+00:00
3e998989-14e7-4cc1-a0aa-f473f16f2623,63731047-b5a9-4b05-a14b-8cf6507efc98,313782,Acetaminophen 325 MG Oral Tablet,stopped,order,,2016-08-26T09:21:52+00:00
571b2656-13b6-4a1e-b73b-d100cbd4ad46,63731047-b5a9-4b05-a14b-8cf6507efc98,1190795,Atropine Sulfate 1 MG/ML Injectable Solution,stopped,order,,2016-04-26T09:21:52+00:00
39252b18-4357-4b27-b35a-a5239acba982,63731047-b5a9-4b05-a14b-8cf6507efc98,1660014,1 ML Epinephrine 1 MG/ML Injection,stopped,order,,2016-04-26T09:21:52+00:00
fb652c73-44d5-472a-9c05-888035564a9a,63731047-b5a9-4b05-a14b-8cf6507efc98,310965,Ibuprofen 200 MG Oral Tablet,stopped,order,,2018-11-17T09:21:52+00:00
c397f3f2-19f8-4eae-8a97-77fd8f7be215,99852f4e-9d55-4b8a-b399-824bd7929f0c,310965,Ibuprofen 200 MG Oral Tablet,stopped,order,,1977-05-10T21:51:36+00:00
99fddb17-b9d4-45bd-9655-07f04e41100a,99852f4e-9d55-4b8a-b399-824bd7929f0c,243670,Aspirin 81 MG Oral Tablet,stopped,order,,1973-07-09T21:51:36+00:00
96d4e5c1-06d5-4feb-850f-b3f41cd03caf,71304c2e-64b0-4b57-91f6-2c1ff771d72c,310325,ferrous sulfate 325 MG Oral Tablet,active,order,,1988-01-21T18:42:18+00:00
a077068d-785e-4783-ab60-f0e2cf46ce43,71304c2e-64b0-4b57-91f6-2c1ff771d72c,2001499,Vitamin B 12 5 MG/ML Injectable Solution,active,order,,1988-01-21T18:42:18+00:00
fdb155b3-6e36-40ad-9fbf-032aa0cdec84,71304c2e-64b0-4b57-91f6-2c1ff771d72c,860975,24 HR Metformin hydrochloride 500 MG Extended Release Oral Tablet,active,order,,2002-10-03T18:42:18+00:00
7081752f-7302-4f22-bfac-284dd1cfaa5c,fcece34f-2e51-43b5-acb0-361c3472e679,562251,Amoxicillin 250 MG / Clavulanate 125 MG Oral Tablet,stopped,order,,2017-04-05T05:41:52+00:00
ce0186ff-9aa0-4d90-9dd4-c693b9b32ec5,64de554d-c28d-42bd-bd78-74628938a02f,849574,Naproxen sodium 220 MG Oral Tablet,active,order,,2021-01-13T03:48:02+00:00
e109d3ae-c630-4481-9ade-1467dfaf3d84,64de554d-c28d-42bd-bd78-74628938a02f,310325,ferrous sulfate 325 MG Oral Tablet,active,order,,2000-11-09T03:48:02+00:00
5268f60a-47fd-4e04-8ac2-9cf1c1f529d8,64de554d-c28d-42bd-bd78-74628938a02f,313782,Acetaminophen 325 MG Oral Tablet,stopped,order,,2013-09-18T03:48:02+00:00
91b15d9a-2b1b-49f3-9de9-fb6a7ef5f052,64de554d-c28d-42bd-bd78-74628938a02f,313782,Acetaminophen 325 MG Oral Tablet,stopped,order,,2017-09-06T03:48:02+00:00
aecc1bab-a1e4-4fa7-8d43-6df5d9a4b50c,429342a7-e550-482e-8213-f2711cc3eca8,313782,Acetaminophen 325 MG Oral Tablet,stopped,order,,2020-03-12T19:03:13+00:00
bc59c749-f943-4ea9-b864-2920c0a33735,429342a7-e550-482e-8213-f2711cc3eca8,308182,Amoxicillin 250 MG Oral Capsule,stopped,order,,2018-08-01T19:03:13+00:00
b5b01f4a-2a41-469b-a568-21e9e51b55fb,429342a7-e550-482e-8213-f2711cc3eca8,308182,Amoxicillin 250 MG Oral Capsule,stopped,order,,2016-12-27T19:03:13+00:00
aae4e49c-3386-4146-b29f-0ad4049e6baa,429342a7-e550-482e-8213-f2711cc3eca8,282464,Acetaminophen 160 MG Oral Tablet,stopped,order,,2016-12-27T19:03:13+00:00
f159834d-79cd-4b76-9415-bd1d8eb99e56,429342a7-e550-482e-8213-f2711cc3eca8,309097,Cefuroxime 250 MG Oral Tablet,stopped,order,,2020-03-30T19:03:13+00:00
33e97d16-d199-46a3-87fc-4fb68ef0ddc4,429342a7-e550-482e-8213-f2711cc3eca8,198405,Ibuprofen 100 MG Oral Tablet,stopped,order,,2020-03-30T19:03:13+00:00
82f2ab8c-4719-4574-b598-abfefc68b997,429342a7-e550-482e-8213-f2711cc3eca8,198405,Ibuprofen 100 MG Oral Tablet,stopped,order,,2018-08-01T19:03:13+00:00
4fcbc8d7-9b87-4796-97dd-95a835e08394,b9c78609-bca3-4004-a5ed-246e5f3ff229,831533,Errin 28 Day Pack,stopped,order,,2018-06-02T06:37:42+00:00
4574b1ae-b30d-45b3-b5d4-39e1180f8954,b9c78609-bca3-4004-a5ed-246e5f3ff229,316049,Hydrochlorothiazide 25 MG,active,order,,2001-10-31T06:37:42+00:00
561a2b0e-54ee-4dfe-be2b-0e4d9997a057,b9c78609-bca3-4004-a5ed-246e5f3ff229,1367439,NuvaRing 0.12/0.015 MG per 24HR 21 Day Vaginal Ring,stopped,order,,2017-06-07T06:37:42+00:00
04ce2b74-c669-43cf-b89e-76d698fda71f,b9c78609-bca3-4004-a5ed-246e5f3ff229,1000126,1 ML medroxyprogesterone acetate 150 MG/ML Injection,active,order,,2020-08-05T06:37:42+00:00
0405d128-3fcd-4fde-a11f-f9dc2aaf4928,f71747e7-e5dd-4e04-8d0a-0c6bc545c2a4,849574,Naproxen sodium 220 MG Oral Tablet,active,order,,1944-09-10T23:11:46+00:00
86ded8ae-45f4-481a-ad47-c89f5adae684,f71747e7-e5dd-4e04-8d0a-0c6bc545c2a4,705129,Nitroglycerin 0.4 MG/ACTUAT Mucosal Spray,stopped,order,,1978-02-06T23:11:46+00:00
a79106ec-e6ba-4201-9037-c9870cc8d557,f71747e7-e5dd-4e04-8d0a-0c6bc545c2a4,197604,Digoxin 0.125 MG Oral Tablet,active,order,,1976-01-26T23:11:46+00:00
45f1dc67-bc77-4b78-b311-84351d6c65f2,f71747e7-e5dd-4e04-8d0a-0c6bc545c2a4,313782,Acetaminophen 325 MG Oral Tablet,stopped,order,,1975-01-12T23:11:46+00:00
1d159927-961e-47e8-8967-c8c1f58be3be,f71747e7-e5dd-4e04-8d0a-0c6bc545c2a4,316049,Hydrochlorothiazide 25 MG,active,order,,1929-06-17T23:11:46+00:00
c01edc4e-5d91-41d2-9427-fa66b54a33ff,f71747e7-e5dd-4e04-8d0a-0c6bc545c2a4,855332,Warfarin Sodium 5 MG Oral Tablet,active,order,,1976-01-26T23:11:46+00:00
72b1d49e-0d2a-415e-80ff-1b9881c104ba,f71747e7-e5dd-4e04-8d0a-0c6bc545c2a4,310325,ferrous sulfate 325 MG Oral Tablet,active,order,,1958-10-13T23:11:46+00:00
9eed5258-33f8-4598-a8db-4c6022ae5f52,c4d8bbb7-7214-4260-8a67-065f51f0af18,316049,Hydrochlorothiazide 25 MG,active,order,,1969-09-22T07:57:54+00:00
2ecf4cff-730e-4abe-97c3-fc994865faed,c4d8bbb7-7214-4260-8a67-065f51f0af18,197319,Allopurinol 100 MG Oral Tablet,stopped,order,,2020-07-26T07:57:54+00:00
fc5d6d91-1102-4a70-b767-b8eff0313221,c4d8bbb7-7214-4260-8a67-065f51f0af18,858069,Colchicine 0.6 MG [Colcrys],stopped,order,,2020-07-26T07:57:54+00:00
2d903727-1c7b-4b0e-934c-6578399a7ee9,6bb3d38f-ae2e-40cf-a31e-baaea0b8bcc1,316672,Simvistatin 10 MG,stopped,order,,1987-08-16T21:51:36+00:00
b44cbc2b-8e40-4e96-93e3-780cf044be4d,6bb3d38f-ae2e-40cf-a31e-baaea0b8bcc1,316672,Simvistatin 10 MG,stopped,order,,2011-08-10T21:51:36+00:00
105cde45-84e4-46fc-a7c8-061ca68fd9d7,6bb3d38f-ae2e-40cf-a31e-baaea0b8bcc1,316672,Simvistatin 10 MG,stopped,order,,2016-08-08T21:51:36+00:00
d047e19a-96e7-45f6-aa27-84226bd1533b,6bb3d38f-ae2e-40cf-a31e-baaea0b8bcc1,316672,Simvistatin 10 MG,stopped,order,,2006-08-11T21:51:36+00:00
b5656313-a5b6-4c7b-9921-7f1558ad34ec,6bb3d38f-ae2e-40cf-a31e-baaea0b8bcc1,316672,Simvistatin 10 MG,stopped,order,,1983-08-17T21:51:36+00:00
b2b6020f-8e87-4d68-accb-e42f8a270d8f,6bb3d38f-ae2e-40cf-a31e-baaea0b8bcc1,316672,Simvistatin 10 MG,stopped,order,,2004-08-11T21:51:36+00:00
14843bba-54f2-4afb-8c1b-9b138243c859,6bb3d38f-ae2e-40cf-a31e-baaea0b8bcc1,316672,Simvistatin 10 MG,stopped,order,,1998-08-13T21:51:36+00:00
c0704d85-6a7f-4e8d-a274-49c8069c0405,6bb3d38f-ae2e-40cf-a31e-baaea0b8bcc1,316672,Simvistatin 10 MG,stopped,order,,2001-08-12T21:51:36+00:00
253e85df-3663-4daa-a38c-1fb166eb3b17,6bb3d38f-ae2e-40cf-a31e-baaea0b8bcc1,315971,Lasix 40mg,active,order,,2018-07-03T21:51:36+00:00
13d02749-e83d-48cb-a0f2-1c1a1f4ef050,6bb3d38f-ae2e-40cf-a31e-baaea0b8bcc1,316672,Simvistatin 10 MG,stopped,order,,2013-08-09T21:51:36+00:00
22be9ba2-ee50-4969-95a0-1308b1509ad5,6bb3d38f-ae2e-40cf-a31e-baaea0b8bcc1,316672,Simvistatin 10 MG,stopped,order,,2008-08-10T21:51:36+00:00
b0e7d8f7-5fd5-4a13-907d-34bf6a21a049,6bb3d38f-ae2e-40cf-a31e-baaea0b8bcc1,1719286,10 ML Furosemide 10 MG/ML Injection,active,order,,2019-06-28T21:51:36+00:00
0fb7d144-3c52-4684-94fa-b9804da6978d,6bb3d38f-ae2e-40cf-a31e-baaea0b8bcc1,316672,Simvistatin 10 MG,stopped,order,,1988-08-15T21:51:36+00:00
7bd6560a-a824-48d0-bdf8-8d44865f2520,6bb3d38f-ae2e-40cf-a31e-baaea0b8bcc1,316672,Simvistatin 10 MG,stopped,order,,1992-08-14T21:51:36+00:00
fd9d55f7-099b-47f4-a9aa-d6ea20d1f6f9,6bb3d38f-ae2e-40cf-a31e-baaea0b8bcc1,310436,Galantamine 4 MG Oral Tablet,stopped,order,,2015-01-05T21:51:36+00:00
c7b09344-04b4-4af8-9334-4c811f185e90,6bb3d38f-ae2e-40cf-a31e-baaea0b8bcc1,316672,Simvistatin 10 MG,stopped,order,,1989-08-15T21:51:36+00:00
33f7124d-a68f-409d-b1eb-7e11db66f8b3,6bb3d38f-ae2e-40cf-a31e-baaea0b8bcc1,310965,Ibuprofen 200 MG Oral Tablet,stopped,order,,2011-07-17T21:51:36+00:00
3ab253f6-bc98-41f9-82e6-225319d50ac7,6bb3d38f-ae2e-40cf-a31e-baaea0b8bcc1,316672,Simvistatin 10 MG,stopped,order,,1993-08-14T21:51:36+00:00
d8d948cb-81f1-4039-b201-5ceb31abd6ee,6bb3d38f-ae2e-40cf-a31e-baaea0b8bcc1,316672,Simvistatin 10 MG,stopped,order,,1981-08-17T21:51:36+00:00
4686e750-ca49-427b-a419-20df0b2eccae,6bb3d38f-ae2e-40cf-a31e-baaea0b8bcc1,316672,Simvistatin 10 MG,stopped,order,,2009-08-10T21:51:36+00:00
d78d247b-adad-4d2d-965a-18e4f2c73aab,6bb3d38f-ae2e-40cf-a31e-baaea0b8bcc1,316672,Simvistatin 10 MG,stopped,order,,1994-08-14T21:51:36+00:00
7994b0c1-3770-41c6-bd7a-07e75be0063f,6bb3d38f-ae2e-40cf-a31e-baaea0b8bcc1,316672,Simvistatin 10 MG,stopped,order,,1991-08-15T21:51:36+00:00
d0cb23a6-961d-4569-bb65-37e43dfe3f8b,6bb3d38f-ae2e-40cf-a31e-baaea0b8bcc1,316672,Simvistatin 10 MG,stopped,order,,1984-08-16T21:51:36+00:00
95b62585-c5c6-41b5-abc5-8a010bf5f114,6bb3d38f-ae2e-40cf-a31e-baaea0b8bcc1,2001499,Vitamin B 12 5 MG/ML Injectable Solution,active,order,,1957-10-28T21:51:36+00:00
4e2aa82a-5873-4b56-be0b-e1ea0d005956,6bb3d38f-ae2e-40cf-a31e-baaea0b8bcc1,316049,Hydrochlorothiazide 25 MG,active,order,,1942-08-10T21:51:36+00:00
bfe62401-a7a2-4b79-917b-f85dbc0ca555,6bb3d38f-ae2e-40cf-a31e-baaea0b8bcc1,904419,Alendronic acid 10 MG Oral Tablet,active,order,,2004-11-08T21:51:36+00:00
f776823a-69b0-48c2-b924-58cd56f5ac2c,6bb3d38f-ae2e-40cf-a31e-baaea0b8bcc1,316672,Simvistatin 10 MG,stopped,order,,2012-08-09T21:51:36+00:00
54baaff0-30cb-4738-b6b0-a362f8740b61,6bb3d38f-ae2e-40cf-a31e-baaea0b8bcc1,316672,Simvistatin 10 MG,stopped,order,,2010-08-10T21:51:36+00:00
955b3e6b-38d1-4bf5-88ec-7af365c16623,6bb3d38f-ae2e-40cf-a31e-baaea0b8bcc1,857005,Acetaminophen 325 MG / HYDROcodone Bitartrate 7.5 MG Oral Tablet,stopped,order,,2015-08-25T21:51:36+00:00
5ef017c5-98f5-4f23-b82a-255c86242a84,6bb3d38f-ae2e-40cf-a31e-baaea0b8bcc1,316672,Simvistatin 10 MG,stopped,order,,2007-08-11T21:51:36+00:00
48a34deb-c6d4-4ffc-988c-94c69d4115c3,6bb3d38f-ae2e-40cf-a31e-baaea0b8bcc1,316672,Simvistatin 10 MG,stopped,order,,1985-08-16T21:51:36+00:00
aaabc468-caed-4557-80ab-9fa62ab3d5cf,6bb3d38f-ae2e-40cf-a31e-baaea0b8bcc1,996740,Memantine hydrochloride 2 MG/ML Oral Solution,active,order,,2016-08-27T21:51:36+00:00
ed58369f-fb9f-4d4a-ba04-355c88d1a681,6bb3d38f-ae2e-40cf-a31e-baaea0b8bcc1,316672,Simvistatin 10 MG,stopped,order,,2017-08-08T21:51:36+00:00
0d054362-5384-49a9-8d28-f5fcf1199fc0,6bb3d38f-ae2e-40cf-a31e-baaea0b8bcc1,316672,Simvistatin 10 MG,stopped,order,,1982-08-17T21:51:36+00:00
edc906ed-2066-4188-b36f-9fcd8eaee04f,6bb3d38f-ae2e-40cf-a31e-baaea0b8bcc1,316672,Simvistatin 10 MG,stopped,order,,2015-08-09T21:51:36+00:00
b97cf6a8-2990-47d2-9e53-2621a1c663d3,6bb3d38f-ae2e-40cf-a31e-baaea0b8bcc1,316672,Simvistatin 10 MG,stopped,order,,2000-08-12T21:51:36+00:00
911b6b1f-700a-45cb-b861-0025f4d20e44,6bb3d38f-ae2e-40cf-a31e-baaea0b8bcc1,316672,Simvistatin 10 MG,stopped,order,,2003-08-12T21:51:36+00:00
9f70a1d0-ca2b-4f37-b583-4f9cbc03bdb4,6bb3d38f-ae2e-40cf-a31e-baaea0b8bcc1,316672,Simvistatin 10 MG,stopped,order,,2002-08-12T21:51:36+00:00
40e67169-9bcb-47ac-a695-b384a806bd37,6bb3d38f-ae2e-40cf-a31e-baaea0b8bcc1,316672,Simvistatin 10 MG,stopped,order,,1995-08-14T21:51:36+00:00
d20c05f2-e861-4bec-a284-b0661cbc66ff,6bb3d38f-ae2e-40cf-a31e-baaea0b8bcc1,316672,Simvistatin 10 MG,active,order,,2018-08-08T21:51:36+00:00
fbf5c50b-f5ae-4a97-881e-829e305f2d15,6bb3d38f-ae2e-40cf-a31e-baaea0b8bcc1,316672,Simvistatin 10 MG,stopped,order,,1999-08-13T21:51:36+00:00
8acc9854-e1ec-4fe4-b45a-08fc5b7f8e5c,6bb3d38f-ae2e-40cf-a31e-baaea0b8bcc1,316672,Simvistatin 10 MG,stopped,order,,1996-08-13T21:51:36+00:00
3a042e44-f8a9-486f-adb6-86cefaf739be,6bb3d38f-ae2e-40cf-a31e-baaea0b8bcc1,1049221,Acetaminophen 325 MG / oxyCODONE Hydrochloride 5 MG Oral Tablet,stopped,order,,2012-07-11T21:51:36+00:00
269df15e-89f2-490f-aac9-c21cd1ef64a3,6bb3d38f-ae2e-40cf-a31e-baaea0b8bcc1,857005,Acetaminophen 325 MG / HYDROcodone Bitartrate 7.5 MG Oral Tablet,stopped,order,,2011-07-17T21:51:36+00:00
33453742-8cf8-4c5a-a506-4bf2a1c68e52,6bb3d38f-ae2e-40cf-a31e-baaea0b8bcc1,316672,Simvistatin 10 MG,stopped,order,,1986-08-16T21:51:36+00:00
9a32c5f6-4a3c-4bc2-80a6-ed30f6adbf17,6bb3d38f-ae2e-40cf-a31e-baaea0b8bcc1,316672,Simvistatin 10 MG,stopped,order,,1990-08-15T21:51:36+00:00
f819012c-6864-4184-a7c0-30fc95e0b723,6bb3d38f-ae2e-40cf-a31e-baaea0b8bcc1,316672,Simvistatin 10 MG,stopped,order,,2005-08-11T21:51:36+00:00
dfac0c64-1077-40d2-8ec4-dc9d23074b3e,6bb3d38f-ae2e-40cf-a31e-baaea0b8bcc1,866414,24 HR metoprolol succinate 100 MG Extended Release Oral Tablet [Toprol],active,order,,2018-07-03T21:51:36+00:00
01247d26-ba81-4874-95e9-af33b4b281b2,6bb3d38f-ae2e-40cf-a31e-baaea0b8bcc1,313782,Acetaminophen 325 MG Oral Tablet,stopped,order,,2014-07-31T21:51:36+00:00
c7c47471-3cb3-4d85-ab50-1d1551f72f93,6bb3d38f-ae2e-40cf-a31e-baaea0b8bcc1,313782,Acetaminophen 325 MG Oral Tablet,stopped,order,,2012-07-11T21:51:36+00:00
53205f61-1db9-4c3b-88b1-091bdc6271d0,6bb3d38f-ae2e-40cf-a31e-baaea0b8bcc1,316672,Simvistatin 10 MG,stopped,order,,1997-08-13T21:51:36+00:00
b30a381c-0c51-46fc-8007-b20cf9dd5f54,6bb3d38f-ae2e-40cf-a31e-baaea0b8bcc1,313782,Acetaminophen 325 MG Oral Tablet,stopped,order,,2015-08-25T21:51:36+00:00
10f7ea1d-9538-414d-8a6f-760eeaed4dfe,6bb3d38f-ae2e-40cf-a31e-baaea0b8bcc1,316672,Simvistatin 10 MG,stopped,order,,2014-08-09T21:51:36+00:00
f56be270-0ea1-4b05-af4d-b7cf2b151a82,59bc5dbb-1957-47ef-b6b5-25952e6bfdab,834061,Penicillin V Potassium 250 MG Oral Tablet,stopped,order,,2016-03-28T07:00:48+00:00
1d533483-a104-4d9a-b15f-fdf949f9010c,59bc5dbb-1957-47ef-b6b5-25952e6bfdab,849574,Naproxen sodium 220 MG Oral Tablet,stopped,order,,2020-07-14T07:00:48+00:00
677d8377-9da5-4120-a72b-7811b42ceafe,d63abf62-0f84-4649-94d2-052d9363ac00,1091392,Methylphenidate Hydrochloride 20 MG Oral Tablet,stopped,order,,2016-11-15T22:11:24+00:00
316bc806-2d2e-4939-a909-6a84fcacd53b,67cbf090-4ddb-4799-99ff-a28abe2740b1,748962,Camila 28 Day Pack,active,order,,2021-02-06T06:49:25+00:00
365ed49b-38d4-4ada-adba-c90d5ff83e49,67cbf090-4ddb-4799-99ff-a28abe2740b1,757594,Jolivette 28 Day Pack,stopped,order,,2011-03-23T06:49:25+00:00
79a3aa70-0859-484a-a0db-6f0cb34c8392,67cbf090-4ddb-4799-99ff-a28abe2740b1,748962,Camila 28 Day Pack,stopped,order,,2018-02-22T06:49:25+00:00
b7a055e5-4c82-41c2-91d3-52ee86ea4b4a,67cbf090-4ddb-4799-99ff-a28abe2740b1,316049,Hydrochlorothiazide 25 MG,active,order,,2004-07-23T06:49:25+00:00
0b5407a9-81dc-48c9-8a3c-44a723e3cdea,67cbf090-4ddb-4799-99ff-a28abe2740b1,313782,Acetaminophen 325 MG Oral Tablet,stopped,order,,2019-07-30T06:49:25+00:00
4eae6b33-cc9f-4755-9d76-07acdd12edf2,67cbf090-4ddb-4799-99ff-a28abe2740b1,1000126,1 ML medroxyprogesterone acetate 150 MG/ML Injection,stopped,order,,2012-03-17T06:49:25+00:00
f0d2e7f7-72f2-41af-966a-d56a469e8306,67cbf090-4ddb-4799-99ff-a28abe2740b1,807283,Mirena 52 MG Intrauterine System,stopped,order,,2016-02-25T06:49:25+00:00
b01be6fa-616f-4f85-ac97-218893f38e7e,67cbf090-4ddb-4799-99ff-a28abe2740b1,389221,Etonogestrel 68 MG Drug Implant,stopped,order,,2019-02-17T06:49:25+00:00
dcac4ca0-35b5-4c36-9bb3-d6caf345a174,67cbf090-4ddb-4799-99ff-a28abe2740b1,748962,Camila 28 Day Pack,stopped,order,,2008-04-07T06:49:25+00:00
e4d7c2cc-ec77-4b6a-a592-4482d9b049a9,67cbf090-4ddb-4799-99ff-a28abe2740b1,389221,Etonogestrel 68 MG Drug Implant,stopped,order,,2015-03-02T06:49:25+00:00
48fc6f98-14cb-4088-b0e2-76ffb16bedb2,8d1f86a8-3284-43bd-b45e-5931948c97e4,860975,24 HR Metformin hydrochloride 500 MG Extended Release Oral Tablet,active,order,,1999-01-02T16:42:50+00:00
1812e76b-a82e-4c7e-8627-a8ee44e714ea,8d1f86a8-3284-43bd-b45e-5931948c97e4,316049,Hydrochlorothiazide 25 MG,active,order,,1968-05-18T16:42:50+00:00
c2d3436c-3a72-4126-8018-831eafeb99cd,8d1f86a8-3284-43bd-b45e-5931948c97e4,562251,Amoxicillin 250 MG / Clavulanate 125 MG Oral Tablet,stopped,order,,2013-03-22T16:42:50+00:00
34c89aa8-eb52-4324-b52f-8076320db469,8d1f86a8-3284-43bd-b45e-5931948c97e4,849574,Naproxen sodium 220 MG Oral Tablet,active,order,,1988-05-04T16:42:50+00:00
8a79228f-00d2-481d-8cea-a90ba563a301,4e8ed886-fd5f-40bb-8feb-f339b04d853a,308971,Carbamazepine[Tegretol],active,order,,2007-08-20T05:28:45+00:00
3c591164-3002-4b75-82aa-fe47e64bc2f5,4e8ed886-fd5f-40bb-8feb-f339b04d853a,1153378,Clonazepam [Klonopin],active,order,,2007-06-04T05:28:45+00:00
cd438010-8ab7-437f-98c5-b9c35c5a354f,e24537ec-c094-4b68-9fb1-c4a418de84ed,310965,Ibuprofen 200 MG Oral Tablet,stopped,order,,2011-11-13T06:38:28+00:00
b55f5ca2-dc09-4a25-864c-f338937839d9,e62229aa-7327-48d5-bbe8-6b8295de0e55,904419,Alendronic acid 10 MG Oral Tablet,active,order,,2011-03-24T14:50:44+00:00
91e53177-c89f-4dbd-94fd-29224a265a63,e62229aa-7327-48d5-bbe8-6b8295de0e55,857005,Acetaminophen 325 MG / HYDROcodone Bitartrate 7.5 MG Oral Tablet,active,order,,2021-02-12T14:50:44+00:00
8977f9e6-f996-4f10-a31b-828205f5c8f9,e62229aa-7327-48d5-bbe8-6b8295de0e55,1043400,Acetaminophen 21.7 MG/ML / Dextromethorphan Hydrobromide 1 MG/ML / doxylamine succinate 0.417 MG/ML Oral Solution,stopped,order,,2014-10-24T14:50:44+00:00
b5de7839-7bbc-4f5b-9def-510a570cc7b0,e62229aa-7327-48d5-bbe8-6b8295de0e55,310965,Ibuprofen 200 MG Oral Tablet,stopped,order,,2020-02-27T14:50:44+00:00
6426baaa-9e6e-4df5-bfa9-5c2c48dc7ac8,e62229aa-7327-48d5-bbe8-6b8295de0e55,849574,Naproxen sodium 220 MG Oral Tablet,active,order,,2021-02-12T14:50:44+00:00
fa9eaceb-e66a-4a14-95af-ab1c89151d99,b218cee9-019d-47a4-b161-e97c0fd6f736,860975,24 HR Metformin hydrochloride 500 MG Extended Release Oral Tablet,active,order,,2010-12-31T01:17:52+00:00
a699f2cf-0cb5-45bc-af8e-90ed10f7d997,b218cee9-019d-47a4-b161-e97c0fd6f736,316049,Hydrochlorothiazide 25 MG,active,order,,2010-12-31T01:17:52+00:00
9a71c7ba-eeae-4a39-88eb-27ba67f51337,34a17aef-dd20-4eda-bf6c-f121e454616d,562251,Amoxicillin 250 MG / Clavulanate 125 MG Oral Tablet,stopped,order,,1981-03-22T00:41:27+00:00
b47b749e-dc1a-4658-9579-31ecdc1be5fc,34a17aef-dd20-4eda-bf6c-f121e454616d,896209,60 ACTUAT Fluticasone propionate 0.25 MG/ACTUAT / salmeterol 0.05 MG/ACTUAT Dry Powder Inhaler,active,order,,1980-05-04T00:41:27+00:00
42d8269b-5056-45bd-8d6c-c636b2e03a23,ed6a17f3-deb2-4e7a-9548-5d15d2d47c05,1049221,Acetaminophen 325 MG / oxyCODONE Hydrochloride 5 MG Oral Tablet,active,order,,1942-01-08T02:28:09+00:00
d6f5eef8-fc8a-49ad-b16f-fc9cfd5164bd,37d21e26-efbe-46cb-83f5-eb0a7199ced6,313782,Acetaminophen 325 MG Oral Tablet,stopped,order,,2015-11-28T14:22:28+00:00
4f2ab3af-5af3-4a8c-8448-a89cfa11bc62,37d21e26-efbe-46cb-83f5-eb0a7199ced6,1094107,Phenazopyridine hydrochloride 100 MG Oral Tablet,stopped,order,,2017-04-01T14:22:28+00:00
7f092a69-4702-4cfd-b36c-f1f477b06879,37d21e26-efbe-46cb-83f5-eb0a7199ced6,311989,Nitrofurantoin 5 MG/ML Oral Suspension,stopped,order,,2017-04-01T14:22:28+00:00
575c163a-d7be-4427-903a-39aa2ff9656d,beeb8131-bd2f-46e7-aa10-6553343d32ce,316049,Hydrochlorothiazide 25 MG,active,order,,1984-05-17T05:38:17+00:00
987f323b-e7f1-4729-a4fa-f7df0adc6c4f,b93452c9-fb17-4666-909e-b10bb074407b,849574,Naproxen sodium 220 MG Oral Tablet,stopped,order,,2013-06-29T07:45:08+00:00
54fb941e-1a77-4395-8975-c847503ee344,a3d8b846-e2b6-4102-9943-d329a9b06ea8,282464,Acetaminophen 160 MG Oral Tablet,stopped,order,,2019-03-27T04:42:02+00:00
71dee5b8-e742-42ec-8f16-aba05fd4ca40,a3d8b846-e2b6-4102-9943-d329a9b06ea8,313782,Acetaminophen 325 MG Oral Tablet,stopped,order,,2018-04-10T04:42:02+00:00
4aff3cb0-8016-4a2c-ab82-9544408a0cd2,a3d8b846-e2b6-4102-9943-d329a9b06ea8,313782,Acetaminophen 325 MG Oral Tablet,stopped,order,,2013-04-28T04:42:02+00:00
41ac38f1-0a59-49b1-a141-8b54d4c68de3,a3d8b846-e2b6-4102-9943-d329a9b06ea8,308182,Amoxicillin 250 MG Oral Capsule,stopped,order,,2019-03-27T04:42:02+00:00
c07912a8-379f-40fa-9ff2-c31ca31e175c,c0d63c39-42aa-4f2c-9669-fa487d5f6f54,316049,Hydrochlorothiazide 25 MG,active,order,,2016-04-01T17:37:51+00:00
87da5eb4-38d7-48f5-a18b-01ee885721cd,c0d63c39-42aa-4f2c-9669-fa487d5f6f54,1043400,Acetaminophen 21.7 MG/ML / Dextromethorphan Hydrobromide 1 MG/ML / doxylamine succinate 0.417 MG/ML Oral Solution,stopped,order,,2020-06-27T17:37:51+00:00
5652a1b1-60b1-4857-8092-cdc85e4d30ea,c0d63c39-42aa-4f2c-9669-fa487d5f6f54,313782,Acetaminophen 325 MG Oral Tablet,stopped,order,,2012-02-24T17:37:51+00:00
1cac1a24-813c-4bec-a885-05371fe9f6de,7e50540e-d263-4fd4-a2da-b97279871200,316672,Simvistatin 10 MG,stopped,order,,1993-12-14T23:52:38+00:00
f45f09eb-8407-4a81-ac5f-050da39683fb,7e50540e-d263-4fd4-a2da-b97279871200,897718,Verapamil Hydrochloride 40 MG,active,order,,2015-07-26T23:52:38+00:00
8610737c-183c-41b2-a806-3c4c6897cddf,7e50540e-d263-4fd4-a2da-b97279871200,316672,Simvistatin 10 MG,stopped,order,,2006-12-11T23:52:38+00:00
f1d6077c-72df-4993-8213-1ece7f71bddc,7e50540e-d263-4fd4-a2da-b97279871200,316672,Simvistatin 10 MG,stopped,order,,1995-12-14T23:52:38+00:00
89d5c2c9-138f-432a-aacf-4285029ecdb0,7e50540e-d263-4fd4-a2da-b97279871200,316672,Simvistatin 10 MG,stopped,order,,2008-12-10T23:52:38+00:00
a28efc1a-9da5-46e8-a8f0-dfd6ed8bce87,7e50540e-d263-4fd4-a2da-b97279871200,197604,Digoxin 0.125 MG Oral Tablet,active,order,,2015-07-26T23:52:38+00:00
a7aa6dbc-b2e4-4a0c-95ea-21a08b587ce4,7e50540e-d263-4fd4-a2da-b97279871200,316672,Simvistatin 10 MG,stopped,order,,2019-12-08T23:52:38+00:00
47b944d8-2a3d-4b08-ad33-a9a13d3085cd,7e50540e-d263-4fd4-a2da-b97279871200,316672,Simvistatin 10 MG,stopped,order,,2001-12-12T23:52:38+00:00
87546aa8-6abb-4ef9-8714-774311cd2b92,7e50540e-d263-4fd4-a2da-b97279871200,316672,Simvistatin 10 MG,stopped,order,,2012-12-09T23:52:38+00:00
aca7de00-378e-412a-bea3-67c66de676c2,7e50540e-d263-4fd4-a2da-b97279871200,313782,Acetaminophen 325 MG Oral Tablet,stopped,order,,2016-06-24T23:52:38+00:00
69ebba7d-63ef-41e7-9c63-20efc1d9b1da,7e50540e-d263-4fd4-a2da-b97279871200,316672,Simvistatin 10 MG,stopped,order,,2005-12-11T23:52:38+00:00
9ac81856-944f-4887-b4db-d78961e80ac1,7e50540e-d263-4fd4-a2da-b97279871200,316672,Simvistatin 10 MG,stopped,order,,2007-12-11T23:52:38+00:00
0cfaa6d6-bb6a-4103-bbfd-70e25a62fdff,7e50540e-d263-4fd4-a2da-b97279871200,316672,Simvistatin 10 MG,stopped,order,,1996-12-13T23:52:38+00:00
477adefc-ce05-4c59-b7ff-ea25c5fbce8f,7e50540e-d263-4fd4-a2da-b97279871200,316672,Simvistatin 10 MG,stopped,order,,1998-12-13T23:52:38+00:00
2e00ea98-7144-421b-a82a-51befd216a7a,7e50540e-d263-4fd4-a2da-b97279871200,316672,Simvistatin 10 MG,stopped,order,,1994-12-14T23:52:38+00:00
95dbfeea-c195-4b7e-a63b-664b218b7556,7e50540e-d263-4fd4-a2da-b97279871200,316672,Simvistatin 10 MG,stopped,order,,2003-12-12T23:52:38+00:00
b0eca13c-47bb-412e-8fc4-b69fb3ea827e,7e50540e-d263-4fd4-a2da-b97279871200,316672,Simvistatin 10 MG,stopped,order,,2018-12-08T23:52:38+00:00
038e55ee-cdbf-4597-b96e-3cc17d75250f,7e50540e-d263-4fd4-a2da-b97279871200,316672,Simvistatin 10 MG,stopped,order,,1997-12-13T23:52:38+00:00
2f9a2ae0-e6ec-4687-ab7a-91536e256c89,7e50540e-d263-4fd4-a2da-b97279871200,316672,Simvistatin 10 MG,stopped,order,,2009-12-10T23:52:38+00:00
31e4ca67-e42d-48ab-afec-4abf8f8bd6d5,7e50540e-d263-4fd4-a2da-b97279871200,316672,Simvistatin 10 MG,stopped,order,,2013-12-09T23:52:38+00:00
df686e27-45e0-4e2b-aa44-a0ccd15f2b87,7e50540e-d263-4fd4-a2da-b97279871200,316672,Simvistatin 10 MG,stopped,order,,2016-12-08T23:52:38+00:00
accd46e4-188d-4077-a53c-c1adb94f8fe7,7e50540e-d263-4fd4-a2da-b97279871200,316672,Simvistatin 10 MG,stopped,order,,2011-12-10T23:52:38+00:00
6cf8d3da-c95e-4e2b-865a-f7fa980512fa,7e50540e-d263-4fd4-a2da-b97279871200,316672,Simvistatin 10 MG,active,order,,2020-12-07T23:52:38+00:00
2eae904e-c41c-4fec-a558-83b392aad3a9,7e50540e-d263-4fd4-a2da-b97279871200,316672,Simvistatin 10 MG,stopped,order,,2010-12-10T23:52:38+00:00
c5f2ec0b-4fd5-4b51-802f-ea48ffe91871,7e50540e-d263-4fd4-a2da-b97279871200,316672,Simvistatin 10 MG,stopped,order,,1991-12-15T23:52:38+00:00
04717d13-e8fb-41eb-be1b-90bebbcd3042,7e50540e-d263-4fd4-a2da-b97279871200,855332,Warfarin Sodium 5 MG Oral Tablet,active,order,,2015-07-26T23:52:38+00:00
62d28e1c-e3ef-40e0-830b-c500f8ac2686,7e50540e-d263-4fd4-a2da-b97279871200,313782,Acetaminophen 325 MG Oral Tablet,stopped,order,,2017-12-25T23:52:38+00:00
00d0b818-ee64-4e2a-b6a5-7e42f0ab4d4b,7e50540e-d263-4fd4-a2da-b97279871200,316672,Simvistatin 10 MG,stopped,order,,2015-12-09T23:52:38+00:00
1b977359-e832-42f0-b900-9c827f92524e,7e50540e-d263-4fd4-a2da-b97279871200,316672,Simvistatin 10 MG,stopped,order,,1992-12-14T23:52:38+00:00
7a8561ce-c0f8-4973-8c75-5908153df24a,7e50540e-d263-4fd4-a2da-b97279871200,316672,Simvistatin 10 MG,stopped,order,,2002-12-12T23:52:38+00:00
3cbec0fb-4152-4016-b564-807327fedbb5,7e50540e-d263-4fd4-a2da-b97279871200,834102,Penicillin V Potassium 500 MG Oral Tablet,stopped,order,,2015-11-03T23:52:38+00:00
b5cbde38-2423-4fee-be0f-7e25c65b6e32,7e50540e-d263-4fd4-a2da-b97279871200,316672,Simvistatin 10 MG,stopped,order,,2004-12-11T23:52:38+00:00
80c2f054-788a-4f60-8af0-51f8dbc4ae7a,7e50540e-d263-4fd4-a2da-b97279871200,316672,Simvistatin 10 MG,stopped,order,,2017-12-08T23:52:38+00:00
a4d4378d-a089-473d-9188-c108067bd594,7e50540e-d263-4fd4-a2da-b97279871200,316672,Simvistatin 10 MG,stopped,order,,2014-12-09T23:52:38+00:00
77097163-9ec5-48da-acff-a2fd05b0d749,7e50540e-d263-4fd4-a2da-b97279871200,849574,Naproxen sodium 220 MG Oral Tablet,active,order,,1996-10-05T23:52:38+00:00
4df89d14-f783-41a5-adf6-fc1cba4a27fa,7e50540e-d263-4fd4-a2da-b97279871200,316672,Simvistatin 10 MG,stopped,order,,1999-12-13T23:52:38+00:00
283b8ac8-f7e5-4945-b9a1-f3c941ece6b3,7e50540e-d263-4fd4-a2da-b97279871200,316672,Simvistatin 10 MG,stopped,order,,2000-12-12T23:52:38+00:00
e5cfa231-17c8-4ecf-b169-255e9ce9880d,2a86a2c6-0885-4046-a09d-9d2474d9a493,310965,Ibuprofen 200 MG Oral Tablet,stopped,order,,1978-10-14T23:11:46+00:00
740793b3-03b0-4b70-9f57-3ffb0491f101,2a86a2c6-0885-4046-a09d-9d2474d9a493,313782,Acetaminophen 325 MG Oral Tablet,stopped,order,,1981-03-06T23:11:46+00:00
838eb67e-1cd3-4c33-a7ff-ef3ec366b0a0,2a86a2c6-0885-4046-a09d-9d2474d9a493,861467,Meperidine Hydrochloride 50 MG Oral Tablet,active,order,,1963-03-18T23:11:46+00:00
822fd150-c9ab-4deb-9ac6-daa830b399f3,2a86a2c6-0885-4046-a09d-9d2474d9a493,705129,Nitroglycerin 0.4 MG/ACTUAT Mucosal Spray,stopped,order,,1972-11-27T23:11:46+00:00
d3a7f5ad-c44a-4be4-86dc-80541e8017cc,2a86a2c6-0885-4046-a09d-9d2474d9a493,833036,Captopril 25 MG Oral Tablet,stopped,order,,1984-11-26T23:11:46+00:00
559f5294-7908-4211-b8dd-8286f0fa035a,1fc53917-6bc1-4f87-9008-c91e94f0e188,1043400,Acetaminophen 21.7 MG/ML / Dextromethorphan Hydrobromide 1 MG/ML / doxylamine succinate 0.417 MG/ML Oral Solution,stopped,order,,2012-11-30T13:45:42+00:00
db32bd6b-bc58-4b8b-91ff-538cacb6c48a,1fc53917-6bc1-4f87-9008-c91e94f0e188,316049,Hydrochlorothiazide 25 MG,active,order,,1984-06-01T13:45:42+00:00
3688c10c-bffd-4436-943c-9cd2bc8c1184,1fc53917-6bc1-4f87-9008-c91e94f0e188,849574,Naproxen sodium 220 MG Oral Tablet,stopped,order,,2017-03-27T13:45:42+00:00
fad979ec-684d-4d65-92eb-838710845f3b,9da7d8c2-daef-4722-832e-dcf495d13a4e,316049,Hydrochlorothiazide 25 MG,active,order,,1968-03-07T18:51:00+00:00
ca00f765-41f1-40af-b0b7-5560c794d9ba,9da7d8c2-daef-4722-832e-dcf495d13a4e,834102,Penicillin V Potassium 500 MG Oral Tablet,stopped,order,,2016-11-06T18:51:00+00:00
5ef1f983-a951-48a8-9de8-baf563561e00,1ac8947d-038f-4cc7-81fa-a32e694187e8,860975,24 HR Metformin hydrochloride 500 MG Extended Release Oral Tablet,active,order,,2000-05-08T16:42:48+00:00
b6ce6003-e74c-4911-abe5-7ccc9151c159,1ac8947d-038f-4cc7-81fa-a32e694187e8,2001499,Vitamin B 12 5 MG/ML Injectable Solution,active,order,,1974-07-15T16:42:48+00:00
c568f5a7-eced-4a1b-823b-acb246be0480,1ac8947d-038f-4cc7-81fa-a32e694187e8,896209,60 ACTUAT Fluticasone propionate 0.25 MG/ACTUAT / salmeterol 0.05 MG/ACTUAT Dry Powder Inhaler,active,order,,2008-06-23T16:42:48+00:00
c6bcdb11-8c1c-4ca9-be6a-8b35d7001b56,1ac8947d-038f-4cc7-81fa-a32e694187e8,313782,Acetaminophen 325 MG Oral Tablet,stopped,order,,2012-10-08T16:42:48+00:00
5a5e0112-21b2-4721-9d33-58fbaa4198f0,c20ccf5d-19ac-4dfe-bdc3-3d1d6344facc,313782,Acetaminophen 325 MG Oral Tablet,stopped,order,,2012-06-18T07:46:10+00:00
8382e7d4-5a0f-486e-97ba-c755e7bbc2ab,c20ccf5d-19ac-4dfe-bdc3-3d1d6344facc,282464,Acetaminophen 160 MG Oral Tablet,stopped,order,,2018-12-12T07:46:10+00:00
c7a0dd2c-b2dd-454b-a901-4293ef5c95fc,d64b37f5-d3b5-4c25-abe8-23ebe8f5a04e,316672,Simvistatin 10 MG,stopped,order,,1995-09-26T19:08:38+00:00
6d76d9bf-5d5e-4302-bbc5-1c7e2dce2675,d64b37f5-d3b5-4c25-abe8-23ebe8f5a04e,316672,Simvistatin 10 MG,stopped,order,,2012-09-21T19:08:38+00:00
712d15a8-9139-444b-b0e5-ca65b8ae09cd,d64b37f5-d3b5-4c25-abe8-23ebe8f5a04e,316672,Simvistatin 10 MG,stopped,order,,2013-09-21T19:08:38+00:00
9135aef1-affc-411d-ae7b-3db628852b8b,d64b37f5-d3b5-4c25-abe8-23ebe8f5a04e,316672,Simvistatin 10 MG,stopped,order,,2004-09-23T19:08:38+00:00
4fefcb57-0f57-4647-b42a-62677dfa32f5,d64b37f5-d3b5-4c25-abe8-23ebe8f5a04e,316672,Simvistatin 10 MG,stopped,order,,1998-09-25T19:08:38+00:00
d987b50e-b0ef-4c9a-98b4-275d074c85c0,d64b37f5-d3b5-4c25-abe8-23ebe8f5a04e,316672,Simvistatin 10 MG,stopped,order,,2018-09-20T19:08:38+00:00
79e32f7b-8ece-4f65-8e4d-9bf48af4d720,d64b37f5-d3b5-4c25-abe8-23ebe8f5a04e,316672,Simvistatin 10 MG,stopped,order,,2017-09-20T19:08:38+00:00
e88499ef-5df7-430c-80f9-338cf6e34bcb,d64b37f5-d3b5-4c25-abe8-23ebe8f5a04e,316672,Simvistatin 10 MG,stopped,order,,2000-09-24T19:08:38+00:00
296d83dd-7067-404e-bbf6-2751ce759b10,d64b37f5-d3b5-4c25-abe8-23ebe8f5a04e,310436,Galantamine 4 MG Oral Tablet,stopped,order,,2017-01-03T19:08:38+00:00
efaed096-0e61-486c-a61a-0aa148baa3f9,d64b37f5-d3b5-4c25-abe8-23ebe8f5a04e,316672,Simvistatin 10 MG,stopped,order,,2008-09-22T19:08:38+00:00
4927eddc-ff48-4c87-9dbd-74552d8b6e20,d64b37f5-d3b5-4c25-abe8-23ebe8f5a04e,316672,Simvistatin 10 MG,stopped,order,,1997-09-25T19:08:38+00:00
bc26b436-c468-4ab7-b5d3-ff635aa4b4e9,d64b37f5-d3b5-4c25-abe8-23ebe8f5a04e,316672,Simvistatin 10 MG,stopped,order,,2005-09-23T19:08:38+00:00
e09016ae-26c5-48dc-b948-a959e1762680,d64b37f5-d3b5-4c25-abe8-23ebe8f5a04e,316672,Simvistatin 10 MG,stopped,order,,1999-09-25T19:08:38+00:00
c0d6e157-3cc4-493a-841d-1b44b5d11357,d64b37f5-d3b5-4c25-abe8-23ebe8f5a04e,316672,Simvistatin 10 MG,stopped,order,,2007-09-23T19:08:38+00:00
ea2f320e-95de-4e15-8c94-f94c9e0c9b08,d64b37f5-d3b5-4c25-abe8-23ebe8f5a04e,562251,Amoxicillin 250 MG / Clavulanate 125 MG Oral Tablet,stopped,order,,2017-12-15T19:08:38+00:00
d65696e0-4952-4f97-879c-85f96a2008b7,d64b37f5-d3b5-4c25-abe8-23ebe8f5a04e,316672,Simvistatin 10 MG,stopped,order,,2014-09-21T19:08:38+00:00
9bf86c4b-feec-4184-8653-6572af28f006,d64b37f5-d3b5-4c25-abe8-23ebe8f5a04e,316672,Simvistatin 10 MG,stopped,order,,2001-09-24T19:08:38+00:00
55d79591-5e74-46b3-b968-f312df6c1e6b,d64b37f5-d3b5-4c25-abe8-23ebe8f5a04e,1599803,24 HR Donepezil hydrochloride 10 MG / Memantine hydrochloride 28 MG Extended Release Oral Capsule,active,order,,2018-10-25T19:08:38+00:00
fb1c5f3a-c145-4583-a234-55b1e0047f80,d64b37f5-d3b5-4c25-abe8-23ebe8f5a04e,316672,Simvistatin 10 MG,stopped,order,,2003-09-24T19:08:38+00:00
f5bf806e-07d7-4127-b1ef-d873a30979e7,d64b37f5-d3b5-4c25-abe8-23ebe8f5a04e,316672,Simvistatin 10 MG,stopped,order,,2019-09-20T19:08:38+00:00
18d9d669-f4a1-4b24-a2ec-78c8748fc9e2,d64b37f5-d3b5-4c25-abe8-23ebe8f5a04e,316672,Simvistatin 10 MG,stopped,order,,1996-09-25T19:08:38+00:00
890ff445-164f-4f43-8537-aae7159f256f,d64b37f5-d3b5-4c25-abe8-23ebe8f5a04e,316672,Simvistatin 10 MG,stopped,order,,2006-09-23T19:08:38+00:00
18f8215f-372d-4690-a679-60b5c7222a62,d64b37f5-d3b5-4c25-abe8-23ebe8f5a04e,316672,Simvistatin 10 MG,stopped,order,,2015-09-21T19:08:38+00:00
313b421e-5431-460d-8e2b-e712de55593c,d64b37f5-d3b5-4c25-abe8-23ebe8f5a04e,316672,Simvistatin 10 MG,stopped,order,,2002-09-24T19:08:38+00:00
c0edac79-f922-422b-99ba-fa2518cc56b5,d64b37f5-d3b5-4c25-abe8-23ebe8f5a04e,316672,Simvistatin 10 MG,stopped,order,,2016-09-20T19:08:38+00:00
12320975-4e87-433d-9ff2-4113dc6f9915,d64b37f5-d3b5-4c25-abe8-23ebe8f5a04e,316672,Simvistatin 10 MG,stopped,order,,2009-09-22T19:08:38+00:00
7bc9207c-db5c-4cea-a327-98ee0c522266,d64b37f5-d3b5-4c25-abe8-23ebe8f5a04e,316672,Simvistatin 10 MG,stopped,order,,2011-09-22T19:08:38+00:00
175a9355-ee47-4981-b59c-f763269cea37,d64b37f5-d3b5-4c25-abe8-23ebe8f5a04e,316672,Simvistatin 10 MG,stopped,order,,2010-09-22T19:08:38+00:00
168f5e02-fc74-445f-be69-b94bbb985af4,d64b37f5-d3b5-4c25-abe8-23ebe8f5a04e,316672,Simvistatin 10 MG,active,order,,2020-09-19T19:08:38+00:00
92239fe6-2040-4a03-bc9d-47b0e0c5f2f7,dbf9798e-4b52-4cd9-a9eb-ec36149c859a,757594,Jolivette 28 Day Pack,stopped,order,,2017-02-04T23:59:05+00:00
a8c721d0-0b34-417c-8652-7a41d36645c6,dbf9798e-4b52-4cd9-a9eb-ec36149c859a,831533,Errin 28 Day Pack,stopped,order,,2018-01-30T23:59:05+00:00
018194ed-47a6-4061-955f-9d39b2d42e72,dbf9798e-4b52-4cd9-a9eb-ec36149c859a,757594,Jolivette 28 Day Pack,stopped,order,,2013-02-25T23:59:05+00:00
dfb1c6ad-23cf-480b-bd52-c42768a5598f,dbf9798e-4b52-4cd9-a9eb-ec36149c859a,748962,Camila 28 Day Pack,stopped,order,,2016-02-10T23:59:05+00:00
f90d76ee-64a0-4829-bd4e-8eabde3b0a01,dbf9798e-4b52-4cd9-a9eb-ec36149c859a,316052,Hydrochlorothiazide 6.25 MG,stopped,order,,2010-05-24T23:59:05+00:00
0bb40ec0-b824-470d-a77b-cc2f7a5a9e03,dbf9798e-4b52-4cd9-a9eb-ec36149c859a,831533,Errin 28 Day Pack,stopped,order,,2015-02-15T23:59:05+00:00
80b7705c-f4da-4669-8959-4ccc53719088,dbf9798e-4b52-4cd9-a9eb-ec36149c859a,316049,Hydrochlorothiazide 25 MG,active,order,,2011-05-30T23:59:05+00:00
aca31e30-5280-4bd1-bfb9-2fd72f01e077,963dabe4-84e7-4751-b432-e34bdbdbde05,1870230,NDA020800 0.3 ML Epinephrine 1 MG/ML Auto-Injector,active,order,,1993-03-20T09:25:28+00:00
de22187d-5392-495a-92fb-57737b0fe9c3,963dabe4-84e7-4751-b432-e34bdbdbde05,197378,Astemizole 10 MG Oral Tablet,active,order,,1993-03-20T09:25:28+00:00
6ffb8dd0-076b-43f8-bc65-ef592c3bbc27,963dabe4-84e7-4751-b432-e34bdbdbde05,2001499,Vitamin B 12 5 MG/ML Injectable Solution,active,order,,2010-12-26T09:25:28+00:00
b616a86b-2c84-4d60-9384-7cd9c5661fb3,963dabe4-84e7-4751-b432-e34bdbdbde05,310965,Ibuprofen 200 MG Oral Tablet,stopped,order,,2011-11-06T09:25:28+00:00
c986e594-895a-4084-8f7c-04026d0112d2,6d23a95e-7e18-4201-90ec-9501fa89fbd2,313782,Acetaminophen 325 MG Oral Tablet,stopped,order,,2012-11-15T20:43:11+00:00
f3a4fea5-5cb1-46a8-bc8e-cdabc83d4c5a,6d23a95e-7e18-4201-90ec-9501fa89fbd2,316049,Hydrochlorothiazide 25 MG,active,order,,2000-02-22T20:43:11+00:00
73306154-0462-4384-86cc-4b5a64602ad6,0ac13d55-d566-450a-aea0-f6a71f1ad73b,849574,Naproxen sodium 220 MG Oral Tablet,active,order,,1997-04-07T12:17:10+00:00
a2db663c-cde7-46fc-a61a-8dc5f2c21c8c,0ac13d55-d566-450a-aea0-f6a71f1ad73b,316049,Hydrochlorothiazide 25 MG,active,order,,1967-07-18T12:17:10+00:00
5a894ed8-03e1-44e9-a031-e6f6ddd94047,0ac13d55-d566-450a-aea0-f6a71f1ad73b,1719286,10 ML Furosemide 10 MG/ML Injection,active,order,,2008-11-10T12:17:10+00:00
572c824f-80a8-42ba-a5ad-7267a70c6e24,0ac13d55-d566-450a-aea0-f6a71f1ad73b,315971,Lasix 40mg,active,order,,2008-05-14T12:17:10+00:00
640b791c-828c-4784-b239-2f05324e990a,0ac13d55-d566-450a-aea0-f6a71f1ad73b,866414,24 HR metoprolol succinate 100 MG Extended Release Oral Tablet [Toprol],active,order,,2008-05-14T12:17:10+00:00
5f1e99e6-2c4c-4ea1-8d62-6a68ca516fed,0ac13d55-d566-450a-aea0-f6a71f1ad73b,1049630,diphenhydrAMINE Hydrochloride 25 MG Oral Tablet,active,order,,1954-05-09T12:17:10+00:00
ca815408-f027-4bb1-8543-bf944769c0ac,3ce34794-f9f4-45a0-824e-19760b2f80c8,316049,Hydrochlorothiazide 25 MG,active,order,,1959-10-05T15:24:23+00:00
b9e428ea-4395-4907-88b2-a2ca22917afa,3ce34794-f9f4-45a0-824e-19760b2f80c8,1043400,Acetaminophen 21.7 MG/ML / Dextromethorphan Hydrobromide 1 MG/ML / doxylamine succinate 0.417 MG/ML Oral Solution,stopped,order,,2015-03-25T15:24:23+00:00
2912b1eb-b2fa-4ec5-9a3c-a09d6f0c002d,9a82c90c-ba2d-4b36-a523-ee13e38b8e39,316049,Hydrochlorothiazide 25 MG,active,order,,1970-02-27T04:16:23+00:00
f8c91c6f-49d7-451f-ac20-773c95976b5c,9a82c90c-ba2d-4b36-a523-ee13e38b8e39,316672,Simvistatin 10 MG,stopped,order,,2016-03-18T04:16:23+00:00
b1b90940-1189-44b5-8dbe-103d57271574,9a82c90c-ba2d-4b36-a523-ee13e38b8e39,316672,Simvistatin 10 MG,stopped,order,,2015-03-19T04:16:23+00:00
ddd8f177-9151-47ce-9f29-5b9bd69f90c5,9a82c90c-ba2d-4b36-a523-ee13e38b8e39,857005,Acetaminophen 325 MG / HYDROcodone Bitartrate 7.5 MG Oral Tablet,stopped,order,,2018-09-15T04:16:23+00:00
0c9a11be-e30f-4d2d-83de-c79e0925d995,9a82c90c-ba2d-4b36-a523-ee13e38b8e39,316672,Simvistatin 10 MG,stopped,order,,2009-03-20T04:16:23+00:00
93be6788-3ac5-438f-8b3f-b1a6c242ee50,9a82c90c-ba2d-4b36-a523-ee13e38b8e39,2001499,Vitamin B 12 5 MG/ML Injectable Solution,active,order,,1975-12-05T04:16:23+00:00
52955dc2-cbc8-43fc-a9be-0f0db7ef2420,9a82c90c-ba2d-4b36-a523-ee13e38b8e39,316672,Simvistatin 10 MG,stopped,order,,2018-03-18T04:16:23+00:00
fbbcf4a8-df7c-4eab-83fe-66af59ad6ee6,9a82c90c-ba2d-4b36-a523-ee13e38b8e39,316672,Simvistatin 10 MG,stopped,order,,2019-03-18T04:16:23+00:00
9e16af2c-0fdb-48a4-ac60-00155d2aa2b0,9a82c90c-ba2d-4b36-a523-ee13e38b8e39,316672,Simvistatin 10 MG,stopped,order,,2017-03-18T04:16:23+00:00
6b65e978-d849-482e-bbe9-b17b175e919b,9a82c90c-ba2d-4b36-a523-ee13e38b8e39,316672,Simvistatin 10 MG,stopped,order,,2012-03-19T04:16:23+00:00
e6d8031b-64cb-4833-ada4-cfc18814cf51,9a82c90c-ba2d-4b36-a523-ee13e38b8e39,316672,Simvistatin 10 MG,stopped,order,,2013-03-19T04:16:23+00:00
d62a0864-28c4-49e2-a25e-62305df3607f,9a82c90c-ba2d-4b36-a523-ee13e38b8e39,316672,Simvistatin 10 MG,active,order,,2021-03-17T04:16:23+00:00
5a114394-c4d1-4aea-a736-e1a0b5800c91,9a82c90c-ba2d-4b36-a523-ee13e38b8e39,316672,Simvistatin 10 MG,stopped,order,,2011-03-20T04:16:23+00:00
31e0915d-2cd9-42f8-8732-99fc5b59d2cc,9a82c90c-ba2d-4b36-a523-ee13e38b8e39,313782,Acetaminophen 325 MG Oral Tablet,stopped,order,,2016-10-04T04:16:23+00:00
cbff57d1-2592-4693-b807-dee7b28c5d42,9a82c90c-ba2d-4b36-a523-ee13e38b8e39,316672,Simvistatin 10 MG,stopped,order,,2020-03-17T04:16:23+00:00
0c080576-ab0b-4191-adb3-c4da6fea29fd,9a82c90c-ba2d-4b36-a523-ee13e38b8e39,316672,Simvistatin 10 MG,stopped,order,,2010-03-20T04:16:23+00:00
8242c9f5-6c04-484c-ac3e-a4b90da17d5b,9a82c90c-ba2d-4b36-a523-ee13e38b8e39,316672,Simvistatin 10 MG,stopped,order,,2014-03-19T04:16:23+00:00
eb2c305a-e979-46d5-be67-7a823fad3c9f,9a82c90c-ba2d-4b36-a523-ee13e38b8e39,849574,Naproxen sodium 220 MG Oral Tablet,stopped,order,,2018-09-15T04:16:23+00:00
659a43e1-414c-4f3e-acf0-0dc9f4933c28,6bb97c2b-8762-4763-ad16-2d88db590b74,562251,Amoxicillin 250 MG / Clavulanate 125 MG Oral Tablet,stopped,order,,2020-03-14T10:09:19+00:00
68b101bb-74d8-4347-9411-cf5ca689a017,3eba51ce-4d42-4e70-b1a9-136c6721ea56,313782,Acetaminophen 325 MG Oral Tablet,stopped,order,,2017-06-05T07:21:52+00:00
7bf5b815-6f97-4ba7-9ce0-127b584d7d4c,365d73bb-4e5f-4f7d-8aa0-a5f46289b915,978950,Natazia 28 Day Pack,stopped,order,,2018-02-09T21:04:39+00:00
c24a8fa1-7092-4fa5-8571-66459c29c604,365d73bb-4e5f-4f7d-8aa0-a5f46289b915,313782,Acetaminophen 325 MG Oral Tablet,stopped,order,,2012-09-07T21:04:39+00:00
8a99407c-0b1b-42c9-a005-93323d6c201c,0a616e8d-e5d1-463e-af36-c2a4d4803be5,316672,Simvistatin 10 MG,stopped,order,,2011-05-09T05:25:47+00:00
4543c165-b7fb-4d71-8d2e-708ccb128aed,0a616e8d-e5d1-463e-af36-c2a4d4803be5,316672,Simvistatin 10 MG,stopped,order,,2013-05-08T05:25:47+00:00
82b935b7-1621-41e9-be64-504614fd4bb2,0a616e8d-e5d1-463e-af36-c2a4d4803be5,316672,Simvistatin 10 MG,stopped,order,,2009-05-09T05:25:47+00:00
9ed79f55-eba0-498d-91bb-cf475f7ea01f,0a616e8d-e5d1-463e-af36-c2a4d4803be5,316672,Simvistatin 10 MG,stopped,order,,2000-05-11T05:25:47+00:00
0ccdb240-1f1f-4cc3-af8b-964eb59c5f61,0a616e8d-e5d1-463e-af36-c2a4d4803be5,316672,Simvistatin 10 MG,stopped,order,,2017-05-07T05:25:47+00:00
3c6dd23d-1c9a-4a2f-a57e-10421a64da98,0a616e8d-e5d1-463e-af36-c2a4d4803be5,316672,Simvistatin 10 MG,stopped,order,,2002-05-11T05:25:47+00:00
11adb3be-c2e5-4c00-a294-168d320d27a0,0a616e8d-e5d1-463e-af36-c2a4d4803be5,316672,Simvistatin 10 MG,stopped,order,,2019-05-07T05:25:47+00:00
1373e4e9-1421-4054-ab77-26b69c2cd70a,0a616e8d-e5d1-463e-af36-c2a4d4803be5,316672,Simvistatin 10 MG,stopped,order,,2004-05-10T05:25:47+00:00
7d53aabd-b980-4479-9b28-e4143d492420,0a616e8d-e5d1-463e-af36-c2a4d4803be5,316672,Simvistatin 10 MG,stopped,order,,1998-05-12T05:25:47+00:00
b54da45e-3dad-4958-b145-9fd16e41d232,0a616e8d-e5d1-463e-af36-c2a4d4803be5,316672,Simvistatin 10 MG,stopped,order,,2005-05-10T05:25:47+00:00
3f5c0937-1b63-43ff-8326-eea7fce2b980,0a616e8d-e5d1-463e-af36-c2a4d4803be5,313782,Acetaminophen 325 MG Oral Tablet,stopped,order,,2019-11-02T05:25:47+00:00
abf5532e-64f9-4e81-8c00-5a6cea1886d3,0a616e8d-e5d1-463e-af36-c2a4d4803be5,316672,Simvistatin 10 MG,stopped,order,,1997-05-12T05:25:47+00:00
9ba71469-cf29-4e98-b340-37a0b94bafcd,0a616e8d-e5d1-463e-af36-c2a4d4803be5,313782,Acetaminophen 325 MG Oral Tablet,stopped,order,,2017-03-28T05:25:47+00:00
13ff3b85-3c6d-43e1-907f-c8b4b5d8fbcb,0a616e8d-e5d1-463e-af36-c2a4d4803be5,316672,Simvistatin 10 MG,stopped,order,,2001-05-11T05:25:47+00:00
37f38fba-da5a-492e-96aa-7e3e9299e4c8,0a616e8d-e5d1-463e-af36-c2a4d4803be5,316672,Simvistatin 10 MG,stopped,order,,2016-05-07T05:25:47+00:00
9370dc3e-c925-4316-a9b6-aed77733ccc3,0a616e8d-e5d1-463e-af36-c2a4d4803be5,2001499,Vitamin B 12 5 MG/ML Injectable Solution,active,order,,2000-04-30T05:25:47+00:00
09a78bff-5881-444b-8b28-6790fc5b09ad,0a616e8d-e5d1-463e-af36-c2a4d4803be5,316672,Simvistatin 10 MG,stopped,order,,2018-05-07T05:25:47+00:00
8c1fee8e-5732-42d1-80db-291335ef11ef,0a616e8d-e5d1-463e-af36-c2a4d4803be5,896209,60 ACTUAT Fluticasone propionate 0.25 MG/ACTUAT / salmeterol 0.05 MG/ACTUAT Dry Powder Inhaler,active,order,,2002-05-05T05:25:47+00:00
0095d55a-ce14-49b9-8c74-a5f3adb4c68b,0a616e8d-e5d1-463e-af36-c2a4d4803be5,316672,Simvistatin 10 MG,stopped,order,,2012-05-08T05:25:47+00:00
ad518423-ff72-449d-8543-24b67f24dd11,0a616e8d-e5d1-463e-af36-c2a4d4803be5,316672,Simvistatin 10 MG,stopped,order,,2008-05-09T05:25:47+00:00
0a144c2d-d8d3-4f9b-9fab-235f6f1ddaf4,0a616e8d-e5d1-463e-af36-c2a4d4803be5,316672,Simvistatin 10 MG,stopped,order,,2007-05-10T05:25:47+00:00
ae1baa87-dc96-4655-bc38-9829e819bd9c,0a616e8d-e5d1-463e-af36-c2a4d4803be5,316672,Simvistatin 10 MG,stopped,order,,2010-05-09T05:25:47+00:00
8eb04cac-c101-4459-9864-34c7c831624f,0a616e8d-e5d1-463e-af36-c2a4d4803be5,316672,Simvistatin 10 MG,stopped,order,,2003-05-11T05:25:47+00:00
bb1c35d9-1cfe-4f23-897b-c878702962ec,0a616e8d-e5d1-463e-af36-c2a4d4803be5,316672,Simvistatin 10 MG,active,order,,2020-05-06T05:25:47+00:00
cb2b4a84-21a3-4a24-ba62-49961d1e606c,0a616e8d-e5d1-463e-af36-c2a4d4803be5,316672,Simvistatin 10 MG,stopped,order,,2006-05-10T05:25:47+00:00
a0c8714f-9d5d-4b4e-b9e5-cd6345f99bb6,0a616e8d-e5d1-463e-af36-c2a4d4803be5,316672,Simvistatin 10 MG,stopped,order,,2015-05-08T05:25:47+00:00
6ec3e86e-6699-4462-8764-ebb710b5ecd8,0a616e8d-e5d1-463e-af36-c2a4d4803be5,316672,Simvistatin 10 MG,stopped,order,,1999-05-12T05:25:47+00:00
0ec6dae3-8d68-41bf-8512-ee27e9c4ae55,0a616e8d-e5d1-463e-af36-c2a4d4803be5,316672,Simvistatin 10 MG,stopped,order,,1996-05-12T05:25:47+00:00
1430d12c-34b6-4a3c-9188-8208d346359d,0a616e8d-e5d1-463e-af36-c2a4d4803be5,316672,Simvistatin 10 MG,stopped,order,,2014-05-08T05:25:47+00:00
6c10817a-b5c8-45ca-91cd-6896e5615ee8,f17e9000-364e-466f-9a73-427cbdcead3d,316672,Simvistatin 10 MG,stopped,order,,1988-12-16T19:20:06+00:00
50da1649-6b05-4f12-b269-c1b1cd958f38,f17e9000-364e-466f-9a73-427cbdcead3d,1049221,Acetaminophen 325 MG / Oxycodone Hydrochloride 5 MG Oral Tablet,stopped,order,,1992-11-30T19:20:06+00:00
fe72b63c-37f8-477f-8ae8-b81fbd6f5627,f17e9000-364e-466f-9a73-427cbdcead3d,316672,Simvistatin 10 MG,stopped,order,,1985-12-17T19:20:06+00:00
1c0252dd-3550-4b3c-9f3a-3f40ea951da1,f17e9000-364e-466f-9a73-427cbdcead3d,316672,Simvistatin 10 MG,stopped,order,,1982-12-18T19:20:06+00:00
26b389b2-6327-4a56-91d8-f8d95a309385,f17e9000-364e-466f-9a73-427cbdcead3d,1310197,Acetaminophen 300 MG / HYDROcodone Bitartrate 5 MG [Vicodin],stopped,order,,1992-09-10T19:20:06+00:00
ea5f840e-0b26-456f-b606-23a06b1b2ea6,f17e9000-364e-466f-9a73-427cbdcead3d,1860154,Abuse-Deterrent 12 HR Oxycodone Hydrochloride 15 MG Extended Release Oral Tablet,stopped,order,,1991-12-09T19:20:06+00:00
0909ac5b-c187-46b9-b186-e306673a5ed6,f17e9000-364e-466f-9a73-427cbdcead3d,316672,Simvistatin 10 MG,stopped,order,,1987-12-17T19:20:06+00:00
e36c2772-afc1-43d5-b172-324afc8cc5c6,f17e9000-364e-466f-9a73-427cbdcead3d,315971,Lasix 40mg,active,order,,1990-07-24T19:20:06+00:00
84d543f8-c3c5-4ab5-8a1f-95f349edff16,f17e9000-364e-466f-9a73-427cbdcead3d,1310197,Acetaminophen 300 MG / HYDROcodone Bitartrate 5 MG [Vicodin],stopped,order,,1992-05-01T19:20:06+00:00
1556c15a-9941-45dd-a916-2a74563a2594,f17e9000-364e-466f-9a73-427cbdcead3d,313782,Acetaminophen 325 MG Oral Tablet,stopped,order,,1987-04-26T19:20:06+00:00
1d8147b3-b4ea-4764-82af-f363782d23e3,f17e9000-364e-466f-9a73-427cbdcead3d,1310197,Acetaminophen 300 MG / HYDROcodone Bitartrate 5 MG [Vicodin],stopped,order,,1992-10-24T19:20:06+00:00
c7cf209c-6f6b-44a4-bb30-5e33961b7047,f17e9000-364e-466f-9a73-427cbdcead3d,316672,Simvistatin 10 MG,active,order,,1992-12-15T19:20:06+00:00
6098a28f-f9a9-428f-be64-5d811b627ae9,f17e9000-364e-466f-9a73-427cbdcead3d,316672,Simvistatin 10 MG,stopped,order,,1989-12-16T19:20:06+00:00
6d91439c-0412-42a4-89e9-d50b7461add4,f17e9000-364e-466f-9a73-427cbdcead3d,316672,Simvistatin 10 MG,stopped,order,,1984-12-17T19:20:06+00:00
9474158d-12fd-4014-acdf-c217b43801b4,f17e9000-364e-466f-9a73-427cbdcead3d,1049221,Acetaminophen 325 MG / Oxycodone Hydrochloride 5 MG Oral Tablet,stopped,order,,1992-07-28T19:20:06+00:00
4d58987e-c0f3-4dd3-aac0-5e231d1c1fe2,f17e9000-364e-466f-9a73-427cbdcead3d,316672,Simvistatin 10 MG,stopped,order,,1986-12-17T19:20:06+00:00
f022cc66-f41e-4e05-aec6-664120975b83,f17e9000-364e-466f-9a73-427cbdcead3d,316672,Simvistatin 10 MG,stopped,order,,1991-12-16T19:20:06+00:00
16e2fd81-f78f-4f0d-91e6-3259596b9e57,f17e9000-364e-466f-9a73-427cbdcead3d,316672,Simvistatin 10 MG,stopped,order,,1990-12-16T19:20:06+00:00
08977288-af2b-40e9-af05-8e4cc4c79de4,f17e9000-364e-466f-9a73-427cbdcead3d,316672,Simvistatin 10 MG,stopped,order,,1983-12-18T19:20:06+00:00
7022169a-d247-4e02-889d-6956c4159343,f17e9000-364e-466f-9a73-427cbdcead3d,1049221,Acetaminophen 325 MG / Oxycodone Hydrochloride 5 MG Oral Tablet,stopped,order,,1992-01-22T19:20:06+00:00
df5e3382-be80-4596-97f0-43ffed5f6cc8,f17e9000-364e-466f-9a73-427cbdcead3d,1719286,10 ML Furosemide 10 MG/ML Injection,active,order,,1993-01-09T19:20:06+00:00
e7d7de31-44f6-4699-916f-9a5455e83d36,f17e9000-364e-466f-9a73-427cbdcead3d,866414,24 HR metoprolol succinate 100 MG Extended Release Oral Tablet [Toprol],active,order,,1990-07-24T19:20:06+00:00
71fe654a-ac30-4b08-968b-4f2b177b0bf4,9efca32a-04f9-438a-990c-a287e8b62aac,316049,Hydrochlorothiazide 25 MG,active,order,,1929-01-28T23:11:46+00:00
70a818fd-0d82-4487-9fbc-044f386024de,9efca32a-04f9-438a-990c-a287e8b62aac,1049221,Acetaminophen 325 MG / oxyCODONE Hydrochloride 5 MG Oral Tablet,active,order,,1923-11-10T23:11:46+00:00
c23c129e-77fb-4572-9f80-f511c46bdf46,9efca32a-04f9-438a-990c-a287e8b62aac,860975,24 HR Metformin hydrochloride 500 MG Extended Release Oral Tablet,active,order,,1955-05-02T23:11:46+00:00
8b1055df-a27a-405a-9ece-a922d36d97de,9efca32a-04f9-438a-990c-a287e8b62aac,106892,"insulin human, isophane 70 UNT/ML / Regular Insulin, Human 30 UNT/ML Injectable Suspension [Humulin]",active,order,,1972-09-04T23:11:46+00:00
a09db34b-49e6-424e-b470-0f6481840c1e,dba34946-91c6-464b-b8eb-c02f01e23c4f,309362,Clopidogrel 75 MG Oral Tablet,active,order,,2018-11-18T14:38:07+00:00
8317edfc-3d22-43cd-b595-e64f99e3b3be,dba34946-91c6-464b-b8eb-c02f01e23c4f,197361,Amlodipine 5 MG Oral Tablet,active,order,,2018-11-18T14:38:07+00:00
10af0d91-6eda-4d8d-9858-853bfa4edf3c,dba34946-91c6-464b-b8eb-c02f01e23c4f,705129,Nitroglycerin 0.4 MG/ACTUAT Mucosal Spray,active,order,,2018-11-18T14:38:07+00:00
cc9de23a-ae8b-49c4-a70f-a4b3cf111ae7,dba34946-91c6-464b-b8eb-c02f01e23c4f,562251,Amoxicillin 250 MG / Clavulanate 125 MG Oral Tablet,stopped,order,,2011-05-30T14:38:07+00:00
9e1b6787-6a4a-4a01-a54c-29076cd132a8,dba34946-91c6-464b-b8eb-c02f01e23c4f,312961,Simvastatin 20 MG Oral Tablet,active,order,,2018-11-18T14:38:07+00:00
f7f4abc3-8b3f-486c-bc6b-758b4a98eb1e,8c0f46f4-dd7b-4a5f-bd35-f0f41a2f8882,2001499,Vitamin B 12 5 MG/ML Injectable Solution,active,order,,2012-07-04T21:44:25+00:00
149e8288-c293-4dd6-a9ba-0cf17eacdc76,32cd9fa4-7a32-4de1-bce2-548e37151540,1043400,Acetaminophen 21.7 MG/ML / Dextromethorphan Hydrobromide 1 MG/ML / doxylamine succinate 0.417 MG/ML Oral Solution,stopped,order,,2017-09-14T04:03:34+00:00
eb8bb70f-242e-43c8-b47b-4d4a2f900a66,cd94c5d0-a196-4991-bdcc-6923d6590598,315971,Lasix 40mg,active,order,,2008-06-25T04:57:07+00:00
20456494-2e0b-473f-b462-bbf2024e012b,cd94c5d0-a196-4991-bdcc-6923d6590598,316049,Hydrochlorothiazide 25 MG,active,order,,1955-12-29T04:57:07+00:00
79881207-ed4d-462d-82c5-5a01a10f6243,cd94c5d0-a196-4991-bdcc-6923d6590598,1719286,10 ML Furosemide 10 MG/ML Injection,active,order,,2008-12-22T04:57:07+00:00
4f31d3d4-2d0e-4d66-80e1-c8d46610e425,cd94c5d0-a196-4991-bdcc-6923d6590598,313782,Acetaminophen 325 MG Oral Tablet,stopped,order,,2008-05-14T04:57:07+00:00
7aa8dc3c-0507-4f95-ace7-fab04291d279,cd94c5d0-a196-4991-bdcc-6923d6590598,866414,24 HR metoprolol succinate 100 MG Extended Release Oral Tablet [Toprol],active,order,,2008-06-25T04:57:07+00:00
c79cf417-c6c2-41a2-9e1b-5d028e324caa,b16cc087-d48a-4292-a78c-aba3e85e516e,1870230,NDA020800 0.3 ML Epinephrine 1 MG/ML Auto-Injector,active,order,,1996-10-13T20:15:51+00:00
cc04d2c3-4140-448c-88d6-27fb0aae958c,b16cc087-d48a-4292-a78c-aba3e85e516e,311372,Loratadine 10 MG Oral Tablet,active,order,,1996-10-13T20:15:51+00:00
a1162640-3250-4a04-869e-658d57c4484e,b16cc087-d48a-4292-a78c-aba3e85e516e,106258,Hydrocortisone 10 MG/ML Topical Cream,active,order,,1996-09-29T20:15:51+00:00
68e59b25-2143-407c-8c7b-fc1c94f86fd7,a92edacf-c0ab-4fc4-931f-033a8d4bf314,313782,Acetaminophen 325 MG Oral Tablet,stopped,order,,2020-10-24T10:00:37+00:00
2bba509e-2e9c-4316-8499-e8c0274dcdd4,a92edacf-c0ab-4fc4-931f-033a8d4bf314,749762,Seasonique 91 Day Pack,stopped,order,,2019-09-03T10:00:37+00:00
de7e3f0f-34a6-474a-baf1-8f950d2ff4d1,a92edacf-c0ab-4fc4-931f-033a8d4bf314,1000156,0.65 ML medroxyprogesterone acetate 160 MG/ML Prefilled Syringe,stopped,order,,2014-09-29T10:00:37+00:00
fdf0ac99-7b2a-425d-8b7d-dd5a31f3068f,a92edacf-c0ab-4fc4-931f-033a8d4bf314,313782,Acetaminophen 325 MG Oral Tablet,stopped,order,,2014-05-20T10:00:37+00:00
215398c1-7d49-44f4-9e33-6562c6a4b000,a92edacf-c0ab-4fc4-931f-033a8d4bf314,748856,Yaz 28 Day Pack,stopped,order,,2011-10-15T10:00:37+00:00
f751a936-cecf-4c7b-ae80-8cc5cfdebb46,a92edacf-c0ab-4fc4-931f-033a8d4bf314,749785,Ortho Tri-Cyclen 28 Day Pack,stopped,order,,2010-10-20T10:00:37+00:00
876173df-19ba-4877-be96-df41dbd5d544,a92edacf-c0ab-4fc4-931f-033a8d4bf314,1534809,168 HR Ethinyl Estradiol 0.00146 MG/HR / norelgestromin 0.00625 MG/HR Transdermal System,stopped,order,,2016-09-18T10:00:37+00:00
efc71d82-848e-46e7-8b58-69b2d6fe6735,a92edacf-c0ab-4fc4-931f-033a8d4bf314,978950,Natazia 28 Day Pack,stopped,order,,2012-10-09T10:00:37+00:00
2b95068e-1cd6-4416-8db2-5ac2180a5a14,a539adfd-de8f-4cb5-bd45-a084b89be0e1,308182,Amoxicillin 250 MG Oral Capsule,stopped,order,,2020-04-13T14:05:06+00:00
b865f272-5de1-41c8-993d-9ed245c23116,a539adfd-de8f-4cb5-bd45-a084b89be0e1,313782,Acetaminophen 325 MG Oral Tablet,stopped,order,,2019-09-18T14:05:06+00:00
704358eb-cf5f-4255-bf56-05ba08b757a7,a539adfd-de8f-4cb5-bd45-a084b89be0e1,834061,Penicillin V Potassium 250 MG Oral Tablet,stopped,order,,2021-03-11T14:05:06+00:00
0f9b55bc-e003-4334-857c-8b839e5ebabc,a539adfd-de8f-4cb5-bd45-a084b89be0e1,282464,Acetaminophen 160 MG Oral Tablet,stopped,order,,2020-04-13T14:05:06+00:00
dd1600bb-9e84-4ae5-9e2c-d3befb3d500f,55b33527-6ab6-45b9-b181-25e08e3da8e4,665078,Loratadine 5 MG Chewable Tablet,active,order,,2007-03-23T04:53:43+00:00
6a9a7dcd-596a-48de-b720-60f24d18567a,55b33527-6ab6-45b9-b181-25e08e3da8e4,1870230,NDA020800 0.3 ML Epinephrine 1 MG/ML Auto-Injector,active,order,,2007-03-23T04:53:43+00:00
ddc9b76b-6a03-415c-93f1-80d2bd93036a,55b33527-6ab6-45b9-b181-25e08e3da8e4,849574,Naproxen sodium 220 MG Oral Tablet,stopped,order,,2019-07-30T04:53:43+00:00
3135ebf4-19a0-4547-b34b-f5f160b975bd,55b33527-6ab6-45b9-b181-25e08e3da8e4,198405,Ibuprofen 100 MG Oral Tablet,stopped,order,,2016-11-21T04:53:43+00:00
f7636e04-8196-4552-abea-fc60668d4584,55b33527-6ab6-45b9-b181-25e08e3da8e4,282464,Acetaminophen 160 MG Oral Tablet,stopped,order,,2015-05-01T04:53:43+00:00
2d8c569f-1438-4d2b-946a-7058c9a6ede2,cf5f5ab6-3540-42ec-8c7c-c45f9f11ad2f,316672,Simvistatin 10 MG,stopped,order,,2009-02-27T07:02:12+00:00
05cdb16c-656d-43de-a260-ea67ff7bfe7b,cf5f5ab6-3540-42ec-8c7c-c45f9f11ad2f,316672,Simvistatin 10 MG,stopped,order,,2010-02-27T07:02:12+00:00
faf403be-0651-487a-8943-12614a1c8e19,cf5f5ab6-3540-42ec-8c7c-c45f9f11ad2f,316672,Simvistatin 10 MG,stopped,order,,2013-02-26T07:02:12+00:00
615be8ae-baa3-48e0-b0d8-6cf3e39e4494,cf5f5ab6-3540-42ec-8c7c-c45f9f11ad2f,316672,Simvistatin 10 MG,stopped,order,,2011-02-27T07:02:12+00:00
1fb01992-b31e-458c-a126-1e70816341a2,cf5f5ab6-3540-42ec-8c7c-c45f9f11ad2f,316672,Simvistatin 10 MG,active,order,,2014-02-26T07:02:12+00:00
79a3bbdf-911f-4991-a80e-8640b129f0a1,cf5f5ab6-3540-42ec-8c7c-c45f9f11ad2f,1043400,Acetaminophen 21.7 MG/ML / Dextromethorphan Hydrobromide 1 MG/ML / doxylamine succinate 0.417 MG/ML Oral Solution,stopped,order,,2011-10-06T07:02:12+00:00
c2105afb-dc09-4d68-ba3c-ebf6d68d8496,cf5f5ab6-3540-42ec-8c7c-c45f9f11ad2f,316672,Simvistatin 10 MG,stopped,order,,2012-02-27T07:02:12+00:00
fcebf0a8-4781-4965-94a9-1ed80fab3c9a,bc1fe641-74ad-4eea-9f9b-5df10b94fc97,1043400,Acetaminophen 21.7 MG/ML / Dextromethorphan Hydrobromide 1 MG/ML / doxylamine succinate 0.417 MG/ML Oral Solution,stopped,order,,2014-03-01T05:34:59+00:00
a3da87be-5c26-463c-bacd-88f05b2a3434,9df87ee4-4ade-45c5-8601-910e8ff9db99,996740,Memantine hydrochloride 2 MG/ML Oral Solution,active,order,,2007-05-28T18:38:58+00:00
1fe5efdb-0a39-4f7f-8391-2183d3c67042,9df87ee4-4ade-45c5-8601-910e8ff9db99,197361,Amlodipine 5 MG Oral Tablet,active,order,,1997-10-05T18:38:58+00:00
2e88605b-2066-47c3-b8ec-58934e57a64a,9df87ee4-4ade-45c5-8601-910e8ff9db99,705129,Nitroglycerin 0.4 MG/ACTUAT Mucosal Spray,active,order,,1997-10-05T18:38:58+00:00
d771a6e6-3b15-4ad8-acc8-d766e2d866f9,9df87ee4-4ade-45c5-8601-910e8ff9db99,866414,24 HR metoprolol succinate 100 MG Extended Release Oral Tablet [Toprol],active,order,,2012-06-17T18:38:58+00:00
59635b85-c857-459a-8bdc-a18f4d7f1e16,9df87ee4-4ade-45c5-8601-910e8ff9db99,310436,Galantamine 4 MG Oral Tablet,stopped,order,,2006-07-02T18:38:58+00:00
8a11e320-6be1-4d5d-8125-70f3f0d86627,9df87ee4-4ade-45c5-8601-910e8ff9db99,315971,Lasix 40mg,active,order,,2012-06-17T18:38:58+00:00
a2d157ad-350c-416d-844f-fe2159fa9125,9df87ee4-4ade-45c5-8601-910e8ff9db99,309362,Clopidogrel 75 MG Oral Tablet,active,order,,1999-10-17T18:38:58+00:00
29f356dc-4745-4f21-9207-c16ac395a393,9df87ee4-4ade-45c5-8601-910e8ff9db99,705129,Nitroglycerin 0.4 MG/ACTUAT Mucosal Spray,stopped,order,,1997-03-02T18:38:58+00:00
30029006-c744-4fa4-afba-59a3a8b7ad41,9df87ee4-4ade-45c5-8601-910e8ff9db99,312961,Simvastatin 20 MG Oral Tablet,active,order,,1997-10-05T18:38:58+00:00
bbd17961-752c-4ce9-880f-03645b94db8b,bfe0a5d7-986b-46ed-b355-9ca232c4688e,310965,Ibuprofen 200 MG Oral Tablet,stopped,order,,2019-05-11T09:11:40+00:00
aa3cbd0d-d5a1-4d26-8783-7835d4f4ed7f,bfe0a5d7-986b-46ed-b355-9ca232c4688e,849574,Naproxen sodium 220 MG Oral Tablet,active,order,,1971-04-29T09:11:40+00:00
7843170c-46b1-439e-ac96-ff030e699b2a,4abd4e21-7776-47bd-91c8-36ee607c1398,751905,Trinessa 28 Day Pack,active,order,,2020-11-02T03:17:17+00:00
efd4b7c7-d1b3-42ef-9366-fd9364c36df1,4abd4e21-7776-47bd-91c8-36ee607c1398,748879,Levora 0.15/30 28 Day Pack,stopped,order,,2014-12-04T03:17:17+00:00
8fa3baa6-fffa-4440-95ff-52627f6925ff,4abd4e21-7776-47bd-91c8-36ee607c1398,749785,Ortho Tri-Cyclen 28 Day Pack,stopped,order,,2010-11-14T03:17:17+00:00
ce3ff446-eab7-4077-9cba-ff0670e28640,a6889c6d-6915-4fac-9d2f-fc6c42b3a82e,315971,Lasix 40mg,active,order,,1979-07-27T19:20:06+00:00
66669df3-f21a-4f79-9506-501d34bee987,a6889c6d-6915-4fac-9d2f-fc6c42b3a82e,562251,Amoxicillin 250 MG / Clavulanate 125 MG Oral Tablet,stopped,order,,1978-02-21T19:20:06+00:00
c77a453b-1e83-40d8-89ce-b6c5e231b69b,a6889c6d-6915-4fac-9d2f-fc6c42b3a82e,896209,60 ACTUAT Fluticasone propionate 0.25 MG/ACTUAT / salmeterol 0.05 MG/ACTUAT Dry Powder Inhaler,active,order,,1969-07-26T19:20:06+00:00
921740f6-57c8-4712-9052-a763b94c15fa,a6889c6d-6915-4fac-9d2f-fc6c42b3a82e,849574,Naproxen sodium 220 MG Oral Tablet,active,order,,1963-06-21T19:20:06+00:00
3d17df0d-aad1-482d-a8fa-9a060e113a76,a6889c6d-6915-4fac-9d2f-fc6c42b3a82e,310325,ferrous sulfate 325 MG Oral Tablet,active,order,,1955-07-09T19:20:06+00:00
7625ec13-c090-4a29-9a26-d2c49b3bc8fb,a6889c6d-6915-4fac-9d2f-fc6c42b3a82e,866414,24 HR metoprolol succinate 100 MG Extended Release Oral Tablet [Toprol],active,order,,1979-07-27T19:20:06+00:00
e83d98e8-e69e-4ef8-aa49-99916c6b360d,a6889c6d-6915-4fac-9d2f-fc6c42b3a82e,1719286,10 ML Furosemide 10 MG/ML Injection,active,order,,1980-01-23T19:20:06+00:00
06ca4ad8-c363-4c2e-8bfe-8c0043508525,ba18818d-faef-44cd-9744-b12d8973d402,563026,Diazepam [Valium],active,order,,1959-11-28T02:43:19+00:00
9ee2249b-7d5d-41aa-af7f-e86f6d35d36a,ba18818d-faef-44cd-9744-b12d8973d402,1599803,24 HR Donepezil hydrochloride 10 MG / Memantine hydrochloride 28 MG Extended Release Oral Capsule,active,order,,2021-02-18T02:43:19+00:00
1386d18f-b433-474a-9dd9-db491b268a7a,ba18818d-faef-44cd-9744-b12d8973d402,312961,Simvastatin 20 MG Oral Tablet,active,order,,2013-02-13T02:43:19+00:00
14a078fe-2748-4f93-8692-7ae0704f62f9,ba18818d-faef-44cd-9744-b12d8973d402,310436,Galantamine 4 MG Oral Tablet,stopped,order,,2020-03-25T02:43:19+00:00
8014aee2-41b4-4cac-aab3-c62ef1901d27,ba18818d-faef-44cd-9744-b12d8973d402,316049,Hydrochlorothiazide 25 MG,active,order,,1969-04-09T02:43:19+00:00
5b630e7b-5bac-4976-afb8-933863675724,ba18818d-faef-44cd-9744-b12d8973d402,309362,Clopidogrel 75 MG Oral Tablet,active,order,,2013-02-13T02:43:19+00:00
06adf7b3-6f3f-4092-a1ed-bd5e340ab797,ba18818d-faef-44cd-9744-b12d8973d402,197361,Amlodipine 5 MG Oral Tablet,active,order,,2013-02-13T02:43:19+00:00
6f4e5f65-9dec-4049-be0f-6b5881f3f5ee,ba18818d-faef-44cd-9744-b12d8973d402,705129,Nitroglycerin 0.4 MG/ACTUAT Mucosal Spray,active,order,,2013-02-13T02:43:19+00:00
8aad84a9-de88-4607-adbf-c455a23455f8,d39173c2-7dc5-4a08-aba0-3f14f6b70d94,310325,ferrous sulfate 325 MG Oral Tablet,active,order,,1986-08-19T19:08:38+00:00
668da06f-3730-4b0b-88fa-9571b71bb76a,d39173c2-7dc5-4a08-aba0-3f14f6b70d94,316672,Simvistatin 10 MG,stopped,order,,1999-03-24T19:08:38+00:00
e01cfcb6-68e6-451c-90a5-2d97c13b65bb,d39173c2-7dc5-4a08-aba0-3f14f6b70d94,316672,Simvistatin 10 MG,stopped,order,,2003-03-23T19:08:38+00:00
3b07a221-dbc8-43a5-93b6-e582b929a4fb,d39173c2-7dc5-4a08-aba0-3f14f6b70d94,316672,Simvistatin 10 MG,stopped,order,,2001-03-23T19:08:38+00:00
0dcc5660-1ad9-4768-b499-492926b956d0,d39173c2-7dc5-4a08-aba0-3f14f6b70d94,198031,24hr nicotine transdermal patch,active,order,,1967-10-31T19:08:38+00:00
64db6ead-a682-4d4f-bb72-f5b0df377d18,d39173c2-7dc5-4a08-aba0-3f14f6b70d94,316672,Simvistatin 10 MG,stopped,order,,2000-03-23T19:08:38+00:00
adcb49f0-2f4c-4ccb-8177-ba5b6491ec01,d39173c2-7dc5-4a08-aba0-3f14f6b70d94,562251,Amoxicillin 250 MG / Clavulanate 125 MG Oral Tablet,stopped,order,,2002-04-07T19:08:38+00:00
d5856744-9bb0-4691-a1f7-5830872bb352,d39173c2-7dc5-4a08-aba0-3f14f6b70d94,316672,Simvistatin 10 MG,stopped,order,,2002-03-23T19:08:38+00:00
8e4e60cc-9514-445f-9a7b-8f923e5459b2,d39173c2-7dc5-4a08-aba0-3f14f6b70d94,316672,Simvistatin 10 MG,stopped,order,,1998-03-24T19:08:38+00:00
4ca37f81-2fff-44c6-9658-043392310e2b,d39173c2-7dc5-4a08-aba0-3f14f6b70d94,316672,Simvistatin 10 MG,active,order,,2006-03-22T19:08:38+00:00
7d306419-19aa-4c61-ba76-b9205bf07cbc,d39173c2-7dc5-4a08-aba0-3f14f6b70d94,316672,Simvistatin 10 MG,stopped,order,,2004-03-22T19:08:38+00:00
058f345e-4416-4c62-aafb-1ec8f5585cb5,d39173c2-7dc5-4a08-aba0-3f14f6b70d94,316672,Simvistatin 10 MG,stopped,order,,2005-03-22T19:08:38+00:00
63f2b0df-347f-40ff-9c8f-3787256ef54f,22d7a9b8-7756-4eb7-a95f-6e86e0c93761,705129,Nitroglycerin 0.4 MG/ACTUAT Mucosal Spray,active,order,,2012-07-11T21:19:24+00:00
fc28e091-422f-40b5-a369-d7b8f6357a23,22d7a9b8-7756-4eb7-a95f-6e86e0c93761,309362,Clopidogrel 75 MG Oral Tablet,active,order,,2012-07-11T21:19:24+00:00
98207570-2b9c-4dde-8b4e-68af97d8b83d,22d7a9b8-7756-4eb7-a95f-6e86e0c93761,312961,Simvastatin 20 MG Oral Tablet,active,order,,2012-07-11T21:19:24+00:00
017a3ead-57d7-4ada-8b4e-5b761cda9f9f,22d7a9b8-7756-4eb7-a95f-6e86e0c93761,197361,Amlodipine 5 MG Oral Tablet,active,order,,2012-07-11T21:19:24+00:00
f594642f-f6cc-486c-a97c-a51a5db02693,bf3cb50a-d753-4ddc-ad83-839250edcba9,751905,Trinessa 28 Day Pack,stopped,order,,2016-11-28T18:39:52+00:00
24057f43-c365-4088-ad43-77317bdfd3c1,bf3cb50a-d753-4ddc-ad83-839250edcba9,1870230,NDA020800 0.3 ML Epinephrine 1 MG/ML Auto-Injector,active,order,,2003-01-25T18:39:52+00:00
0fdb7853-e476-4d17-b5e5-ab94ebb1b945,bf3cb50a-d753-4ddc-ad83-839250edcba9,1043400,Acetaminophen 21.7 MG/ML / Dextromethorphan Hydrobromide 1 MG/ML / doxylamine succinate 0.417 MG/ML Oral Solution,stopped,order,,2013-09-05T18:39:52+00:00
7f65a479-d1b0-4913-9ece-6057c7161160,bf3cb50a-d753-4ddc-ad83-839250edcba9,1043400,Acetaminophen 21.7 MG/ML / Dextromethorphan Hydrobromide 1 MG/ML / doxylamine succinate 0.417 MG/ML Oral Solution,stopped,order,,2013-03-29T18:39:52+00:00
3041c5c5-a0bc-4c7e-877b-954dcf7ed612,bf3cb50a-d753-4ddc-ad83-839250edcba9,106258,Hydrocortisone 10 MG/ML Topical Cream,stopped,order,,2014-11-23T18:39:52+00:00
57e627c4-d77f-4c37-8239-f3fca1871334,bf3cb50a-d753-4ddc-ad83-839250edcba9,1043400,Acetaminophen 21.7 MG/ML / Dextromethorphan Hydrobromide 1 MG/ML / doxylamine succinate 0.417 MG/ML Oral Solution,stopped,order,,2016-05-03T18:39:52+00:00
f3cca9e0-86a1-4b3c-809c-3ce63dc21d94,bf3cb50a-d753-4ddc-ad83-839250edcba9,562251,Amoxicillin 250 MG / Clavulanate 125 MG Oral Tablet,stopped,order,,2011-07-26T18:39:52+00:00
f9e430f7-3530-475e-8a63-81e0b2f7dc4e,bf3cb50a-d753-4ddc-ad83-839250edcba9,757594,Jolivette 28 Day Pack,stopped,order,,2019-11-13T18:39:52+00:00
7c3c4e45-b68d-462a-af95-4bb4e015c20d,bf3cb50a-d753-4ddc-ad83-839250edcba9,997488,Fexofenadine hydrochloride 30 MG Oral Tablet,active,order,,2003-01-25T18:39:52+00:00
7e15fa28-f9c1-456a-a6f2-d094d5bc1d8c,616eaeb2-a67a-44e5-a7e6-9bbd85e47c5c,562251,Amoxicillin 250 MG / Clavulanate 125 MG Oral Tablet,stopped,order,,2017-03-28T20:15:35+00:00
6ef08c76-a1b1-4426-a131-bc29208e9e10,616eaeb2-a67a-44e5-a7e6-9bbd85e47c5c,562251,Amoxicillin 250 MG / Clavulanate 125 MG Oral Tablet,stopped,order,,2019-10-26T20:15:35+00:00
c2f2340c-ed13-4539-8516-b415db051684,45a69bf0-7116-4f9f-a1d9-29700439b4a4,997223,Donepezil hydrochloride 10 MG Oral Tablet,stopped,order,,2001-06-13T13:33:52+00:00
91fa06ab-feb2-49e3-a335-55eb07fc46b5,45a69bf0-7116-4f9f-a1d9-29700439b4a4,998582,Donepezil hydrochloride 23 MG [Aricept],active,order,,2002-05-09T13:33:52+00:00
e6a06ae7-94b7-44d9-82a9-1e3192b747ba,45a69bf0-7116-4f9f-a1d9-29700439b4a4,1043400,Acetaminophen 21.7 MG/ML / Dextromethorphan Hydrobromide 1 MG/ML / doxylamine succinate 0.417 MG/ML Oral Solution,stopped,order,,1998-05-02T13:33:52+00:00
1cd1b0ed-9d30-4a17-b7f8-56dfa1caf227,45a69bf0-7116-4f9f-a1d9-29700439b4a4,849574,Naproxen sodium 220 MG Oral Tablet,active,order,,1998-05-19T13:33:52+00:00
a280ff86-34fd-40ef-bb07-d6f08b4eec97,45a69bf0-7116-4f9f-a1d9-29700439b4a4,310965,Ibuprofen 200 MG Oral Tablet,stopped,order,,2007-05-21T13:33:52+00:00
e3877be6-c71e-48fc-96e9-ace6d80c7102,0f49d2d0-59be-4f72-a22b-0a582367b44b,315971,Lasix 40mg,active,order,,2015-10-06T06:58:56+00:00
d5ce438d-f409-4a99-931e-9cdfbbd621f1,0f49d2d0-59be-4f72-a22b-0a582367b44b,1719286,10 ML Furosemide 10 MG/ML Injection,active,order,,2016-04-03T06:58:56+00:00
65463651-32a7-4234-a52f-3f22ae0da1bf,0f49d2d0-59be-4f72-a22b-0a582367b44b,866414,24 HR metoprolol succinate 100 MG Extended Release Oral Tablet [Toprol],active,order,,2015-10-06T06:58:56+00:00
fd2acfe4-c80f-4687-89ac-d6e1348bb727,0f49d2d0-59be-4f72-a22b-0a582367b44b,313782,Acetaminophen 325 MG Oral Tablet,stopped,order,,2008-05-30T06:58:56+00:00
e1e45551-ea23-40f1-9a5a-64dd5684185b,ee9f8dd8-72d2-4769-8020-89e504b1504b,316049,Hydrochlorothiazide 25 MG,active,order,,2006-08-04T20:37:06+00:00
2b980425-eae1-416a-919d-9cb3fcbc11f8,d9427379-943a-42c1-b3d0-6b5056a12696,316049,Hydrochlorothiazide 25 MG,active,order,,1997-07-05T04:14:01+00:00
dafd9905-5aa9-4349-bbf4-92616c2230cb,d9427379-943a-42c1-b3d0-6b5056a12696,313782,Acetaminophen 325 MG Oral Tablet,stopped,order,,2021-02-16T04:14:01+00:00
168865dc-848f-4301-a4b7-d57825a6ad6c,d9427379-943a-42c1-b3d0-6b5056a12696,1870230,NDA020800 0.3 ML Epinephrine 1 MG/ML Auto-Injector,active,order,,1999-05-19T04:14:01+00:00
208ec82f-3679-4dcc-aeb1-7e9b49d7a11e,d9427379-943a-42c1-b3d0-6b5056a12696,106258,Hydrocortisone 10 MG/ML Topical Cream,active,order,,1999-05-05T04:14:01+00:00
b372d4ce-23b8-4d53-b2fb-d4b47692cbc5,d9427379-943a-42c1-b3d0-6b5056a12696,997501,Fexofenadine hydrochloride 60 MG Oral Tablet,active,order,,1999-05-19T04:14:01+00:00
6aef7512-fc74-4ff6-b8a2-27ba9a946671,fc5a70dc-3adf-4e0b-94b6-461f2d8c334f,313782,Acetaminophen 325 MG Oral Tablet,stopped,order,,2013-06-18T19:30:54+00:00
4f0b4a22-5867-4201-8fd4-74c222630d79,fc5a70dc-3adf-4e0b-94b6-461f2d8c334f,198405,Ibuprofen 100 MG Oral Tablet,stopped,order,,2017-01-26T19:30:54+00:00
90ac284d-fc45-454b-b04b-d7f6cbf270a5,4ab63f42-aa13-45cb-86bf-bdec7ea43fd2,757594,Jolivette 28 Day Pack,stopped,order,,2014-03-11T23:44:32+00:00
34e685d1-088f-4d29-bf6f-00c2735f8f9d,4ab63f42-aa13-45cb-86bf-bdec7ea43fd2,748879,Levora 0.15/30 28 Day Pack,stopped,order,,2020-02-08T23:44:32+00:00
e1bd74b2-3678-4e88-89b8-b87ff2b7290a,4ab63f42-aa13-45cb-86bf-bdec7ea43fd2,861467,Meperidine Hydrochloride 50 MG Oral Tablet,stopped,order,,2012-06-07T23:44:32+00:00
13feb4ca-7e22-44a7-8180-43e4698dcf3d,4ab63f42-aa13-45cb-86bf-bdec7ea43fd2,748879,Levora 0.15/30 28 Day Pack,active,order,,2021-02-02T23:44:32+00:00
e5f6fb88-b0b2-4f14-87ed-c93257003fa3,4ab63f42-aa13-45cb-86bf-bdec7ea43fd2,978950,Natazia 28 Day Pack,stopped,order,,2019-02-13T23:44:32+00:00
9d2bf1f9-508e-4ab0-b24f-567f420e63a8,4ab63f42-aa13-45cb-86bf-bdec7ea43fd2,310965,Ibuprofen 200 MG Oral Tablet,stopped,order,,2012-06-07T23:44:32+00:00
3f94828f-3d94-42b5-9431-75a2ab5efe1a,cf842278-01a7-4be1-8830-22d8ba5991b1,1870230,NDA020800 0.3 ML Epinephrine 1 MG/ML Auto-Injector,active,order,,2008-03-08T05:02:05+00:00
106e0f2b-e8b6-46a8-9e6f-fdfa3596def8,cf842278-01a7-4be1-8830-22d8ba5991b1,665078,Loratadine 5 MG Chewable Tablet,active,order,,2008-03-08T05:02:05+00:00
dbe8f0d4-a9e0-4c35-91fc-134e2725310c,cf842278-01a7-4be1-8830-22d8ba5991b1,834061,Penicillin V Potassium 250 MG Oral Tablet,stopped,order,,2014-02-03T05:02:05+00:00
7f4dc2a5-6dc1-4d70-a755-a9891e23ba76,272539c2-e516-4f16-8f47-573923bf9924,665078,Loratadine 5 MG Chewable Tablet,active,order,,2013-09-19T17:53:15+00:00
4ad04477-a070-4ecf-b720-17e90c9aa324,272539c2-e516-4f16-8f47-573923bf9924,1091392,Methylphenidate Hydrochloride 20 MG Oral Tablet,active,order,,2020-11-09T17:53:15+00:00
e6cd7df6-a2ba-404e-a286-cd8f3a826828,272539c2-e516-4f16-8f47-573923bf9924,312617,predniSONE 5 MG Oral Tablet,stopped,order,,2013-09-07T19:53:15+00:00
18c7db08-c5cb-46c2-a6f8-1f5d8955f710,272539c2-e516-4f16-8f47-573923bf9924,282464,Acetaminophen 160 MG Oral Tablet,stopped,order,,2020-07-23T17:53:15+00:00
760b9040-43d6-426a-9501-647039cd41a9,272539c2-e516-4f16-8f47-573923bf9924,562251,Amoxicillin 250 MG / Clavulanate 125 MG Oral Tablet,stopped,order,,2019-09-15T17:53:15+00:00
9ab790ba-f958-4afc-9b3a-c69f37605d93,272539c2-e516-4f16-8f47-573923bf9924,1870230,NDA020800 0.3 ML Epinephrine 1 MG/ML Auto-Injector,active,order,,2013-09-19T17:53:15+00:00
9bd3df00-7a34-47c9-bb5d-94810b7e719b,272539c2-e516-4f16-8f47-573923bf9924,282464,Acetaminophen 160 MG Oral Tablet,stopped,order,,2018-08-12T17:53:15+00:00
07196b20-7c47-47e3-a6f6-bd55e09b8abf,274b7371-cb91-4b85-82a2-eabc4aa77779,562251,Amoxicillin 250 MG / Clavulanate 125 MG Oral Tablet,stopped,order,,2014-12-16T20:33:20+00:00
07d164fa-4136-47fa-bcc0-63690c90b8e0,274b7371-cb91-4b85-82a2-eabc4aa77779,861467,Meperidine Hydrochloride 50 MG Oral Tablet,stopped,order,,2015-11-28T20:33:20+00:00
937fb53b-853d-44d2-a3b5-bc02409f4aee,274b7371-cb91-4b85-82a2-eabc4aa77779,834102,Penicillin V Potassium 500 MG Oral Tablet,stopped,order,,2014-07-08T20:33:20+00:00
63c6f01f-cba3-4176-9128-d531125b1b00,274b7371-cb91-4b85-82a2-eabc4aa77779,834102,Penicillin V Potassium 500 MG Oral Tablet,stopped,order,,2020-01-26T20:33:20+00:00
7c2624b6-da6e-4de6-a6fc-53252e14f52a,274b7371-cb91-4b85-82a2-eabc4aa77779,849574,Naproxen sodium 220 MG Oral Tablet,stopped,order,,2015-11-28T20:33:20+00:00
6651cc59-c6db-4019-bd91-f85f16148207,98ab6aa3-882b-4206-8a91-e9a8dfa69008,311372,Loratadine 10 MG Oral Tablet,active,order,,2001-10-01T13:11:35+00:00
7d2e5c6c-4a84-4f02-a9dc-8f59ee0a6ee1,98ab6aa3-882b-4206-8a91-e9a8dfa69008,834102,Penicillin V Potassium 500 MG Oral Tablet,stopped,order,,2011-12-07T13:11:35+00:00
4e89e4ff-de84-4314-938b-39b903c0b9e0,98ab6aa3-882b-4206-8a91-e9a8dfa69008,849574,Naproxen sodium 220 MG Oral Tablet,stopped,order,,2014-11-01T13:11:35+00:00
36b91410-8c67-444e-89e0-706b04faa1c3,98ab6aa3-882b-4206-8a91-e9a8dfa69008,861467,Meperidine Hydrochloride 50 MG Oral Tablet,stopped,order,,2014-11-01T13:11:35+00:00
381e3bd3-4fbe-4014-a0cf-04a91d90de6a,98ab6aa3-882b-4206-8a91-e9a8dfa69008,1870230,NDA020800 0.3 ML Epinephrine 1 MG/ML Auto-Injector,active,order,,2001-10-01T13:11:35+00:00
08f39203-9b49-4af7-af9d-af4e10a6404a,98ab6aa3-882b-4206-8a91-e9a8dfa69008,106258,Hydrocortisone 10 MG/ML Topical Cream,active,order,,2001-09-20T13:11:35+00:00
ef069fb4-1e4b-454e-9a4c-5583554398cb,98ab6aa3-882b-4206-8a91-e9a8dfa69008,849574,Naproxen sodium 220 MG Oral Tablet,active,order,,2019-09-06T13:11:35+00:00
d9332e96-bd94-4d42-b9a2-90f62f746c0d,53ead9ff-9ae0-432f-a314-017550d0420c,313782,Acetaminophen 325 MG Oral Tablet,stopped,order,,2011-11-03T16:12:57+00:00
3c916c90-778b-429b-81c8-781ebf04b0ae,d809375c-fef0-42fa-8529-603016123ea5,389221,Etonogestrel 68 MG Drug Implant,stopped,order,,2016-05-08T10:07:20+00:00
db66552a-e0c8-4189-b69d-69d752d11a54,d809375c-fef0-42fa-8529-603016123ea5,749762,Seasonique 91 Day Pack,stopped,order,,2019-04-23T10:07:20+00:00
e44d57e2-1ecc-48e9-868f-70de9799873c,d809375c-fef0-42fa-8529-603016123ea5,389221,Etonogestrel 68 MG Drug Implant,stopped,order,,2015-05-14T10:07:20+00:00
915d5e70-2ab4-4805-b8a6-b5463d2fd401,d809375c-fef0-42fa-8529-603016123ea5,748962,Camila 28 Day Pack,stopped,order,,2010-05-17T10:07:20+00:00
b52c188e-6964-4fb6-bdfd-5cc4aa6a47af,d809375c-fef0-42fa-8529-603016123ea5,751905,Trinessa 28 Day Pack,stopped,order,,2014-05-19T10:07:20+00:00
66c0c73a-7ee8-445b-8fa3-d25e104b8cae,d809375c-fef0-42fa-8529-603016123ea5,748856,Yaz 28 Day Pack,stopped,order,,2011-05-12T10:07:20+00:00
2c7e5cbb-d824-436d-92c2-27f8588cb85d,d809375c-fef0-42fa-8529-603016123ea5,1049221,Acetaminophen 325 MG / Oxycodone Hydrochloride 5 MG Oral Tablet,stopped,order,,2013-05-12T10:07:20+00:00
d5637108-b274-434d-9370-3cf84b522d97,d809375c-fef0-42fa-8529-603016123ea5,748856,Yaz 28 Day Pack,stopped,order,,2017-05-03T10:07:20+00:00
bbe1d373-8ff0-4920-a386-d731ed24f6cd,51764196-d9e4-4713-86a5-7bdc6847bd01,312961,Simvastatin 20 MG Oral Tablet,active,order,,1993-06-28T09:28:35+00:00
2cc41fed-32b0-4106-af06-e551525d62ff,51764196-d9e4-4713-86a5-7bdc6847bd01,705129,Nitroglycerin 0.4 MG/ACTUAT Mucosal Spray,stopped,order,,1987-06-22T09:28:35+00:00
7ca4a0ff-f511-458b-9cb6-15c8c663a94a,51764196-d9e4-4713-86a5-7bdc6847bd01,309362,Clopidogrel 75 MG Oral Tablet,active,order,,1999-07-05T09:28:35+00:00
83fd38c5-05e4-4245-9bb8-641ff8b6c41b,51764196-d9e4-4713-86a5-7bdc6847bd01,705129,Nitroglycerin 0.4 MG/ACTUAT Mucosal Spray,active,order,,1999-07-05T09:28:35+00:00
88e368cc-7f97-43e9-9e40-614ae6d0b60b,51764196-d9e4-4713-86a5-7bdc6847bd01,313782,Acetaminophen 325 MG Oral Tablet,stopped,order,,2014-09-28T09:28:35+00:00
2c16fb41-4821-47b0-bc1e-1c975afbb0b0,51764196-d9e4-4713-86a5-7bdc6847bd01,197361,Amlodipine 5 MG Oral Tablet,active,order,,1996-07-01T09:28:35+00:00
a5ac3397-13c4-4fcb-b3c0-c5b14907af89,c931bf62-c468-49f1-9ef7-93ccbc949a87,316049,Hydrochlorothiazide 25 MG,active,order,,1996-10-05T20:32:10+00:00
b0155ef5-bca4-42a6-8798-f919e1c36752,4e9ac5eb-f87d-4c8d-80d0-07d9a01c94d1,310965,Ibuprofen 200 MG Oral Tablet,stopped,order,,2018-06-01T02:42:26+00:00
7dbd3d57-950a-4b7b-8270-789e895ee1e6,d4dd52b4-152b-4748-9abd-6cc91a9e2be1,313782,Acetaminophen 325 MG Oral Tablet,stopped,order,,2012-09-18T16:37:44+00:00
91a3422e-6a90-494f-bbe0-5d5a322bccbf,d4dd52b4-152b-4748-9abd-6cc91a9e2be1,316049,Hydrochlorothiazide 25 MG,active,order,,1992-04-09T16:37:44+00:00
e61fe640-0c5b-446e-b504-e3bb4a52c715,76e3464d-4f85-4cbf-af90-0866063056cc,895994,120 ACTUAT Fluticasone propionate 0.044 MG/ACTUAT Metered Dose Inhaler,active,order,,1981-08-16T16:30:19+00:00
28c0c00a-dd25-40ff-a348-8d91dcf34169,76e3464d-4f85-4cbf-af90-0866063056cc,1043400,Acetaminophen 21.7 MG/ML / Dextromethorphan Hydrobromide 1 MG/ML / doxylamine succinate 0.417 MG/ML Oral Solution,stopped,order,,2012-06-17T16:30:19+00:00
8345c5c4-8d80-4f32-9090-d2c0716c9dfa,76e3464d-4f85-4cbf-af90-0866063056cc,313782,Acetaminophen 325 MG Oral Tablet,stopped,order,,2021-01-12T16:30:19+00:00
2612b54f-d6d2-4e50-8e07-b09606d34c3b,76e3464d-4f85-4cbf-af90-0866063056cc,745679,200 ACTUAT Albuterol 0.09 MG/ACTUAT Metered Dose Inhaler,active,order,,1981-08-16T16:30:19+00:00
ac0a6524-894f-482b-a67a-ffc050a02f5f,76e3464d-4f85-4cbf-af90-0866063056cc,857005,Acetaminophen 325 MG / HYDROcodone Bitartrate 7.5 MG Oral Tablet,stopped,order,,2021-01-12T16:30:19+00:00
ab541588-d3af-4b8e-85a4-7ad3166f5c3b,76e3464d-4f85-4cbf-af90-0866063056cc,1043400,Acetaminophen 21.7 MG/ML / Dextromethorphan Hydrobromide 1 MG/ML / doxylamine succinate 0.417 MG/ML Oral Solution,stopped,order,,2020-06-27T16:30:19+00:00
b2df5932-d9ae-44f2-b902-029b38958efe,76e3464d-4f85-4cbf-af90-0866063056cc,309097,Cefuroxime 250 MG Oral Tablet,stopped,order,,2021-01-12T16:30:19+00:00
cd85335a-8b64-4432-b596-b9361b0c5cd3,f46d1649-8a02-4de8-8cff-f76fae267d3a,834102,Penicillin V Potassium 500 MG Oral Tablet,stopped,order,,2014-03-22T05:19:57+00:00
a63f5752-3bfa-40c0-a21b-8ba9d56e6523,f46d1649-8a02-4de8-8cff-f76fae267d3a,309362,Clopidogrel 75 MG Oral Tablet,stopped,order,,2018-12-24T05:19:57+00:00
3d74586a-1aa8-423f-901d-83159831528e,f46d1649-8a02-4de8-8cff-f76fae267d3a,316049,Hydrochlorothiazide 25 MG,active,order,,1931-03-09T05:19:57+00:00
465cc924-0231-4e75-a0cb-eab66185e8b6,f46d1649-8a02-4de8-8cff-f76fae267d3a,1804799,Alteplase 100 MG Injection,stopped,order,,2020-10-26T05:19:57+00:00
9aefed14-f2e1-4893-8030-7ea91ca6cef7,f46d1649-8a02-4de8-8cff-f76fae267d3a,966222,Levothyroxine Sodium 0.075 MG Oral Tablet,active,order,,1976-01-05T05:19:57+00:00
fd7770c9-3a01-4ef5-bfe1-943756975726,f46d1649-8a02-4de8-8cff-f76fae267d3a,705129,Nitroglycerin 0.4 MG/ACTUAT Mucosal Spray,active,order,,2018-12-24T05:19:57+00:00
3cce32f0-5e16-4cae-9e11-4181c47e305c,f46d1649-8a02-4de8-8cff-f76fae267d3a,197361,Amlodipine 5 MG Oral Tablet,active,order,,2018-12-24T05:19:57+00:00
8dd68e2c-faec-4b45-932c-0838e05d96b6,f46d1649-8a02-4de8-8cff-f76fae267d3a,197604,Digoxin 0.125 MG Oral Tablet,active,order,,1992-12-21T05:19:57+00:00
7f47c640-0029-431f-878e-89604e04b47a,f46d1649-8a02-4de8-8cff-f76fae267d3a,312961,Simvastatin 20 MG Oral Tablet,active,order,,2018-12-24T05:19:57+00:00
70db4270-6b60-46fb-a5a4-126772935a65,f46d1649-8a02-4de8-8cff-f76fae267d3a,309362,Clopidogrel 75 MG Oral Tablet,active,order,,2021-01-04T05:19:57+00:00
0ccf9de0-19d0-4253-8f18-27e1bc42f546,f46d1649-8a02-4de8-8cff-f76fae267d3a,309362,Clopidogrel 75 MG Oral Tablet,stopped,order,,2007-11-19T05:19:57+00:00
4548a081-928c-419e-a221-b701146d6f0c,f46d1649-8a02-4de8-8cff-f76fae267d3a,855332,Warfarin Sodium 5 MG Oral Tablet,active,order,,1992-12-21T05:19:57+00:00
20882572-6cc7-4c1b-b679-dcde5a63b272,f46d1649-8a02-4de8-8cff-f76fae267d3a,897718,Verapamil Hydrochloride 40 MG,active,order,,1992-12-21T05:19:57+00:00
51f7c59f-645e-421d-be3c-010d08824169,f1f26587-7199-4c0f-880d-d9cd0799ac15,313782,Acetaminophen 325 MG Oral Tablet,stopped,order,,2014-06-08T04:47:46+00:00
731bda93-f350-448c-b108-d715d8ce46ad,f1f26587-7199-4c0f-880d-d9cd0799ac15,316049,Hydrochlorothiazide 25 MG,active,order,,2016-07-01T04:47:46+00:00
a7a1dabf-5924-46bd-af42-a80fbcd335d0,3d6cdb4d-8387-4e3d-97ca-f01c30122329,106258,Hydrocortisone 10 MG/ML Topical Cream,stopped,order,,2018-11-14T04:37:16+00:00
1f377352-927c-4b7a-8dcf-64df1618a7c2,3d6cdb4d-8387-4e3d-97ca-f01c30122329,562251,Amoxicillin 250 MG / Clavulanate 125 MG Oral Tablet,stopped,order,,2018-05-07T04:37:16+00:00
205144e1-b663-4d21-84ac-1195fe46ca5c,3d6cdb4d-8387-4e3d-97ca-f01c30122329,106258,Hydrocortisone 10 MG/ML Topical Cream,stopped,order,,2017-09-03T04:37:16+00:00
7c6d916e-5e9e-4ef6-9391-314b4fc97616,3d6cdb4d-8387-4e3d-97ca-f01c30122329,997488,Fexofenadine hydrochloride 30 MG Oral Tablet,active,order,,2008-10-02T04:37:16+00:00
1d6caf23-88a1-4465-8443-0a60b08e80d1,3d6cdb4d-8387-4e3d-97ca-f01c30122329,282464,Acetaminophen 160 MG Oral Tablet,stopped,order,,2012-12-09T04:37:16+00:00
aaff23e6-08c6-44fa-921c-0405c056eb45,3d6cdb4d-8387-4e3d-97ca-f01c30122329,834061,Penicillin V Potassium 250 MG Oral Tablet,stopped,order,,2019-10-26T04:37:16+00:00
4ce6948e-09e4-49d5-a70b-1f6e3f9bdf17,3d6cdb4d-8387-4e3d-97ca-f01c30122329,1870230,NDA020800 0.3 ML Epinephrine 1 MG/ML Auto-Injector,active,order,,2008-10-02T04:37:16+00:00
442a19b9-08f5-4d92-9c3e-e84c7aaa67d4,79c96478-7878-4703-9e94-b999f2bc3295,316049,Hydrochlorothiazide 25 MG,active,order,,1991-10-15T19:47:23+00:00
8b3306ab-cbd0-4503-ae12-2a5ea96d94f6,79c96478-7878-4703-9e94-b999f2bc3295,1049630,diphenhydrAMINE Hydrochloride 25 MG Oral Tablet,active,order,,1977-05-08T19:47:23+00:00
e04b8d7c-f0ad-44aa-8451-9e8fb1a9b49b,79c96478-7878-4703-9e94-b999f2bc3295,834102,Penicillin V Potassium 500 MG Oral Tablet,stopped,order,,2012-07-10T19:47:23+00:00
8c91b025-28fb-4bc1-9b93-36ebf0d81408,79c96478-7878-4703-9e94-b999f2bc3295,849574,Naproxen sodium 220 MG Oral Tablet,active,order,,2010-04-09T19:47:23+00:00
a5e5057c-628e-42d7-870c-45f846492d6c,8a6f7e61-55dc-4dc3-bf12-b3531b690b05,198405,Ibuprofen 100 MG Oral Tablet,stopped,order,,2020-09-22T00:46:35+00:00
973d1649-7ad1-4486-b10a-499fe57cb899,8a6f7e61-55dc-4dc3-bf12-b3531b690b05,198405,Ibuprofen 100 MG Oral Tablet,stopped,order,,2019-01-18T00:46:35+00:00
83b4dd83-d09f-4d04-8391-dfecb364ea5c,8a6f7e61-55dc-4dc3-bf12-b3531b690b05,1870230,NDA020800 0.3 ML Epinephrine 1 MG/ML Auto-Injector,active,order,,2019-10-25T00:46:35+00:00
548a28a8-b8d0-4a85-9824-24576c42e46c,8a6f7e61-55dc-4dc3-bf12-b3531b690b05,282464,Acetaminophen 160 MG Oral Tablet,stopped,order,,2019-04-18T00:46:35+00:00
58e08748-4cef-4acc-add1-0087d554022c,8a6f7e61-55dc-4dc3-bf12-b3531b690b05,997488,Fexofenadine hydrochloride 30 MG Oral Tablet,active,order,,2019-10-25T00:46:35+00:00
c33f7250-c82c-4e9f-b848-c914c1d13e18,8a6f7e61-55dc-4dc3-bf12-b3531b690b05,1043400,Acetaminophen 21.7 MG/ML / Dextromethorphan Hydrobromide 1 MG/ML / doxylamine succinate 0.417 MG/ML Oral Solution,stopped,order,,2020-11-09T00:46:35+00:00
1cbf9fbe-04c9-4af4-b528-ba2375766b0f,8a6f7e61-55dc-4dc3-bf12-b3531b690b05,282464,Acetaminophen 160 MG Oral Tablet,stopped,order,,2021-02-25T00:46:35+00:00
0e21eb39-7b5b-4c69-b89b-27d3d333afe8,8a6f7e61-55dc-4dc3-bf12-b3531b690b05,308182,Amoxicillin 250 MG Oral Capsule,stopped,order,,2020-09-22T00:46:35+00:00
188fff8a-d905-4e87-b184-8c8d676a6af6,f70bdfe3-5925-4ab5-bf9b-6369d2004eeb,705129,Nitroglycerin 0.4 MG/ACTUAT Mucosal Spray,active,order,,1990-11-19T07:21:10+00:00
d24c75b2-25c0-4f4f-90da-4757d842f709,f70bdfe3-5925-4ab5-bf9b-6369d2004eeb,834357,3 ML Amiodarone hydrocholoride 50 MG/ML Prefilled Syringe,stopped,order,,2006-05-08T07:21:10+00:00
9acbbf54-0c6f-4952-b09f-85ad1144cfc9,f70bdfe3-5925-4ab5-bf9b-6369d2004eeb,1190795,Atropine Sulfate 1 MG/ML Injectable Solution,stopped,order,,2006-05-08T07:21:10+00:00
6335500a-cd80-4147-8033-50b22644306d,f70bdfe3-5925-4ab5-bf9b-6369d2004eeb,309362,Clopidogrel 75 MG Oral Tablet,active,order,,1999-11-29T07:21:10+00:00
1de6e7d8-d734-4462-96d3-6c1305256355,f70bdfe3-5925-4ab5-bf9b-6369d2004eeb,312961,Simvastatin 20 MG Oral Tablet,active,order,,1993-11-22T07:21:10+00:00
e21df6e0-b3af-4d7b-9d7a-0ac1209cdad2,f70bdfe3-5925-4ab5-bf9b-6369d2004eeb,197361,Amlodipine 5 MG Oral Tablet,active,order,,1996-11-25T07:21:10+00:00
a465fa1c-5879-4e76-9960-d923b9fa427f,f70bdfe3-5925-4ab5-bf9b-6369d2004eeb,1660014,1 ML Epinephrine 1 MG/ML Injection,stopped,order,,2006-05-08T07:21:10+00:00
2e4db250-1113-4a39-af5f-a4a9535dd06f,2c4e4abf-b81d-4791-9046-7cdff816061f,834102,Penicillin V Potassium 500 MG Oral Tablet,stopped,order,,2013-07-15T09:38:05+00:00
448595e7-fc3c-4a04-bef1-91483b8a4ea8,2c4e4abf-b81d-4791-9046-7cdff816061f,313782,Acetaminophen 325 MG Oral Tablet,stopped,order,,2019-05-05T09:38:05+00:00
f0943ea0-5959-4f7e-8842-003cc7439b9e,f03992c7-caa3-4534-9776-8e83259bb98e,308192,Amoxicillin 500 MG Oral Tablet,stopped,order,,2014-10-18T10:46:22+00:00
bdb18281-2728-4eba-b9d8-12aadd5f90cf,f03992c7-caa3-4534-9776-8e83259bb98e,1367439,NuvaRing 0.12/0.015 MG per 24HR 21 Day Vaginal Ring,stopped,order,,2014-01-19T10:46:22+00:00
ed303580-8496-43f3-bab3-42005e0349fe,f03992c7-caa3-4534-9776-8e83259bb98e,849574,Naproxen sodium 220 MG Oral Tablet,stopped,order,,2014-10-18T10:46:22+00:00
f2eb5563-bf1a-41bd-80c0-66aedfdad9ac,f03992c7-caa3-4534-9776-8e83259bb98e,316049,Hydrochlorothiazide 25 MG,active,order,,1982-07-21T10:46:22+00:00
ab95caa8-f450-47a3-aa81-6e10e377385e,f03992c7-caa3-4534-9776-8e83259bb98e,2001499,Vitamin B 12 5 MG/ML Injectable Solution,active,order,,1984-09-12T10:46:22+00:00
a10bcc22-9b9d-4155-abc1-3706185e0d46,f03992c7-caa3-4534-9776-8e83259bb98e,313782,Acetaminophen 325 MG Oral Tablet,stopped,order,,2015-10-18T10:46:22+00:00
a20b3c69-9152-464b-99bf-a09e32aaa934,f03992c7-caa3-4534-9776-8e83259bb98e,313782,Acetaminophen 325 MG Oral Tablet,stopped,order,,2013-05-28T10:46:22+00:00
796f51e3-1336-47c7-b577-762012c58bca,fdc61ab3-9be9-412c-b470-dfa65cb5e6e6,313782,Acetaminophen 325 MG Oral Tablet,stopped,order,,2018-06-20T04:27:08+00:00
d6d77b38-c002-4429-98b2-c937f2195271,f2012e2f-8631-476e-94a8-57ec2ae01d2e,313782,Acetaminophen 325 MG Oral Tablet,stopped,order,,2015-07-17T03:55:27+00:00
79838522-9846-4535-8b8f-71ce7342dd80,f2012e2f-8631-476e-94a8-57ec2ae01d2e,313782,Acetaminophen 325 MG Oral Tablet,stopped,order,,2019-11-15T03:55:27+00:00
d34309ce-c9ef-4744-84df-8f86eac1aebb,31e064cb-7fff-42ba-b8be-f56531f4eb1f,310965,Ibuprofen 200 MG Oral Tablet,stopped,order,,2013-02-15T20:53:23+00:00
1df4e646-5015-4a79-b866-7ef6f275bdd3,31e064cb-7fff-42ba-b8be-f56531f4eb1f,1049221,Acetaminophen 325 MG / oxyCODONE Hydrochloride 5 MG Oral Tablet,stopped,order,,2013-02-15T20:53:23+00:00
fc9dd29e-6e4f-4f33-974b-ced42ad2f8dd,31e064cb-7fff-42ba-b8be-f56531f4eb1f,849574,Naproxen sodium 220 MG Oral Tablet,active,order,,2021-02-09T20:53:23+00:00
c90c6ef0-f41a-4534-9391-48110ae8b9cc,6d6dfbdb-0a26-45c9-95f3-5c30ae39c2cd,310965,Ibuprofen 200 MG Oral Tablet,stopped,order,,2015-10-05T20:27:04+00:00
af9b3853-4222-4a82-b041-7c49a858f7b6,6d6dfbdb-0a26-45c9-95f3-5c30ae39c2cd,141918,Terfenadine 60 MG Oral Tablet,active,order,,1992-09-14T20:27:04+00:00
2f78ce18-da1d-4607-8f63-dc7c2db2059e,6d6dfbdb-0a26-45c9-95f3-5c30ae39c2cd,316049,Hydrochlorothiazide 25 MG,active,order,,1986-02-08T20:27:04+00:00
40894761-9e7e-4707-9da4-9feaae2386e1,6d6dfbdb-0a26-45c9-95f3-5c30ae39c2cd,106258,Hydrocortisone 10 MG/ML Topical Cream,active,order,,1992-09-04T20:27:04+00:00
9fb0b969-97f4-4fbd-9764-723a17f4ee8a,6d6dfbdb-0a26-45c9-95f3-5c30ae39c2cd,1870230,NDA020800 0.3 ML Epinephrine 1 MG/ML Auto-Injector,active,order,,1992-09-14T20:27:04+00:00
e93b395f-1164-4a9a-a9a9-72c264605590,7e8fa5f4-2b82-42f4-ac84-546a11500bf5,1043400,Acetaminophen 21.7 MG/ML / Dextromethorphan Hydrobromide 1 MG/ML / doxylamine succinate 0.417 MG/ML Oral Solution,stopped,order,,2012-11-19T09:57:58+00:00
6e38e5f9-00dd-450c-acc1-0de47b9dae1a,3f76db0e-4f33-4ded-b815-1500f47618f4,849574,Naproxen sodium 220 MG Oral Tablet,stopped,order,,2020-05-31T00:21:59+00:00
6d9e8ed1-7546-4182-8379-7cddb4ea3d90,a656ed17-26cc-47cb-981e-22207719cc22,310965,Ibuprofen 200 MG Oral Tablet,stopped,order,,2018-12-03T09:13:12+00:00
921e883e-51d6-40c2-8889-10a7f3aa2fe9,a656ed17-26cc-47cb-981e-22207719cc22,313782,Acetaminophen 325 MG Oral Tablet,stopped,order,,2011-04-15T09:13:12+00:00
9414ab95-ef19-42c4-a881-c2cd22bd1f06,a656ed17-26cc-47cb-981e-22207719cc22,861467,Meperidine Hydrochloride 50 MG Oral Tablet,stopped,order,,2018-12-03T09:13:12+00:00
477d491b-bfed-46b2-a61e-5308364f8152,bae2bf00-eca1-47fb-bb43-272f8de1449c,563026,Diazepam [Valium],active,order,,1976-01-16T19:28:31+00:00
73164b12-85ea-4222-ad36-5741b50c98a9,bae2bf00-eca1-47fb-bb43-272f8de1449c,313782,Acetaminophen 325 MG Oral Tablet,stopped,order,,2019-06-16T19:28:31+00:00
2f1253f2-0210-4009-bcdb-136b232d6bb0,bae2bf00-eca1-47fb-bb43-272f8de1449c,477045,Chlorpheniramine Maleate 2 MG/ML Oral Solution,active,order,,1981-02-04T19:28:31+00:00
d312f0a9-cb55-4137-9633-11825be5cc13,bae2bf00-eca1-47fb-bb43-272f8de1449c,849574,Naproxen sodium 220 MG Oral Tablet,active,order,,2021-01-04T19:28:31+00:00
4e20560f-efc4-4b4c-af9f-f29d92f2c0fd,bae2bf00-eca1-47fb-bb43-272f8de1449c,562251,Amoxicillin 250 MG / Clavulanate 125 MG Oral Tablet,stopped,order,,2020-10-05T19:28:31+00:00
d35752af-269b-4e49-8d28-cb03d39b2e6a,ad5f593e-8dc6-41f9-b458-74843e268431,313782,Acetaminophen 325 MG Oral Tablet,stopped,order,,1972-07-11T04:46:42+00:00
455893f2-8433-4db9-b3bc-64afece97f55,ad5f593e-8dc6-41f9-b458-74843e268431,313782,Acetaminophen 325 MG Oral Tablet,stopped,order,,1976-05-06T04:46:42+00:00
1e6da62c-5f2f-4fdf-9538-5ca805b39d00,ad5f593e-8dc6-41f9-b458-74843e268431,313782,Acetaminophen 325 MG Oral Tablet,stopped,order,,1971-08-03T04:46:42+00:00
56a3471f-94c0-41cd-b517-b5122e1ab321,ad5f593e-8dc6-41f9-b458-74843e268431,705129,Nitroglycerin 0.4 MG/ACTUAT Mucosal Spray,stopped,order,,1976-05-18T04:46:42+00:00
7290f59a-e5a8-4d91-8230-102c2986485b,ad5f593e-8dc6-41f9-b458-74843e268431,562251,Amoxicillin 250 MG / Clavulanate 125 MG Oral Tablet,stopped,order,,1973-06-16T04:46:42+00:00
c3b7184a-df5a-4908-bb7e-5f27107ac7a5,ad5f593e-8dc6-41f9-b458-74843e268431,834102,Penicillin V Potassium 500 MG Oral Tablet,stopped,order,,1975-02-20T04:46:42+00:00
c763ceef-8d20-4d53-bea1-8366915f6a33,ad5f593e-8dc6-41f9-b458-74843e268431,834061,Penicillin V Potassium 250 MG Oral Tablet,stopped,order,,1968-12-11T04:46:42+00:00
07f42da8-cb1c-4e08-9595-c3f6cbc3aed4,15e2659f-d069-4b26-8a61-9bd62694d8e0,316672,Simvistatin 10 MG,stopped,order,,1998-05-22T02:10:31+00:00
3b58d8f2-8a9c-4169-9b2b-2571d8e2b7ba,15e2659f-d069-4b26-8a61-9bd62694d8e0,316672,Simvistatin 10 MG,stopped,order,,2003-05-21T02:10:31+00:00
7059064b-9993-4163-b904-5a1cdab7d594,15e2659f-d069-4b26-8a61-9bd62694d8e0,316672,Simvistatin 10 MG,stopped,order,,2002-05-21T02:10:31+00:00
68bc6fe5-e3cc-4127-ada4-0b702c820867,15e2659f-d069-4b26-8a61-9bd62694d8e0,316672,Simvistatin 10 MG,stopped,order,,2001-05-21T02:10:31+00:00
ce51ae0f-e5c1-4ae8-9824-ff0e03686ef8,15e2659f-d069-4b26-8a61-9bd62694d8e0,316672,Simvistatin 10 MG,stopped,order,,2019-05-17T02:10:31+00:00
d5126066-60d5-48dd-8d03-229222187b61,15e2659f-d069-4b26-8a61-9bd62694d8e0,310965,Ibuprofen 200 MG Oral Tablet,stopped,order,,2012-03-05T02:10:31+00:00
3559c157-b5e1-48c1-80a2-e74c18ebb3f3,15e2659f-d069-4b26-8a61-9bd62694d8e0,316672,Simvistatin 10 MG,stopped,order,,2012-05-18T02:10:31+00:00
b208d9df-86d0-4af2-9e8c-c4914e80294b,15e2659f-d069-4b26-8a61-9bd62694d8e0,316672,Simvistatin 10 MG,stopped,order,,2009-05-19T02:10:31+00:00
1fccaa67-b332-4ee6-9142-dbaa226631a5,15e2659f-d069-4b26-8a61-9bd62694d8e0,316672,Simvistatin 10 MG,stopped,order,,2010-05-19T02:10:31+00:00
2b872ad2-f720-4872-867e-d0f0934dbb21,15e2659f-d069-4b26-8a61-9bd62694d8e0,316672,Simvistatin 10 MG,stopped,order,,2008-05-19T02:10:31+00:00
4475d5dd-63e7-4949-946d-dae66d7b20f4,15e2659f-d069-4b26-8a61-9bd62694d8e0,316672,Simvistatin 10 MG,stopped,order,,2000-05-21T02:10:31+00:00
4117e10d-071f-4506-8791-8cc74aeae7af,15e2659f-d069-4b26-8a61-9bd62694d8e0,316672,Simvistatin 10 MG,stopped,order,,2013-05-18T02:10:31+00:00
7a085c89-5b8c-4daa-91fd-a9d0e11ba39e,15e2659f-d069-4b26-8a61-9bd62694d8e0,316672,Simvistatin 10 MG,stopped,order,,2007-05-20T02:10:31+00:00
1470713e-f524-4b7c-b852-72bdf42d1258,15e2659f-d069-4b26-8a61-9bd62694d8e0,316672,Simvistatin 10 MG,stopped,order,,2011-05-19T02:10:31+00:00
140381be-f8a4-4800-a760-283280781fb0,15e2659f-d069-4b26-8a61-9bd62694d8e0,316672,Simvistatin 10 MG,stopped,order,,2004-05-20T02:10:31+00:00
e7203fed-64ee-4c9c-b0c9-a7ea760d2abe,15e2659f-d069-4b26-8a61-9bd62694d8e0,316672,Simvistatin 10 MG,active,order,,2020-05-16T02:10:31+00:00
ca109db8-8563-4b50-baab-89363ccf7c21,15e2659f-d069-4b26-8a61-9bd62694d8e0,316672,Simvistatin 10 MG,stopped,order,,2015-05-18T02:10:31+00:00
d853d88d-879f-4c20-a0f3-33b092d57120,15e2659f-d069-4b26-8a61-9bd62694d8e0,316672,Simvistatin 10 MG,stopped,order,,2018-05-17T02:10:31+00:00
feed8b63-b5d2-46fe-bddf-485dd0c46e34,15e2659f-d069-4b26-8a61-9bd62694d8e0,316672,Simvistatin 10 MG,stopped,order,,2016-05-17T02:10:31+00:00
23b159d1-a432-4cfc-9f0e-64a6be387ac6,15e2659f-d069-4b26-8a61-9bd62694d8e0,316672,Simvistatin 10 MG,stopped,order,,2005-05-20T02:10:31+00:00
df3b2136-8685-4e5c-b8b1-3362ac400126,15e2659f-d069-4b26-8a61-9bd62694d8e0,313782,Acetaminophen 325 MG Oral Tablet,stopped,order,,2017-01-27T02:10:31+00:00
8bc8923f-47d5-4433-8be0-baa5195df281,15e2659f-d069-4b26-8a61-9bd62694d8e0,316672,Simvistatin 10 MG,stopped,order,,1999-05-22T02:10:31+00:00
e62483a1-af7f-499d-8f5f-d4e1ff1b993e,15e2659f-d069-4b26-8a61-9bd62694d8e0,316672,Simvistatin 10 MG,stopped,order,,2014-05-18T02:10:31+00:00
93a88f8c-b24c-430e-b199-26bc8d7f4160,15e2659f-d069-4b26-8a61-9bd62694d8e0,316672,Simvistatin 10 MG,stopped,order,,2017-05-17T02:10:31+00:00
f207fb63-805c-435b-8805-d1e375fd3e39,15e2659f-d069-4b26-8a61-9bd62694d8e0,316672,Simvistatin 10 MG,stopped,order,,2006-05-20T02:10:31+00:00
e138c172-2258-41ad-8be3-0d857f5c4b77,15e2659f-d069-4b26-8a61-9bd62694d8e0,904419,Alendronic acid 10 MG Oral Tablet,active,order,,2012-07-20T02:10:31+00:00
385636d9-0019-492d-936a-783a81e83155,620346f3-d278-44c7-85c1-0d24ab1f7ca3,308182,Amoxicillin 250 MG Oral Capsule,stopped,order,,2017-02-07T02:42:41+00:00
711cc49f-1d25-4c71-aa59-56820dbb80f1,620346f3-d278-44c7-85c1-0d24ab1f7ca3,198405,Ibuprofen 100 MG Oral Tablet,stopped,order,,2017-02-07T02:42:41+00:00
3985006b-4aed-451f-9db1-c035972cba2a,75846ad8-d173-4824-b414-f4d15f0963a3,748856,Yaz 28 Day Pack,stopped,order,,2020-03-26T05:22:30+00:00
cb92b16f-408a-4eb0-874b-3af8650222a4,75846ad8-d173-4824-b414-f4d15f0963a3,1043400,Acetaminophen 21.7 MG/ML / Dextromethorphan Hydrobromide 1 MG/ML / doxylamine succinate 0.417 MG/ML Oral Solution,stopped,order,,2016-09-05T05:22:30+00:00
e0d0f4c3-1a17-428c-9e3b-85b45fc87122,75846ad8-d173-4824-b414-f4d15f0963a3,834061,Penicillin V Potassium 250 MG Oral Tablet,stopped,order,,2011-08-02T05:22:30+00:00
52b742c0-7b68-438c-aced-c78238c93855,806be451-d26f-436c-829c-9da92bde28f0,1310197,Acetaminophen 300 MG / HYDROcodone Bitartrate 5 MG [Vicodin],stopped,order,,2015-11-17T17:10:31+00:00
190dcc97-a41a-45c6-8f15-468e3eaef052,806be451-d26f-436c-829c-9da92bde28f0,1049221,Acetaminophen 325 MG / oxyCODONE Hydrochloride 5 MG Oral Tablet,stopped,order,,2015-10-08T17:10:31+00:00
421384d1-6ba0-4905-b505-5642f6e116e5,806be451-d26f-436c-829c-9da92bde28f0,313782,Acetaminophen 325 MG Oral Tablet,stopped,order,,2013-10-04T17:10:31+00:00
c808523e-9603-45a7-91f7-a95b74a54f89,806be451-d26f-436c-829c-9da92bde28f0,313782,Acetaminophen 325 MG Oral Tablet,stopped,order,,2015-10-08T17:10:31+00:00
78034d57-7737-4035-9acd-e7f489118d8e,be23efb3-8311-4cb1-aa2e-a7bc9958f442,313782,Acetaminophen 325 MG Oral Tablet,stopped,order,,2013-12-28T16:59:14+00:00
24d83518-7036-4ff8-b90c-4b502660dfbc,7a1d7980-05d3-48ab-a3eb-48ac40a5db6d,1870230,NDA020800 0.3 ML Epinephrine 1 MG/ML Auto-Injector,active,order,,2020-06-22T00:49:23+00:00
e323e506-9f60-4458-9ec0-27054e774ff4,7a1d7980-05d3-48ab-a3eb-48ac40a5db6d,665078,Loratadine 5 MG Chewable Tablet,active,order,,2020-06-22T00:49:23+00:00
560e620c-ae03-486c-96ba-784a51bac55b,7a1d7980-05d3-48ab-a3eb-48ac40a5db6d,313782,Acetaminophen 325 MG Oral Tablet,stopped,order,,2019-04-17T00:49:23+00:00
503a3d96-5dde-4e6b-bb97-5917688b344a,7a1d7980-05d3-48ab-a3eb-48ac40a5db6d,282464,Acetaminophen 160 MG Oral Tablet,stopped,order,,2019-11-12T00:49:23+00:00
313eb25d-7fe8-4b34-8eab-e5ad025ea243,7a1d7980-05d3-48ab-a3eb-48ac40a5db6d,312617,predniSONE 5 MG Oral Tablet,stopped,order,,2020-06-09T05:49:23+00:00
73a70b65-9dc2-4301-abda-4c92848496c0,d5457ac9-b89e-4b36-9632-568eec511981,705129,Nitroglycerin 0.4 MG/ACTUAT Mucosal Spray,active,order,,2011-02-14T20:04:48+00:00
af031881-74e5-4a7c-8db3-c678cb04b8ff,d5457ac9-b89e-4b36-9632-568eec511981,807283,Mirena 52 MG Intrauterine System,stopped,order,,2010-09-20T20:04:48+00:00
e49549e7-9e4a-4b8e-aef9-c7e3a74f20f8,d5457ac9-b89e-4b36-9632-568eec511981,309362,Clopidogrel 75 MG Oral Tablet,active,order,,2011-02-14T20:04:48+00:00
c91043b8-7b19-4a73-afaa-816497a3122a,d5457ac9-b89e-4b36-9632-568eec511981,562251,Amoxicillin 250 MG / Clavulanate 125 MG Oral Tablet,stopped,order,,2016-04-13T20:04:48+00:00
c65c90b8-4341-4108-9ce9-ab6953756759,d5457ac9-b89e-4b36-9632-568eec511981,562251,Amoxicillin 250 MG / Clavulanate 125 MG Oral Tablet,stopped,order,,2012-01-15T20:04:48+00:00
3386abb2-88ef-4669-84b6-2b1efb86d04f,d5457ac9-b89e-4b36-9632-568eec511981,312961,Simvastatin 20 MG Oral Tablet,active,order,,2011-02-14T20:04:48+00:00
260fa138-6750-4db7-a386-c32ba56a4f43,d5457ac9-b89e-4b36-9632-568eec511981,197361,Amlodipine 5 MG Oral Tablet,active,order,,2011-02-14T20:04:48+00:00
408723f3-d3d8-4223-acb2-2220b91b654b,d5457ac9-b89e-4b36-9632-568eec511981,562251,Amoxicillin 250 MG / Clavulanate 125 MG Oral Tablet,stopped,order,,2019-02-27T20:04:48+00:00
9f3650dc-52c8-4dab-b943-2bbe2341d052,b3166d04-e777-4bbf-97fb-b1f0b49ec35d,308182,Amoxicillin 250 MG Oral Capsule,stopped,order,,2012-08-02T16:59:44+00:00
77f2af92-f640-45c6-8f1d-5c65b352fb43,b3166d04-e777-4bbf-97fb-b1f0b49ec35d,198405,Ibuprofen 100 MG Oral Tablet,stopped,order,,2011-09-07T16:59:44+00:00
4980723a-b47d-42f2-a234-34cdc9153643,b3166d04-e777-4bbf-97fb-b1f0b49ec35d,834061,Penicillin V Potassium 250 MG Oral Tablet,stopped,order,,2013-04-28T16:59:44+00:00
996c5bff-7f0d-4daf-8597-54f2ef5bed73,b3166d04-e777-4bbf-97fb-b1f0b49ec35d,198405,Ibuprofen 100 MG Oral Tablet,stopped,order,,2012-08-02T16:59:44+00:00
a1adfc79-b73a-4a62-a438-135c08f9f243,e3fe3889-3e2c-4285-a923-448be93a8e73,313782,Acetaminophen 325 MG Oral Tablet,stopped,order,,2013-10-10T11:50:40+00:00
d92bb6af-f2a1-45b4-a46d-2711cf2db569,ebb1f0e2-4fa6-4889-a43b-9cda3c737078,1000156,0.65 ML medroxyprogesterone acetate 160 MG/ML Prefilled Syringe,stopped,order,,2016-05-07T22:26:37+00:00
b6fb20c8-c900-4e68-93ab-825f17467e27,ebb1f0e2-4fa6-4889-a43b-9cda3c737078,748962,Camila 28 Day Pack,active,order,,2020-04-16T22:26:37+00:00
43a0dede-d27f-4ce7-a6e2-cbc3262ef15e,ebb1f0e2-4fa6-4889-a43b-9cda3c737078,389221,Etonogestrel 68 MG Drug Implant,stopped,order,,2014-05-18T22:26:37+00:00
53672184-82bf-49aa-92e7-6cf963a6aff3,ebb1f0e2-4fa6-4889-a43b-9cda3c737078,860975,24 HR Metformin hydrochloride 500 MG Extended Release Oral Tablet,active,order,,2013-04-21T22:26:37+00:00
0f712515-3dd9-4419-9d64-6cf5c15f6548,ebb1f0e2-4fa6-4889-a43b-9cda3c737078,1860154,Abuse-Deterrent 12 HR Oxycodone Hydrochloride 15 MG Extended Release Oral Tablet,stopped,order,,2014-06-14T22:26:37+00:00
a0981906-b7bf-44ed-97ed-da89014d38ba,ebb1f0e2-4fa6-4889-a43b-9cda3c737078,748962,Camila 28 Day Pack,stopped,order,,2015-05-13T22:26:37+00:00
e1558cc3-7aee-48b6-b14d-db6392da8d22,ebb1f0e2-4fa6-4889-a43b-9cda3c737078,831533,Errin 28 Day Pack,stopped,order,,2019-04-22T22:26:37+00:00
9273100b-1a71-4d1f-8df5-57ba4378cb98,ebb1f0e2-4fa6-4889-a43b-9cda3c737078,313782,Acetaminophen 325 MG Oral Tablet,stopped,order,,2015-09-21T22:26:37+00:00
5a8a3044-87c5-4663-8708-88c0fab6b3f5,33fe8be3-339f-4c63-904e-101edba71ab5,313782,Acetaminophen 325 MG Oral Tablet,stopped,order,,2012-05-07T11:50:19+00:00
fb3f2755-6845-4fbd-a1c4-7a6b87ff3c9e,33fe8be3-339f-4c63-904e-101edba71ab5,757594,Jolivette 28 Day Pack,stopped,order,,2014-09-16T11:50:19+00:00
885d07e7-63e1-40b7-8591-1f5266fc74d0,33fe8be3-339f-4c63-904e-101edba71ab5,477045,Chlorpheniramine Maleate 2 MG/ML Oral Solution,active,order,,1981-09-28T11:50:19+00:00
35a4a54a-f713-401c-b6b0-bf50746905f2,33fe8be3-339f-4c63-904e-101edba71ab5,1049221,Acetaminophen 325 MG / oxyCODONE Hydrochloride 5 MG Oral Tablet,stopped,order,,2012-05-07T11:50:19+00:00
66956c7c-d40a-4a38-ab70-27290c7ac3f8,33fe8be3-339f-4c63-904e-101edba71ab5,1534809,168 HR Ethinyl Estradiol 0.00146 MG/HR / norelgestromin 0.00625 MG/HR Transdermal System,stopped,order,,2019-02-18T11:50:19+00:00
ded1cc07-9f8c-442c-9139-150ed970b0dc,33fe8be3-339f-4c63-904e-101edba71ab5,831533,Errin 28 Day Pack,active,order,,2020-05-23T11:50:19+00:00
d352c004-dbdc-4ede-a3c4-09404765e362,33fe8be3-339f-4c63-904e-101edba71ab5,316049,Hydrochlorothiazide 25 MG,active,order,,1999-03-27T11:50:19+00:00
6ed67801-97ba-40bf-927c-339db28209b1,8008b382-91cc-468f-95e5-7d6982b7ebb9,308192,Amoxicillin 500 MG Oral Tablet,stopped,order,,2011-04-30T04:55:29+00:00
9e9fd374-e872-4bb6-8f31-d92bfbcf04ad,8008b382-91cc-468f-95e5-7d6982b7ebb9,310436,Galantamine 4 MG Oral Tablet,stopped,order,,2020-03-30T04:55:29+00:00
afb5fb92-3223-4d9d-9f05-cc64ed9d79e4,8008b382-91cc-468f-95e5-7d6982b7ebb9,897718,Verapamil Hydrochloride 40 MG,active,order,,2018-03-19T04:55:29+00:00
83081459-9095-4720-a0c1-ec42926f0f1e,8008b382-91cc-468f-95e5-7d6982b7ebb9,197604,Digoxin 0.125 MG Oral Tablet,active,order,,2018-03-19T04:55:29+00:00
60999897-2bfd-4ac7-91bb-e91c71f54ebc,8008b382-91cc-468f-95e5-7d6982b7ebb9,855332,Warfarin Sodium 5 MG Oral Tablet,active,order,,2018-03-19T04:55:29+00:00
3ed6ec8d-7979-4ad3-b13f-cae3073bdc9c,8008b382-91cc-468f-95e5-7d6982b7ebb9,310965,Ibuprofen 200 MG Oral Tablet,stopped,order,,2011-04-30T04:55:29+00:00
8b7f9621-16e9-4760-99b0-b685ff6e8344,8008b382-91cc-468f-95e5-7d6982b7ebb9,1599803,24 HR Donepezil hydrochloride 10 MG / Memantine hydrochloride 28 MG Extended Release Oral Capsule,active,order,,2021-02-23T04:55:29+00:00
cd2ca125-133c-4add-b650-6bdb21f6f036,8008b382-91cc-468f-95e5-7d6982b7ebb9,313782,Acetaminophen 325 MG Oral Tablet,stopped,order,,2015-02-24T04:55:29+00:00
371fbcc7-5d91-4967-b600-ed500b9e0700,71a8a403-9ec4-4677-96f6-5a1f53c89da0,316049,Hydrochlorothiazide 25 MG,active,order,,1960-04-14T16:54:01+00:00
5d11eace-a83f-4337-b889-5dc15604e854,5b6f6c39-f3ac-443a-859b-9ace3335e4a8,316672,Simvistatin 10 MG,stopped,order,,1991-02-20T10:10:39+00:00
16de42fb-c164-4d7f-9c80-6bccb607e7bb,5b6f6c39-f3ac-443a-859b-9ace3335e4a8,316672,Simvistatin 10 MG,stopped,order,,1980-02-23T10:10:39+00:00
1161214a-4d3a-4d2f-be85-2812132922c0,5b6f6c39-f3ac-443a-859b-9ace3335e4a8,316672,Simvistatin 10 MG,stopped,order,,1994-02-19T10:10:39+00:00
8c2b3e98-7595-4e39-ba2d-dd4be15c39d3,5b6f6c39-f3ac-443a-859b-9ace3335e4a8,316672,Simvistatin 10 MG,stopped,order,,1979-02-23T10:10:39+00:00
fbd5d734-ab2f-450d-b1a7-7bde5ac5a9c7,5b6f6c39-f3ac-443a-859b-9ace3335e4a8,316672,Simvistatin 10 MG,stopped,order,,1990-02-20T10:10:39+00:00
e983c542-e2ee-4e0c-b1ac-4842885e1ecb,5b6f6c39-f3ac-443a-859b-9ace3335e4a8,316672,Simvistatin 10 MG,stopped,order,,1995-02-19T10:10:39+00:00
401c70fe-bf1f-4534-9d1b-28a430e21063,5b6f6c39-f3ac-443a-859b-9ace3335e4a8,904419,Alendronic acid 10 MG Oral Tablet,active,order,,1999-01-12T10:10:39+00:00
aaebc3cc-900a-4545-84e7-76c97d8b7961,5b6f6c39-f3ac-443a-859b-9ace3335e4a8,316672,Simvistatin 10 MG,stopped,order,,1998-02-18T10:10:39+00:00
ea0aaeaa-1124-430e-a635-37030d98c3ce,5b6f6c39-f3ac-443a-859b-9ace3335e4a8,316672,Simvistatin 10 MG,stopped,order,,1996-02-19T10:10:39+00:00
8b42ea57-44a3-4a27-9825-0d17782bc897,5b6f6c39-f3ac-443a-859b-9ace3335e4a8,316672,Simvistatin 10 MG,stopped,order,,1985-02-21T10:10:39+00:00
bff13b8e-328e-4e56-8979-c938ec6ff209,5b6f6c39-f3ac-443a-859b-9ace3335e4a8,316672,Simvistatin 10 MG,stopped,order,,1983-02-22T10:10:39+00:00
411ba85a-d726-4553-91f4-913219feee14,5b6f6c39-f3ac-443a-859b-9ace3335e4a8,316672,Simvistatin 10 MG,stopped,order,,1993-02-19T10:10:39+00:00
04e2e7fe-eda0-43e6-914d-ca694c36aab0,5b6f6c39-f3ac-443a-859b-9ace3335e4a8,310965,Ibuprofen 200 MG Oral Tablet,stopped,order,,1998-04-18T10:10:39+00:00
9469a96a-c11f-40f9-a652-2e9abeda6751,5b6f6c39-f3ac-443a-859b-9ace3335e4a8,316672,Simvistatin 10 MG,stopped,order,,1982-02-22T10:10:39+00:00
638188d8-f033-4711-90c7-24f7ddd3e2d6,5b6f6c39-f3ac-443a-859b-9ace3335e4a8,316672,Simvistatin 10 MG,stopped,order,,1989-02-20T10:10:39+00:00
0e287d9b-3074-4ebe-9cd6-cd43e659e57d,5b6f6c39-f3ac-443a-859b-9ace3335e4a8,316672,Simvistatin 10 MG,stopped,order,,1981-02-22T10:10:39+00:00
f762c327-1106-45f9-b5e1-c138d0903227,5b6f6c39-f3ac-443a-859b-9ace3335e4a8,316672,Simvistatin 10 MG,stopped,order,,1997-02-18T10:10:39+00:00
649bdd31-71b9-49b9-99d5-eea96ba6cc9a,5b6f6c39-f3ac-443a-859b-9ace3335e4a8,316672,Simvistatin 10 MG,stopped,order,,1987-02-21T10:10:39+00:00
70a17820-4c13-4569-914b-b95f97bac163,5b6f6c39-f3ac-443a-859b-9ace3335e4a8,316672,Simvistatin 10 MG,stopped,order,,1988-02-21T10:10:39+00:00
0faa6e58-56a9-48b6-9c40-23e706075a44,5b6f6c39-f3ac-443a-859b-9ace3335e4a8,562251,Amoxicillin 250 MG / Clavulanate 125 MG Oral Tablet,stopped,order,,1997-03-20T10:10:39+00:00
ca52305a-a0a3-43d3-97d5-5390a31e4b64,5b6f6c39-f3ac-443a-859b-9ace3335e4a8,316672,Simvistatin 10 MG,active,order,,1999-02-18T10:10:39+00:00
0b3d5e2d-fc4b-48bd-8c64-8d432e04d5a7,5b6f6c39-f3ac-443a-859b-9ace3335e4a8,316672,Simvistatin 10 MG,stopped,order,,1984-02-22T10:10:39+00:00
96086f7e-d2b7-4eb5-8762-c50641f53f79,5b6f6c39-f3ac-443a-859b-9ace3335e4a8,316672,Simvistatin 10 MG,stopped,order,,1992-02-20T10:10:39+00:00
2d96199b-c368-4013-9fa3-9887d688e88f,5b6f6c39-f3ac-443a-859b-9ace3335e4a8,316672,Simvistatin 10 MG,stopped,order,,1986-02-21T10:10:39+00:00
deae440f-0f5f-41a7-b71e-0efe2f808674,58f620b1-910c-41b8-81cf-f8c7afd828b6,316049,Hydrochlorothiazide 25 MG,active,order,,2017-04-13T04:33:40+00:00
daafb12f-ba10-4c17-8707-ae7d46b825d2,58f620b1-910c-41b8-81cf-f8c7afd828b6,831533,Errin 28 Day Pack,stopped,order,,2015-11-12T04:33:40+00:00
64b74676-575c-4994-8d3c-e3e1314f7bda,58f620b1-910c-41b8-81cf-f8c7afd828b6,748962,Camila 28 Day Pack,stopped,order,,2013-11-22T04:33:40+00:00
4e4a2987-e07b-4e34-955f-0b6774fb12f3,58f620b1-910c-41b8-81cf-f8c7afd828b6,562251,Amoxicillin 250 MG / Clavulanate 125 MG Oral Tablet,stopped,order,,2012-10-24T04:33:40+00:00
0e6027cc-0d2d-401b-a9ac-10a49d63606c,58f620b1-910c-41b8-81cf-f8c7afd828b6,316052,Hydrochlorothiazide 6.25 MG,stopped,order,,2013-04-04T04:33:40+00:00
a0cb5135-0b5f-43db-be65-cd97ec289f9f,58f620b1-910c-41b8-81cf-f8c7afd828b6,1870230,NDA020800 0.3 ML Epinephrine 1 MG/ML Auto-Injector,active,order,,1996-03-03T04:33:40+00:00
85574fed-3095-4a3f-8b21-c758e9fe0d5a,58f620b1-910c-41b8-81cf-f8c7afd828b6,751905,Trinessa 28 Day Pack,stopped,order,,2012-11-27T04:33:40+00:00
399905d5-56e2-4ffb-890c-0bc8353bd4d8,58f620b1-910c-41b8-81cf-f8c7afd828b6,748962,Camila 28 Day Pack,stopped,order,,2016-11-06T04:33:40+00:00
e1f02331-2f52-43a9-ba7f-2baf1399bd59,58f620b1-910c-41b8-81cf-f8c7afd828b6,665078,Loratadine 5 MG Chewable Tablet,active,order,,1996-03-03T04:33:40+00:00
5603806c-d558-4b91-a483-5fc6d238969a,58f620b1-910c-41b8-81cf-f8c7afd828b6,313782,Acetaminophen 325 MG Oral Tablet,stopped,order,,2020-07-08T04:33:40+00:00
84d8ab06-8dcb-4d37-b649-e701572d4370,58f620b1-910c-41b8-81cf-f8c7afd828b6,1605257,Liletta 52 MG Intrauterine System,active,order,,2020-10-16T04:33:40+00:00
1c56a372-5007-414f-a5f1-3b04f3539c8d,58f620b1-910c-41b8-81cf-f8c7afd828b6,857005,Acetaminophen 325 MG / HYDROcodone Bitartrate 7.5 MG Oral Tablet,stopped,order,,2020-07-08T04:33:40+00:00
e62db9b7-3fef-4dd5-a4c3-442765007c37,563460b4-b997-4772-a548-a9f877eb4c12,316049,Hydrochlorothiazide 25 MG,active,order,,2011-12-23T12:11:31+00:00
1164bdd8-bb28-475c-a26a-7aa8171b872f,563460b4-b997-4772-a548-a9f877eb4c12,316052,Hydrochlorothiazide 6.25 MG,stopped,order,,2007-12-14T12:11:31+00:00
26a9b172-ab78-45dd-a9e3-600f88f88de2,563460b4-b997-4772-a548-a9f877eb4c12,1043400,Acetaminophen 21.7 MG/ML / Dextromethorphan Hydrobromide 1 MG/ML / doxylamine succinate 0.417 MG/ML Oral Solution,stopped,order,,2011-12-07T12:11:31+00:00
a41c9950-a23f-4a6f-b907-dd88501fd070,4551370c-c3eb-4164-a2ff-b528f73a4e0f,1870230,NDA020800 0.3 ML Epinephrine 1 MG/ML Auto-Injector,active,order,,1998-07-10T13:19:02+00:00
06468c13-697a-4a4a-9172-e0af698664fa,4551370c-c3eb-4164-a2ff-b528f73a4e0f,997488,Fexofenadine hydrochloride 30 MG Oral Tablet,active,order,,1998-07-10T13:19:02+00:00
221315dd-bfe5-460e-adf1-24d99bcfd013,523ce6ff-60bd-4d69-a8b4-9770f0e8e9f7,308182,Amoxicillin 250 MG Oral Capsule,stopped,order,,2016-07-29T17:22:34+00:00
de7d7138-92d5-4c82-8393-aafbb462a62e,523ce6ff-60bd-4d69-a8b4-9770f0e8e9f7,198405,Ibuprofen 100 MG Oral Tablet,stopped,order,,2016-07-29T17:22:34+00:00
b82f1017-f4a2-4fe2-bbcb-468dfec8a389,523ce6ff-60bd-4d69-a8b4-9770f0e8e9f7,282464,Acetaminophen 160 MG Oral Tablet,stopped,order,,2016-01-01T17:22:34+00:00
a08ad171-c034-45fb-b95e-3e101896d439,523ce6ff-60bd-4d69-a8b4-9770f0e8e9f7,1014676,cetirizine hydrochloride 5 MG Oral Tablet,active,order,,2015-10-15T17:22:34+00:00
79051faa-3e50-4b83-9e64-a08a986fe415,523ce6ff-60bd-4d69-a8b4-9770f0e8e9f7,1870230,NDA020800 0.3 ML Epinephrine 1 MG/ML Auto-Injector,active,order,,2015-10-15T17:22:34+00:00
789d0eca-0843-42c6-a29d-2b9b1bf177d5,3afaeb2a-9f18-40b5-8fe7-dfd882de2f2b,542347,Isoflurane 999 MG/ML Inhalant Solution,stopped,order,,2017-06-24T14:09:09+00:00
f1fd2fc1-b4e1-4913-ad5f-c3822aa2a565,3afaeb2a-9f18-40b5-8fe7-dfd882de2f2b,1659149,Piperacillin 4000 MG / tazobactam 500 MG Injection,stopped,order,,2017-06-24T14:09:09+00:00
d04e1620-1212-4065-908e-35692a54874e,3afaeb2a-9f18-40b5-8fe7-dfd882de2f2b,1740467,2 ML Ondansetron 2 MG/ML Injection,stopped,order,,2017-06-24T14:09:09+00:00
13771d85-e26a-486f-bdd8-0109ee6d0e37,3afaeb2a-9f18-40b5-8fe7-dfd882de2f2b,1234995,Rocuronium bromide 10 MG/ML Injectable Solution,stopped,order,,2017-06-24T14:09:09+00:00
40b55b90-46bd-45e6-9152-e2fb3e7cccff,3afaeb2a-9f18-40b5-8fe7-dfd882de2f2b,1732136,1 ML Morphine Sulfate 5 MG/ML Injection,stopped,order,,2017-06-24T13:09:09+00:00
d6a20fcf-4478-42d2-ad1c-aacf94c8b8c3,3afaeb2a-9f18-40b5-8fe7-dfd882de2f2b,314659,"heparin sodium, porcine",stopped,order,,2017-06-24T13:09:09+00:00
f067f80c-f2d0-4128-8bc3-dd5c380b0d1e,3afaeb2a-9f18-40b5-8fe7-dfd882de2f2b,313002,Sodium Chloride 9 MG/ML Injectable Solution,stopped,order,,2017-06-24T13:09:09+00:00
1f6d3cb5-a001-4912-8fa7-aa00f7ad0b88,3afaeb2a-9f18-40b5-8fe7-dfd882de2f2b,311700,Midazolam 1 MG/ML Injectable Solution,stopped,order,,2017-06-24T14:09:09+00:00
f23cbbea-c928-4f68-953b-e7a644936388,3afaeb2a-9f18-40b5-8fe7-dfd882de2f2b,1808217,100 ML Propofol 10 MG/ML Injection,stopped,order,,2017-06-24T14:09:09+00:00
8a69285c-cc3b-4b51-b251-ba946af1f327,3afaeb2a-9f18-40b5-8fe7-dfd882de2f2b,857005,Acetaminophen 325 MG / HYDROcodone Bitartrate 7.5 MG Oral Tablet,stopped,order,,2017-06-25T02:09:09+00:00
ec9bdd4e-1029-4723-a562-6f8a28a9d95c,3afaeb2a-9f18-40b5-8fe7-dfd882de2f2b,1740467,2 ML Ondansetron 2 MG/ML Injection,stopped,order,,2017-06-24T13:09:09+00:00
eab4d694-0341-4b67-aeef-a876a7d5f2f5,3afaeb2a-9f18-40b5-8fe7-dfd882de2f2b,73032,Remifentanil,stopped,order,,2017-06-24T14:09:09+00:00
cd72e35a-230e-47fe-8bde-f098632bd5b5,3afaeb2a-9f18-40b5-8fe7-dfd882de2f2b,310325,ferrous sulfate 325 MG Oral Tablet,active,order,,1994-12-26T13:09:09+00:00
4c6b4b37-3b3e-491b-8b0c-4516fab77037,0cd536b8-674b-4bae-b0b0-181400ffc022,834061,Penicillin V Potassium 250 MG Oral Tablet,stopped,order,,2019-10-09T16:05:17+00:00
c372afce-ccb0-4de5-82da-2971f1782c52,0cd536b8-674b-4bae-b0b0-181400ffc022,282464,Acetaminophen 160 MG Oral Tablet,stopped,order,,2017-12-19T16:05:17+00:00
a82feb76-5d05-44d0-b7aa-78160da5da3c,0cd536b8-674b-4bae-b0b0-181400ffc022,562251,Amoxicillin 250 MG / Clavulanate 125 MG Oral Tablet,stopped,order,,2019-06-19T16:05:17+00:00
63bc5b1d-6329-4280-91fb-2350e13710ba,082fd114-0415-4ce4-8293-0caebb0fe9de,310965,Ibuprofen 200 MG Oral Tablet,stopped,order,,2018-03-11T00:29:21+00:00
0cb3f94f-8018-47fc-812b-699bcde7327b,082fd114-0415-4ce4-8293-0caebb0fe9de,313782,Acetaminophen 325 MG Oral Tablet,stopped,order,,2016-05-22T00:29:21+00:00
c367f0eb-8b36-4d11-910b-092d9b70cf67,082fd114-0415-4ce4-8293-0caebb0fe9de,105586,Methotrexate 10 MG Oral Tablet,stopped,order,,2009-04-04T00:29:21+00:00
7da0c825-d894-45f1-b303-0f657e0002a1,082fd114-0415-4ce4-8293-0caebb0fe9de,834102,Penicillin V Potassium 500 MG Oral Tablet,stopped,order,,2014-05-16T00:29:21+00:00
5fcaa0b5-ea85-4c84-943e-8e6323879277,082fd114-0415-4ce4-8293-0caebb0fe9de,198014,Naproxen 500 MG Oral Tablet,stopped,order,,2009-04-04T00:29:21+00:00
7c74714f-9ea8-45f5-bc34-4552109e167b,7e286375-20a8-4909-a874-1c5e0eb8e765,1043400,Acetaminophen 21.7 MG/ML / Dextromethorphan Hydrobromide 1 MG/ML / doxylamine succinate 0.417 MG/ML Oral Solution,stopped,order,,2015-03-30T15:12:28+00:00
a945d397-7613-452f-8dc8-1592b9c60766,7e286375-20a8-4909-a874-1c5e0eb8e765,313782,Acetaminophen 325 MG Oral Tablet,stopped,order,,2012-06-24T15:12:28+00:00
f91179ca-11a7-478e-b708-1b58342ab5b8,99135849-9d98-4ff4-9d2f-2c4bb5ea8e9d,316049,Hydrochlorothiazide 25 MG,active,order,,1992-08-28T09:55:07+00:00
45067efe-3726-4329-ad68-4e88f1cd7917,99135849-9d98-4ff4-9d2f-2c4bb5ea8e9d,1043400,Acetaminophen 21.7 MG/ML / Dextromethorphan Hydrobromide 1 MG/ML / doxylamine succinate 0.417 MG/ML Oral Solution,stopped,order,,2015-04-02T09:55:07+00:00
2b80eacc-19b3-45b7-877c-b88745a5ec7e,99135849-9d98-4ff4-9d2f-2c4bb5ea8e9d,313782,Acetaminophen 325 MG Oral Tablet,stopped,order,,2013-04-07T09:55:07+00:00
e9c09852-0392-48cc-9b01-20253562eb07,76d2fa2d-66a6-4823-8dab-52cd70822844,1049630,diphenhydrAMINE Hydrochloride 25 MG Oral Tablet,active,order,,1976-03-20T05:40:19+00:00
5a014ac1-4d69-4b90-b40c-343dc6b734dc,76d2fa2d-66a6-4823-8dab-52cd70822844,316049,Hydrochlorothiazide 25 MG,active,order,,1992-10-08T05:40:19+00:00
70f4fdf2-5657-492c-a0b8-6ad9a112df67,76d2fa2d-66a6-4823-8dab-52cd70822844,895994,120 ACTUAT Fluticasone propionate 0.044 MG/ACTUAT Metered Dose Inhaler,active,order,,1978-03-06T05:40:19+00:00
56ae77f4-942d-415f-9260-19bb7176ef1f,76d2fa2d-66a6-4823-8dab-52cd70822844,745679,200 ACTUAT Albuterol 0.09 MG/ACTUAT Metered Dose Inhaler,active,order,,1978-03-06T05:40:19+00:00
317b0020-cc13-48cf-bd77-35db6d675272,76d2fa2d-66a6-4823-8dab-52cd70822844,310325,ferrous sulfate 325 MG Oral Tablet,active,order,,2006-08-03T05:40:19+00:00
1c3ec17d-2836-47c3-bdac-dcf2ffdd607e,195bd73c-1ef3-400d-9269-a0d9042afafe,477045,Chlorpheniramine Maleate 2 MG/ML Oral Solution,active,order,,1983-12-31T19:03:26+00:00
fcfc0b3c-ecba-4f7a-a58b-8700cbfbc46f,195bd73c-1ef3-400d-9269-a0d9042afafe,313782,Acetaminophen 325 MG Oral Tablet,stopped,order,,2021-02-12T19:03:26+00:00
1762434c-d3d6-4f1e-b318-a4dd446e5984,76703553-5395-4580-b903-b91220ba5872,313782,Acetaminophen 325 MG Oral Tablet,stopped,order,,2013-10-13T01:14:54+00:00
c9e7e91c-3752-4429-b668-6bef850f719e,76703553-5395-4580-b903-b91220ba5872,749762,Seasonique 91 Day Pack,stopped,order,,2011-06-19T01:14:54+00:00
881c7a96-8733-436a-bcf2-75711b16cbe7,76703553-5395-4580-b903-b91220ba5872,310965,Ibuprofen 200 MG Oral Tablet,stopped,order,,2013-09-17T01:14:54+00:00
424616e9-a43c-487a-857c-771f048a47c4,76703553-5395-4580-b903-b91220ba5872,313782,Acetaminophen 325 MG Oral Tablet,stopped,order,,2017-06-02T01:14:54+00:00
b0b8c779-8e0d-4f6b-ba7f-e9db9582f68c,76703553-5395-4580-b903-b91220ba5872,751905,Trinessa 28 Day Pack,stopped,order,,2010-06-24T01:14:54+00:00
32c0e708-e48b-4d5c-a41f-a9e3021bd5f0,76703553-5395-4580-b903-b91220ba5872,978950,Natazia 28 Day Pack,stopped,order,,2014-06-03T01:14:54+00:00
2f168942-546a-4ba5-adc2-5e927b6ed728,76703553-5395-4580-b903-b91220ba5872,978950,Natazia 28 Day Pack,active,order,,2020-05-02T01:14:54+00:00
4f75f851-560b-441c-b9a9-9ab152b9db13,f02ede18-83f8-4ac9-b9e3-c27754c10e8e,705129,Nitroglycerin 0.4 MG/ACTUAT Mucosal Spray,active,order,,2014-04-15T04:46:42+00:00
499bc1f6-a46d-4261-9633-69a1331f8f77,f02ede18-83f8-4ac9-b9e3-c27754c10e8e,309362,Clopidogrel 75 MG Oral Tablet,active,order,,2014-04-15T04:46:42+00:00
38ad162e-40c0-4895-930e-728bec9bf6c9,f02ede18-83f8-4ac9-b9e3-c27754c10e8e,313782,Acetaminophen 325 MG Oral Tablet,stopped,order,,2013-03-30T04:46:42+00:00
7554f66a-caf8-433b-bf3a-ead5c3a527a1,f02ede18-83f8-4ac9-b9e3-c27754c10e8e,197361,Amlodipine 5 MG Oral Tablet,active,order,,2014-04-15T04:46:42+00:00
3906cad3-7a64-423a-9cd7-60bc8483b80a,f02ede18-83f8-4ac9-b9e3-c27754c10e8e,834357,3 ML Amiodarone hydrocholoride 50 MG/ML Prefilled Syringe,stopped,order,,2015-02-10T04:46:42+00:00
08634f66-d26f-40a0-97e7-b20bf420c5a4,f02ede18-83f8-4ac9-b9e3-c27754c10e8e,1660014,1 ML Epinephrine 1 MG/ML Injection,stopped,order,,2015-02-10T04:46:42+00:00
a88966cd-b9a8-404c-b997-cdeaccf54248,f02ede18-83f8-4ac9-b9e3-c27754c10e8e,316049,Hydrochlorothiazide 25 MG,active,order,,1973-08-21T04:46:42+00:00
77a0f107-31e7-4d19-a3f6-5f62f9857811,f02ede18-83f8-4ac9-b9e3-c27754c10e8e,1190795,Atropine Sulfate 1 MG/ML Injectable Solution,stopped,order,,2015-02-10T04:46:42+00:00
05ebb706-e660-430d-a0fb-d6502eef57a7,f02ede18-83f8-4ac9-b9e3-c27754c10e8e,313782,Acetaminophen 325 MG Oral Tablet,stopped,order,,2007-06-13T04:46:42+00:00
18bc0100-d746-40dd-b1de-fa3755bda32b,f02ede18-83f8-4ac9-b9e3-c27754c10e8e,312961,Simvastatin 20 MG Oral Tablet,active,order,,2014-04-15T04:46:42+00:00
87294fac-f35e-43c7-abc8-4f87a4924e23,924d8c31-3972-475d-b486-821d4d4c8d59,316049,Hydrochlorothiazide 25 MG,active,order,,1970-01-05T15:08:18+00:00
1c601f66-2adc-425f-9eaf-b6fba24145ee,924d8c31-3972-475d-b486-821d4d4c8d59,313782,Acetaminophen 325 MG Oral Tablet,stopped,order,,1989-09-02T15:08:18+00:00
008e29aa-221f-428f-970e-f95638897911,924d8c31-3972-475d-b486-821d4d4c8d59,563026,Diazepam [Valium],active,order,,1991-04-20T15:08:18+00:00
7f1c73d3-f67b-4c91-8877-36cfc91b27ca,5fbee500-9b99-4dad-bce4-0a4de9f9f3b9,749762,Seasonique 91 Day Pack,stopped,order,,2018-02-28T08:59:28+00:00
3eba524a-61a1-4f9c-a542-5df316e83246,5fbee500-9b99-4dad-bce4-0a4de9f9f3b9,834102,Penicillin V Potassium 500 MG Oral Tablet,stopped,order,,2013-05-22T08:59:28+00:00
483ea756-964a-42f9-9634-b4e5dc34fb50,5fbee500-9b99-4dad-bce4-0a4de9f9f3b9,389221,Etonogestrel 68 MG Drug Implant,stopped,order,,2013-03-26T08:59:28+00:00
21c67f2a-9405-4519-bc13-0608d658435d,5fbee500-9b99-4dad-bce4-0a4de9f9f3b9,1000126,1 ML medroxyprogesterone acetate 150 MG/ML Injection,stopped,order,,2011-04-06T08:59:28+00:00
179f59ad-a565-4b6f-b95d-bf1c93016f5f,5fbee500-9b99-4dad-bce4-0a4de9f9f3b9,1049630,diphenhydrAMINE Hydrochloride 25 MG Oral Tablet,active,order,,1984-08-19T08:59:28+00:00
d994ea61-fba6-484f-87ab-f64ef104b4ac,5fbee500-9b99-4dad-bce4-0a4de9f9f3b9,849574,Naproxen sodium 220 MG Oral Tablet,stopped,order,,2021-01-26T08:59:28+00:00
6eede924-c2e4-4477-8c23-28191c4fe4ac,5fbee500-9b99-4dad-bce4-0a4de9f9f3b9,1367439,NuvaRing 0.12/0.015 MG per 24HR 21 Day Vaginal Ring,active,order,,2021-02-12T08:59:28+00:00
61822c91-ebf3-4195-9653-cc1d1b38b577,835a3b08-e3b6-49c4-a23f-1fac8dc7a7a7,309362,Clopidogrel 75 MG Oral Tablet,active,order,,2016-03-15T03:15:25+00:00
83f78311-787a-44d1-886c-91f9c04035ac,835a3b08-e3b6-49c4-a23f-1fac8dc7a7a7,316049,Hydrochlorothiazide 25 MG,active,order,,1966-11-29T03:15:25+00:00
273c1739-5f53-4265-94cc-ccf2424c84de,835a3b08-e3b6-49c4-a23f-1fac8dc7a7a7,562251,Amoxicillin 250 MG / Clavulanate 125 MG Oral Tablet,stopped,order,,2016-07-15T03:15:25+00:00
be2e742c-fc93-464b-9d0b-b5be5045156e,835a3b08-e3b6-49c4-a23f-1fac8dc7a7a7,312961,Simvastatin 20 MG Oral Tablet,active,order,,2016-03-15T03:15:25+00:00
f9c05787-5833-4edb-a986-4b1e4ecdf955,835a3b08-e3b6-49c4-a23f-1fac8dc7a7a7,313782,Acetaminophen 325 MG Oral Tablet,stopped,order,,2015-01-09T03:15:25+00:00
a9ce1417-53cd-4d30-8fc6-e83f06a109e7,835a3b08-e3b6-49c4-a23f-1fac8dc7a7a7,562251,Amoxicillin 250 MG / Clavulanate 125 MG Oral Tablet,stopped,order,,2014-06-07T03:15:25+00:00
caea1ae1-8681-4602-8de3-f32d54ba88d7,835a3b08-e3b6-49c4-a23f-1fac8dc7a7a7,310325,ferrous sulfate 325 MG Oral Tablet,active,order,,1976-12-14T03:15:25+00:00
0851d931-7efe-43d2-a4f8-ad7482e9d1fc,835a3b08-e3b6-49c4-a23f-1fac8dc7a7a7,197361,Amlodipine 5 MG Oral Tablet,active,order,,2016-03-15T03:15:25+00:00
c9ea2f96-27ca-421e-ba7b-fa4d31a54738,835a3b08-e3b6-49c4-a23f-1fac8dc7a7a7,705129,Nitroglycerin 0.4 MG/ACTUAT Mucosal Spray,active,order,,2016-03-15T03:15:25+00:00
9aa0dcae-c403-4113-8a81-f0b01d95c6d0,110396c2-823b-4e1e-bd4a-2d7df214cd8b,2001499,Vitamin B 12 5 MG/ML Injectable Solution,active,order,,2006-04-11T19:37:49+00:00
fdb1498e-7838-437c-ba1a-05c15d0ae3dc,110396c2-823b-4e1e-bd4a-2d7df214cd8b,748856,Yaz 28 Day Pack,stopped,order,,2018-05-13T19:37:49+00:00
26f4fd97-4fe7-42b9-8dbc-daf70a5cdef3,110396c2-823b-4e1e-bd4a-2d7df214cd8b,748856,Yaz 28 Day Pack,active,order,,2020-05-02T19:37:49+00:00
ad90bb89-6451-458d-a370-191213b7829e,eed9a33b-24f1-4570-9b72-b18622b85098,562251,Amoxicillin 250 MG / Clavulanate 125 MG Oral Tablet,stopped,order,,2017-02-05T19:08:55+00:00
0fc54013-00d0-4356-a0ce-82e7c3c21fb2,eed9a33b-24f1-4570-9b72-b18622b85098,849574,Naproxen sodium 220 MG Oral Tablet,stopped,order,,2019-10-26T19:08:55+00:00
33beb443-cb28-4a03-990e-acbb9d9e4063,fa13bf47-8c74-40dd-a976-94deeada0e17,316672,Simvistatin 10 MG,stopped,order,,2002-11-17T03:33:15+00:00
5acd2fa8-a736-4714-83e7-7e05c9065e81,fa13bf47-8c74-40dd-a976-94deeada0e17,316672,Simvistatin 10 MG,stopped,order,,2001-11-17T03:33:15+00:00
7c6c6836-9d5c-478b-bba4-f263db9b3609,fa13bf47-8c74-40dd-a976-94deeada0e17,313782,Acetaminophen 325 MG Oral Tablet,stopped,order,,1999-08-01T03:33:15+00:00
0717d466-6b0e-476a-8e33-b30f572a1728,fa13bf47-8c74-40dd-a976-94deeada0e17,316672,Simvistatin 10 MG,stopped,order,,1999-11-18T03:33:15+00:00
0054e447-baea-4a52-b37c-c913c4a4dc0a,fa13bf47-8c74-40dd-a976-94deeada0e17,1804799,Alteplase 100 MG Injection,stopped,order,,2006-02-21T03:33:15+00:00
f1c8c416-6674-4230-b566-e476af9df207,fa13bf47-8c74-40dd-a976-94deeada0e17,316672,Simvistatin 10 MG,active,order,,2005-11-16T03:33:15+00:00
91ee0f2f-4be0-45e4-8748-3058495e765b,fa13bf47-8c74-40dd-a976-94deeada0e17,316672,Simvistatin 10 MG,stopped,order,,1998-11-18T03:33:15+00:00
55847e6d-da2e-4a6d-b9b9-66cd8be50e99,fa13bf47-8c74-40dd-a976-94deeada0e17,904419,Alendronic acid 10 MG Oral Tablet,active,order,,2004-12-07T03:33:15+00:00
05156182-7eac-44b5-8233-a382c59cc688,fa13bf47-8c74-40dd-a976-94deeada0e17,316672,Simvistatin 10 MG,stopped,order,,2004-11-16T03:33:15+00:00
90b23f52-2642-4bf5-bd45-256710439b69,fa13bf47-8c74-40dd-a976-94deeada0e17,316672,Simvistatin 10 MG,stopped,order,,2003-11-17T03:33:15+00:00
b3bf698d-afb6-4715-a4d6-6a86fa1c4660,fa13bf47-8c74-40dd-a976-94deeada0e17,309362,Clopidogrel 75 MG Oral Tablet,stopped,order,,2006-02-21T03:33:15+00:00
ba2db6d6-bff1-4d94-befb-2ca2d487c11f,fa13bf47-8c74-40dd-a976-94deeada0e17,316672,Simvistatin 10 MG,stopped,order,,1997-11-18T03:33:15+00:00
5f955827-05a9-4498-a324-7782af438afd,fa13bf47-8c74-40dd-a976-94deeada0e17,2001499,Vitamin B 12 5 MG/ML Injectable Solution,active,order,,1977-06-14T03:33:15+00:00
f54e34a6-ade8-4f2d-8b3c-c91ec76eb2a0,fa13bf47-8c74-40dd-a976-94deeada0e17,316672,Simvistatin 10 MG,stopped,order,,2000-11-17T03:33:15+00:00
d6217fdf-c2f0-4afa-bf06-1bbc34fbdb0b,25477ae6-0c1e-428f-8814-f80acc4d2bcb,316672,Simvistatin 10 MG,stopped,order,,2019-01-04T04:40:20+00:00
2c5ec005-61b2-40d8-a919-32f7dc1eeea5,25477ae6-0c1e-428f-8814-f80acc4d2bcb,316672,Simvistatin 10 MG,stopped,order,,2018-01-04T04:40:20+00:00
c1622891-9ec7-45b0-8ceb-7f5531fd4751,25477ae6-0c1e-428f-8814-f80acc4d2bcb,313782,Acetaminophen 325 MG Oral Tablet,stopped,order,,2016-10-08T04:40:20+00:00
4376b5fa-a99d-4f9d-9a89-5666fafec231,25477ae6-0c1e-428f-8814-f80acc4d2bcb,834102,Penicillin V Potassium 500 MG Oral Tablet,stopped,order,,2011-11-25T04:40:20+00:00
639a13f7-0776-4a02-9ff2-e8b08c62053d,25477ae6-0c1e-428f-8814-f80acc4d2bcb,562251,Amoxicillin 250 MG / Clavulanate 125 MG Oral Tablet,stopped,order,,2013-01-12T04:40:20+00:00
933adfdb-abbe-436b-b0fb-6f2cb827a8e3,25477ae6-0c1e-428f-8814-f80acc4d2bcb,316672,Simvistatin 10 MG,stopped,order,,2020-01-04T04:40:20+00:00
9b6e449d-da17-4d2c-a395-cc8c279edd68,25477ae6-0c1e-428f-8814-f80acc4d2bcb,316672,Simvistatin 10 MG,active,order,,2021-01-03T04:40:20+00:00
4a81269c-d3b0-40e4-8b5a-b2c849db699b,25477ae6-0c1e-428f-8814-f80acc4d2bcb,310965,Ibuprofen 200 MG Oral Tablet,stopped,order,,2012-02-18T04:40:20+00:00
b1de29f7-b591-4be5-ac7e-a6daad6c0917,f39b0478-5d39-41ba-a0e7-1c5dd6987af9,978950,Natazia 28 Day Pack,stopped,order,,2016-12-18T15:29:50+00:00
07e908bf-f381-4992-beb5-23ba5aa20e18,f39b0478-5d39-41ba-a0e7-1c5dd6987af9,834061,Penicillin V Potassium 250 MG Oral Tablet,stopped,order,,2017-08-29T15:29:50+00:00
55d875a3-1f6a-4b60-bf9a-66069199ad9c,f39b0478-5d39-41ba-a0e7-1c5dd6987af9,198405,Ibuprofen 100 MG Oral Tablet,stopped,order,,2011-06-18T15:29:50+00:00
c6d4851d-b92f-4ac6-8dd7-76f78bccfcfa,f39b0478-5d39-41ba-a0e7-1c5dd6987af9,751905,Trinessa 28 Day Pack,stopped,order,,2017-12-13T15:29:50+00:00
1b77b794-70bb-41b9-8e94-b7b030a23228,c36d05b1-36eb-4faa-809e-832002f431a7,1049630,diphenhydrAMINE Hydrochloride 25 MG Oral Tablet,active,order,,1961-05-14T06:12:47+00:00
6a348763-8886-4bbb-9055-8a74423721b5,c36d05b1-36eb-4faa-809e-832002f431a7,897718,Verapamil Hydrochloride 40 MG,active,order,,2010-05-12T06:12:47+00:00
f1e0a985-7de6-4b14-a98d-9049f1f986e9,c36d05b1-36eb-4faa-809e-832002f431a7,310965,Ibuprofen 200 MG Oral Tablet,stopped,order,,2019-05-04T06:12:47+00:00
dfa7d257-cacb-4b63-826b-a0890f6a7b2d,c36d05b1-36eb-4faa-809e-832002f431a7,849574,Naproxen sodium 220 MG Oral Tablet,stopped,order,,2018-03-19T06:12:47+00:00
336745a3-7179-4975-b6e0-43374459c24f,c36d05b1-36eb-4faa-809e-832002f431a7,855332,Warfarin Sodium 5 MG Oral Tablet,active,order,,2010-05-12T06:12:47+00:00
c92c3678-587a-4e23-bf17-d71fab254bb5,c36d05b1-36eb-4faa-809e-832002f431a7,197604,Digoxin 0.125 MG Oral Tablet,active,order,,2010-05-12T06:12:47+00:00
de0ec873-29ac-419e-a20f-0a1fec93fd63,fa8cdd1f-d2d8-476c-9247-b279dddd595d,198405,Ibuprofen 100 MG Oral Tablet,stopped,order,,2020-07-19T23:59:46+00:00
b5cd45a2-613e-40c8-ab0b-2c0ee4a05034,fa8cdd1f-d2d8-476c-9247-b279dddd595d,282464,Acetaminophen 160 MG Oral Tablet,stopped,order,,2020-10-17T23:59:46+00:00
0a26a49e-0496-468b-b163-760a934246a5,25603bc3-a2e8-4208-8375-3d2162a005fe,316049,Hydrochlorothiazide 25 MG,active,order,,1938-07-16T02:39:21+00:00
6e319b4c-d2b4-45cc-adfb-0b4270f7ff49,25603bc3-a2e8-4208-8375-3d2162a005fe,1660014,1 ML Epinephrine 1 MG/ML Injection,stopped,order,,2003-04-26T02:39:21+00:00
e406885b-b3b1-4f51-a3f8-18e255e62e8a,25603bc3-a2e8-4208-8375-3d2162a005fe,855332,Warfarin Sodium 5 MG Oral Tablet,active,order,,1998-08-22T02:39:21+00:00
b3175cce-53fe-4d20-be52-9320005f32b6,25603bc3-a2e8-4208-8375-3d2162a005fe,897718,Verapamil Hydrochloride 40 MG,active,order,,1998-08-22T02:39:21+00:00
65c3a00d-f5e4-47c0-a6a8-a922e0cec6eb,25603bc3-a2e8-4208-8375-3d2162a005fe,197604,Digoxin 0.125 MG Oral Tablet,active,order,,1998-08-22T02:39:21+00:00
2e482213-adc9-4fe0-aab2-ffcf83e48e5c,25603bc3-a2e8-4208-8375-3d2162a005fe,309362,Clopidogrel 75 MG Oral Tablet,active,order,,2000-09-02T02:39:21+00:00
2f4903dd-f0eb-43c5-b0e3-2ea225a1f6db,25603bc3-a2e8-4208-8375-3d2162a005fe,1190795,Atropine Sulfate 1 MG/ML Injectable Solution,stopped,order,,2003-04-26T02:39:21+00:00
89c37036-4f3e-4c39-b947-35fd6bd9c45d,25603bc3-a2e8-4208-8375-3d2162a005fe,705129,Nitroglycerin 0.4 MG/ACTUAT Mucosal Spray,active,order,,2000-09-02T02:39:21+00:00
22e1f1b4-499c-4fbc-ab59-46455454638d,25603bc3-a2e8-4208-8375-3d2162a005fe,312961,Simvastatin 20 MG Oral Tablet,active,order,,2000-09-02T02:39:21+00:00
5d84036b-e354-46a3-93b1-794316b52d85,25603bc3-a2e8-4208-8375-3d2162a005fe,197361,Amlodipine 5 MG Oral Tablet,active,order,,2000-09-02T02:39:21+00:00
618d0899-876d-4d89-b3a0-947a5f3244bc,25603bc3-a2e8-4208-8375-3d2162a005fe,834357,3 ML Amiodarone hydrocholoride 50 MG/ML Prefilled Syringe,stopped,order,,2003-04-26T02:39:21+00:00
69cd9910-936d-46c8-aa92-f19b47a26ca3,6099858f-4c54-4c3e-a3f3-01e678457cc0,562251,Amoxicillin 250 MG / Clavulanate 125 MG Oral Tablet,stopped,order,,2013-08-28T13:27:37+00:00
a566fbde-d174-428f-b653-0804ed1f2933,91c91ff0-b32f-45e0-b921-54c84ff40a1d,316672,Simvistatin 10 MG,stopped,order,,1999-08-31T07:55:22+00:00
71a9cdc7-425a-4ee6-ab8f-c7c8139d22b0,91c91ff0-b32f-45e0-b921-54c84ff40a1d,313782,Acetaminophen 325 MG Oral Tablet,stopped,order,,2018-08-27T07:55:22+00:00
464e6251-231a-4542-b847-5d11f4d7eeed,91c91ff0-b32f-45e0-b921-54c84ff40a1d,316672,Simvistatin 10 MG,stopped,order,,2012-08-27T07:55:22+00:00
bb02778e-1236-4a83-b969-2e834edd25cb,91c91ff0-b32f-45e0-b921-54c84ff40a1d,316049,Hydrochlorothiazide 25 MG,active,order,,1967-11-21T07:55:22+00:00
fae8d944-35ab-4f98-b7d9-2519a9a88d19,91c91ff0-b32f-45e0-b921-54c84ff40a1d,316672,Simvistatin 10 MG,stopped,order,,2004-08-29T07:55:22+00:00
5a11700a-b9bb-4146-b640-c0f33f1d8014,91c91ff0-b32f-45e0-b921-54c84ff40a1d,316672,Simvistatin 10 MG,stopped,order,,2017-08-26T07:55:22+00:00
577563bb-dcb5-4046-b2e4-af5ae838332f,91c91ff0-b32f-45e0-b921-54c84ff40a1d,316672,Simvistatin 10 MG,stopped,order,,2013-08-27T07:55:22+00:00
3de87397-7e29-4f1c-b55a-eda121e17152,91c91ff0-b32f-45e0-b921-54c84ff40a1d,316672,Simvistatin 10 MG,active,order,,2020-08-25T07:55:22+00:00
642468e8-92ca-4130-9d08-c78b332a306c,91c91ff0-b32f-45e0-b921-54c84ff40a1d,316672,Simvistatin 10 MG,stopped,order,,2010-08-28T07:55:22+00:00
acde7fb5-a3dd-4fc3-96f9-8434ad95bf88,91c91ff0-b32f-45e0-b921-54c84ff40a1d,316672,Simvistatin 10 MG,stopped,order,,2002-08-30T07:55:22+00:00
c52548ed-f790-4f27-8be0-427d960444e8,91c91ff0-b32f-45e0-b921-54c84ff40a1d,316672,Simvistatin 10 MG,stopped,order,,2009-08-28T07:55:22+00:00
dc2ec23d-a61c-4c1f-84c7-f54a7c4458a4,91c91ff0-b32f-45e0-b921-54c84ff40a1d,896209,60 ACTUAT Fluticasone propionate 0.25 MG/ACTUAT / salmeterol 0.05 MG/ACTUAT Dry Powder Inhaler,active,order,,2010-06-01T07:55:22+00:00
88615ce2-5198-4daf-80af-b422581ca49b,91c91ff0-b32f-45e0-b921-54c84ff40a1d,316672,Simvistatin 10 MG,stopped,order,,2007-08-29T07:55:22+00:00
c18f340a-27a0-42fa-a2a9-abd35f7f6469,91c91ff0-b32f-45e0-b921-54c84ff40a1d,316672,Simvistatin 10 MG,stopped,order,,2001-08-30T07:55:22+00:00
5e9cb42d-742a-4ebd-a472-33b2851744ce,91c91ff0-b32f-45e0-b921-54c84ff40a1d,316672,Simvistatin 10 MG,stopped,order,,2006-08-29T07:55:22+00:00
0611ffa6-36c4-4407-8896-87c39d98920c,91c91ff0-b32f-45e0-b921-54c84ff40a1d,316672,Simvistatin 10 MG,stopped,order,,2015-08-27T07:55:22+00:00
8ce1455a-16fb-4d2a-8598-8920f126aa39,91c91ff0-b32f-45e0-b921-54c84ff40a1d,316672,Simvistatin 10 MG,stopped,order,,2005-08-29T07:55:22+00:00
2735cc79-9b91-4d35-bd02-ce300d8bb35f,91c91ff0-b32f-45e0-b921-54c84ff40a1d,316672,Simvistatin 10 MG,stopped,order,,2019-08-26T07:55:22+00:00
4a3ff4a7-400e-4592-86bf-d82d94c7ac0f,91c91ff0-b32f-45e0-b921-54c84ff40a1d,316672,Simvistatin 10 MG,stopped,order,,2011-08-28T07:55:22+00:00
8fb751ee-6106-4a9b-905d-1b1acfe7c2a5,91c91ff0-b32f-45e0-b921-54c84ff40a1d,316672,Simvistatin 10 MG,stopped,order,,2003-08-30T07:55:22+00:00
906d9c48-6802-4473-956d-da0303920467,91c91ff0-b32f-45e0-b921-54c84ff40a1d,316672,Simvistatin 10 MG,stopped,order,,2016-08-26T07:55:22+00:00
6784d46f-42f9-4a9f-b909-33e4a7908577,91c91ff0-b32f-45e0-b921-54c84ff40a1d,316672,Simvistatin 10 MG,stopped,order,,2018-08-26T07:55:22+00:00
f112d473-499b-4216-a65b-56e57a3943ad,91c91ff0-b32f-45e0-b921-54c84ff40a1d,316672,Simvistatin 10 MG,stopped,order,,2000-08-30T07:55:22+00:00
675f60d6-6c8f-49de-b9f0-1dd210cde3ca,91c91ff0-b32f-45e0-b921-54c84ff40a1d,316672,Simvistatin 10 MG,stopped,order,,2008-08-28T07:55:22+00:00
fd0346fa-759f-4ce3-bad4-5e03dd773f9b,91c91ff0-b32f-45e0-b921-54c84ff40a1d,316672,Simvistatin 10 MG,stopped,order,,2014-08-27T07:55:22+00:00
1238b96b-934f-4d8e-a44f-21b9852e4d68,7461384e-130e-4fb8-a4ba-c0c80fee3f7a,316049,Hydrochlorothiazide 25 MG,active,order,,2000-01-06T14:13:48+00:00
a5fe1f3f-8582-4b2c-b581-92b8571096a6,7461384e-130e-4fb8-a4ba-c0c80fee3f7a,831533,Errin 28 Day Pack,stopped,order,,2020-01-29T14:13:48+00:00
c4424f35-5c38-4b67-a381-aaee8aca72f8,7461384e-130e-4fb8-a4ba-c0c80fee3f7a,313782,Acetaminophen 325 MG Oral Tablet,stopped,order,,2017-07-22T14:13:48+00:00
1bc1386d-b6da-4ea0-b6b5-aa44f1b054ca,7461384e-130e-4fb8-a4ba-c0c80fee3f7a,831533,Errin 28 Day Pack,active,order,,2021-01-23T14:13:48+00:00
05047b51-4028-4ce7-ba7d-65dac0292b5a,7461384e-130e-4fb8-a4ba-c0c80fee3f7a,389221,Etonogestrel 68 MG Drug Implant,stopped,order,,2018-02-08T14:13:48+00:00
a78f1490-a273-4665-9d1f-2efc6742ef75,7461384e-130e-4fb8-a4ba-c0c80fee3f7a,831533,Errin 28 Day Pack,stopped,order,,2016-01-08T14:13:48+00:00
ccd1cf50-67cf-485e-a720-d7c5788f587b,7461384e-130e-4fb8-a4ba-c0c80fee3f7a,757594,Jolivette 28 Day Pack,stopped,order,,2019-02-03T14:13:48+00:00
5cfba5c8-5200-4389-b848-840fd00e7871,7461384e-130e-4fb8-a4ba-c0c80fee3f7a,1534809,168 HR Ethinyl Estradiol 0.00146 MG/HR / norelgestromin 0.00625 MG/HR Transdermal System,stopped,order,,2015-01-13T14:13:48+00:00
e4bf11e9-e0b6-4ffe-a502-4baadffbfa85,eecd5395-d638-4b9d-bb79-2d10a475459d,1049221,Acetaminophen 325 MG / oxyCODONE Hydrochloride 5 MG Oral Tablet,stopped,order,,1996-06-22T23:11:46+00:00
5a84e167-3495-466c-a0f9-590832e87d83,eecd5395-d638-4b9d-bb79-2d10a475459d,1049221,Acetaminophen 325 MG / oxyCODONE Hydrochloride 5 MG Oral Tablet,stopped,order,,1926-10-09T23:11:46+00:00
e428a297-1243-47b9-8dc7-e99199b2f5d1,eecd5395-d638-4b9d-bb79-2d10a475459d,313782,Acetaminophen 325 MG Oral Tablet,stopped,order,,1997-08-16T23:11:46+00:00
d0cbfe7a-3ec4-4ee9-a988-1fa9af5e6e49,eecd5395-d638-4b9d-bb79-2d10a475459d,310965,Ibuprofen 200 MG Oral Tablet,stopped,order,,1996-06-22T23:11:46+00:00
e891d090-fa83-4acd-a145-be1d155518ee,eecd5395-d638-4b9d-bb79-2d10a475459d,1804799,Alteplase 100 MG Injection,stopped,order,,1996-04-15T23:11:46+00:00
825edf01-e0be-4efa-a1a0-8e849c1ed8ca,51a34344-0cae-44ac-94ef-8d46bce612dc,316672,Simvistatin 10 MG,stopped,order,,2017-12-06T09:53:19+00:00
9d12e839-6a73-4416-aa07-6e33c0aa42e9,51a34344-0cae-44ac-94ef-8d46bce612dc,316672,Simvistatin 10 MG,active,order,,2020-12-05T09:53:19+00:00
c7dfb021-36ec-4c8d-86be-82b9836ca769,51a34344-0cae-44ac-94ef-8d46bce612dc,316672,Simvistatin 10 MG,stopped,order,,2018-12-06T09:53:19+00:00
e251209e-af03-4473-800d-c419f621c9e2,51a34344-0cae-44ac-94ef-8d46bce612dc,310965,Ibuprofen 200 MG Oral Tablet,stopped,order,,2016-11-15T09:53:19+00:00
185ae89a-f57e-423f-ac36-56abc6ffc282,51a34344-0cae-44ac-94ef-8d46bce612dc,1310197,Acetaminophen 300 MG / HYDROcodone Bitartrate 5 MG [Vicodin],stopped,order,,2016-06-26T09:53:19+00:00
30652c0d-2ec0-44b2-935e-0e6c0687a197,51a34344-0cae-44ac-94ef-8d46bce612dc,316049,Hydrochlorothiazide 25 MG,active,order,,1989-06-20T09:53:19+00:00
b47c3921-fa05-4ae2-9064-852f08352657,51a34344-0cae-44ac-94ef-8d46bce612dc,316672,Simvistatin 10 MG,stopped,order,,2016-12-06T09:53:19+00:00
cf18c598-72da-4cb1-b4c5-db19c06750c2,51a34344-0cae-44ac-94ef-8d46bce612dc,316672,Simvistatin 10 MG,stopped,order,,2019-12-06T09:53:19+00:00
144a05c8-6e7d-4268-ae2a-87e0eae2d19b,5c79bba4-62e4-46f5-862e-0a84a364dd33,1043400,Acetaminophen 21.7 MG/ML / Dextromethorphan Hydrobromide 1 MG/ML / doxylamine succinate 0.417 MG/ML Oral Solution,stopped,order,,2019-06-19T20:55:11+00:00
5d55b6da-2790-46d7-bf18-ecedbd79c8ab,5c79bba4-62e4-46f5-862e-0a84a364dd33,313782,Acetaminophen 325 MG Oral Tablet,stopped,order,,2011-11-03T20:55:11+00:00
edf48a18-44ca-40d2-961b-b2f82c5cba80,5c79bba4-62e4-46f5-862e-0a84a364dd33,904419,Alendronic acid 10 MG Oral Tablet,active,order,,2014-12-02T20:55:11+00:00
0e4e72f4-8043-434d-a04b-4f36b80826a8,3e757f52-60a6-49c0-972c-c9339605a836,834061,Penicillin V Potassium 250 MG Oral Tablet,stopped,order,,2020-01-15T04:58:45+00:00
7a13e7f3-d276-4efe-b14d-4e9fb815dab7,b91edab6-1db2-46e5-b074-d089e6fb5626,313782,Acetaminophen 325 MG Oral Tablet,stopped,order,,1998-06-24T00:56:59+00:00
3e58e6cc-35e1-42c8-b672-7ca60a3cf4e5,b91edab6-1db2-46e5-b074-d089e6fb5626,866414,24 HR metoprolol succinate 100 MG Extended Release Oral Tablet [Toprol],active,order,,2007-08-25T00:56:59+00:00
9d2c0534-902b-4c54-a2ad-69524abc2813,b91edab6-1db2-46e5-b074-d089e6fb5626,1719286,10 ML Furosemide 10 MG/ML Injection,active,order,,2008-02-21T00:56:59+00:00
7c1ff6e9-858e-4428-b5d2-033f93773e8a,b91edab6-1db2-46e5-b074-d089e6fb5626,315971,Lasix 40mg,active,order,,2007-08-25T00:56:59+00:00
84d1c2b7-f4f6-4b54-b388-4a930974448b,b91edab6-1db2-46e5-b074-d089e6fb5626,313782,Acetaminophen 325 MG Oral Tablet,stopped,order,,2005-03-07T00:56:59+00:00
3d575f54-67ff-41a1-b1c2-0f965b990d81,b91edab6-1db2-46e5-b074-d089e6fb5626,313782,Acetaminophen 325 MG Oral Tablet,stopped,order,,2007-05-27T00:56:59+00:00
0c807672-0892-4525-8963-32697432c3c0,9d0ca735-9ba6-451a-9a6c-9d356fd7150e,313782,Acetaminophen 325 MG Oral Tablet,stopped,order,,2018-01-22T10:44:22+00:00
52ad06a7-24fb-4ab8-b5e1-26fdaceb4078,7b9146b3-8b1b-4cf9-af36-530d8c4fcf05,308182,Amoxicillin 250 MG Oral Capsule,stopped,order,,2012-07-06T07:50:36+00:00
a406465d-dcb2-4d09-a5bd-8ae1594d9bd0,7b9146b3-8b1b-4cf9-af36-530d8c4fcf05,751905,Trinessa 28 Day Pack,active,order,,2020-11-20T07:50:36+00:00
6026306b-220b-430f-8a40-25fff6d5bf5d,7b9146b3-8b1b-4cf9-af36-530d8c4fcf05,198405,Ibuprofen 100 MG Oral Tablet,stopped,order,,2015-04-11T07:50:36+00:00
a0604bf9-0961-4119-bf4a-6b35062500c8,7b9146b3-8b1b-4cf9-af36-530d8c4fcf05,198405,Ibuprofen 100 MG Oral Tablet,stopped,order,,2012-07-06T07:50:36+00:00
56a9f81a-d37a-4ba6-b9fc-3ef5cc00d373,8adf7251-257f-4b45-8ef5-0a6b3b9fe0ef,313782,Acetaminophen 325 MG Oral Tablet,stopped,order,,2020-08-30T06:38:03+00:00
2ca8e3ef-9568-4c8a-b639-40c65069ce70,8adf7251-257f-4b45-8ef5-0a6b3b9fe0ef,406022,Fluoxetine 25MG,active,order,,1993-01-17T06:38:03+00:00
86c267dc-e655-4a0e-9046-00dc12ba1419,8adf7251-257f-4b45-8ef5-0a6b3b9fe0ef,406022,Fluoxetine 25MG,stopped,order,,1993-01-09T06:38:03+00:00
bdd12dd4-70a3-4974-9498-f07503fcbeb3,af62299e-c617-433e-a736-1470772d921f,316049,Hydrochlorothiazide 25 MG,active,order,,1998-01-06T04:05:38+00:00
376faa29-0303-46fa-8dde-b0db62d68f0f,af62299e-c617-433e-a736-1470772d921f,1043400,Acetaminophen 21.7 MG/ML / Dextromethorphan Hydrobromide 1 MG/ML / doxylamine succinate 0.417 MG/ML Oral Solution,stopped,order,,2017-08-11T04:05:38+00:00
7940c26d-82d4-44f6-a4d9-658573c33e98,6b223f89-e726-44da-81ad-03d30fc61254,316672,Simvistatin 10 MG,stopped,order,,2004-05-29T03:39:08+00:00
80d55649-33ff-4008-9ace-db1054ef04f8,6b223f89-e726-44da-81ad-03d30fc61254,316672,Simvistatin 10 MG,stopped,order,,1999-05-31T03:39:08+00:00
1427d9d5-0291-4f00-abba-4f2610d23cbb,6b223f89-e726-44da-81ad-03d30fc61254,855332,Warfarin Sodium 5 MG Oral Tablet,active,order,,2015-01-21T03:39:08+00:00
2d838cff-c135-4b7d-9a62-c420ae036a65,6b223f89-e726-44da-81ad-03d30fc61254,316672,Simvistatin 10 MG,stopped,order,,1998-05-31T03:39:08+00:00
32e37435-ba74-416e-9970-2305490b7c9e,6b223f89-e726-44da-81ad-03d30fc61254,316672,Simvistatin 10 MG,stopped,order,,2015-05-27T03:39:08+00:00
48d07b07-b278-47c3-bf69-c5422213d83e,6b223f89-e726-44da-81ad-03d30fc61254,316672,Simvistatin 10 MG,stopped,order,,2006-05-29T03:39:08+00:00
7624ca1d-260c-4b30-9120-bbc62a8c816f,6b223f89-e726-44da-81ad-03d30fc61254,316672,Simvistatin 10 MG,stopped,order,,1993-06-01T03:39:08+00:00
3f7a7f65-c8f7-4dea-aac0-eb5d3c925cac,6b223f89-e726-44da-81ad-03d30fc61254,316672,Simvistatin 10 MG,stopped,order,,1987-06-03T03:39:08+00:00
5d2134f4-130e-485d-b9cc-1ed639b86cca,6b223f89-e726-44da-81ad-03d30fc61254,316672,Simvistatin 10 MG,stopped,order,,1997-05-31T03:39:08+00:00
152f7906-f627-43f0-b4e0-39ced2279db3,6b223f89-e726-44da-81ad-03d30fc61254,316672,Simvistatin 10 MG,stopped,order,,2003-05-30T03:39:08+00:00
8fd1d244-e780-4f4a-b6be-90b733f6a78d,6b223f89-e726-44da-81ad-03d30fc61254,316672,Simvistatin 10 MG,stopped,order,,2005-05-29T03:39:08+00:00
3133513f-86c4-4baf-a768-efcd735e2dd0,6b223f89-e726-44da-81ad-03d30fc61254,316672,Simvistatin 10 MG,stopped,order,,2000-05-30T03:39:08+00:00
8b3774ab-5fb8-4a0e-ace5-cf4344b803a5,6b223f89-e726-44da-81ad-03d30fc61254,316672,Simvistatin 10 MG,stopped,order,,1989-06-02T03:39:08+00:00
774d633e-5cf4-477b-ad4c-03a92254bb2a,6b223f89-e726-44da-81ad-03d30fc61254,316672,Simvistatin 10 MG,stopped,order,,1988-06-02T03:39:08+00:00
658a1f5f-ef1d-4fdf-aebc-7068d50dc382,6b223f89-e726-44da-81ad-03d30fc61254,316672,Simvistatin 10 MG,active,order,,2020-05-25T03:39:08+00:00
0f7cd260-c8dd-4525-8ca0-a9756a96c61b,6b223f89-e726-44da-81ad-03d30fc61254,316672,Simvistatin 10 MG,stopped,order,,2009-05-28T03:39:08+00:00
87d71ea5-10b0-49fc-9c54-6ff06629baf8,6b223f89-e726-44da-81ad-03d30fc61254,316672,Simvistatin 10 MG,stopped,order,,2014-05-27T03:39:08+00:00
ab5d2970-82bc-4ceb-bf4f-bd95d685bdc1,6b223f89-e726-44da-81ad-03d30fc61254,316672,Simvistatin 10 MG,stopped,order,,1990-06-02T03:39:08+00:00
1b2ebd96-9840-496b-a4d2-985f037ee577,6b223f89-e726-44da-81ad-03d30fc61254,316672,Simvistatin 10 MG,stopped,order,,2018-05-26T03:39:08+00:00
37cfb2ef-94ae-4f0f-94e7-2fcad28d0465,6b223f89-e726-44da-81ad-03d30fc61254,316672,Simvistatin 10 MG,stopped,order,,2016-05-26T03:39:08+00:00
061ce9f5-e782-48aa-8c0d-489bf1e274e4,6b223f89-e726-44da-81ad-03d30fc61254,316672,Simvistatin 10 MG,stopped,order,,2010-05-28T03:39:08+00:00
72c7d019-5b3d-4bcc-8de0-982ff2e794ca,6b223f89-e726-44da-81ad-03d30fc61254,897718,Verapamil Hydrochloride 40 MG,active,order,,2015-01-21T03:39:08+00:00
f7bc690d-faf7-4f56-8128-137d27a34305,6b223f89-e726-44da-81ad-03d30fc61254,316672,Simvistatin 10 MG,stopped,order,,2002-05-30T03:39:08+00:00
866bb437-3d41-455b-aa18-e1718af15541,6b223f89-e726-44da-81ad-03d30fc61254,316672,Simvistatin 10 MG,stopped,order,,2017-05-26T03:39:08+00:00
bf33a8e1-cfdf-412a-bc40-aabfdf519b10,6b223f89-e726-44da-81ad-03d30fc61254,316672,Simvistatin 10 MG,stopped,order,,2011-05-28T03:39:08+00:00
9e653e56-3a79-4639-ae0c-ae1d0adaedf8,6b223f89-e726-44da-81ad-03d30fc61254,316672,Simvistatin 10 MG,stopped,order,,1994-06-01T03:39:08+00:00
323b66c6-b5be-47a8-b814-4dd135a81ba3,6b223f89-e726-44da-81ad-03d30fc61254,316672,Simvistatin 10 MG,stopped,order,,2012-05-27T03:39:08+00:00
3b16b8a3-eb7b-4bc3-893d-064764a12f7f,6b223f89-e726-44da-81ad-03d30fc61254,316672,Simvistatin 10 MG,stopped,order,,1992-06-01T03:39:08+00:00
d1706898-1fc7-4c66-b219-13dfc78482de,6b223f89-e726-44da-81ad-03d30fc61254,316672,Simvistatin 10 MG,stopped,order,,2019-05-26T03:39:08+00:00
f63dd8d6-c861-49df-8c13-f7184ade5482,6b223f89-e726-44da-81ad-03d30fc61254,849574,Naproxen sodium 220 MG Oral Tablet,stopped,order,,2017-06-19T03:39:08+00:00
c6703e83-7b90-46e2-b531-09f6f6d34cca,6b223f89-e726-44da-81ad-03d30fc61254,197604,Digoxin 0.125 MG Oral Tablet,active,order,,2015-01-21T03:39:08+00:00
d8db0923-a562-4ba9-8e97-3a1183b998e1,6b223f89-e726-44da-81ad-03d30fc61254,316672,Simvistatin 10 MG,stopped,order,,2007-05-29T03:39:08+00:00
afaf372f-c264-409a-971c-61615e545ce8,6b223f89-e726-44da-81ad-03d30fc61254,316672,Simvistatin 10 MG,stopped,order,,1996-05-31T03:39:08+00:00
d3da7ed4-9d2b-41af-9103-dd70858b2f7d,6b223f89-e726-44da-81ad-03d30fc61254,316672,Simvistatin 10 MG,stopped,order,,2001-05-30T03:39:08+00:00
7bf1cac4-0836-4127-b959-916467263628,6b223f89-e726-44da-81ad-03d30fc61254,316672,Simvistatin 10 MG,stopped,order,,2013-05-27T03:39:08+00:00
209d6f7e-d7b1-47f6-ab3b-d501a013f363,6b223f89-e726-44da-81ad-03d30fc61254,316672,Simvistatin 10 MG,stopped,order,,1991-06-02T03:39:08+00:00
6d6de994-de48-41c9-8bc1-8f06b7740d5f,6b223f89-e726-44da-81ad-03d30fc61254,316672,Simvistatin 10 MG,stopped,order,,1995-06-01T03:39:08+00:00
a3487ae6-1236-4b46-ad82-eaaf80840124,6b223f89-e726-44da-81ad-03d30fc61254,316672,Simvistatin 10 MG,stopped,order,,2008-05-28T03:39:08+00:00
f239fd4b-aca0-43ce-bab2-754498fb7193,b465d605-3571-49bc-9c06-e3e23f45cb50,1736776,10 ML oxaliplatin 5 MG/ML Injection,active,order,,1997-09-29T18:38:58+00:00
da1bcaac-946e-46a3-82e0-108f1fd03fdd,b465d605-3571-49bc-9c06-e3e23f45cb50,998582,Donepezil hydrochloride 23 MG [Aricept],active,order,,1999-10-22T18:38:58+00:00
6a7fc390-3f13-42cf-87fd-39b373f7f5c5,b465d605-3571-49bc-9c06-e3e23f45cb50,313782,Acetaminophen 325 MG Oral Tablet,stopped,order,,1998-12-23T18:38:58+00:00
5613cbc5-6ed4-4732-a533-f6eb5989132f,b465d605-3571-49bc-9c06-e3e23f45cb50,861467,Meperidine Hydrochloride 50 MG Oral Tablet,stopped,order,,2003-02-14T18:38:58+00:00
4dc3d81c-400a-419b-a5e1-d30501924c1e,b465d605-3571-49bc-9c06-e3e23f45cb50,313185,Tacrine 10 MG Oral Capsule,stopped,order,,1997-01-05T18:38:58+00:00
a8fe862f-ed04-4c5a-beed-bf6a953c43db,b465d605-3571-49bc-9c06-e3e23f45cb50,834357,3 ML Amiodarone hydrocholoride 50 MG/ML Prefilled Syringe,stopped,order,,1997-06-22T18:38:58+00:00
89af52f3-63d1-4b44-ba07-6b0541ae2c58,b465d605-3571-49bc-9c06-e3e23f45cb50,310965,Ibuprofen 200 MG Oral Tablet,stopped,order,,2003-02-14T18:38:58+00:00
f50626b2-c50b-4f69-85a5-911d26790df8,b465d605-3571-49bc-9c06-e3e23f45cb50,1660014,1 ML Epinephrine 1 MG/ML Injection,stopped,order,,1997-06-22T18:38:58+00:00
3c1741b7-a56d-4b9f-91dc-a88c1e9e1bea,b465d605-3571-49bc-9c06-e3e23f45cb50,1803932,Leucovorin 100 MG Injection,active,order,,1997-09-29T18:38:58+00:00
86e7c0d5-36da-4bfd-83c5-cdbe6fde7b10,b465d605-3571-49bc-9c06-e3e23f45cb50,1190795,Atropine Sulfate 1 MG/ML Injectable Solution,stopped,order,,1997-06-22T18:38:58+00:00
77641e26-2f4f-4252-909a-3178cdaa07eb,203dd3d9-adaf-44bd-b2ac-b7b2fa9ae1f4,562251,Amoxicillin 250 MG / Clavulanate 125 MG Oral Tablet,stopped,order,,2018-02-06T08:57:45+00:00
854e19ee-5856-4913-9d6a-22457e37efb9,203dd3d9-adaf-44bd-b2ac-b7b2fa9ae1f4,313782,Acetaminophen 325 MG Oral Tablet,stopped,order,,2016-09-11T08:57:45+00:00
0e884a62-cc58-4aca-b382-7265ddb0384a,c62c4edb-9793-47c7-9706-8bdfc30a91ad,1000126,1 ML medroxyprogesterone acetate 150 MG/ML Injection,stopped,order,,2020-02-27T23:00:47+00:00
5d3234d9-847b-4fc3-85d9-71f7797472cc,c62c4edb-9793-47c7-9706-8bdfc30a91ad,1043400,Acetaminophen 21.7 MG/ML / Dextromethorphan Hydrobromide 1 MG/ML / doxylamine succinate 0.417 MG/ML Oral Solution,stopped,order,,2012-02-16T23:00:47+00:00
fa0f5be2-1919-480d-966e-8c2bc0d30f35,c62c4edb-9793-47c7-9706-8bdfc30a91ad,313782,Acetaminophen 325 MG Oral Tablet,stopped,order,,2021-01-01T23:00:47+00:00
025202d7-95a7-4b1d-af45-5a00fa3fda83,c62c4edb-9793-47c7-9706-8bdfc30a91ad,749762,Seasonique 91 Day Pack,active,order,,2021-02-21T23:00:47+00:00
2cc0de4d-026b-4315-b16a-56a01c49cdb0,64cee79e-2414-482a-94e7-e7223936f904,904419,Alendronic acid 10 MG Oral Tablet,active,order,,2013-10-20T03:32:04+00:00
78c86f9e-66d7-49b3-8e6e-2ec4c5c4b902,1299e4b5-bed9-4574-9233-ddfeb48d5c42,757594,Jolivette 28 Day Pack,stopped,order,,2010-10-10T11:40:58+00:00
6317bcda-d346-449d-80c2-7c50cb4057c0,1299e4b5-bed9-4574-9233-ddfeb48d5c42,316049,Hydrochlorothiazide 25 MG,active,order,,1986-06-12T11:40:58+00:00
bcd2666b-f180-447a-b078-8608b8b17897,1299e4b5-bed9-4574-9233-ddfeb48d5c42,1000126,1 ML medroxyprogesterone acetate 150 MG/ML Injection,stopped,order,,2013-09-29T11:40:58+00:00
ae520053-22f0-401d-8d82-10bf6ea7aed2,1299e4b5-bed9-4574-9233-ddfeb48d5c42,310965,Ibuprofen 200 MG Oral Tablet,stopped,order,,2016-01-03T11:40:58+00:00
c6e68857-63d0-4bad-96a8-98e29c1208ec,1299e4b5-bed9-4574-9233-ddfeb48d5c42,389221,Etonogestrel 68 MG Drug Implant,stopped,order,,2011-10-05T11:40:58+00:00
38c7917c-ac2c-49a1-9e5c-4b46e37ce40e,1299e4b5-bed9-4574-9233-ddfeb48d5c42,1000126,1 ML medroxyprogesterone acetate 150 MG/ML Injection,stopped,order,,2017-09-16T11:40:58+00:00
2be7c2cd-dd2c-486a-a3f7-1d8d006bc09e,1299e4b5-bed9-4574-9233-ddfeb48d5c42,757594,Jolivette 28 Day Pack,stopped,order,,2016-09-21T11:40:58+00:00
b9118eb7-f1ab-4e5a-b28c-5bf3ea734013,1299e4b5-bed9-4574-9233-ddfeb48d5c42,748962,Camila 28 Day Pack,stopped,order,,2015-09-27T11:40:58+00:00
703c4121-db4b-40d1-b9a3-fc6f26c6bcf6,1299e4b5-bed9-4574-9233-ddfeb48d5c42,861467,Meperidine Hydrochloride 50 MG Oral Tablet,stopped,order,,2016-01-03T11:40:58+00:00
924b63a4-0896-4a95-9389-b6cda4f91e13,1299e4b5-bed9-4574-9233-ddfeb48d5c42,562251,Amoxicillin 250 MG / Clavulanate 125 MG Oral Tablet,stopped,order,,2020-11-25T11:40:58+00:00
e10e565f-ef6a-400e-a8e5-0e1723d7a56a,1299e4b5-bed9-4574-9233-ddfeb48d5c42,807283,Mirena 52 MG Intrauterine System,stopped,order,,2012-09-29T11:40:58+00:00
059ba759-2f65-4e67-b9a8-829e8f2171c6,02f19698-ca4a-4a67-b343-0819ff6fce66,316672,Simvistatin 10 MG,stopped,order,,1978-09-28T21:51:36+00:00
38d9fdc9-4878-4a0f-bcfb-053779ff0ab5,02f19698-ca4a-4a67-b343-0819ff6fce66,316672,Simvistatin 10 MG,stopped,order,,1989-09-25T21:51:36+00:00
03a1a827-7bb7-4b2c-ae35-684c1c019352,02f19698-ca4a-4a67-b343-0819ff6fce66,316672,Simvistatin 10 MG,stopped,order,,2005-09-21T21:51:36+00:00
20b4f732-2b27-4129-a346-ffaa759cc8e5,02f19698-ca4a-4a67-b343-0819ff6fce66,316672,Simvistatin 10 MG,stopped,order,,1988-09-25T21:51:36+00:00
6c08adbc-eac4-44ea-ac41-6f3b39c3cebf,02f19698-ca4a-4a67-b343-0819ff6fce66,316672,Simvistatin 10 MG,stopped,order,,1992-09-24T21:51:36+00:00
33cf5340-ebd0-495c-96ea-e39697bd618e,02f19698-ca4a-4a67-b343-0819ff6fce66,316672,Simvistatin 10 MG,stopped,order,,2004-09-21T21:51:36+00:00
814b3f75-8bca-4562-8de1-c102230e38f9,02f19698-ca4a-4a67-b343-0819ff6fce66,316672,Simvistatin 10 MG,stopped,order,,1999-09-23T21:51:36+00:00
389d3d7f-9725-469d-8273-56dd8f942289,02f19698-ca4a-4a67-b343-0819ff6fce66,316672,Simvistatin 10 MG,stopped,order,,1976-09-28T21:51:36+00:00
d90e395d-1f69-4276-9cbb-58d52e5c1178,02f19698-ca4a-4a67-b343-0819ff6fce66,316672,Simvistatin 10 MG,stopped,order,,1998-09-23T21:51:36+00:00
508eb81d-6f34-4e2a-a33e-89fa6b8b545f,02f19698-ca4a-4a67-b343-0819ff6fce66,866414,24 HR metoprolol succinate 100 MG Extended Release Oral Tablet [Toprol],active,order,,2004-07-06T21:51:36+00:00
f22f642e-df8d-4612-a3e8-3f0a522b29fe,02f19698-ca4a-4a67-b343-0819ff6fce66,316672,Simvistatin 10 MG,stopped,order,,1987-09-26T21:51:36+00:00
bed765f4-8f93-4885-a15d-1c00792f771f,02f19698-ca4a-4a67-b343-0819ff6fce66,316672,Simvistatin 10 MG,stopped,order,,1975-09-29T21:51:36+00:00
eaf6a4fb-41e9-4c76-8741-3c25f1b221d2,02f19698-ca4a-4a67-b343-0819ff6fce66,316672,Simvistatin 10 MG,stopped,order,,1980-09-27T21:51:36+00:00
579c9809-8e90-47f7-9591-e7861870a19a,02f19698-ca4a-4a67-b343-0819ff6fce66,310965,Ibuprofen 200 MG Oral Tablet,stopped,order,,2005-01-29T21:51:36+00:00
829bb574-b58c-4201-884f-cd43972b8b72,02f19698-ca4a-4a67-b343-0819ff6fce66,316672,Simvistatin 10 MG,stopped,order,,1991-09-25T21:51:36+00:00
054b668f-2c0c-40ad-b466-04a08a67643d,02f19698-ca4a-4a67-b343-0819ff6fce66,316672,Simvistatin 10 MG,stopped,order,,1997-09-23T21:51:36+00:00
8bb3c6d6-059f-4c20-9a58-9cc933636c8a,02f19698-ca4a-4a67-b343-0819ff6fce66,316672,Simvistatin 10 MG,stopped,order,,1994-09-24T21:51:36+00:00
4deef85a-f5c7-46a7-864c-db54ea9c420b,02f19698-ca4a-4a67-b343-0819ff6fce66,316672,Simvistatin 10 MG,stopped,order,,2002-09-22T21:51:36+00:00
c2c159eb-f021-4599-961e-aa26774518f8,02f19698-ca4a-4a67-b343-0819ff6fce66,316672,Simvistatin 10 MG,active,order,,2006-09-21T21:51:36+00:00
5c7f84b8-5ce5-478f-9728-093967be55be,02f19698-ca4a-4a67-b343-0819ff6fce66,316672,Simvistatin 10 MG,stopped,order,,1985-09-26T21:51:36+00:00
e1516fb7-bc35-4afc-87e7-0e8c931760d2,02f19698-ca4a-4a67-b343-0819ff6fce66,315971,Lasix 40mg,active,order,,2004-07-06T21:51:36+00:00
badd871c-31c2-45a0-9b81-8a50fc2d9e93,02f19698-ca4a-4a67-b343-0819ff6fce66,316672,Simvistatin 10 MG,stopped,order,,1979-09-28T21:51:36+00:00
8b5be6d5-3fea-4346-bcb8-429e447f5ce1,02f19698-ca4a-4a67-b343-0819ff6fce66,316672,Simvistatin 10 MG,stopped,order,,1996-09-23T21:51:36+00:00
59728e97-b0c8-4283-8725-6e5b72e44f5d,02f19698-ca4a-4a67-b343-0819ff6fce66,316672,Simvistatin 10 MG,stopped,order,,1983-09-27T21:51:36+00:00
cce5a264-c8c2-47a5-9089-4b8be0619f0d,02f19698-ca4a-4a67-b343-0819ff6fce66,316672,Simvistatin 10 MG,stopped,order,,1990-09-25T21:51:36+00:00
e04ba387-6bcd-438b-8a55-418a70472dd2,02f19698-ca4a-4a67-b343-0819ff6fce66,316672,Simvistatin 10 MG,stopped,order,,1993-09-24T21:51:36+00:00
7295bbd9-bbf8-4888-a903-7baf818a69f7,02f19698-ca4a-4a67-b343-0819ff6fce66,316672,Simvistatin 10 MG,stopped,order,,2001-09-22T21:51:36+00:00
0f22752a-9a21-4f76-b736-21774b00291e,02f19698-ca4a-4a67-b343-0819ff6fce66,316672,Simvistatin 10 MG,stopped,order,,1995-09-24T21:51:36+00:00
57df69f9-06a0-4fb1-9289-a5d4ae0da128,02f19698-ca4a-4a67-b343-0819ff6fce66,1719286,10 ML Furosemide 10 MG/ML Injection,active,order,,2006-12-23T21:51:36+00:00
84af46fe-fcdf-43d0-8eea-558678272744,02f19698-ca4a-4a67-b343-0819ff6fce66,316672,Simvistatin 10 MG,stopped,order,,1981-09-27T21:51:36+00:00
ba16944c-676f-4e1c-9dd6-a33fe60fe3cf,02f19698-ca4a-4a67-b343-0819ff6fce66,316672,Simvistatin 10 MG,stopped,order,,2003-09-22T21:51:36+00:00
49158c10-6428-4049-8f08-2f80b474af0c,02f19698-ca4a-4a67-b343-0819ff6fce66,316672,Simvistatin 10 MG,stopped,order,,2000-09-22T21:51:36+00:00
01e80d6c-3c5a-4ee1-b907-1dd434d44065,02f19698-ca4a-4a67-b343-0819ff6fce66,316672,Simvistatin 10 MG,stopped,order,,1986-09-26T21:51:36+00:00
26b7a63e-5a55-4d2b-9e25-1ab9d46cc3fb,02f19698-ca4a-4a67-b343-0819ff6fce66,316672,Simvistatin 10 MG,stopped,order,,1977-09-28T21:51:36+00:00
03199843-b008-441b-b16d-08cb5b160b4f,02f19698-ca4a-4a67-b343-0819ff6fce66,316672,Simvistatin 10 MG,stopped,order,,1982-09-27T21:51:36+00:00
ca168db3-679f-4052-816d-d3eda054f72b,02f19698-ca4a-4a67-b343-0819ff6fce66,316672,Simvistatin 10 MG,stopped,order,,1984-09-26T21:51:36+00:00
492852e4-85d4-4b15-8302-a541b5afc177,61743a71-05b3-455d-802f-c379ffc65b40,751905,Trinessa 28 Day Pack,stopped,order,,2019-07-09T12:41:29+00:00
14a7c763-bb3e-489f-8985-9c1e1f7a7e42,61743a71-05b3-455d-802f-c379ffc65b40,282464,Acetaminophen 160 MG Oral Tablet,stopped,order,,2012-07-22T12:41:29+00:00
3b9e3fe5-4bbb-465b-ad4b-8a5af89aa3db,61743a71-05b3-455d-802f-c379ffc65b40,313782,Acetaminophen 325 MG Oral Tablet,stopped,order,,2019-03-09T12:41:29+00:00
2bb0dc68-79d0-463b-872f-f67154ac625f,61743a71-05b3-455d-802f-c379ffc65b40,997488,Fexofenadine hydrochloride 30 MG Oral Tablet,active,order,,2005-08-22T12:41:29+00:00
bf108f73-5702-487c-b635-1b063aa22eea,61743a71-05b3-455d-802f-c379ffc65b40,282464,Acetaminophen 160 MG Oral Tablet,stopped,order,,2011-09-09T12:41:29+00:00
33af3172-70e9-4406-9ab2-fd901618db37,61743a71-05b3-455d-802f-c379ffc65b40,1870230,NDA020800 0.3 ML Epinephrine 1 MG/ML Auto-Injector,active,order,,2005-08-28T12:41:29+00:00
2ec15879-6ede-4324-baf6-b96dbc7edfbd,61743a71-05b3-455d-802f-c379ffc65b40,751905,Trinessa 28 Day Pack,active,order,,2020-07-03T12:41:29+00:00
1eb6555f-f96d-4442-9ecc-680738873f20,61743a71-05b3-455d-802f-c379ffc65b40,751905,Trinessa 28 Day Pack,stopped,order,,2018-07-14T12:41:29+00:00
56d5af66-bd3e-4ebe-83ef-d44d9935b1dd,61743a71-05b3-455d-802f-c379ffc65b40,308182,Amoxicillin 250 MG Oral Capsule,stopped,order,,2012-07-22T12:41:29+00:00
e6c4ff13-4d4a-4864-b5fc-4afb4755b995,fe511514-cff6-4951-8b42-a9ecb773170f,749762,Seasonique 91 Day Pack,stopped,order,,2012-10-22T13:44:51+00:00
5d4d99c7-d36b-42ba-8e9d-8933cef1f519,fe511514-cff6-4951-8b42-a9ecb773170f,310965,Ibuprofen 200 MG Oral Tablet,stopped,order,,2013-05-29T13:44:51+00:00
1333c1c5-6c99-4c12-b1bc-fa7bb48ee48c,fe511514-cff6-4951-8b42-a9ecb773170f,748856,Yaz 28 Day Pack,stopped,order,,2019-09-16T13:44:51+00:00
91c06cb4-3b46-4f6a-9008-a555710c154e,fe511514-cff6-4951-8b42-a9ecb773170f,310965,Ibuprofen 200 MG Oral Tablet,stopped,order,,2016-01-05T13:44:51+00:00
a3cd15d4-22bb-4a56-ae9a-3f98602dd307,fe511514-cff6-4951-8b42-a9ecb773170f,313782,Acetaminophen 325 MG Oral Tablet,stopped,order,,2011-08-03T13:44:51+00:00
aefae993-ec80-4ded-8e81-9f4a19644b7e,fe511514-cff6-4951-8b42-a9ecb773170f,1043400,Acetaminophen 21.7 MG/ML / Dextromethorphan Hydrobromide 1 MG/ML / doxylamine succinate 0.417 MG/ML Oral Solution,stopped,order,,2013-09-09T13:44:51+00:00
5381eedc-98e3-4454-b3a6-ef84144a62ea,ca3d7b05-f954-4490-a2fd-6905ca5a9a26,1804799,Alteplase 100 MG Injection,stopped,order,,2012-06-02T19:20:06+00:00
938f5e28-e512-4580-9974-51b556537c49,ca3d7b05-f954-4490-a2fd-6905ca5a9a26,562251,Amoxicillin 250 MG / Clavulanate 125 MG Oral Tablet,stopped,order,,2005-07-12T19:20:06+00:00
8d1a1137-dcb9-4570-889f-215f1ad7ba2a,ca3d7b05-f954-4490-a2fd-6905ca5a9a26,834102,Penicillin V Potassium 500 MG Oral Tablet,stopped,order,,2009-11-17T19:20:06+00:00
05de723a-8200-4bcc-95f8-6905254bf618,ca3d7b05-f954-4490-a2fd-6905ca5a9a26,197604,Digoxin 0.125 MG Oral Tablet,active,order,,1994-08-20T19:20:06+00:00
0540eebe-ecce-45f2-bfa4-19074ac4b4a5,ca3d7b05-f954-4490-a2fd-6905ca5a9a26,309362,Clopidogrel 75 MG Oral Tablet,stopped,order,,2012-06-02T19:20:06+00:00
1309381b-f65a-466a-8685-bf9414a369b6,ca3d7b05-f954-4490-a2fd-6905ca5a9a26,855332,Warfarin Sodium 5 MG Oral Tablet,active,order,,1994-08-20T19:20:06+00:00
6dd56ac5-2807-4162-ba1e-15963c02367a,ca3d7b05-f954-4490-a2fd-6905ca5a9a26,897718,Verapamil Hydrochloride 40 MG,active,order,,1994-08-20T19:20:06+00:00
f1a47367-64ff-43e6-8032-67cb706ae769,75a4631d-2cd8-4c77-afb6-740bad394ea1,562251,Amoxicillin 250 MG / Clavulanate 125 MG Oral Tablet,stopped,order,,2001-07-27T07:57:54+00:00
0b38c6f7-f7a9-46db-93b5-8d37fc222980,75a4631d-2cd8-4c77-afb6-740bad394ea1,866414,24 HR metoprolol succinate 100 MG Extended Release Oral Tablet [Toprol],active,order,,2006-08-25T07:57:54+00:00
7fc7610c-b15a-4a87-9be8-99dbb41581e0,75a4631d-2cd8-4c77-afb6-740bad394ea1,106258,Hydrocortisone 10 MG/ML Topical Cream,active,order,,1984-07-29T07:57:54+00:00
c8b88d1f-0f9f-41fe-b6cf-9a3a6ea7781b,75a4631d-2cd8-4c77-afb6-740bad394ea1,197361,Amlodipine 5 MG Oral Tablet,active,order,,2008-02-25T07:57:54+00:00
fd93957b-90ad-4e07-8602-238e7eef25b3,75a4631d-2cd8-4c77-afb6-740bad394ea1,309362,Clopidogrel 75 MG Oral Tablet,active,order,,2008-02-25T07:57:54+00:00
208099db-e1d1-4943-a7aa-56d634ba1e41,75a4631d-2cd8-4c77-afb6-740bad394ea1,197378,Astemizole 10 MG Oral Tablet,active,order,,1984-08-09T07:57:54+00:00
50e8c72d-f20e-4ba6-8424-894d494c819c,75a4631d-2cd8-4c77-afb6-740bad394ea1,860975,24 HR Metformin hydrochloride 500 MG Extended Release Oral Tablet,active,order,,1988-08-22T07:57:54+00:00
8fbe7da8-1471-4991-8b93-0de577490bbf,75a4631d-2cd8-4c77-afb6-740bad394ea1,312961,Simvastatin 20 MG Oral Tablet,active,order,,2008-02-25T07:57:54+00:00
1a9583d9-f95f-4dc0-bf07-9d2817a5fc62,75a4631d-2cd8-4c77-afb6-740bad394ea1,1043400,Acetaminophen 21.7 MG/ML / Dextromethorphan Hydrobromide 1 MG/ML / doxylamine succinate 0.417 MG/ML Oral Solution,stopped,order,,1998-11-21T07:57:54+00:00
31c205c8-ba55-4fea-9d0c-84a0cff5bac6,75a4631d-2cd8-4c77-afb6-740bad394ea1,1719286,10 ML Furosemide 10 MG/ML Injection,active,order,,2008-08-14T07:57:54+00:00
20932716-b9c8-42f1-a9b1-96c5d4900f4f,75a4631d-2cd8-4c77-afb6-740bad394ea1,705129,Nitroglycerin 0.4 MG/ACTUAT Mucosal Spray,active,order,,2008-02-25T07:57:54+00:00
69f8cb51-1b5b-423c-be33-69381d444797,75a4631d-2cd8-4c77-afb6-740bad394ea1,315971,Lasix 40mg,active,order,,2006-08-25T07:57:54+00:00
052ed797-57a7-45c3-a4b5-fbb83cff5516,d4b7793b-d7f8-4621-93df-1269712bd566,1094107,Phenazopyridine hydrochloride 100 MG Oral Tablet,stopped,order,,2013-02-15T05:24:16+00:00
121b314a-5ac7-4b1f-86ce-62ee654f46e6,d4b7793b-d7f8-4621-93df-1269712bd566,751905,Trinessa 28 Day Pack,active,order,,2020-08-17T05:24:16+00:00
be4da664-2d46-4cc6-b5e8-a6285752896f,d4b7793b-d7f8-4621-93df-1269712bd566,311995,"NITROFURANTOIN, MACROCRYSTALS 50 MG Oral Capsule",stopped,order,,2013-02-22T05:24:16+00:00
7be1f01b-1eeb-4981-b89f-a01540f3a786,d4b7793b-d7f8-4621-93df-1269712bd566,313782,Acetaminophen 325 MG Oral Tablet,stopped,order,,2020-08-25T05:24:16+00:00
41dac1df-f960-45ab-bd33-fe86fbc2c808,d4b7793b-d7f8-4621-93df-1269712bd566,748856,Yaz 28 Day Pack,stopped,order,,2012-12-15T05:24:16+00:00
42539c95-37cd-44b5-984b-49101dc8cd03,d4b7793b-d7f8-4621-93df-1269712bd566,313782,Acetaminophen 325 MG Oral Tablet,stopped,order,,2014-06-01T05:24:16+00:00
a54eca44-d45c-4e5f-a70b-25d87aec86fa,d4b7793b-d7f8-4621-93df-1269712bd566,311989,Nitrofurantoin 5 MG/ML Oral Suspension,stopped,order,,2013-02-15T05:24:16+00:00
6b097a94-ebaf-4399-8e3d-2100b7ecbe6d,d4b7793b-d7f8-4621-93df-1269712bd566,313782,Acetaminophen 325 MG Oral Tablet,stopped,order,,2011-08-02T05:24:16+00:00
4364d743-7df2-4a63-8769-2374125d6fe1,6c66913a-080e-42b7-ad79-b27dcab53e85,282464,Acetaminophen 160 MG Oral Tablet,stopped,order,,2011-04-05T16:39:50+00:00
0d64d958-b4a0-483b-9bcd-b2e3aed7329e,6c66913a-080e-42b7-ad79-b27dcab53e85,1870230,NDA020800 0.3 ML Epinephrine 1 MG/ML Auto-Injector,active,order,,2006-07-06T16:39:50+00:00
6d2d7d8e-56d9-4763-8846-5de4e273d880,6c66913a-080e-42b7-ad79-b27dcab53e85,312617,predniSONE 5 MG Oral Tablet,stopped,order,,2019-05-18T18:39:50+00:00
c919c876-9dee-44a2-8ab2-6106f44a8616,6c66913a-080e-42b7-ad79-b27dcab53e85,310965,Ibuprofen 200 MG Oral Tablet,stopped,order,,2019-09-04T16:39:50+00:00
a2c2d82e-878a-4b84-ac42-52e253bca03d,6c66913a-080e-42b7-ad79-b27dcab53e85,997488,Fexofenadine hydrochloride 30 MG Oral Tablet,active,order,,2006-07-06T16:39:50+00:00
fbf25b73-f9d3-45a5-910d-55bf423ab1f2,0c15e136-827d-4d70-a5b1-a63bf159b31c,849574,Naproxen sodium 220 MG Oral Tablet,stopped,order,,1980-05-23T18:38:58+00:00
3669bd48-913c-4391-989f-2a8658807d19,0c15e136-827d-4d70-a5b1-a63bf159b31c,2001499,Vitamin B 12 5 MG/ML Injectable Solution,active,order,,2006-05-29T18:38:58+00:00
05faebf5-c249-4f28-8c73-d2f3cd9d7097,0c15e136-827d-4d70-a5b1-a63bf159b31c,1049221,Acetaminophen 325 MG / oxyCODONE Hydrochloride 5 MG Oral Tablet,stopped,order,,2001-04-04T18:38:58+00:00
02f831c7-a7d3-4390-9ad2-ab2625acb084,0c15e136-827d-4d70-a5b1-a63bf159b31c,315971,Lasix 40mg,active,order,,2006-06-19T18:38:58+00:00
c04eb246-4100-4439-bfb8-a7da0909819f,0c15e136-827d-4d70-a5b1-a63bf159b31c,866414,24 HR metoprolol succinate 100 MG Extended Release Oral Tablet [Toprol],active,order,,2006-06-19T18:38:58+00:00
21ae78ee-066d-45d7-b191-d44caa371903,0c15e136-827d-4d70-a5b1-a63bf159b31c,1719286,10 ML Furosemide 10 MG/ML Injection,active,order,,2006-12-16T18:38:58+00:00
ef9e090c-2b30-4c97-aeaa-288058015691,cd3f83d7-5cf6-4722-b468-e8c2ddeccabc,1856546,Kyleena 19.5 MG Intrauterine System,stopped,order,,2017-11-18T22:48:51+00:00
f9e7b1ee-f79e-46f6-be2c-13ddf86880d3,cd3f83d7-5cf6-4722-b468-e8c2ddeccabc,1870230,NDA020800 0.3 ML Epinephrine 1 MG/ML Auto-Injector,active,order,,2003-06-03T22:48:51+00:00
b69f3433-89e1-4e8f-a738-b4c0ece939d1,cd3f83d7-5cf6-4722-b468-e8c2ddeccabc,562251,Amoxicillin 250 MG / Clavulanate 125 MG Oral Tablet,stopped,order,,2013-12-29T22:48:51+00:00
fe897e81-631c-46f0-86f9-7871801a63d9,cd3f83d7-5cf6-4722-b468-e8c2ddeccabc,748962,Camila 28 Day Pack,stopped,order,,2018-11-17T22:48:51+00:00
9a6a49d5-10b5-49f1-b5b9-31e80b537c7b,cd3f83d7-5cf6-4722-b468-e8c2ddeccabc,1043400,Acetaminophen 21.7 MG/ML / Dextromethorphan Hydrobromide 1 MG/ML / doxylamine succinate 0.417 MG/ML Oral Solution,stopped,order,,2011-07-24T22:48:51+00:00
2635be1c-a68c-4873-9a34-cc2418aa7901,cd3f83d7-5cf6-4722-b468-e8c2ddeccabc,562251,Amoxicillin 250 MG / Clavulanate 125 MG Oral Tablet,stopped,order,,2018-01-05T22:48:51+00:00
1aef3ed1-9f42-4f7c-af82-ade419562e2a,cd3f83d7-5cf6-4722-b468-e8c2ddeccabc,665078,Loratadine 5 MG Chewable Tablet,active,order,,2003-06-03T22:48:51+00:00
c76d8fb7-2184-453b-9d39-ad296868184d,718413e0-9b98-4c34-9575-fdb4e5179738,748962,Camila 28 Day Pack,stopped,order,,2012-03-26T15:21:04+00:00
6b76c246-aeb4-42cf-9e9d-832b11913515,718413e0-9b98-4c34-9575-fdb4e5179738,1000126,1 ML medroxyprogesterone acetate 150 MG/ML Injection,stopped,order,,2014-03-16T15:21:04+00:00
5e7bc555-2bf4-4a21-87f6-be5588b34c81,718413e0-9b98-4c34-9575-fdb4e5179738,757594,Jolivette 28 Day Pack,stopped,order,,2013-03-21T15:21:04+00:00
888257f0-c61d-4e1d-ac9f-95e2700c1f1b,718413e0-9b98-4c34-9575-fdb4e5179738,316049,Hydrochlorothiazide 25 MG,active,order,,2005-11-14T15:21:04+00:00
b9c1070b-6009-4334-b66c-1aaaa43131bc,718413e0-9b98-4c34-9575-fdb4e5179738,562251,Amoxicillin 250 MG / Clavulanate 125 MG Oral Tablet,stopped,order,,2019-07-15T15:21:04+00:00
5f438f3f-eb53-4c55-ba03-aa08c0536c60,718413e0-9b98-4c34-9575-fdb4e5179738,313782,Acetaminophen 325 MG Oral Tablet,stopped,order,,2019-04-23T15:21:04+00:00
06287aec-cdf8-4921-8ed4-b7ab156905bc,9184e31a-a2b3-4b8d-9032-d5377cabaa08,745679,200 ACTUAT Albuterol 0.09 MG/ACTUAT Metered Dose Inhaler,active,order,,2014-03-07T18:25:32+00:00
df3d40f8-6a53-4034-bc28-16e78555c52a,9184e31a-a2b3-4b8d-9032-d5377cabaa08,895994,120 ACTUAT Fluticasone propionate 0.044 MG/ACTUAT Metered Dose Inhaler,active,order,,2014-03-07T18:25:32+00:00
24470b41-b096-4d27-8dc0-76f573071913,9184e31a-a2b3-4b8d-9032-d5377cabaa08,1014676,cetirizine hydrochloride 5 MG Oral Tablet,active,order,,2014-03-21T18:25:32+00:00
bd3ccaae-838b-4152-a6ad-503f009b53fc,9184e31a-a2b3-4b8d-9032-d5377cabaa08,562251,Amoxicillin 250 MG / Clavulanate 125 MG Oral Tablet,stopped,order,,2014-11-15T18:25:32+00:00
1cb99d89-a427-4bff-a1d7-8c31d5e76ba4,9184e31a-a2b3-4b8d-9032-d5377cabaa08,1870230,NDA020800 0.3 ML Epinephrine 1 MG/ML Auto-Injector,active,order,,2014-03-28T18:25:32+00:00
b365644b-aa9c-441a-9b97-7b3b79e267c6,9184e31a-a2b3-4b8d-9032-d5377cabaa08,198405,Ibuprofen 100 MG Oral Tablet,stopped,order,,2012-11-20T18:25:32+00:00
8e0285d6-b49c-4cdd-985d-db98f515b914,5654564d-5ae1-407c-8bcc-e7f96f773633,316049,Hydrochlorothiazide 25 MG,active,order,,1992-08-14T19:47:34+00:00
c8986289-72aa-4586-b544-96cfa01776da,5654564d-5ae1-407c-8bcc-e7f96f773633,198014,Naproxen 500 MG Oral Tablet,stopped,order,,2020-01-14T19:47:34+00:00
75ddc546-0fca-4325-9ed5-7ded8d5fdea6,5654564d-5ae1-407c-8bcc-e7f96f773633,310965,Ibuprofen 200 MG Oral Tablet,stopped,order,,2011-11-08T19:47:34+00:00
d7fe507e-7bd7-49a1-ba2b-a2f98dc07418,5654564d-5ae1-407c-8bcc-e7f96f773633,2001499,Vitamin B 12 5 MG/ML Injectable Solution,active,order,,2016-02-05T19:47:34+00:00
252e0977-2cf7-4ebd-bae6-d56b4306344c,5654564d-5ae1-407c-8bcc-e7f96f773633,197319,Allopurinol 100 MG Oral Tablet,stopped,order,,2020-01-14T19:47:34+00:00
11105726-7c2b-4073-a7a8-1b2c8f28149d,5654564d-5ae1-407c-8bcc-e7f96f773633,310965,Ibuprofen 200 MG Oral Tablet,stopped,order,,2013-11-18T19:47:34+00:00
2354d36f-6605-4941-acfd-7bd8ed7bcd45,b3e91d87-e3a1-47f4-88ff-7013fd4a6a93,198405,Ibuprofen 100 MG Oral Tablet,stopped,order,,2011-12-27T02:55:17+00:00
484d1630-b5bd-4ae5-acda-b4a7dc955e14,f26c357d-6c69-401f-a505-0413901cb401,834102,Penicillin V Potassium 500 MG Oral Tablet,stopped,order,,2015-04-01T10:48:09+00:00
a93aeead-c412-4350-9f59-cc92c95d25f8,f26c357d-6c69-401f-a505-0413901cb401,316049,Hydrochlorothiazide 25 MG,active,order,,2010-10-11T10:48:09+00:00
83a93f95-cd33-455e-8ccf-22c7f0849e08,f26c357d-6c69-401f-a505-0413901cb401,310965,Ibuprofen 200 MG Oral Tablet,stopped,order,,2014-10-05T10:48:09+00:00
2bde6614-56e3-4121-a37b-bc390ad3f152,e86e9cae-89a3-44bf-9033-32a2d56f5113,310436,Galantamine 4 MG Oral Tablet,stopped,order,,2007-07-28T07:44:08+00:00
f99b8a6d-7f23-4fe7-a5e2-6e190da1ff59,e86e9cae-89a3-44bf-9033-32a2d56f5113,904419,Alendronic acid 10 MG Oral Tablet,active,order,,2018-09-29T07:44:08+00:00
dae7fc2b-9c28-4da5-877b-6a3022a9c307,e86e9cae-89a3-44bf-9033-32a2d56f5113,996740,Memantine hydrochloride 2 MG/ML Oral Solution,active,order,,2008-11-19T07:44:08+00:00
a044c9a4-a92c-406d-848f-2dbbbc89a1d5,e86e9cae-89a3-44bf-9033-32a2d56f5113,313782,Acetaminophen 325 MG Oral Tablet,stopped,order,,2013-09-10T07:44:08+00:00
ff5449c3-90d3-4aac-b466-2cd6b2a2a507,e86e9cae-89a3-44bf-9033-32a2d56f5113,198031,24hr nicotine transdermal patch,active,order,,1966-06-18T07:44:08+00:00
fe6a360c-6f27-4931-b573-5b1cb0d8404c,e86e9cae-89a3-44bf-9033-32a2d56f5113,316049,Hydrochlorothiazide 25 MG,active,order,,1956-06-02T07:44:08+00:00
4bb0456d-f937-4c64-a125-13b3c09c7571,e78851aa-0fe0-48bf-9a66-510d6b46386e,748962,Camila 28 Day Pack,stopped,order,,2011-09-05T10:44:21+00:00
e4fc8cec-ef6d-4bb8-8b91-848d6726f955,e78851aa-0fe0-48bf-9a66-510d6b46386e,310965,Ibuprofen 200 MG Oral Tablet,stopped,order,,2015-03-21T10:44:21+00:00
ae85117d-89e2-4769-802a-f4993b42ad1a,437ea3a5-f3b6-4cec-8bb3-a426da296edd,834102,Penicillin V Potassium 500 MG Oral Tablet,stopped,order,,2012-10-30T19:32:56+00:00
e2a9f158-35f3-491d-bba2-71e02b8f110a,d4456fef-9f85-47c6-81c3-1dc1c2924326,315971,Lasix 40mg,active,order,,2009-03-07T17:49:34+00:00
1dea7e3d-9a8c-4ee6-b226-0d279ad6c611,d4456fef-9f85-47c6-81c3-1dc1c2924326,1719286,10 ML Furosemide 10 MG/ML Injection,active,order,,2009-09-03T17:49:34+00:00
952cc411-f080-4978-ac4e-248902891d5a,d4456fef-9f85-47c6-81c3-1dc1c2924326,849574,Naproxen sodium 220 MG Oral Tablet,stopped,order,,1997-01-29T17:49:34+00:00
4e2c0929-8ce2-4739-84df-13e6ac6a0b4a,d4456fef-9f85-47c6-81c3-1dc1c2924326,866414,24 HR metoprolol succinate 100 MG Extended Release Oral Tablet [Toprol],active,order,,2009-03-07T17:49:34+00:00
2dd449b6-3a21-4f03-bd2c-5715d09f1b65,d4456fef-9f85-47c6-81c3-1dc1c2924326,857005,Acetaminophen 325 MG / HYDROcodone Bitartrate 7.5 MG Oral Tablet,stopped,order,,2004-07-03T17:49:34+00:00
dcfc7204-30d1-431f-b358-409a5386c11c,feb67a40-0da5-4855-a7b2-2b5e11f48c5f,861467,Meperidine Hydrochloride 50 MG Oral Tablet,stopped,order,,1996-02-04T21:51:36+00:00
9749169f-3a6b-4a4a-b412-f4769c678992,feb67a40-0da5-4855-a7b2-2b5e11f48c5f,313782,Acetaminophen 325 MG Oral Tablet,stopped,order,,1991-07-30T21:51:36+00:00
49629d28-09e7-4543-b6ea-6b4345a766ee,feb67a40-0da5-4855-a7b2-2b5e11f48c5f,313782,Acetaminophen 325 MG Oral Tablet,stopped,order,,1996-02-04T21:51:36+00:00
dcd8a77e-eecf-4104-a5cf-b8a4acc7e88e,feb67a40-0da5-4855-a7b2-2b5e11f48c5f,896209,60 ACTUAT Fluticasone propionate 0.25 MG/ACTUAT / salmeterol 0.05 MG/ACTUAT Dry Powder Inhaler,active,order,,1949-01-31T21:51:36+00:00
0f8bf01d-ac40-4ead-a8de-3e2663f7c80e,f3721a5a-dfae-4933-b2fd-b001210c6b3b,313782,Acetaminophen 325 MG Oral Tablet,stopped,order,,2011-11-30T23:57:31+00:00
9fee51e0-14ad-43a7-bd2e-96cb72da42b2,f3721a5a-dfae-4933-b2fd-b001210c6b3b,757594,Jolivette 28 Day Pack,stopped,order,,2017-10-04T23:57:31+00:00
16744f58-81f7-4a79-858b-6cdb40d42e0e,f3721a5a-dfae-4933-b2fd-b001210c6b3b,757594,Jolivette 28 Day Pack,stopped,order,,2018-09-29T23:57:31+00:00
b048a02d-45e5-4686-85a3-27b98100107f,f3721a5a-dfae-4933-b2fd-b001210c6b3b,1367439,NuvaRing 0.12/0.015 MG per 24HR 21 Day Vaginal Ring,stopped,order,,2019-09-24T23:57:31+00:00
c5b81ed1-aead-49b5-8767-efeb22ffa9c8,f3721a5a-dfae-4933-b2fd-b001210c6b3b,757594,Jolivette 28 Day Pack,stopped,order,,2015-10-15T23:57:31+00:00
023a4cce-acc8-4747-99f8-cf078a83c39b,f3721a5a-dfae-4933-b2fd-b001210c6b3b,316049,Hydrochlorothiazide 25 MG,active,order,,2010-12-02T23:57:31+00:00
b740cba5-1374-417b-a233-f29f33cd2753,f3721a5a-dfae-4933-b2fd-b001210c6b3b,748962,Camila 28 Day Pack,active,order,,2020-09-18T23:57:31+00:00
b69b2da7-fbcc-4de9-b0f8-736ee4618218,6a73c7dc-a64f-4a20-940e-f8f191525088,310325,ferrous sulfate 325 MG Oral Tablet,active,order,,2004-09-08T16:59:37+00:00
db2da7ff-719e-407f-8d85-e4f88fa0bb37,6a73c7dc-a64f-4a20-940e-f8f191525088,562251,Amoxicillin 250 MG / Clavulanate 125 MG Oral Tablet,stopped,order,,2011-05-24T16:59:37+00:00
248504ed-610e-48cf-aaad-c70ebfdc64b7,6a73c7dc-a64f-4a20-940e-f8f191525088,1000126,1 ML medroxyprogesterone acetate 150 MG/ML Injection,stopped,order,,2012-11-03T16:59:37+00:00
ff05d07c-4ebe-46c0-91e6-08074a7234fd,6a73c7dc-a64f-4a20-940e-f8f191525088,748879,Levora 0.15/30 28 Day Pack,stopped,order,,2016-10-13T16:59:37+00:00
f0221b9b-87f6-4ef8-b6f6-45c51f39b84f,6a73c7dc-a64f-4a20-940e-f8f191525088,748879,Levora 0.15/30 28 Day Pack,stopped,order,,2014-10-24T16:59:37+00:00
31e19ef9-ef9e-4c6e-ade9-00b3c90c7d9f,6a73c7dc-a64f-4a20-940e-f8f191525088,749762,Seasonique 91 Day Pack,stopped,order,,2013-10-29T16:59:37+00:00
5b830d89-6e42-46a0-925c-cbfdc6e83773,6a73c7dc-a64f-4a20-940e-f8f191525088,748879,Levora 0.15/30 28 Day Pack,stopped,order,,2019-09-28T16:59:37+00:00
690b8c97-fb5d-4126-b8f5-e43dff621055,fe0153b2-d2ce-418e-af79-5b84587ad82c,1049630,diphenhydrAMINE Hydrochloride 25 MG Oral Tablet,active,order,,1961-07-21T10:25:08+00:00
391a9619-2ddb-4c93-8cbc-a941b5d34ad9,fe0153b2-d2ce-418e-af79-5b84587ad82c,834102,Penicillin V Potassium 500 MG Oral Tablet,stopped,order,,2015-10-25T10:25:08+00:00
6f3b9fd6-db86-4e26-825b-61955919a7e2,fe0153b2-d2ce-418e-af79-5b84587ad82c,198031,24hr nicotine transdermal patch,active,order,,2001-08-13T10:25:08+00:00
7cd4769c-c8ac-480c-b4aa-5cbc91d7cdaa,31055311-1cd4-432e-b864-07f395956526,313782,Acetaminophen 325 MG Oral Tablet,stopped,order,,2011-09-20T03:01:19+00:00
b184d466-42a5-436e-9743-5fcbdc7e308d,31055311-1cd4-432e-b864-07f395956526,562251,Amoxicillin 250 MG / Clavulanate 125 MG Oral Tablet,stopped,order,,2006-07-30T03:01:19+00:00
950f0471-0640-433c-a0aa-b57198f6afa3,31055311-1cd4-432e-b864-07f395956526,315971,Lasix 40mg,active,order,,2012-01-16T03:01:19+00:00
e99763d0-8998-484e-b504-1d2a34a969fa,31055311-1cd4-432e-b864-07f395956526,1719286,10 ML Furosemide 10 MG/ML Injection,active,order,,2014-12-31T03:01:19+00:00
29dc83bd-5384-4fd6-9f4b-c1d642d4bf4b,31055311-1cd4-432e-b864-07f395956526,313782,Acetaminophen 325 MG Oral Tablet,stopped,order,,2009-07-18T03:01:19+00:00
4426995f-66cb-4978-b9da-c65132702941,31055311-1cd4-432e-b864-07f395956526,866414,24 HR metoprolol succinate 100 MG Extended Release Oral Tablet [Toprol],active,order,,2012-01-16T03:01:19+00:00
8f0ba0be-67b5-4726-a42f-f3a9341fc000,31055311-1cd4-432e-b864-07f395956526,1363309,Chlorpheniramine Maleate 4 MG Oral Tablet,active,order,,1978-01-13T03:01:19+00:00
93b7baa2-4944-404e-8ea4-20c51399f9b5,31055311-1cd4-432e-b864-07f395956526,106258,Hydrocortisone 10 MG/ML Topical Cream,active,order,,1977-12-30T03:01:19+00:00
850137dd-d359-499c-9c37-c342095d8a66,a4fbfefa-4eee-4963-9f29-247fa46e1410,1000126,1 ML medroxyprogesterone acetate 150 MG/ML Injection,stopped,order,,2019-10-02T14:04:04+00:00
e7a70bf4-4a6d-4b0d-90db-67eeaabaa97c,a4fbfefa-4eee-4963-9f29-247fa46e1410,807283,Mirena 52 MG Intrauterine System,stopped,order,,2016-10-10T14:04:04+00:00
2d51e345-719d-4153-b83b-7f31f0921302,a4fbfefa-4eee-4963-9f29-247fa46e1410,834102,Penicillin V Potassium 500 MG Oral Tablet,stopped,order,,2019-05-29T14:04:04+00:00
cf2a16c7-d713-4c1b-a1f9-f02932468be6,a4fbfefa-4eee-4963-9f29-247fa46e1410,757594,Jolivette 28 Day Pack,stopped,order,,2014-02-03T14:04:04+00:00
944064cf-3135-4600-b01d-fd21d585d356,beaf00da-c197-4e72-8b27-7ee1131348f1,834061,Penicillin V Potassium 250 MG Oral Tablet,stopped,order,,2011-12-27T23:33:57+00:00
25df18b6-23b8-4dc9-87fd-52623982a84d,7c483976-15af-49ce-97ad-81a13cf5f303,866414,24 HR metoprolol succinate 100 MG Extended Release Oral Tablet [Toprol],active,order,,2006-07-06T21:51:36+00:00
5398882a-a43c-44ce-9ada-6b6500a656d0,7c483976-15af-49ce-97ad-81a13cf5f303,849574,Naproxen sodium 220 MG Oral Tablet,active,order,,1971-06-05T21:51:36+00:00
c31467fb-a761-41a7-853a-28155d1a3bd7,7c483976-15af-49ce-97ad-81a13cf5f303,313782,Acetaminophen 325 MG Oral Tablet,stopped,order,,2002-02-19T21:51:36+00:00
da611fd3-05fa-4bdc-9df5-0cde12cb6094,7c483976-15af-49ce-97ad-81a13cf5f303,1719286,10 ML Furosemide 10 MG/ML Injection,active,order,,2008-12-22T21:51:36+00:00
51921f8c-d224-46bc-b0df-0706ecf7ce9b,7c483976-15af-49ce-97ad-81a13cf5f303,316049,Hydrochlorothiazide 25 MG,active,order,,1943-06-21T21:51:36+00:00
605ef3cf-b529-4ef4-8d8d-d42088984b73,7c483976-15af-49ce-97ad-81a13cf5f303,315971,Lasix 40mg,active,order,,2006-07-06T21:51:36+00:00
de6e4fff-199b-4027-8d4b-aa094b0683b8,7c483976-15af-49ce-97ad-81a13cf5f303,855332,Warfarin Sodium 5 MG Oral Tablet,active,order,,1989-08-21T21:51:36+00:00
9b70251b-e31f-4f99-b0a7-0685cfc1f7dd,7c483976-15af-49ce-97ad-81a13cf5f303,897718,Verapamil Hydrochloride 40 MG,active,order,,1989-08-21T21:51:36+00:00
5bf5ea1f-fd88-40bc-a68e-ffc1eb83a125,7c483976-15af-49ce-97ad-81a13cf5f303,197604,Digoxin 0.125 MG Oral Tablet,active,order,,1989-08-21T21:51:36+00:00
181adde3-fa6f-4f68-a45e-19935458a579,ff9840e8-5f06-4672-90c4-6506856b3d20,866414,24 HR metoprolol succinate 100 MG Extended Release Oral Tablet [Toprol],active,order,,2000-07-07T21:51:36+00:00
1326771a-1cfe-4271-9b4e-9b777990d902,ff9840e8-5f06-4672-90c4-6506856b3d20,313782,Acetaminophen 325 MG Oral Tablet,stopped,order,,1992-10-02T21:51:36+00:00
3566bf16-05ec-4b3e-bdc4-d09903fb85bc,ff9840e8-5f06-4672-90c4-6506856b3d20,849574,Naproxen sodium 220 MG Oral Tablet,active,order,,1981-06-02T21:51:36+00:00
e35a644e-4aec-4ce4-bbf6-ebe2c6d4b1a9,ff9840e8-5f06-4672-90c4-6506856b3d20,315971,Lasix 40mg,active,order,,2000-07-07T21:51:36+00:00
e423f0a3-0a55-4995-9296-ed3007bce33d,ff9840e8-5f06-4672-90c4-6506856b3d20,1719286,10 ML Furosemide 10 MG/ML Injection,active,order,,2002-06-27T21:51:36+00:00
0e6ae3f1-e416-4df6-8d03-38ac1aeed66a,618b2992-eec7-45c9-8544-12c9f586b78c,316672,Simvistatin 10 MG,stopped,order,,2016-01-17T04:59:42+00:00
2bb08834-5bf4-40b2-ac2e-1addee45b60e,618b2992-eec7-45c9-8544-12c9f586b78c,316672,Simvistatin 10 MG,stopped,order,,2009-01-18T04:59:42+00:00
54a7bbd8-0b05-4a7f-a9fb-626efd7334d3,618b2992-eec7-45c9-8544-12c9f586b78c,316672,Simvistatin 10 MG,stopped,order,,2011-01-18T04:59:42+00:00
28ba19d3-fdf9-41e4-83f8-e74ed2c7a563,618b2992-eec7-45c9-8544-12c9f586b78c,316672,Simvistatin 10 MG,stopped,order,,2018-01-16T04:59:42+00:00
718bd181-7695-48a0-b1d2-f2041d8e3da2,618b2992-eec7-45c9-8544-12c9f586b78c,316672,Simvistatin 10 MG,stopped,order,,2014-01-17T04:59:42+00:00
910c23f5-be08-468f-baba-1070912db21b,618b2992-eec7-45c9-8544-12c9f586b78c,313782,Acetaminophen 325 MG Oral Tablet,stopped,order,,2020-04-11T04:59:42+00:00
edf78171-b42e-42b7-a9a1-e141669ed587,618b2992-eec7-45c9-8544-12c9f586b78c,310965,Ibuprofen 200 MG Oral Tablet,stopped,order,,2015-01-17T04:59:42+00:00
f7297f8f-e1f2-4cac-8f8a-ed42d19e4344,618b2992-eec7-45c9-8544-12c9f586b78c,316672,Simvistatin 10 MG,stopped,order,,2013-01-17T04:59:42+00:00
47255d33-0905-4bc2-897b-d2925b03c095,618b2992-eec7-45c9-8544-12c9f586b78c,316672,Simvistatin 10 MG,stopped,order,,2015-01-17T04:59:42+00:00
5b9698ad-7428-4114-9482-8a14c41b8ca8,618b2992-eec7-45c9-8544-12c9f586b78c,316049,Hydrochlorothiazide 25 MG,active,order,,1971-03-07T04:59:42+00:00
846d96d8-5e6a-4da3-b0bd-80058b7ae6bb,618b2992-eec7-45c9-8544-12c9f586b78c,316672,Simvistatin 10 MG,stopped,order,,2017-01-16T04:59:42+00:00
f44f3ccf-805f-484c-b0ae-0e68af268264,618b2992-eec7-45c9-8544-12c9f586b78c,316672,Simvistatin 10 MG,stopped,order,,2020-01-16T04:59:42+00:00
743d0efa-87ef-404e-98be-be34d765126e,618b2992-eec7-45c9-8544-12c9f586b78c,316672,Simvistatin 10 MG,stopped,order,,2007-01-19T04:59:42+00:00
9d166867-a246-4cfd-a834-5e516256e88a,618b2992-eec7-45c9-8544-12c9f586b78c,313782,Acetaminophen 325 MG Oral Tablet,stopped,order,,2013-02-03T04:59:42+00:00
df56749c-18b6-4d7d-9846-b2770982cfeb,618b2992-eec7-45c9-8544-12c9f586b78c,316672,Simvistatin 10 MG,stopped,order,,2019-01-16T04:59:42+00:00
f5e127bd-a694-45e9-ac97-6e8f7ff5a0db,618b2992-eec7-45c9-8544-12c9f586b78c,562251,Amoxicillin 250 MG / Clavulanate 125 MG Oral Tablet,stopped,order,,2011-10-17T04:59:42+00:00
8553b32f-4bb9-4b4d-8e5b-e369e36acdd5,618b2992-eec7-45c9-8544-12c9f586b78c,316672,Simvistatin 10 MG,stopped,order,,2012-01-18T04:59:42+00:00
5180e54d-0187-494a-9ca9-9dbfcab90ab6,618b2992-eec7-45c9-8544-12c9f586b78c,316672,Simvistatin 10 MG,active,order,,2021-01-15T04:59:42+00:00
6c70d4dc-cd9e-4f2c-8073-80b6c5d45164,618b2992-eec7-45c9-8544-12c9f586b78c,316672,Simvistatin 10 MG,stopped,order,,2010-01-18T04:59:42+00:00
82c2e9cf-3fa3-4e93-b218-5bf1d97b1047,618b2992-eec7-45c9-8544-12c9f586b78c,316672,Simvistatin 10 MG,stopped,order,,2006-01-19T04:59:42+00:00
e2d94e3f-6147-4d1a-b4bf-462e6a811b9c,618b2992-eec7-45c9-8544-12c9f586b78c,316672,Simvistatin 10 MG,stopped,order,,2008-01-19T04:59:42+00:00
67e9e070-a4e6-4f65-a2e8-beb273b87364,457ad729-544f-4ed6-9eb4-20a2152a3687,316049,Hydrochlorothiazide 25 MG,active,order,,1943-06-14T21:51:36+00:00
e17fd0a1-e40f-49b5-b9cb-3c1f69aee899,457ad729-544f-4ed6-9eb4-20a2152a3687,1719286,10 ML Furosemide 10 MG/ML Injection,active,order,,1978-01-09T21:51:36+00:00
7a40c421-d0b8-4169-992e-c8d0ab1485a3,457ad729-544f-4ed6-9eb4-20a2152a3687,235389,Mestranol / Norethynodrel [Enovid],stopped,order,,1972-03-07T21:51:36+00:00
63fda3fb-166c-42f1-9c14-8c3441705bb1,457ad729-544f-4ed6-9eb4-20a2152a3687,313782,Acetaminophen 325 MG Oral Tablet,stopped,order,,1976-08-12T21:51:36+00:00
55577145-3950-4ead-a348-f217ddd3cf43,457ad729-544f-4ed6-9eb4-20a2152a3687,866414,24 HR metoprolol succinate 100 MG Extended Release Oral Tablet [Toprol],active,order,,1977-07-13T21:51:36+00:00
7f1f5977-9b38-4418-b542-a1a81db94c40,457ad729-544f-4ed6-9eb4-20a2152a3687,316672,Simvistatin 10 MG,active,order,,1977-07-30T21:51:36+00:00
57689630-020e-4bc4-abae-1e4a35b46876,457ad729-544f-4ed6-9eb4-20a2152a3687,316672,Simvistatin 10 MG,stopped,order,,1975-07-31T21:51:36+00:00
5ce17526-d95a-4c08-b6f0-75963586f6f3,457ad729-544f-4ed6-9eb4-20a2152a3687,315971,Lasix 40mg,active,order,,1977-07-13T21:51:36+00:00
02eecb62-8de1-4783-85ed-325aa9b6dc69,457ad729-544f-4ed6-9eb4-20a2152a3687,316672,Simvistatin 10 MG,stopped,order,,1972-07-31T21:51:36+00:00
efae230d-adf4-4065-8af7-553fd4f93637,457ad729-544f-4ed6-9eb4-20a2152a3687,316672,Simvistatin 10 MG,stopped,order,,1973-07-31T21:51:36+00:00
c0c52e50-7b62-4813-a9cf-038e4be761c5,457ad729-544f-4ed6-9eb4-20a2152a3687,313782,Acetaminophen 325 MG Oral Tablet,stopped,order,,1977-09-15T21:51:36+00:00
b20a3ba4-5da8-43c2-8804-33f46c1a6368,457ad729-544f-4ed6-9eb4-20a2152a3687,235389,Mestranol / Norethynodrel [Enovid],stopped,order,,1974-02-25T21:51:36+00:00
fb86e9ba-a0ee-41ce-90e9-062b17e42b18,457ad729-544f-4ed6-9eb4-20a2152a3687,316672,Simvistatin 10 MG,stopped,order,,1976-07-30T21:51:36+00:00
b76eaf48-7e33-41f8-ad68-d5b8e6778c7f,457ad729-544f-4ed6-9eb4-20a2152a3687,235389,Mestranol / Norethynodrel [Enovid],stopped,order,,1967-04-03T21:51:36+00:00
3993dda2-47f5-4ac1-8765-1c55b86fd1fa,457ad729-544f-4ed6-9eb4-20a2152a3687,316672,Simvistatin 10 MG,stopped,order,,1974-07-31T21:51:36+00:00
9b81a1a6-63f9-4e4f-86eb-167ba2b8ebf7,457ad729-544f-4ed6-9eb4-20a2152a3687,235389,Mestranol / Norethynodrel [Enovid],stopped,order,,1973-03-02T21:51:36+00:00
6b9eeab9-e520-4e68-b11c-3f0aac21a46c,ae6225ec-c4c0-400f-bbcd-4aba181be869,751905,Trinessa 28 Day Pack,stopped,order,,2014-06-13T05:20:46+00:00
d973287e-2c33-42ad-8a35-b797a609c821,ae6225ec-c4c0-400f-bbcd-4aba181be869,1367439,NuvaRing 0.12/0.015 MG per 24HR 21 Day Vaginal Ring,stopped,order,,2017-05-28T05:20:46+00:00
691060ea-8563-44ee-a1c2-f7f5f92effcf,ae6225ec-c4c0-400f-bbcd-4aba181be869,895994,120 ACTUAT Fluticasone propionate 0.044 MG/ACTUAT Metered Dose Inhaler,active,order,,2003-06-23T05:20:46+00:00
44a826a0-b714-482b-b581-2f698092f052,ae6225ec-c4c0-400f-bbcd-4aba181be869,665078,Loratadine 5 MG Chewable Tablet,active,order,,2004-07-06T05:20:46+00:00
b16a5893-0509-4d0a-bb8f-ad718b54040c,ae6225ec-c4c0-400f-bbcd-4aba181be869,745679,200 ACTUAT Albuterol 0.09 MG/ACTUAT Metered Dose Inhaler,active,order,,2003-06-23T05:20:46+00:00
af4ac750-83ac-4d36-830c-8e9c22c859d5,ae6225ec-c4c0-400f-bbcd-4aba181be869,1870230,NDA020800 0.3 ML Epinephrine 1 MG/ML Auto-Injector,active,order,,2004-07-15T05:20:46+00:00
250da428-4f54-48db-9f16-7850bd6d3c4f,ae6225ec-c4c0-400f-bbcd-4aba181be869,316049,Hydrochlorothiazide 25 MG,active,order,,2018-08-10T05:20:46+00:00
3179ab42-d323-4a1a-b50a-05b740a2d38e,bb9a9324-aefe-4ff7-9535-ec6795de8aaa,313782,Acetaminophen 325 MG Oral Tablet,stopped,order,,2012-04-09T16:13:53+00:00
1fe14f52-eacb-4dd0-bda4-95fa3603cfe8,bb9a9324-aefe-4ff7-9535-ec6795de8aaa,315971,Lasix 40mg,active,order,,2019-04-01T16:13:53+00:00
974066a0-2666-44d5-939c-691b70f9ce03,bb9a9324-aefe-4ff7-9535-ec6795de8aaa,866414,24 HR metoprolol succinate 100 MG Extended Release Oral Tablet [Toprol],active,order,,2019-04-01T16:13:53+00:00
4d32ebd7-ca59-4338-ac85-64ce35d2a6e0,bb9a9324-aefe-4ff7-9535-ec6795de8aaa,1719286,10 ML Furosemide 10 MG/ML Injection,active,order,,2021-03-21T16:13:53+00:00
521284e3-4409-429b-b500-9a426596b602,f813f3a1-2f4e-4e4c-a0ee-3d5dc5286ae8,316049,Hydrochlorothiazide 25 MG,active,order,,2013-08-14T18:04:34+00:00
64a1822d-6aad-47e8-827d-9fff3884c88c,f813f3a1-2f4e-4e4c-a0ee-3d5dc5286ae8,562251,Amoxicillin 250 MG / Clavulanate 125 MG Oral Tablet,stopped,order,,2020-01-14T18:04:34+00:00
5baef06a-a359-43ca-ac0d-210f285bd156,ec6a274e-5090-45c9-b153-e40418f6fa3d,866414,24 HR metoprolol succinate 100 MG Extended Release Oral Tablet [Toprol],active,order,,2020-08-23T19:27:45+00:00
5bbdc495-dcff-4ffb-9beb-77233b5e457e,ec6a274e-5090-45c9-b153-e40418f6fa3d,1049221,Acetaminophen 325 MG / oxyCODONE Hydrochloride 5 MG Oral Tablet,stopped,order,,2012-12-13T19:27:45+00:00
d12d3b91-ff7f-4bc2-a465-81004d60d3ec,ec6a274e-5090-45c9-b153-e40418f6fa3d,1719286,10 ML Furosemide 10 MG/ML Injection,active,order,,2021-02-19T19:27:45+00:00
0865621c-586e-4cee-a57a-cde825136b12,ec6a274e-5090-45c9-b153-e40418f6fa3d,316049,Hydrochlorothiazide 25 MG,active,order,,1987-07-23T19:27:45+00:00
2d4519f8-26d0-49b7-ab1c-291965484932,ec6a274e-5090-45c9-b153-e40418f6fa3d,897718,Verapamil Hydrochloride 40 MG,active,order,,2017-08-17T19:27:45+00:00
2c65f902-3bcd-4bfc-a995-3923958613e6,ec6a274e-5090-45c9-b153-e40418f6fa3d,310965,Ibuprofen 200 MG Oral Tablet,stopped,order,,2015-10-20T19:27:45+00:00
d1b95d71-e42d-4fcf-8729-f7f58d978ef5,ec6a274e-5090-45c9-b153-e40418f6fa3d,562251,Amoxicillin 250 MG / Clavulanate 125 MG Oral Tablet,stopped,order,,2015-12-08T19:27:45+00:00
6e402b21-7207-4516-bca6-0ca49f395ff1,ec6a274e-5090-45c9-b153-e40418f6fa3d,310965,Ibuprofen 200 MG Oral Tablet,stopped,order,,2012-12-13T19:27:45+00:00
199e2ce1-ee77-4d11-9669-95ac0f24f08a,ec6a274e-5090-45c9-b153-e40418f6fa3d,860975,24 HR Metformin hydrochloride 500 MG Extended Release Oral Tablet,active,order,,1987-07-23T19:27:45+00:00
bdab58f5-f8c1-4e19-bcea-8b3f0d274885,ec6a274e-5090-45c9-b153-e40418f6fa3d,197361,Amlodipine 5 MG Oral Tablet,active,order,,2016-08-11T19:27:45+00:00
8a013a13-f7f0-4ba1-8a89-cb88ca4d0fe0,ec6a274e-5090-45c9-b153-e40418f6fa3d,309097,Cefuroxime 250 MG Oral Tablet,stopped,order,,2012-12-13T19:27:45+00:00
d2c9e9c6-97d6-48b4-b313-4a273f73ffc7,ec6a274e-5090-45c9-b153-e40418f6fa3d,315971,Lasix 40mg,active,order,,2020-08-23T19:27:45+00:00
ae16bb2e-9682-4780-9bf4-fd16a33aaa41,ec6a274e-5090-45c9-b153-e40418f6fa3d,855332,Warfarin Sodium 5 MG Oral Tablet,active,order,,2017-08-17T19:27:45+00:00
6f6f0377-c2f5-49d6-8d47-317bc18b4c76,ec6a274e-5090-45c9-b153-e40418f6fa3d,309362,Clopidogrel 75 MG Oral Tablet,active,order,,2016-08-11T19:27:45+00:00
983ca436-1538-40a0-96ec-27e12d18b65e,ec6a274e-5090-45c9-b153-e40418f6fa3d,312961,Simvastatin 20 MG Oral Tablet,active,order,,2016-08-11T19:27:45+00:00
f7b06b55-c4cb-4629-9ad2-1ea91b451fa4,ec6a274e-5090-45c9-b153-e40418f6fa3d,197604,Digoxin 0.125 MG Oral Tablet,active,order,,2017-08-17T19:27:45+00:00
3d75f8c4-c775-4432-80f1-990156f3d2f3,ec6a274e-5090-45c9-b153-e40418f6fa3d,705129,Nitroglycerin 0.4 MG/ACTUAT Mucosal Spray,active,order,,2016-08-11T19:27:45+00:00
44aab654-4c71-407c-aa7b-4d812ee760ce,f7ae627c-3c71-41fe-b8c0-d3d9c336d449,757594,Jolivette 28 Day Pack,active,order,,2020-07-06T08:28:10+00:00
0543bf56-7214-4ab1-8d41-8a51baec1ef9,f7ae627c-3c71-41fe-b8c0-d3d9c336d449,198405,Ibuprofen 100 MG Oral Tablet,stopped,order,,2014-01-29T08:28:10+00:00
38b31c6c-3bbd-4500-b282-c7f0ffd456a0,f7ae627c-3c71-41fe-b8c0-d3d9c336d449,562251,Amoxicillin 250 MG / Clavulanate 125 MG Oral Tablet,stopped,order,,2014-06-01T08:28:10+00:00
aabc919b-dfc2-40d7-8d35-9c876a3bb19a,f7ae627c-3c71-41fe-b8c0-d3d9c336d449,313782,Acetaminophen 325 MG Oral Tablet,stopped,order,,2018-11-02T08:28:10+00:00
9e8a5308-7e35-43a0-b310-3b3290a32507,f7ae627c-3c71-41fe-b8c0-d3d9c336d449,562251,Amoxicillin 250 MG / Clavulanate 125 MG Oral Tablet,stopped,order,,2021-03-17T08:28:10+00:00
da13cdb4-455c-42eb-b424-ef313c7d07ce,f7ae627c-3c71-41fe-b8c0-d3d9c336d449,313782,Acetaminophen 325 MG Oral Tablet,stopped,order,,2016-10-17T08:28:10+00:00
f4908e78-42d8-4088-8c73-c900b8276ce0,0b896820-f478-4e9c-a456-acc676cf5640,834061,Penicillin V Potassium 250 MG Oral Tablet,stopped,order,,1963-11-09T20:00:29+00:00
ddf6fd22-5301-40df-bed1-bb434e1e633a,0b896820-f478-4e9c-a456-acc676cf5640,243670,Aspirin 81 MG Oral Tablet,stopped,order,,1961-02-20T20:00:29+00:00
04c72738-7397-48ca-b891-397c69ae6179,0b896820-f478-4e9c-a456-acc676cf5640,705129,Nitroglycerin 0.4 MG/ACTUAT Mucosal Spray,stopped,order,,1958-07-14T20:00:29+00:00
c97dd1af-5d3f-44c7-980e-afb80a30ebbe,cccb981f-2a12-44d0-b1dd-5404ece3f535,316672,Simvistatin 10 MG,stopped,order,,1996-05-22T07:44:08+00:00
9e89bda0-5c64-444c-a7f6-d910f23f1f05,cccb981f-2a12-44d0-b1dd-5404ece3f535,316672,Simvistatin 10 MG,stopped,order,,1995-05-23T07:44:08+00:00
44bfb202-5568-4d01-93cb-07d72361cafe,cccb981f-2a12-44d0-b1dd-5404ece3f535,316672,Simvistatin 10 MG,stopped,order,,2008-05-19T07:44:08+00:00
81f2de48-3c35-4ded-892c-35fb28f71fe0,cccb981f-2a12-44d0-b1dd-5404ece3f535,316672,Simvistatin 10 MG,stopped,order,,1997-05-22T07:44:08+00:00
607ebce2-4f67-4a0d-96d9-94286b55a88c,cccb981f-2a12-44d0-b1dd-5404ece3f535,316672,Simvistatin 10 MG,stopped,order,,2004-05-20T07:44:08+00:00
4f505e4e-7c0b-4af7-8e88-615fd8f4d034,cccb981f-2a12-44d0-b1dd-5404ece3f535,316672,Simvistatin 10 MG,stopped,order,,2007-05-20T07:44:08+00:00
08a69054-0ae6-4b56-afa3-fe132708784d,cccb981f-2a12-44d0-b1dd-5404ece3f535,316672,Simvistatin 10 MG,stopped,order,,2016-05-17T07:44:08+00:00
6bda0fd1-8018-4598-87cb-f642785b576e,cccb981f-2a12-44d0-b1dd-5404ece3f535,1736776,10 ML oxaliplatin 5 MG/ML Injection,active,order,,2014-05-27T07:44:08+00:00
4bdbf37d-2eb7-4c26-9a93-26d5978d00aa,cccb981f-2a12-44d0-b1dd-5404ece3f535,316672,Simvistatin 10 MG,stopped,order,,2013-05-18T07:44:08+00:00
f3f06ebe-1acc-467b-a8a3-e6ab6e8fce3d,cccb981f-2a12-44d0-b1dd-5404ece3f535,316672,Simvistatin 10 MG,stopped,order,,2009-05-19T07:44:08+00:00
9d09477f-f39c-4549-a5ff-c62edcbaae77,cccb981f-2a12-44d0-b1dd-5404ece3f535,313782,Acetaminophen 325 MG Oral Tablet,stopped,order,,2010-02-28T07:44:08+00:00
9d1a32dd-5cc2-4add-aeab-466ff14bb269,cccb981f-2a12-44d0-b1dd-5404ece3f535,316672,Simvistatin 10 MG,stopped,order,,2012-05-18T07:44:08+00:00
fa162b80-773d-4862-9c25-ef9df037cc09,cccb981f-2a12-44d0-b1dd-5404ece3f535,316672,Simvistatin 10 MG,stopped,order,,1999-05-22T07:44:08+00:00
018fe726-9665-4b21-9974-16cce70b75e4,cccb981f-2a12-44d0-b1dd-5404ece3f535,316672,Simvistatin 10 MG,active,order,,2017-05-17T07:44:08+00:00
0d7807fd-f82f-4915-b482-b39506f53241,cccb981f-2a12-44d0-b1dd-5404ece3f535,316672,Simvistatin 10 MG,stopped,order,,2005-05-20T07:44:08+00:00
1e8d0f71-c5d0-4fcb-8d5e-66527ccdc45a,cccb981f-2a12-44d0-b1dd-5404ece3f535,316672,Simvistatin 10 MG,stopped,order,,2011-05-19T07:44:08+00:00
de629540-e827-4469-91cd-994180375fad,cccb981f-2a12-44d0-b1dd-5404ece3f535,316672,Simvistatin 10 MG,stopped,order,,2000-05-21T07:44:08+00:00
c2e36138-1122-4ce3-87b3-573ab86d15f0,cccb981f-2a12-44d0-b1dd-5404ece3f535,316672,Simvistatin 10 MG,stopped,order,,2002-05-21T07:44:08+00:00
ed3ced38-26ad-4754-b51b-d5b6d35b9aa0,cccb981f-2a12-44d0-b1dd-5404ece3f535,316672,Simvistatin 10 MG,stopped,order,,2006-05-20T07:44:08+00:00
a121285a-ef72-4320-a133-cd1b1275bf97,cccb981f-2a12-44d0-b1dd-5404ece3f535,316672,Simvistatin 10 MG,stopped,order,,1994-05-23T07:44:08+00:00
073ac34e-3a6e-49f9-be0c-1c066f992eda,cccb981f-2a12-44d0-b1dd-5404ece3f535,316672,Simvistatin 10 MG,stopped,order,,1992-05-23T07:44:08+00:00
86fcabcf-a355-4bd8-b34a-348ddb896207,cccb981f-2a12-44d0-b1dd-5404ece3f535,316672,Simvistatin 10 MG,stopped,order,,2003-05-21T07:44:08+00:00
f1863fba-eb3b-4f83-b202-ada62c422da7,cccb981f-2a12-44d0-b1dd-5404ece3f535,316672,Simvistatin 10 MG,stopped,order,,2015-05-18T07:44:08+00:00
b494b527-e135-4c7f-ae1e-36fe7851dc25,cccb981f-2a12-44d0-b1dd-5404ece3f535,904419,Alendronic acid 10 MG Oral Tablet,active,order,,2008-09-27T07:44:08+00:00
210b4eb8-c5d6-46e1-987a-dab3e7ed9aba,cccb981f-2a12-44d0-b1dd-5404ece3f535,316672,Simvistatin 10 MG,stopped,order,,1993-05-23T07:44:08+00:00
d8f4d13c-15bd-45a4-a103-856d6827df0d,cccb981f-2a12-44d0-b1dd-5404ece3f535,1803932,Leucovorin 100 MG Injection,active,order,,2014-05-27T07:44:08+00:00
30c8694a-748b-4679-8ce2-8b0cbcbe28de,cccb981f-2a12-44d0-b1dd-5404ece3f535,316672,Simvistatin 10 MG,stopped,order,,2001-05-21T07:44:08+00:00
d5f4f3ba-9024-4b10-b46e-31dbe235d8a7,cccb981f-2a12-44d0-b1dd-5404ece3f535,316672,Simvistatin 10 MG,stopped,order,,2010-05-19T07:44:08+00:00
365b920d-2460-48ac-89b0-9aca69a98d23,cccb981f-2a12-44d0-b1dd-5404ece3f535,316672,Simvistatin 10 MG,stopped,order,,1998-05-22T07:44:08+00:00
af0a6f55-9fa9-48de-b41e-175df7676800,cccb981f-2a12-44d0-b1dd-5404ece3f535,316672,Simvistatin 10 MG,stopped,order,,2014-05-18T07:44:08+00:00
9a18127d-47d5-4262-b4a4-a7bdcefc1791,cccb981f-2a12-44d0-b1dd-5404ece3f535,310965,Ibuprofen 200 MG Oral Tablet,stopped,order,,2011-05-24T07:44:08+00:00
9e10fd8b-23d9-4cba-90c1-4e91e7e360ec,7f445dad-0907-4a3e-81a5-ad75ecdff752,311995,"NITROFURANTOIN, MACROCRYSTALS 50 MG Oral Capsule",stopped,order,,2021-01-03T11:02:24+00:00
6cea8f4a-1250-4530-8567-4c8ac47c59ea,7f445dad-0907-4a3e-81a5-ad75ecdff752,310325,ferrous sulfate 325 MG Oral Tablet,active,order,,2013-12-03T11:02:24+00:00
f4c4c678-c8f1-4b85-86c4-ba73aafd1699,7f445dad-0907-4a3e-81a5-ad75ecdff752,311989,Nitrofurantoin 5 MG/ML Oral Suspension,stopped,order,,2020-12-27T11:02:24+00:00
97b429d5-634c-491e-8471-24c99dbfe409,7f445dad-0907-4a3e-81a5-ad75ecdff752,1094107,Phenazopyridine hydrochloride 100 MG Oral Tablet,stopped,order,,2020-12-27T11:02:24+00:00
392e9828-7a45-4b9e-a0a5-72e6a70690bd,f194782e-be98-4311-96a9-ce8a2ea03313,310436,Galantamine 4 MG Oral Tablet,stopped,order,,2004-10-07T06:29:54+00:00
d2acc1b7-a8cd-470c-ba6e-2fcfd653bd5b,f194782e-be98-4311-96a9-ce8a2ea03313,998582,Donepezil hydrochloride 23 MG [Aricept],active,order,,2005-09-02T06:29:54+00:00
c527395a-68cf-4123-a973-4449df12ee29,f194782e-be98-4311-96a9-ce8a2ea03313,313782,Acetaminophen 325 MG Oral Tablet,stopped,order,,2005-11-30T06:29:54+00:00
a7fc3dca-a6fb-484c-85cc-590011d8e18a,340044b6-332e-4cac-a95c-f0efe95fc105,748856,Yaz 28 Day Pack,active,order,,2021-03-30T05:17:55+00:00
2c564849-3496-46ac-99f4-8030ed558d03,340044b6-332e-4cac-a95c-f0efe95fc105,978950,Natazia 28 Day Pack,stopped,order,,2020-04-04T05:17:55+00:00
b9c72447-26f3-4292-a903-ad20a48c1a66,340044b6-332e-4cac-a95c-f0efe95fc105,748856,Yaz 28 Day Pack,stopped,order,,2018-04-15T05:17:55+00:00
75a6575d-2773-4654-9988-8a424b25f1a2,340044b6-332e-4cac-a95c-f0efe95fc105,1043400,Acetaminophen 21.7 MG/ML / Dextromethorphan Hydrobromide 1 MG/ML / doxylamine succinate 0.417 MG/ML Oral Solution,stopped,order,,2012-11-03T05:17:55+00:00
1cf0d1a1-2849-43cf-908a-907fa030d3ea,38826a3f-8e5c-4846-95c3-7f12a233447d,316052,Hydrochlorothiazide 6.25 MG,stopped,order,,2018-09-19T10:47:22+00:00
7c73f908-9d91-4be2-b831-3637a2137f42,38826a3f-8e5c-4846-95c3-7f12a233447d,834061,Penicillin V Potassium 250 MG Oral Tablet,stopped,order,,2014-04-23T10:47:22+00:00
c43ccf99-a308-4add-8fab-0d5b0124dfbe,38826a3f-8e5c-4846-95c3-7f12a233447d,308192,Amoxicillin 500 MG Oral Tablet,stopped,order,,2013-06-14T10:47:22+00:00
1a58a8ea-2344-4c62-a847-689722716923,38826a3f-8e5c-4846-95c3-7f12a233447d,313782,Acetaminophen 325 MG Oral Tablet,stopped,order,,2014-08-13T10:47:22+00:00
17610470-567e-4828-ba6a-5642fb20151b,38826a3f-8e5c-4846-95c3-7f12a233447d,861467,Meperidine Hydrochloride 50 MG Oral Tablet,stopped,order,,2013-06-14T10:47:22+00:00
94e8f5ee-a54c-43d3-a610-8ef4b3017c28,38826a3f-8e5c-4846-95c3-7f12a233447d,313782,Acetaminophen 325 MG Oral Tablet,stopped,order,,2013-06-14T10:47:22+00:00
48ea85e3-4763-4673-b1ff-029528457c0d,38826a3f-8e5c-4846-95c3-7f12a233447d,316049,Hydrochlorothiazide 25 MG,active,order,,2019-09-25T10:47:22+00:00
0cce73e7-ec63-4459-8dab-44fffa5ff1de,38826a3f-8e5c-4846-95c3-7f12a233447d,313782,Acetaminophen 325 MG Oral Tablet,stopped,order,,2017-04-05T10:47:22+00:00
a3b7fba4-cb23-4a8c-b1b5-e58e67e2e69b,38826a3f-8e5c-4846-95c3-7f12a233447d,308192,Amoxicillin 500 MG Oral Tablet,stopped,order,,2017-04-05T10:47:22+00:00
e8e79696-730e-47f7-8fe4-75e078e2831a,97b86776-fa4e-46dc-b9a4-52c269e73da9,831533,Errin 28 Day Pack,active,order,,2020-11-04T13:30:22+00:00
27eee166-2bdf-4fa6-b12f-f4821541291c,97b86776-fa4e-46dc-b9a4-52c269e73da9,389221,Etonogestrel 68 MG Drug Implant,stopped,order,,2018-11-15T13:30:22+00:00
12b42b3e-1574-425c-80a8-3bbd5ecb1a88,97b86776-fa4e-46dc-b9a4-52c269e73da9,757594,Jolivette 28 Day Pack,stopped,order,,2015-06-06T13:30:22+00:00
26c744f1-e1b5-46b6-a7b1-3683925787b1,97b86776-fa4e-46dc-b9a4-52c269e73da9,1043400,Acetaminophen 21.7 MG/ML / Dextromethorphan Hydrobromide 1 MG/ML / doxylamine succinate 0.417 MG/ML Oral Solution,stopped,order,,2013-12-01T13:30:22+00:00
db5e99f7-6c29-4dd1-a82f-f94aa321f3f8,97b86776-fa4e-46dc-b9a4-52c269e73da9,748962,Camila 28 Day Pack,stopped,order,,2010-06-10T13:30:22+00:00
2c6731ea-9bba-4c0f-a74e-5bd20d338ec8,97b86776-fa4e-46dc-b9a4-52c269e73da9,831533,Errin 28 Day Pack,stopped,order,,2006-04-26T13:30:22+00:00
7f46cd08-fbe9-46a4-a7b5-e5b45a751002,97b86776-fa4e-46dc-b9a4-52c269e73da9,316049,Hydrochlorothiazide 25 MG,active,order,,2006-11-02T13:30:22+00:00
738d268d-321c-41d3-8740-e7d9dafc1f9e,77f70af5-b53b-4e55-a122-8cd68784c258,1094107,Phenazopyridine hydrochloride 100 MG Oral Tablet,stopped,order,,2012-08-06T13:43:33+00:00
11275bc3-4b82-41d0-a541-e87f9ada533b,77f70af5-b53b-4e55-a122-8cd68784c258,1049630,diphenhydrAMINE Hydrochloride 25 MG Oral Tablet,active,order,,1991-10-04T20:39:49+00:00
da466fd9-75fd-4bba-8248-3c4b1d317639,77f70af5-b53b-4e55-a122-8cd68784c258,316049,Hydrochlorothiazide 25 MG,active,order,,2007-10-10T20:39:49+00:00
9977c828-2e04-4c51-bcb9-b14f6f0f6e5e,77f70af5-b53b-4e55-a122-8cd68784c258,311989,Nitrofurantoin 5 MG/ML Oral Suspension,stopped,order,,2012-08-06T13:43:33+00:00
c2f55cd4-8519-4981-9365-51add9703c46,77f70af5-b53b-4e55-a122-8cd68784c258,757594,Jolivette 28 Day Pack,stopped,order,,2013-07-27T20:39:49+00:00
19d921d0-d70a-4438-89ef-091619cd8a91,77f70af5-b53b-4e55-a122-8cd68784c258,757594,Jolivette 28 Day Pack,stopped,order,,2018-12-29T20:39:49+00:00
a14cc432-71d2-4e1b-8c5d-fe2e1d1ba857,77f70af5-b53b-4e55-a122-8cd68784c258,311995,"NITROFURANTOIN, MACROCRYSTALS 50 MG Oral Capsule",stopped,order,,2012-08-13T13:43:33+00:00
d76525d3-d390-47e9-a64d-f2019be0b552,77f70af5-b53b-4e55-a122-8cd68784c258,831533,Errin 28 Day Pack,stopped,order,,2010-08-04T20:39:49+00:00
3047f3f4-43c4-4cd6-96e3-ef03b77aec6c,77f70af5-b53b-4e55-a122-8cd68784c258,1870230,NDA020800 0.3 ML Epinephrine 1 MG/ML Auto-Injector,active,order,,1991-10-11T20:39:49+00:00
d597743a-ced5-4eb4-a9c1-728422995d7b,6fed515d-df89-45cf-ac5a-a149a42c7b1d,904419,Alendronic acid 10 MG Oral Tablet,active,order,,2018-03-29T09:49:33+00:00
8e14a3bf-1b74-41a2-8522-0e327e20cd28,6fed515d-df89-45cf-ac5a-a149a42c7b1d,198014,Naproxen 500 MG Oral Tablet,stopped,order,,2017-08-20T09:49:33+00:00
eedb82e5-27dc-4f8b-bac2-c8b30b3d157a,6fed515d-df89-45cf-ac5a-a149a42c7b1d,197319,Allopurinol 100 MG Oral Tablet,stopped,order,,2017-08-20T09:49:33+00:00
61ceaec7-6272-4975-81c3-ce2f216e6a38,6fed515d-df89-45cf-ac5a-a149a42c7b1d,198014,Naproxen 500 MG Oral Tablet,stopped,order,,2013-08-07T09:49:33+00:00
092930a8-ed9a-4b6d-a98d-78171f955fc0,6fed515d-df89-45cf-ac5a-a149a42c7b1d,197319,Allopurinol 100 MG Oral Tablet,stopped,order,,2013-08-07T09:49:33+00:00
a257baf7-fe02-4843-8587-337db66a454b,f9fec38b-3c52-45de-bf48-53d5a993ce98,849574,Naproxen sodium 220 MG Oral Tablet,active,order,,1971-04-12T02:39:21+00:00
36892cfb-aee6-4efe-b502-c645a65efc3a,f9fec38b-3c52-45de-bf48-53d5a993ce98,896209,60 ACTUAT Fluticasone propionate 0.25 MG/ACTUAT / salmeterol 0.05 MG/ACTUAT Dry Powder Inhaler,active,order,,1951-07-07T02:39:21+00:00
78bf1296-08f2-47e2-b473-9bfa840a2ee4,672ea8a4-b75b-4553-ac34-2f0f6b4e30cf,562251,Amoxicillin 250 MG / Clavulanate 125 MG Oral Tablet,stopped,order,,2006-03-22T23:11:46+00:00
729132c2-73f7-4203-9de9-820676f75744,672ea8a4-b75b-4553-ac34-2f0f6b4e30cf,316672,Simvistatin 10 MG,stopped,order,,1982-03-23T23:11:46+00:00
33f3ec70-2c1e-45a0-92cb-c35e6730c967,672ea8a4-b75b-4553-ac34-2f0f6b4e30cf,904419,Alendronic acid 10 MG Oral Tablet,active,order,,2001-01-15T23:11:46+00:00
fb78e60d-4cb6-4860-8e4c-6420a0502db9,672ea8a4-b75b-4553-ac34-2f0f6b4e30cf,316672,Simvistatin 10 MG,stopped,order,,2007-03-17T23:11:46+00:00
6301e335-98a6-42d4-8378-bc787ee5aada,672ea8a4-b75b-4553-ac34-2f0f6b4e30cf,197604,Digoxin 0.125 MG Oral Tablet,active,order,,1975-01-27T23:11:46+00:00
9db60304-dafa-4c80-a024-9516f91deca9,672ea8a4-b75b-4553-ac34-2f0f6b4e30cf,316672,Simvistatin 10 MG,stopped,order,,1990-03-21T23:11:46+00:00
a1ff799b-dcce-4d9f-b0d1-4efd816f8dc0,672ea8a4-b75b-4553-ac34-2f0f6b4e30cf,866414,24 HR metoprolol succinate 100 MG Extended Release Oral Tablet [Toprol],active,order,,2007-09-28T23:11:46+00:00
fb9ee658-5f73-4e46-8778-5ffcf34fd3e4,672ea8a4-b75b-4553-ac34-2f0f6b4e30cf,316672,Simvistatin 10 MG,stopped,order,,1984-03-22T23:11:46+00:00
1408b687-a3c2-4065-bc61-2be9e2dc97e6,672ea8a4-b75b-4553-ac34-2f0f6b4e30cf,316049,Hydrochlorothiazide 25 MG,active,order,,1929-11-18T23:11:46+00:00
7d550760-0931-487d-93cf-9ddcb39d243b,672ea8a4-b75b-4553-ac34-2f0f6b4e30cf,309362,Clopidogrel 75 MG Oral Tablet,stopped,order,,2001-05-21T23:11:46+00:00
32e9793b-ff68-4790-a841-69b482e88af5,672ea8a4-b75b-4553-ac34-2f0f6b4e30cf,316672,Simvistatin 10 MG,stopped,order,,2000-03-18T23:11:46+00:00
1600b971-bc28-4cc7-a696-52540f49f62f,672ea8a4-b75b-4553-ac34-2f0f6b4e30cf,316672,Simvistatin 10 MG,stopped,order,,1993-03-20T23:11:46+00:00
753485d2-c8f1-41d8-bef4-37d8f7007ae7,672ea8a4-b75b-4553-ac34-2f0f6b4e30cf,316672,Simvistatin 10 MG,stopped,order,,1988-03-21T23:11:46+00:00
86c73a27-496e-44ec-850b-346cba78f1a0,672ea8a4-b75b-4553-ac34-2f0f6b4e30cf,316672,Simvistatin 10 MG,stopped,order,,1989-03-21T23:11:46+00:00
99639a89-19d1-47ed-85db-ae003fca994f,672ea8a4-b75b-4553-ac34-2f0f6b4e30cf,316672,Simvistatin 10 MG,stopped,order,,1981-03-23T23:11:46+00:00
dae29de9-9262-4713-a754-cbecdb4795b0,672ea8a4-b75b-4553-ac34-2f0f6b4e30cf,316672,Simvistatin 10 MG,stopped,order,,2001-03-18T23:11:46+00:00
d8f35253-6dd7-437f-a543-26fbc3980cec,672ea8a4-b75b-4553-ac34-2f0f6b4e30cf,316672,Simvistatin 10 MG,stopped,order,,1985-03-22T23:11:46+00:00
f447e6c7-ff35-4954-8417-bd87c643f249,672ea8a4-b75b-4553-ac34-2f0f6b4e30cf,316672,Simvistatin 10 MG,stopped,order,,1997-03-19T23:11:46+00:00
b1516f94-7e12-4e38-9613-f4a351b28739,672ea8a4-b75b-4553-ac34-2f0f6b4e30cf,316672,Simvistatin 10 MG,stopped,order,,1998-03-19T23:11:46+00:00
7c84216e-7e77-4bae-85e3-445b3400ddff,672ea8a4-b75b-4553-ac34-2f0f6b4e30cf,316672,Simvistatin 10 MG,stopped,order,,1992-03-20T23:11:46+00:00
7292ca01-220a-4bcc-8a42-2946143b96f9,672ea8a4-b75b-4553-ac34-2f0f6b4e30cf,316672,Simvistatin 10 MG,stopped,order,,2004-03-17T23:11:46+00:00
e952776d-3d29-46b4-a51f-cff6e90ea3b6,672ea8a4-b75b-4553-ac34-2f0f6b4e30cf,855332,Warfarin Sodium 5 MG Oral Tablet,active,order,,1975-01-27T23:11:46+00:00
8a76f7c1-a6bc-4e15-9071-427180315428,672ea8a4-b75b-4553-ac34-2f0f6b4e30cf,316672,Simvistatin 10 MG,stopped,order,,2002-03-18T23:11:46+00:00
daabab65-f23f-4743-8bd9-1e2d6edb925b,672ea8a4-b75b-4553-ac34-2f0f6b4e30cf,316672,Simvistatin 10 MG,stopped,order,,2003-03-18T23:11:46+00:00
678827ff-ba11-4a9b-baef-6db0ae0544ef,672ea8a4-b75b-4553-ac34-2f0f6b4e30cf,316672,Simvistatin 10 MG,stopped,order,,1999-03-19T23:11:46+00:00
16928daa-df8e-4619-9dda-76490d7a0033,672ea8a4-b75b-4553-ac34-2f0f6b4e30cf,897718,Verapamil Hydrochloride 40 MG,active,order,,1983-03-14T23:11:46+00:00
25f22af3-e01b-441e-a014-ad9590bd2c41,672ea8a4-b75b-4553-ac34-2f0f6b4e30cf,1804799,Alteplase 100 MG Injection,stopped,order,,2001-05-21T23:11:46+00:00
003a3ae1-a0ed-4657-8ba7-8e09722104ef,672ea8a4-b75b-4553-ac34-2f0f6b4e30cf,316672,Simvistatin 10 MG,stopped,order,,1994-03-20T23:11:46+00:00
d0a7f726-e488-44a5-8c44-80f6337412a2,672ea8a4-b75b-4553-ac34-2f0f6b4e30cf,316672,Simvistatin 10 MG,stopped,order,,1983-03-23T23:11:46+00:00
6bdcbc50-e004-4b5e-97c6-90a67d81960d,672ea8a4-b75b-4553-ac34-2f0f6b4e30cf,313782,Acetaminophen 325 MG Oral Tablet,stopped,order,,2003-08-13T23:11:46+00:00
adec2971-f343-452b-ae00-9a56945126e4,672ea8a4-b75b-4553-ac34-2f0f6b4e30cf,316672,Simvistatin 10 MG,active,order,,2008-03-16T23:11:46+00:00
e6233974-551c-4e90-8dd7-136e5d094e14,672ea8a4-b75b-4553-ac34-2f0f6b4e30cf,316672,Simvistatin 10 MG,stopped,order,,1987-03-22T23:11:46+00:00
42e2f9ed-8a79-4538-9620-676a8f326891,672ea8a4-b75b-4553-ac34-2f0f6b4e30cf,316672,Simvistatin 10 MG,stopped,order,,1995-03-20T23:11:46+00:00
e3da71bf-ff8b-45cf-b691-6b910162434d,672ea8a4-b75b-4553-ac34-2f0f6b4e30cf,315971,Lasix 40mg,active,order,,2007-09-28T23:11:46+00:00
19ace67e-b732-4ec8-99c1-9d6d866e6294,672ea8a4-b75b-4553-ac34-2f0f6b4e30cf,316672,Simvistatin 10 MG,stopped,order,,1996-03-19T23:11:46+00:00
9afb3cfd-3556-41fd-a191-0fc799e7dd19,672ea8a4-b75b-4553-ac34-2f0f6b4e30cf,1719286,10 ML Furosemide 10 MG/ML Injection,active,order,,2008-03-26T23:11:46+00:00
29b20cc9-1dc6-4746-ad47-61840413a85f,672ea8a4-b75b-4553-ac34-2f0f6b4e30cf,316672,Simvistatin 10 MG,stopped,order,,1986-03-22T23:11:46+00:00
c09713db-d9ec-4c6a-846a-f6bed37551f0,672ea8a4-b75b-4553-ac34-2f0f6b4e30cf,316672,Simvistatin 10 MG,stopped,order,,2005-03-17T23:11:46+00:00
c8da52de-efee-4879-b81d-3730b32a0bdb,672ea8a4-b75b-4553-ac34-2f0f6b4e30cf,316672,Simvistatin 10 MG,stopped,order,,2006-03-17T23:11:46+00:00
d11f5c99-1d58-4ef8-bf59-d413df9f075e,672ea8a4-b75b-4553-ac34-2f0f6b4e30cf,316672,Simvistatin 10 MG,stopped,order,,1991-03-21T23:11:46+00:00
7acca0ab-c9ea-48b5-ab48-3039d8930a4e,c92b99e8-0e77-4358-99bb-4b87d4f30bbe,855332,Warfarin Sodium 5 MG Oral Tablet,active,order,,2008-12-23T19:08:38+00:00
0ae20cd0-2e22-4651-8967-798ff2090a1d,c92b99e8-0e77-4358-99bb-4b87d4f30bbe,834357,3 ML Amiodarone hydrocholoride 50 MG/ML Prefilled Syringe,stopped,order,,2019-03-05T19:08:38+00:00
a084832f-49b0-4c6a-8e1c-301ad1956f8d,c92b99e8-0e77-4358-99bb-4b87d4f30bbe,996740,Memantine hydrochloride 2 MG/ML Oral Solution,active,order,,2014-07-09T19:08:38+00:00
645e55f2-c817-4b3f-a601-f47d0d9e9367,c92b99e8-0e77-4358-99bb-4b87d4f30bbe,904419,Alendronic acid 10 MG Oral Tablet,active,order,,2017-02-07T19:08:38+00:00
121d08ac-bfcc-427f-bddf-8b590104fa2c,c92b99e8-0e77-4358-99bb-4b87d4f30bbe,310436,Galantamine 4 MG Oral Tablet,stopped,order,,2013-01-15T19:08:38+00:00
72551b49-4e99-4e95-88a0-1cfc0392318f,c92b99e8-0e77-4358-99bb-4b87d4f30bbe,197361,Amlodipine 5 MG Oral Tablet,active,order,,2005-12-06T19:08:38+00:00
4645162a-39cc-45d3-9c54-8c4716464538,c92b99e8-0e77-4358-99bb-4b87d4f30bbe,1190795,Atropine Sulfate 1 MG/ML Injectable Solution,stopped,order,,2019-03-05T19:08:38+00:00
001967d7-f1ec-42ed-bd5b-54a308c0281f,c92b99e8-0e77-4358-99bb-4b87d4f30bbe,705129,Nitroglycerin 0.4 MG/ACTUAT Mucosal Spray,active,order,,2005-12-06T19:08:38+00:00
b4a4e8ea-d4bf-4c78-a16c-4bc86c9aa369,c92b99e8-0e77-4358-99bb-4b87d4f30bbe,312961,Simvastatin 20 MG Oral Tablet,active,order,,2005-12-06T19:08:38+00:00
0a3453fd-f49f-49a7-81f5-3c4cfee45118,c92b99e8-0e77-4358-99bb-4b87d4f30bbe,309362,Clopidogrel 75 MG Oral Tablet,active,order,,2005-12-06T19:08:38+00:00
b65ab92a-24d0-4222-9cca-fb6bf34a8164,c92b99e8-0e77-4358-99bb-4b87d4f30bbe,897718,Verapamil Hydrochloride 40 MG,active,order,,2008-12-23T19:08:38+00:00
c3201ae8-1d56-4014-9b48-dfd1c81f2389,c92b99e8-0e77-4358-99bb-4b87d4f30bbe,197604,Digoxin 0.125 MG Oral Tablet,active,order,,2008-12-23T19:08:38+00:00
3323842c-be33-480d-8287-f7503939e1ed,c92b99e8-0e77-4358-99bb-4b87d4f30bbe,1660014,1 ML Epinephrine 1 MG/ML Injection,stopped,order,,2019-03-05T19:08:38+00:00
3332c48c-0cf9-4aa2-a295-5fb1066ed9f4,7e1885c2-cb03-4883-8ce3-2e62c39257f3,198405,Ibuprofen 100 MG Oral Tablet,stopped,order,,2013-01-08T19:00:46+00:00
f1b734fd-1c3c-4f79-92b4-8ab597269b74,7e1885c2-cb03-4883-8ce3-2e62c39257f3,1091392,Methylphenidate Hydrochloride 20 MG Oral Tablet,stopped,order,,2009-09-06T19:00:46+00:00
7cfba4c4-25fc-4374-92dd-9aded366fdc2,7e1885c2-cb03-4883-8ce3-2e62c39257f3,1043400,Acetaminophen 21.7 MG/ML / Dextromethorphan Hydrobromide 1 MG/ML / doxylamine succinate 0.417 MG/ML Oral Solution,stopped,order,,2017-05-14T19:00:46+00:00
83e0f43a-08e8-480d-ada5-523e6413f5f9,7e1885c2-cb03-4883-8ce3-2e62c39257f3,849574,Naproxen sodium 220 MG Oral Tablet,stopped,order,,2017-08-13T19:00:46+00:00
7b04536f-6f7c-40c6-9227-bc2f26b5cdbf,7e1885c2-cb03-4883-8ce3-2e62c39257f3,313782,Acetaminophen 325 MG Oral Tablet,stopped,order,,2015-12-26T19:00:46+00:00
6ff98c2b-1288-4159-a333-1e902080230a,beaf0c3d-bcd4-4155-8a7b-f493bdc8f9fe,310325,ferrous sulfate 325 MG Oral Tablet,active,order,,1977-05-28T01:01:27+00:00
0925041a-1fad-4633-8918-91b0df3f0e5f,beaf0c3d-bcd4-4155-8a7b-f493bdc8f9fe,866414,24 HR metoprolol succinate 100 MG Extended Release Oral Tablet [Toprol],active,order,,2020-06-15T01:01:27+00:00
02ec3dd2-5f54-4e16-864b-6d872c60acf7,beaf0c3d-bcd4-4155-8a7b-f493bdc8f9fe,896209,60 ACTUAT Fluticasone propionate 0.25 MG/ACTUAT / salmeterol 0.05 MG/ACTUAT Dry Powder Inhaler,active,order,,1995-06-03T01:01:27+00:00
8a1dbf73-4505-4e31-89bd-ffa23edddf9b,beaf0c3d-bcd4-4155-8a7b-f493bdc8f9fe,315971,Lasix 40mg,active,order,,2020-06-15T01:01:27+00:00
5c412eba-bda0-451a-8527-53e01705700d,7217c081-64cf-4e6c-b023-05c2e2dcf50c,316672,Simvistatin 10 MG,stopped,order,,2004-02-29T02:11:05+00:00
3a4328ba-60d3-481f-b9a7-ab46fe392562,7217c081-64cf-4e6c-b023-05c2e2dcf50c,1736776,10 ML oxaliplatin 5 MG/ML Injection,active,order,,2018-05-28T02:11:05+00:00
fa7ee9dc-9dc3-4354-8693-50b842d500a0,7217c081-64cf-4e6c-b023-05c2e2dcf50c,316672,Simvistatin 10 MG,stopped,order,,2014-02-26T02:11:05+00:00
d4193a71-2708-4adf-ba89-21e70269501c,7217c081-64cf-4e6c-b023-05c2e2dcf50c,316672,Simvistatin 10 MG,stopped,order,,2011-02-27T02:11:05+00:00
0ca60176-4680-4d74-9c6e-7cac7aafd662,7217c081-64cf-4e6c-b023-05c2e2dcf50c,316672,Simvistatin 10 MG,stopped,order,,1998-03-02T02:11:05+00:00
11e26c0d-6bcb-4d7f-8807-b6c662ca8e42,7217c081-64cf-4e6c-b023-05c2e2dcf50c,316672,Simvistatin 10 MG,stopped,order,,1996-03-02T02:11:05+00:00
ee4665ab-6088-4d8a-ad60-0879cd377b6e,7217c081-64cf-4e6c-b023-05c2e2dcf50c,316672,Simvistatin 10 MG,stopped,order,,1997-03-02T02:11:05+00:00
710d4ceb-18df-4b63-9a68-3b6c9186a9ce,7217c081-64cf-4e6c-b023-05c2e2dcf50c,316672,Simvistatin 10 MG,stopped,order,,2015-02-26T02:11:05+00:00
3d9ca806-a471-4a35-84c4-e780fc716b4b,7217c081-64cf-4e6c-b023-05c2e2dcf50c,316672,Simvistatin 10 MG,stopped,order,,2002-03-01T02:11:05+00:00
93441160-f9ce-45b5-9806-fb7a8ba49f0f,7217c081-64cf-4e6c-b023-05c2e2dcf50c,316672,Simvistatin 10 MG,stopped,order,,1999-03-02T02:11:05+00:00
eee687f3-cbf3-4510-9ad4-106d175adba3,7217c081-64cf-4e6c-b023-05c2e2dcf50c,316672,Simvistatin 10 MG,stopped,order,,2000-03-01T02:11:05+00:00
7226e569-b59a-42c7-a77c-2f164f2558f6,7217c081-64cf-4e6c-b023-05c2e2dcf50c,316672,Simvistatin 10 MG,stopped,order,,1995-03-03T02:11:05+00:00
84011341-3889-488c-a8dd-c880c9eb9c79,7217c081-64cf-4e6c-b023-05c2e2dcf50c,316672,Simvistatin 10 MG,stopped,order,,2009-02-27T02:11:05+00:00
1ec27217-ad21-4121-bfb6-6442107ca09a,7217c081-64cf-4e6c-b023-05c2e2dcf50c,316672,Simvistatin 10 MG,stopped,order,,2017-02-25T02:11:05+00:00
94f730ce-97e8-4806-834b-78a3976dbac2,7217c081-64cf-4e6c-b023-05c2e2dcf50c,313782,Acetaminophen 325 MG Oral Tablet,stopped,order,,2014-06-27T02:11:05+00:00
68bb4730-e147-4702-b743-63954dfe20fe,7217c081-64cf-4e6c-b023-05c2e2dcf50c,316672,Simvistatin 10 MG,stopped,order,,2012-02-27T02:11:05+00:00
8c1e65dd-cec8-4e9c-a456-34aa80410279,7217c081-64cf-4e6c-b023-05c2e2dcf50c,315971,Lasix 40mg,active,order,,2019-05-18T02:11:05+00:00
8e820109-08c6-436c-be52-018af6e3c263,7217c081-64cf-4e6c-b023-05c2e2dcf50c,316672,Simvistatin 10 MG,stopped,order,,2010-02-27T02:11:05+00:00
49bb5cca-1476-4b11-b5e3-5418f8c18994,7217c081-64cf-4e6c-b023-05c2e2dcf50c,316672,Simvistatin 10 MG,stopped,order,,2005-02-28T02:11:05+00:00
b609c002-efc7-4537-a025-7dd600307ec9,7217c081-64cf-4e6c-b023-05c2e2dcf50c,316672,Simvistatin 10 MG,stopped,order,,2019-02-25T02:11:05+00:00
d3678fce-a384-48a5-a0e6-466f5e5d77a7,7217c081-64cf-4e6c-b023-05c2e2dcf50c,2001499,Vitamin B 12 5 MG/ML Injectable Solution,active,order,,1983-01-28T02:11:05+00:00
23c6c6e4-e412-4f97-881e-9926ca9fe2aa,7217c081-64cf-4e6c-b023-05c2e2dcf50c,316672,Simvistatin 10 MG,stopped,order,,2008-02-28T02:11:05+00:00
10cab1e1-4b3f-4e64-8916-0b51422e8542,7217c081-64cf-4e6c-b023-05c2e2dcf50c,316672,Simvistatin 10 MG,stopped,order,,2001-03-01T02:11:05+00:00
56dd011e-ae22-4b22-88f5-b1699d29542d,7217c081-64cf-4e6c-b023-05c2e2dcf50c,316672,Simvistatin 10 MG,stopped,order,,2013-02-26T02:11:05+00:00
f82f3b1f-2768-4b7e-a8ca-a2fc34b07e4d,7217c081-64cf-4e6c-b023-05c2e2dcf50c,316672,Simvistatin 10 MG,active,order,,2021-02-24T02:11:05+00:00
5615c61a-3e27-4f30-8131-f7c7829a3434,7217c081-64cf-4e6c-b023-05c2e2dcf50c,316672,Simvistatin 10 MG,stopped,order,,2006-02-28T02:11:05+00:00
16929ea5-d2b9-416c-a891-444136741c2a,7217c081-64cf-4e6c-b023-05c2e2dcf50c,316672,Simvistatin 10 MG,stopped,order,,2007-02-28T02:11:05+00:00
80d26ab0-1bdd-41fa-b1fd-fd120b4b79c4,7217c081-64cf-4e6c-b023-05c2e2dcf50c,316672,Simvistatin 10 MG,stopped,order,,2003-03-01T02:11:05+00:00
40415b7c-0041-481f-9b36-d81056961981,7217c081-64cf-4e6c-b023-05c2e2dcf50c,316672,Simvistatin 10 MG,stopped,order,,2018-02-25T02:11:05+00:00
a2edf2e3-1228-4f90-a413-963bfc6db950,7217c081-64cf-4e6c-b023-05c2e2dcf50c,316672,Simvistatin 10 MG,stopped,order,,2020-02-25T02:11:05+00:00
7a5f8d71-015a-4d0a-ad0d-6bebda6dd48c,7217c081-64cf-4e6c-b023-05c2e2dcf50c,1803932,Leucovorin 100 MG Injection,active,order,,2018-05-28T02:11:05+00:00
c5fdb04e-ab1e-423b-a1e4-1bcb742bc9b9,7217c081-64cf-4e6c-b023-05c2e2dcf50c,866414,24 HR metoprolol succinate 100 MG Extended Release Oral Tablet [Toprol],active,order,,2019-05-18T02:11:05+00:00
5427b735-6aa5-4701-aa49-4041c073cd01,7217c081-64cf-4e6c-b023-05c2e2dcf50c,316672,Simvistatin 10 MG,stopped,order,,2016-02-26T02:11:05+00:00
c53304e4-2c6d-4276-8f72-b1c2cc2978a7,ac2c231f-86d3-43e0-ab69-7527cbd8ac05,2001499,Vitamin B 12 5 MG/ML Injectable Solution,active,order,,1985-10-06T14:38:07+00:00
e2e341d3-13db-477e-8479-c0310a5abd7b,ac2c231f-86d3-43e0-ab69-7527cbd8ac05,1719286,10 ML Furosemide 10 MG/ML Injection,active,order,,1987-10-17T14:38:07+00:00
79a587bc-5ccf-454a-976d-be44422181f3,ac2c231f-86d3-43e0-ab69-7527cbd8ac05,866414,24 HR metoprolol succinate 100 MG Extended Release Oral Tablet [Toprol],active,order,,1985-10-27T14:38:07+00:00
261da65e-644b-41c0-a713-0e5e113e8843,ac2c231f-86d3-43e0-ab69-7527cbd8ac05,328670,Sertraline 100MG,active,order,,1978-10-03T14:38:07+00:00
f21e7ca4-044b-49a0-8bd9-0eaebd870d98,ac2c231f-86d3-43e0-ab69-7527cbd8ac05,315971,Lasix 40mg,active,order,,1985-10-27T14:38:07+00:00
73ab7d25-355f-4853-aaef-7e783319617e,ac2c231f-86d3-43e0-ab69-7527cbd8ac05,106258,Hydrocortisone 10 MG/ML Topical Cream,active,order,,1945-10-05T14:38:07+00:00
93d5e8dd-54e7-4468-bf18-5e49aa95ec7f,ac2c231f-86d3-43e0-ab69-7527cbd8ac05,849574,Naproxen sodium 220 MG Oral Tablet,active,order,,1962-09-23T14:38:07+00:00
70e47074-f5b4-45f9-ab55-2c80dec739d2,ac2c231f-86d3-43e0-ab69-7527cbd8ac05,316049,Hydrochlorothiazide 25 MG,active,order,,1938-12-04T14:38:07+00:00
2813bddf-67ba-469b-9e2e-28309b6bdcca,ac2c231f-86d3-43e0-ab69-7527cbd8ac05,856980,Acetaminophen/Hydrocodone,active,order,,1978-10-03T14:38:07+00:00
c9576a93-bd80-4636-8a26-532093ce03de,ac2c231f-86d3-43e0-ab69-7527cbd8ac05,1049221,Acetaminophen 325 MG / oxyCODONE Hydrochloride 5 MG Oral Tablet,active,order,,1948-09-11T14:38:07+00:00
44b20635-df40-48b7-89cf-e18acd8a7ec6,d421c808-2605-41a4-9aaf-9d786528dc13,313782,Acetaminophen 325 MG Oral Tablet,stopped,order,,2012-07-01T15:22:50+00:00
4f62f0ca-6842-4491-85be-70266a5d8f2e,dd2c219c-59dc-481c-bbcc-cc16744c2a18,849574,Naproxen sodium 220 MG Oral Tablet,stopped,order,,2011-07-15T01:34:19+00:00
18cde6d3-5edc-48ba-9eb7-347f40d820e0,dd2c219c-59dc-481c-bbcc-cc16744c2a18,861467,Meperidine Hydrochloride 50 MG Oral Tablet,stopped,order,,2016-07-23T01:34:19+00:00
655039fe-0ea8-4133-9bf5-ae6dc931d582,dd2c219c-59dc-481c-bbcc-cc16744c2a18,310965,Ibuprofen 200 MG Oral Tablet,stopped,order,,2016-07-23T01:34:19+00:00
ff3be981-5876-4985-adbc-7c15dd70119e,dd2c219c-59dc-481c-bbcc-cc16744c2a18,308192,Amoxicillin 500 MG Oral Tablet,stopped,order,,2011-07-15T01:34:19+00:00
2971753f-2d4b-4745-980c-a80b0efec35d,dd2c219c-59dc-481c-bbcc-cc16744c2a18,313782,Acetaminophen 325 MG Oral Tablet,stopped,order,,2012-06-07T01:34:19+00:00
907f95f6-d70d-4023-b04d-1e86a8d1e119,dd2c219c-59dc-481c-bbcc-cc16744c2a18,849574,Naproxen sodium 220 MG Oral Tablet,stopped,order,,2013-09-16T01:34:19+00:00
bb91dc6c-de26-41fa-a818-f71abad76d51,dd2c219c-59dc-481c-bbcc-cc16744c2a18,861467,Meperidine Hydrochloride 50 MG Oral Tablet,stopped,order,,2011-07-15T01:34:19+00:00
fe7b335c-6548-4702-986a-7b5a5d062712,dd2c219c-59dc-481c-bbcc-cc16744c2a18,313782,Acetaminophen 325 MG Oral Tablet,stopped,order,,2011-07-05T01:34:19+00:00
4a4003cb-58e9-435c-b86c-dc5045c6bfc6,dd2c219c-59dc-481c-bbcc-cc16744c2a18,313782,Acetaminophen 325 MG Oral Tablet,stopped,order,,2012-08-22T01:34:19+00:00
998f9749-7ae2-41d6-9c28-0f0612105bb2,148f10e1-2182-4297-ac1f-39bb9eca6f1a,849574,Naproxen sodium 220 MG Oral Tablet,stopped,order,,2016-02-13T04:22:04+00:00
5512818c-c6c9-46ee-bad6-94843bd8b0d6,148f10e1-2182-4297-ac1f-39bb9eca6f1a,1049630,diphenhydrAMINE Hydrochloride 25 MG Oral Tablet,active,order,,1976-06-10T04:22:04+00:00
eb0e2385-773b-4315-9a70-46d510f0cc76,148f10e1-2182-4297-ac1f-39bb9eca6f1a,849574,Naproxen sodium 220 MG Oral Tablet,stopped,order,,2014-01-10T04:22:04+00:00
738a0486-f8ca-41d6-af4d-199e3c231499,148f10e1-2182-4297-ac1f-39bb9eca6f1a,860975,24 HR Metformin hydrochloride 500 MG Extended Release Oral Tablet,active,order,,2019-06-25T04:22:04+00:00
473d0de2-766d-4e34-b06c-9772fbf3eede,148f10e1-2182-4297-ac1f-39bb9eca6f1a,849574,Naproxen sodium 220 MG Oral Tablet,stopped,order,,2012-04-06T04:22:04+00:00
a941a158-a509-498e-b955-4992c1c774c3,54d0aacd-9b70-4a62-91ac-af86c9408ae8,316672,Simvistatin 10 MG,stopped,order,,2008-07-31T03:01:19+00:00
d704f5df-fa8a-4927-9d43-6eeb13175495,54d0aacd-9b70-4a62-91ac-af86c9408ae8,316672,Simvistatin 10 MG,stopped,order,,2012-07-30T03:01:19+00:00
551a874a-1d17-41c2-a083-51185ed7f073,54d0aacd-9b70-4a62-91ac-af86c9408ae8,316672,Simvistatin 10 MG,stopped,order,,2005-08-01T03:01:19+00:00
e9f01476-0af5-4741-a7eb-b6b7d5beee6c,54d0aacd-9b70-4a62-91ac-af86c9408ae8,316672,Simvistatin 10 MG,stopped,order,,2009-07-31T03:01:19+00:00
ad27d96a-9c87-44b6-b73a-c585e15818b2,54d0aacd-9b70-4a62-91ac-af86c9408ae8,316672,Simvistatin 10 MG,stopped,order,,2000-08-02T03:01:19+00:00
9e3e67a1-0575-4d53-89b9-13a4942d53c9,54d0aacd-9b70-4a62-91ac-af86c9408ae8,316672,Simvistatin 10 MG,stopped,order,,2016-07-29T03:01:19+00:00
e4513824-82a7-4fb6-a05d-5f2507e6681b,54d0aacd-9b70-4a62-91ac-af86c9408ae8,316672,Simvistatin 10 MG,stopped,order,,2001-08-02T03:01:19+00:00
3512d143-d3b6-4949-a7ee-bc57f1a0aa2e,54d0aacd-9b70-4a62-91ac-af86c9408ae8,316672,Simvistatin 10 MG,stopped,order,,2019-07-29T03:01:19+00:00
bcb3a4f3-8020-4ab5-a4d4-aedb0afa5fe6,54d0aacd-9b70-4a62-91ac-af86c9408ae8,316672,Simvistatin 10 MG,active,order,,2020-07-28T03:01:19+00:00
9de22bc4-6a0c-4115-bdcd-7b284e7c38f2,54d0aacd-9b70-4a62-91ac-af86c9408ae8,316672,Simvistatin 10 MG,stopped,order,,2015-07-30T03:01:19+00:00
ada52871-741f-47b8-a87f-a05a728f4759,54d0aacd-9b70-4a62-91ac-af86c9408ae8,316049,Hydrochlorothiazide 25 MG,active,order,,1974-01-08T03:01:19+00:00
3ce8646b-afe3-4c59-b1ab-d80b85d2888d,54d0aacd-9b70-4a62-91ac-af86c9408ae8,316672,Simvistatin 10 MG,stopped,order,,2004-08-01T03:01:19+00:00
67ae8936-f085-4a89-aa9c-2bebbbd29f0d,54d0aacd-9b70-4a62-91ac-af86c9408ae8,316672,Simvistatin 10 MG,stopped,order,,2007-08-01T03:01:19+00:00
11b95bb2-27e6-471c-a527-c3df5bc50e56,54d0aacd-9b70-4a62-91ac-af86c9408ae8,316672,Simvistatin 10 MG,stopped,order,,2006-08-01T03:01:19+00:00
26f3db9a-0819-439b-b1fe-53ab63dffede,54d0aacd-9b70-4a62-91ac-af86c9408ae8,316672,Simvistatin 10 MG,stopped,order,,2003-08-02T03:01:19+00:00
93f62437-44a7-4eb8-9930-a524cc66094d,54d0aacd-9b70-4a62-91ac-af86c9408ae8,310965,Ibuprofen 200 MG Oral Tablet,stopped,order,,2020-02-25T03:01:19+00:00
a7705391-ae74-4229-971c-a3dea6a9fa40,54d0aacd-9b70-4a62-91ac-af86c9408ae8,316672,Simvistatin 10 MG,stopped,order,,1999-08-03T03:01:19+00:00
10adb4b0-5c6a-49f4-8bb4-d986b55e6cd5,54d0aacd-9b70-4a62-91ac-af86c9408ae8,316672,Simvistatin 10 MG,stopped,order,,2010-07-31T03:01:19+00:00
431b0313-e6fa-459d-b2cd-58715bc176d5,54d0aacd-9b70-4a62-91ac-af86c9408ae8,316672,Simvistatin 10 MG,stopped,order,,2017-07-29T03:01:19+00:00
add1d504-672f-4104-8cea-571cd3c43332,54d0aacd-9b70-4a62-91ac-af86c9408ae8,316672,Simvistatin 10 MG,stopped,order,,2018-07-29T03:01:19+00:00
6335a93d-7dea-4fb8-ba9a-48a839e71ca1,54d0aacd-9b70-4a62-91ac-af86c9408ae8,316672,Simvistatin 10 MG,stopped,order,,2002-08-02T03:01:19+00:00
987921cd-c7bd-4301-a044-66e9db9c9b1e,54d0aacd-9b70-4a62-91ac-af86c9408ae8,316672,Simvistatin 10 MG,stopped,order,,2011-07-31T03:01:19+00:00
dea37583-8e32-45e4-97a2-fe282167455b,54d0aacd-9b70-4a62-91ac-af86c9408ae8,316672,Simvistatin 10 MG,stopped,order,,2013-07-30T03:01:19+00:00
d45925df-c207-4edc-97c1-3cb9a866666e,54d0aacd-9b70-4a62-91ac-af86c9408ae8,316672,Simvistatin 10 MG,stopped,order,,2014-07-30T03:01:19+00:00
6a9cd519-7c86-48e2-a7da-abc31f351935,9e2e28b1-1db8-489f-a5d4-3d7e6b2b3a0c,1049630,diphenhydrAMINE Hydrochloride 25 MG Oral Tablet,active,order,,1970-06-12T15:27:40+00:00
d1539bce-499d-4b56-8c36-fb7c53207b67,9e2e28b1-1db8-489f-a5d4-3d7e6b2b3a0c,748962,Camila 28 Day Pack,stopped,order,,2016-03-23T15:27:40+00:00
4b44136e-7739-4696-84d0-18d9266c6166,9e2e28b1-1db8-489f-a5d4-3d7e6b2b3a0c,316049,Hydrochlorothiazide 25 MG,active,order,,1985-11-18T15:27:40+00:00
afcb8ab1-54dc-4ae7-8111-74df7030e2d2,9e2e28b1-1db8-489f-a5d4-3d7e6b2b3a0c,316672,Simvistatin 10 MG,stopped,order,,2020-02-03T15:27:40+00:00
f56cc622-1cc8-4aa7-8478-746128e04145,9e2e28b1-1db8-489f-a5d4-3d7e6b2b3a0c,310965,Ibuprofen 200 MG Oral Tablet,stopped,order,,2011-09-22T15:27:40+00:00
7983b4d2-1ca5-4e14-9fcb-03107eb12161,9e2e28b1-1db8-489f-a5d4-3d7e6b2b3a0c,748962,Camila 28 Day Pack,stopped,order,,2010-04-20T15:27:40+00:00
742ca745-d693-4495-a546-0d172e512c45,9e2e28b1-1db8-489f-a5d4-3d7e6b2b3a0c,807283,Mirena 52 MG Intrauterine System,stopped,order,,2013-04-04T15:27:40+00:00
5396ea80-55ab-4c02-bb04-217ae5da07aa,9e2e28b1-1db8-489f-a5d4-3d7e6b2b3a0c,316672,Simvistatin 10 MG,active,order,,2021-02-02T15:27:40+00:00
446c53e2-bfae-4696-8b9c-2c229c363cd3,9e2e28b1-1db8-489f-a5d4-3d7e6b2b3a0c,748962,Camila 28 Day Pack,stopped,order,,2012-04-09T15:27:40+00:00
1b750739-5fd2-49a8-8da4-5eb206b6c848,2d526118-fb1d-44c0-9b0b-b8f6d4f2b4fb,316672,Simvistatin 10 MG,stopped,order,,1977-07-21T19:20:06+00:00
4f87deb5-c918-4f11-bdc9-fd93aee6e955,2d526118-fb1d-44c0-9b0b-b8f6d4f2b4fb,316672,Simvistatin 10 MG,stopped,order,,1973-07-22T19:20:06+00:00
de117299-3b1c-4030-a7d8-18711f380814,2d526118-fb1d-44c0-9b0b-b8f6d4f2b4fb,316672,Simvistatin 10 MG,active,order,,2004-07-14T19:20:06+00:00
117c69ac-4be2-4c88-b316-a0c631837a9f,2d526118-fb1d-44c0-9b0b-b8f6d4f2b4fb,316672,Simvistatin 10 MG,stopped,order,,1966-07-24T19:20:06+00:00
00fb1c20-3f10-49bd-8561-158f4a1164e3,2d526118-fb1d-44c0-9b0b-b8f6d4f2b4fb,2001499,Vitamin B 12 5 MG/ML Injectable Solution,active,order,,1973-07-28T19:20:06+00:00
47fb711c-502f-419f-80d9-bddf8932a7fb,2d526118-fb1d-44c0-9b0b-b8f6d4f2b4fb,316672,Simvistatin 10 MG,stopped,order,,1987-07-19T19:20:06+00:00
ad37c8e5-99eb-4804-9a07-9aa16e4ab9ca,2d526118-fb1d-44c0-9b0b-b8f6d4f2b4fb,316672,Simvistatin 10 MG,stopped,order,,1992-07-17T19:20:06+00:00
d708dcaf-ab89-444e-ac64-6224099c9bf2,2d526118-fb1d-44c0-9b0b-b8f6d4f2b4fb,316672,Simvistatin 10 MG,stopped,order,,1997-07-16T19:20:06+00:00
31768175-7105-419f-ae45-e4326e9508ec,2d526118-fb1d-44c0-9b0b-b8f6d4f2b4fb,316672,Simvistatin 10 MG,stopped,order,,1999-07-16T19:20:06+00:00
02a8e6d1-9858-465a-997f-eab4dfaf4ddb,2d526118-fb1d-44c0-9b0b-b8f6d4f2b4fb,855332,Warfarin Sodium 5 MG Oral Tablet,active,order,,1974-08-03T19:20:06+00:00
e7a23016-f91f-445c-8018-7c504c585928,2d526118-fb1d-44c0-9b0b-b8f6d4f2b4fb,316672,Simvistatin 10 MG,stopped,order,,1965-07-24T19:20:06+00:00
96205b36-87a3-44c9-b1a0-0cc243c6b6a1,2d526118-fb1d-44c0-9b0b-b8f6d4f2b4fb,1049221,Acetaminophen 325 MG / Oxycodone Hydrochloride 5 MG Oral Tablet,stopped,order,,1995-09-07T19:20:06+00:00
4edc8330-4c1c-4718-a3a2-126ca89b7b54,2d526118-fb1d-44c0-9b0b-b8f6d4f2b4fb,1310197,Acetaminophen 300 MG / HYDROcodone Bitartrate 5 MG [Vicodin],stopped,order,,1995-01-04T19:20:06+00:00
350745c2-b54e-4f6d-9af4-4ef4b55d5da9,2d526118-fb1d-44c0-9b0b-b8f6d4f2b4fb,897718,Verapamil Hydrochloride 40 MG,active,order,,1983-09-24T19:20:06+00:00
cb85bbc8-b2a1-47cf-83a8-73f61960a0b5,2d526118-fb1d-44c0-9b0b-b8f6d4f2b4fb,316672,Simvistatin 10 MG,stopped,order,,1978-07-21T19:20:06+00:00
f00d0d70-e140-4a66-8aeb-d348c17a1b52,2d526118-fb1d-44c0-9b0b-b8f6d4f2b4fb,316672,Simvistatin 10 MG,stopped,order,,1980-07-20T19:20:06+00:00
0b30acf0-b147-4835-ad46-491c53a9b501,2d526118-fb1d-44c0-9b0b-b8f6d4f2b4fb,1310197,Acetaminophen 300 MG / HYDROcodone Bitartrate 5 MG [Vicodin],stopped,order,,1994-07-26T19:20:06+00:00
0d7cc244-f60d-42c3-8cf3-3e69c2e0e789,2d526118-fb1d-44c0-9b0b-b8f6d4f2b4fb,316672,Simvistatin 10 MG,stopped,order,,1976-07-21T19:20:06+00:00
cf8d72b8-128a-4402-91e4-e6c1c0bbd053,2d526118-fb1d-44c0-9b0b-b8f6d4f2b4fb,316672,Simvistatin 10 MG,stopped,order,,1969-07-23T19:20:06+00:00
37e40b44-e669-43aa-95d1-74ff3b751c21,2d526118-fb1d-44c0-9b0b-b8f6d4f2b4fb,316672,Simvistatin 10 MG,stopped,order,,2003-07-15T19:20:06+00:00
900ec449-61c9-4537-a245-d02913362e61,2d526118-fb1d-44c0-9b0b-b8f6d4f2b4fb,313782,Acetaminophen 325 MG Oral Tablet,stopped,order,,2002-12-16T19:20:06+00:00
8c7bf03e-6f48-464c-886c-ee6b35ad0109,2d526118-fb1d-44c0-9b0b-b8f6d4f2b4fb,1310197,Acetaminophen 300 MG / HYDROcodone Bitartrate 5 MG [Vicodin],stopped,order,,1995-01-25T19:20:06+00:00
3a6c8804-29e2-4a80-bf5d-4a11c6cd8e87,2d526118-fb1d-44c0-9b0b-b8f6d4f2b4fb,316672,Simvistatin 10 MG,stopped,order,,1989-07-18T19:20:06+00:00
ae2707ca-d657-4d8f-ba31-b47d1b0eff96,2d526118-fb1d-44c0-9b0b-b8f6d4f2b4fb,316672,Simvistatin 10 MG,stopped,order,,1984-07-19T19:20:06+00:00
76521cb0-632a-49e2-878f-b0cc340e0c0b,2d526118-fb1d-44c0-9b0b-b8f6d4f2b4fb,316672,Simvistatin 10 MG,stopped,order,,1993-07-17T19:20:06+00:00
7f860db5-bc51-4d99-a57e-5eb434ddb15f,2d526118-fb1d-44c0-9b0b-b8f6d4f2b4fb,316672,Simvistatin 10 MG,stopped,order,,1968-07-23T19:20:06+00:00
b4c57ee9-873d-40fd-8780-fbf85f899571,2d526118-fb1d-44c0-9b0b-b8f6d4f2b4fb,316672,Simvistatin 10 MG,stopped,order,,2000-07-15T19:20:06+00:00
48e0624a-283f-46fb-98ee-7e5bfd1225fb,2d526118-fb1d-44c0-9b0b-b8f6d4f2b4fb,849574,Naproxen sodium 220 MG Oral Tablet,active,order,,1982-06-16T19:20:06+00:00
a0337f96-09ba-4c32-bf53-01b76ee6544c,2d526118-fb1d-44c0-9b0b-b8f6d4f2b4fb,1310197,Acetaminophen 300 MG / HYDROcodone Bitartrate 5 MG [Vicodin],stopped,order,,1996-07-27T19:20:06+00:00
5887192c-534d-4af2-81d4-dfbbb26a19b0,2d526118-fb1d-44c0-9b0b-b8f6d4f2b4fb,316672,Simvistatin 10 MG,stopped,order,,1967-07-24T19:20:06+00:00
6353cf45-ba20-4c5b-8570-4295fda1ead7,2d526118-fb1d-44c0-9b0b-b8f6d4f2b4fb,316672,Simvistatin 10 MG,stopped,order,,1979-07-21T19:20:06+00:00
c7392903-d35d-4ab7-8070-483e83dde945,2d526118-fb1d-44c0-9b0b-b8f6d4f2b4fb,316672,Simvistatin 10 MG,stopped,order,,1988-07-18T19:20:06+00:00
ba20be3c-5f3b-422c-8235-c4773021dbcc,2d526118-fb1d-44c0-9b0b-b8f6d4f2b4fb,316672,Simvistatin 10 MG,stopped,order,,1994-07-17T19:20:06+00:00
305a9ec4-51fd-4f28-b8bb-0fee4a31d814,2d526118-fb1d-44c0-9b0b-b8f6d4f2b4fb,316672,Simvistatin 10 MG,stopped,order,,1971-07-23T19:20:06+00:00
79bcd255-87d5-45b0-aacb-a73e9c1f4157,2d526118-fb1d-44c0-9b0b-b8f6d4f2b4fb,316672,Simvistatin 10 MG,stopped,order,,1995-07-17T19:20:06+00:00
3cc3010e-456e-4496-9603-1d21a3540328,2d526118-fb1d-44c0-9b0b-b8f6d4f2b4fb,1310197,Acetaminophen 300 MG / HYDROcodone Bitartrate 5 MG [Vicodin],stopped,order,,1997-08-29T19:20:06+00:00
ed01b0c5-3d40-49a4-9739-401365bfbe71,2d526118-fb1d-44c0-9b0b-b8f6d4f2b4fb,197604,Digoxin 0.125 MG Oral Tablet,active,order,,1974-08-03T19:20:06+00:00
ca110389-d97d-45d3-ba09-27f696baa7d1,2d526118-fb1d-44c0-9b0b-b8f6d4f2b4fb,1310197,Acetaminophen 300 MG / HYDROcodone Bitartrate 5 MG [Vicodin],stopped,order,,1997-11-25T19:20:06+00:00
f926d38d-625c-4be4-b6fa-e6bf7e1ac457,2d526118-fb1d-44c0-9b0b-b8f6d4f2b4fb,316672,Simvistatin 10 MG,stopped,order,,1985-07-19T19:20:06+00:00
8a7f5688-42f1-4133-9c07-848acf1a7ada,2d526118-fb1d-44c0-9b0b-b8f6d4f2b4fb,316672,Simvistatin 10 MG,stopped,order,,2001-07-15T19:20:06+00:00
9b9f2d57-7f1d-4f88-a117-a9f495ff3b19,2d526118-fb1d-44c0-9b0b-b8f6d4f2b4fb,316672,Simvistatin 10 MG,stopped,order,,1998-07-16T19:20:06+00:00
2a31ef2a-19e2-4501-8cc7-b4744f7b1de5,2d526118-fb1d-44c0-9b0b-b8f6d4f2b4fb,1310197,Acetaminophen 300 MG / HYDROcodone Bitartrate 5 MG [Vicodin],stopped,order,,1994-10-22T19:20:06+00:00
74d00630-e3c5-483d-900f-2a8574987fb7,2d526118-fb1d-44c0-9b0b-b8f6d4f2b4fb,316672,Simvistatin 10 MG,stopped,order,,1970-07-23T19:20:06+00:00
7591132f-4e41-44ac-999b-3828fa3fa610,2d526118-fb1d-44c0-9b0b-b8f6d4f2b4fb,1049221,Acetaminophen 325 MG / Oxycodone Hydrochloride 5 MG Oral Tablet,stopped,order,,1997-07-23T19:20:06+00:00
bf8251fe-175f-452e-a706-3019d90d9b25,2d526118-fb1d-44c0-9b0b-b8f6d4f2b4fb,997223,Donepezil hydrochloride 10 MG Oral Tablet,stopped,order,,1999-12-25T19:20:06+00:00
e46982aa-203f-4008-9c00-f3c7161d05b2,2d526118-fb1d-44c0-9b0b-b8f6d4f2b4fb,316672,Simvistatin 10 MG,stopped,order,,1990-07-18T19:20:06+00:00
bb3c8006-bd29-4401-bc89-02310f6b28fd,2d526118-fb1d-44c0-9b0b-b8f6d4f2b4fb,1860154,Abuse-Deterrent 12 HR Oxycodone Hydrochloride 15 MG Extended Release Oral Tablet,stopped,order,,1997-02-04T19:20:06+00:00
ae5ae129-e59a-4914-a4f7-aea805604a48,2d526118-fb1d-44c0-9b0b-b8f6d4f2b4fb,316672,Simvistatin 10 MG,stopped,order,,1972-07-22T19:20:06+00:00
a7b1f142-a9a4-4c8f-b3dd-099a1607f4a1,2d526118-fb1d-44c0-9b0b-b8f6d4f2b4fb,309362,Clopidogrel 75 MG Oral Tablet,stopped,order,,2003-11-29T19:20:06+00:00
b8b23436-07fc-4855-b864-01739b755c83,2d526118-fb1d-44c0-9b0b-b8f6d4f2b4fb,1049221,Acetaminophen 325 MG / Oxycodone Hydrochloride 5 MG Oral Tablet,stopped,order,,1996-11-01T19:20:06+00:00
c8f8019c-aca7-4265-b3a9-7cf107f9df00,2d526118-fb1d-44c0-9b0b-b8f6d4f2b4fb,1310197,Acetaminophen 300 MG / HYDROcodone Bitartrate 5 MG [Vicodin],stopped,order,,1997-10-05T19:20:06+00:00
7573028a-0b82-41d0-bd4b-1b757d6b3d28,2d526118-fb1d-44c0-9b0b-b8f6d4f2b4fb,1310197,Acetaminophen 300 MG / HYDROcodone Bitartrate 5 MG [Vicodin],stopped,order,,1995-12-25T19:20:06+00:00
9aef9c93-5e48-424c-84ea-865e2cc2bc20,2d526118-fb1d-44c0-9b0b-b8f6d4f2b4fb,316672,Simvistatin 10 MG,stopped,order,,1975-07-22T19:20:06+00:00
66a10b72-a010-4054-8e28-99c438d901e8,2d526118-fb1d-44c0-9b0b-b8f6d4f2b4fb,1860154,Abuse-Deterrent 12 HR Oxycodone Hydrochloride 15 MG Extended Release Oral Tablet,stopped,order,,1995-07-25T19:20:06+00:00
adbaf54b-0a32-46f1-ad65-6427004c437d,2d526118-fb1d-44c0-9b0b-b8f6d4f2b4fb,316672,Simvistatin 10 MG,stopped,order,,1981-07-20T19:20:06+00:00
43c3d106-55e0-4f81-beeb-9cbff4a8efde,2d526118-fb1d-44c0-9b0b-b8f6d4f2b4fb,316672,Simvistatin 10 MG,stopped,order,,1996-07-16T19:20:06+00:00
0f0616b3-0fa3-4b24-ac94-659dd2a8e8cd,2d526118-fb1d-44c0-9b0b-b8f6d4f2b4fb,316672,Simvistatin 10 MG,stopped,order,,1982-07-20T19:20:06+00:00
dec46413-0b7b-4220-83da-c78183dc4616,2d526118-fb1d-44c0-9b0b-b8f6d4f2b4fb,316672,Simvistatin 10 MG,stopped,order,,1991-07-18T19:20:06+00:00
5212a99a-dbca-4ed7-82ec-8f2ae3e8682f,2d526118-fb1d-44c0-9b0b-b8f6d4f2b4fb,998582,Donepezil hydrochloride 23 MG [Aricept],active,order,,2000-12-19T19:20:06+00:00
d84fa054-f499-4027-86e7-de6a30660f52,2d526118-fb1d-44c0-9b0b-b8f6d4f2b4fb,316672,Simvistatin 10 MG,stopped,order,,2002-07-15T19:20:06+00:00
82f0ffc2-b528-4755-b7b5-06c756786af1,2d526118-fb1d-44c0-9b0b-b8f6d4f2b4fb,316672,Simvistatin 10 MG,stopped,order,,1986-07-19T19:20:06+00:00
60da540d-8e62-4c17-9c88-9d9b0d3f7923,2d526118-fb1d-44c0-9b0b-b8f6d4f2b4fb,1804799,Alteplase 100 MG Injection,stopped,order,,2003-11-29T19:20:06+00:00
ba19c8d5-a5ea-47a2-b809-93c75e0746eb,2d526118-fb1d-44c0-9b0b-b8f6d4f2b4fb,316672,Simvistatin 10 MG,stopped,order,,1974-07-22T19:20:06+00:00
b539b2b9-fc3f-48c1-89ef-c7a7efc6a731,2d526118-fb1d-44c0-9b0b-b8f6d4f2b4fb,316672,Simvistatin 10 MG,stopped,order,,1983-07-20T19:20:06+00:00
e02c0734-91ee-42e7-8f0b-f070a2bcf167,2d526118-fb1d-44c0-9b0b-b8f6d4f2b4fb,1860154,Abuse-Deterrent 12 HR Oxycodone Hydrochloride 15 MG Extended Release Oral Tablet,stopped,order,,1995-10-14T19:20:06+00:00
967b7d9f-bc48-4fa8-9340-c3ab0ae07900,2d526118-fb1d-44c0-9b0b-b8f6d4f2b4fb,1310197,Acetaminophen 300 MG / HYDROcodone Bitartrate 5 MG [Vicodin],stopped,order,,1997-03-13T19:20:06+00:00
28f2aadc-9342-4ae4-8ab9-78395f20bba4,2d526118-fb1d-44c0-9b0b-b8f6d4f2b4fb,1860154,Abuse-Deterrent 12 HR Oxycodone Hydrochloride 15 MG Extended Release Oral Tablet,stopped,order,,1998-04-01T19:20:06+00:00
75623551-6610-4808-9dd1-b148496d889b,58c580cc-9bc9-4569-a51a-76db00935627,748962,Camila 28 Day Pack,stopped,order,,2013-07-03T07:13:25+00:00
f82d27a9-1f52-42b0-9af7-8d521fff1070,58c580cc-9bc9-4569-a51a-76db00935627,197319,Allopurinol 100 MG Oral Tablet,stopped,order,,2019-12-02T07:13:25+00:00
2ce5440d-164f-4ea6-88d5-433f36cd8576,58c580cc-9bc9-4569-a51a-76db00935627,198014,Naproxen 500 MG Oral Tablet,stopped,order,,2016-11-11T07:13:25+00:00
99ab3a3a-1f89-40bc-9853-c61db060d0d1,58c580cc-9bc9-4569-a51a-76db00935627,198014,Naproxen 500 MG Oral Tablet,stopped,order,,2019-12-02T07:13:25+00:00
7b21831a-c068-4a12-a396-a9eab77481e2,58c580cc-9bc9-4569-a51a-76db00935627,197319,Allopurinol 100 MG Oral Tablet,stopped,order,,2016-11-11T07:13:25+00:00
230e779a-7f36-4d2a-9227-47f161d9910a,58c580cc-9bc9-4569-a51a-76db00935627,197319,Allopurinol 100 MG Oral Tablet,stopped,order,,2020-12-22T07:13:25+00:00
b93ce726-342d-4a1e-a6aa-f4080d6fb632,58c580cc-9bc9-4569-a51a-76db00935627,316049,Hydrochlorothiazide 25 MG,active,order,,1982-12-07T07:13:25+00:00
33fcc53d-5f81-4132-8402-3b0b9d7e7f33,58c580cc-9bc9-4569-a51a-76db00935627,858069,Colchicine 0.6 MG [Colcrys],stopped,order,,2014-10-22T07:13:25+00:00
fb95dba9-3d47-4c80-849b-27061fe28b19,58c580cc-9bc9-4569-a51a-76db00935627,849574,Naproxen sodium 220 MG Oral Tablet,stopped,order,,2020-10-24T07:13:25+00:00
1aec4567-ae12-4351-b5c2-595e1a501f8f,58c580cc-9bc9-4569-a51a-76db00935627,198014,Naproxen 500 MG Oral Tablet,stopped,order,,2020-12-22T07:13:25+00:00
74333223-ec4c-4db5-a481-1afe57b36505,58c580cc-9bc9-4569-a51a-76db00935627,831533,Errin 28 Day Pack,stopped,order,,2011-07-14T07:13:25+00:00
871c6038-194f-43c3-b683-9296377a0576,58c580cc-9bc9-4569-a51a-76db00935627,1000156,0.65 ML medroxyprogesterone acetate 160 MG/ML Prefilled Syringe,stopped,order,,2014-06-28T07:13:25+00:00
967ee64a-fea8-420c-a6ba-99d410046c4b,58c580cc-9bc9-4569-a51a-76db00935627,197319,Allopurinol 100 MG Oral Tablet,stopped,order,,2014-10-22T07:13:25+00:00
d09484ea-b0be-4c59-9de7-321be664d4bd,0d1d30da-56ac-46ab-887e-5f0699593059,562251,Amoxicillin 250 MG / Clavulanate 125 MG Oral Tablet,stopped,order,,2002-08-23T02:39:21+00:00
f04b02bd-37e1-46e7-a3c7-5c1f4af8ae0b,0d1d30da-56ac-46ab-887e-5f0699593059,313782,Acetaminophen 325 MG Oral Tablet,stopped,order,,2003-08-21T02:39:21+00:00
c8de388e-bc4a-4806-86bf-6e9d9077456e,0d1d30da-56ac-46ab-887e-5f0699593059,866414,24 HR metoprolol succinate 100 MG Extended Release Oral Tablet [Toprol],active,order,,2004-05-13T02:39:21+00:00
67f94573-8632-4543-b0f3-b2645319b1d8,0d1d30da-56ac-46ab-887e-5f0699593059,315971,Lasix 40mg,active,order,,2004-05-13T02:39:21+00:00
017b1263-338f-4a34-9cc5-15b5009ffb14,0d1d30da-56ac-46ab-887e-5f0699593059,562251,Amoxicillin 250 MG / Clavulanate 125 MG Oral Tablet,stopped,order,,1997-06-04T02:39:21+00:00
324f3d34-12dd-4635-9e74-83602375518a,0d1d30da-56ac-46ab-887e-5f0699593059,1860480,1 ML DOCEtaxel 20 MG/ML Injection,active,order,,1985-03-10T02:39:21+00:00
379d9e4b-ecd3-406a-9a64-dd098af2e348,0d1d30da-56ac-46ab-887e-5f0699593059,849574,Naproxen sodium 220 MG Oral Tablet,active,order,,1982-04-09T02:39:21+00:00
40d184df-135f-4b37-b411-b392a9c69b64,0d1d30da-56ac-46ab-887e-5f0699593059,313782,Acetaminophen 325 MG Oral Tablet,stopped,order,,1996-03-17T02:39:21+00:00
d43af5ce-773d-4d24-9db8-e4063b5bf474,0d1d30da-56ac-46ab-887e-5f0699593059,752899,0.25 ML Leuprolide Acetate 30 MG/ML Prefilled Syringe,active,order,,1985-03-10T02:39:21+00:00
49c80225-fb9a-4047-9311-011ba110b2d7,0d1d30da-56ac-46ab-887e-5f0699593059,1719286,10 ML Furosemide 10 MG/ML Injection,active,order,,2005-11-04T02:39:21+00:00
f39bbb21-820d-4c4f-ab7d-248ed382a974,3a44aee2-523a-4e97-8f47-bd07c4926590,1000126,1 ML medroxyprogesterone acetate 150 MG/ML Injection,stopped,order,,2015-09-29T16:01:51+00:00
c9e56e20-aad7-493c-9cc0-8ced91e851e8,3a44aee2-523a-4e97-8f47-bd07c4926590,313782,Acetaminophen 325 MG Oral Tablet,stopped,order,,2012-06-02T16:01:51+00:00
a9d0f5a2-c1bf-4f1d-87ab-786c79bc5f38,3a44aee2-523a-4e97-8f47-bd07c4926590,389221,Etonogestrel 68 MG Drug Implant,stopped,order,,2017-09-18T16:01:51+00:00
4470f08c-4685-4558-950b-66c134ef5cb4,3a44aee2-523a-4e97-8f47-bd07c4926590,313782,Acetaminophen 325 MG Oral Tablet,stopped,order,,2020-06-29T16:01:51+00:00
22b9f616-78ab-4716-9467-414530800812,3a44aee2-523a-4e97-8f47-bd07c4926590,748962,Camila 28 Day Pack,stopped,order,,2018-09-13T16:01:51+00:00
fa1e9a9a-54f7-4fd4-9550-3e98e778e207,3a44aee2-523a-4e97-8f47-bd07c4926590,311989,Nitrofurantoin 5 MG/ML Oral Suspension,stopped,order,,2017-07-15T16:01:51+00:00
def2b70b-7393-4d64-9b77-099c19726211,3a44aee2-523a-4e97-8f47-bd07c4926590,1094107,Phenazopyridine hydrochloride 100 MG Oral Tablet,stopped,order,,2017-07-15T16:01:51+00:00
14c93629-40da-41d8-aa43-11bba66afe79,3a44aee2-523a-4e97-8f47-bd07c4926590,834102,Penicillin V Potassium 500 MG Oral Tablet,stopped,order,,2016-01-16T16:01:51+00:00
969dd967-2912-4b73-9e9c-035fe24bd7c0,eba03315-2043-442b-80a8-a4d8d265ac99,1736776,10 ML oxaliplatin 5 MG/ML Injection,active,order,,2000-08-20T12:17:10+00:00
1ba776af-918b-4c5b-9a42-3576baed546e,eba03315-2043-442b-80a8-a4d8d265ac99,316049,Hydrochlorothiazide 25 MG,active,order,,1967-08-22T12:17:10+00:00
6676dc1b-8604-48c8-9416-28a1c5ad8d6f,eba03315-2043-442b-80a8-a4d8d265ac99,313782,Acetaminophen 325 MG Oral Tablet,stopped,order,,2011-06-05T12:17:10+00:00
bee6ff17-91b4-471b-9362-b9db5a8f8092,eba03315-2043-442b-80a8-a4d8d265ac99,1043400,Acetaminophen 21.7 MG/ML / Dextromethorphan Hydrobromide 1 MG/ML / doxylamine succinate 0.417 MG/ML Oral Solution,stopped,order,,2020-11-01T12:17:10+00:00
fb3fd239-d49e-49ca-a460-0e2351b9af77,eba03315-2043-442b-80a8-a4d8d265ac99,857005,Acetaminophen 325 MG / HYDROcodone Bitartrate 7.5 MG Oral Tablet,stopped,order,,2011-06-05T12:17:10+00:00
89a33405-a675-4f6b-96f8-d8c5f37ae9a7,eba03315-2043-442b-80a8-a4d8d265ac99,1803932,Leucovorin 100 MG Injection,active,order,,2000-08-20T12:17:10+00:00
740cc7f3-1e91-4ffb-bfbb-0e2a883d2d20,e4d83502-457f-43e8-8682-10a2a965dc42,316672,Simvistatin 10 MG,stopped,order,,1995-02-04T02:28:09+00:00
4f425dc2-bb3f-4bc3-8d26-cee10218d383,e4d83502-457f-43e8-8682-10a2a965dc42,316672,Simvistatin 10 MG,stopped,order,,1987-02-06T02:28:09+00:00
b5d1399c-5ad3-4633-a312-e2aa5cd4197b,e4d83502-457f-43e8-8682-10a2a965dc42,316672,Simvistatin 10 MG,stopped,order,,1983-02-07T02:28:09+00:00
5ba69d8f-0ae4-4537-9d13-ace0f34dfd82,e4d83502-457f-43e8-8682-10a2a965dc42,316672,Simvistatin 10 MG,stopped,order,,1980-02-08T02:28:09+00:00
cb390331-2b69-44ea-90b7-f6bbbbe0b55f,e4d83502-457f-43e8-8682-10a2a965dc42,316672,Simvistatin 10 MG,stopped,order,,1997-02-03T02:28:09+00:00
86d395ad-d2a7-40a6-9ed3-565c6f45b465,e4d83502-457f-43e8-8682-10a2a965dc42,316672,Simvistatin 10 MG,stopped,order,,1990-02-05T02:28:09+00:00
70e0303c-411e-4212-bc50-b5fb837104db,e4d83502-457f-43e8-8682-10a2a965dc42,316672,Simvistatin 10 MG,stopped,order,,2003-02-02T02:28:09+00:00
31c18fce-76f8-4e70-a471-4628bd6fd914,e4d83502-457f-43e8-8682-10a2a965dc42,316672,Simvistatin 10 MG,stopped,order,,2000-02-03T02:28:09+00:00
e555e0a4-c56e-49fc-8215-ec092ef417a2,e4d83502-457f-43e8-8682-10a2a965dc42,316672,Simvistatin 10 MG,stopped,order,,1996-02-04T02:28:09+00:00
dc957abf-87f0-4c7d-9efd-3f36ab80e45c,e4d83502-457f-43e8-8682-10a2a965dc42,309362,Clopidogrel 75 MG Oral Tablet,active,order,,1999-05-19T02:28:09+00:00
c54ea0e5-4740-4146-977d-c446b50a79cf,e4d83502-457f-43e8-8682-10a2a965dc42,316672,Simvistatin 10 MG,stopped,order,,1998-02-03T02:28:09+00:00
ceb83975-fa16-4bd6-83c7-98c55c5501b1,e4d83502-457f-43e8-8682-10a2a965dc42,316672,Simvistatin 10 MG,stopped,order,,1992-02-05T02:28:09+00:00
084e4dfd-f9cd-4fc3-9b8c-ee66d81cd078,e4d83502-457f-43e8-8682-10a2a965dc42,316672,Simvistatin 10 MG,stopped,order,,1994-02-04T02:28:09+00:00
2f369a7b-98e5-419d-a7c0-6f578fa40558,e4d83502-457f-43e8-8682-10a2a965dc42,316672,Simvistatin 10 MG,stopped,order,,1999-02-03T02:28:09+00:00
e16eca5e-e37b-428e-a680-8e8262bce6ad,e4d83502-457f-43e8-8682-10a2a965dc42,316672,Simvistatin 10 MG,stopped,order,,1984-02-07T02:28:09+00:00
44dd79cd-c37d-44e7-80fa-df247a101791,e4d83502-457f-43e8-8682-10a2a965dc42,316672,Simvistatin 10 MG,stopped,order,,1981-02-07T02:28:09+00:00
55e7c35d-4600-4ea0-a9f7-c203d86c03b5,e4d83502-457f-43e8-8682-10a2a965dc42,316672,Simvistatin 10 MG,stopped,order,,1989-02-05T02:28:09+00:00
7816cedb-ae30-48b0-b0c7-715c4c77a073,e4d83502-457f-43e8-8682-10a2a965dc42,316672,Simvistatin 10 MG,active,order,,2004-02-02T02:28:09+00:00
a62f2ace-e2cb-41c2-97e3-ff9f4d5b71c1,e4d83502-457f-43e8-8682-10a2a965dc42,316672,Simvistatin 10 MG,stopped,order,,1978-02-08T02:28:09+00:00
79e4b127-e49b-4f74-8cc9-a06e73caa231,e4d83502-457f-43e8-8682-10a2a965dc42,316672,Simvistatin 10 MG,stopped,order,,1986-02-06T02:28:09+00:00
49048c16-4eed-4924-8b44-c6a34e059f52,e4d83502-457f-43e8-8682-10a2a965dc42,316672,Simvistatin 10 MG,stopped,order,,1991-02-05T02:28:09+00:00
00b71306-f9a1-4a0d-9903-e695d89101c0,e4d83502-457f-43e8-8682-10a2a965dc42,316672,Simvistatin 10 MG,stopped,order,,2002-02-02T02:28:09+00:00
4578eb0a-128c-4534-99a3-115879a6dd57,e4d83502-457f-43e8-8682-10a2a965dc42,312961,Simvastatin 20 MG Oral Tablet,active,order,,1993-04-14T02:28:09+00:00
b3a0c93d-25f9-44e0-94bb-8767b390c2ff,e4d83502-457f-43e8-8682-10a2a965dc42,316672,Simvistatin 10 MG,stopped,order,,1985-02-06T02:28:09+00:00
797e4647-7cf1-49ac-bd40-406b7498f01c,e4d83502-457f-43e8-8682-10a2a965dc42,705129,Nitroglycerin 0.4 MG/ACTUAT Mucosal Spray,active,order,,1926-12-08T02:28:09+00:00
508ab30c-987a-49c9-805e-3fe5790065c6,e4d83502-457f-43e8-8682-10a2a965dc42,1804799,Alteplase 100 MG Injection,stopped,order,,1998-09-23T02:28:09+00:00
830cdab2-57a3-4934-812e-9c3236188f5c,e4d83502-457f-43e8-8682-10a2a965dc42,316672,Simvistatin 10 MG,stopped,order,,1993-02-04T02:28:09+00:00
78bf2754-3a3b-4cc1-be20-c665f861006a,e4d83502-457f-43e8-8682-10a2a965dc42,316672,Simvistatin 10 MG,stopped,order,,1988-02-06T02:28:09+00:00
619072de-323b-48e8-b61a-801c5a6194f4,e4d83502-457f-43e8-8682-10a2a965dc42,316672,Simvistatin 10 MG,stopped,order,,2001-02-02T02:28:09+00:00
3c206c24-b5db-4413-a14e-4590bfcddfc0,e4d83502-457f-43e8-8682-10a2a965dc42,197361,Amlodipine 5 MG Oral Tablet,active,order,,1996-05-01T02:28:09+00:00
6023cfba-408f-49e5-97b4-092300298f47,e4d83502-457f-43e8-8682-10a2a965dc42,310965,Ibuprofen 200 MG Oral Tablet,stopped,order,,1995-11-13T02:28:09+00:00
a36f4734-3208-4717-8915-009f2792fcb3,e4d83502-457f-43e8-8682-10a2a965dc42,316672,Simvistatin 10 MG,stopped,order,,1979-02-08T02:28:09+00:00
5d73fcc8-82f9-44e6-ac8a-fb8d8a9348e6,e4d83502-457f-43e8-8682-10a2a965dc42,316672,Simvistatin 10 MG,stopped,order,,1982-02-07T02:28:09+00:00
373a1ef0-23b6-4e5d-bfde-915d224279a0,e4d83502-457f-43e8-8682-10a2a965dc42,310325,ferrous sulfate 325 MG Oral Tablet,active,order,,1937-12-28T02:28:09+00:00
f1b3a902-d07f-43d2-9b48-270aec0ae00d,e4d83502-457f-43e8-8682-10a2a965dc42,316049,Hydrochlorothiazide 25 MG,active,order,,1943-12-15T02:28:09+00:00
848beea3-a0da-43ba-84e9-b47611b0cc62,c7792da2-a72f-4c0a-9dd8-05c5809008f1,895994,120 ACTUAT Fluticasone propionate 0.044 MG/ACTUAT Metered Dose Inhaler,active,order,,2009-08-06T23:35:29+00:00
72fa73ab-1376-45ee-b3d3-1c685e2d5fd7,c7792da2-a72f-4c0a-9dd8-05c5809008f1,745679,200 ACTUAT Albuterol 0.09 MG/ACTUAT Metered Dose Inhaler,active,order,,2009-08-06T23:35:29+00:00
4a90e1bf-c966-4b28-b586-5eb72c98b8d8,c7792da2-a72f-4c0a-9dd8-05c5809008f1,282464,Acetaminophen 160 MG Oral Tablet,stopped,order,,2013-06-24T23:35:29+00:00
78613ca2-836c-4a74-b15e-895fe1312b5c,c7792da2-a72f-4c0a-9dd8-05c5809008f1,1870230,NDA020800 0.3 ML Epinephrine 1 MG/ML Auto-Injector,active,order,,2007-12-05T23:35:29+00:00
d069c341-7baf-49bc-afbe-7676f7a4814f,c7792da2-a72f-4c0a-9dd8-05c5809008f1,1367439,NuvaRing 0.12/0.015 MG per 24HR 21 Day Vaginal Ring,active,order,,2020-07-27T23:35:29+00:00
8f763bfa-d26d-4a9f-8922-8b97419ea4bf,c7792da2-a72f-4c0a-9dd8-05c5809008f1,997488,Fexofenadine hydrochloride 30 MG Oral Tablet,active,order,,2007-12-05T23:35:29+00:00
cfa0c9d9-a040-4339-b55b-fe8e7e0c4519,f341c771-5aff-4858-9406-9d45e8a56246,751905,Trinessa 28 Day Pack,stopped,order,,2013-02-14T06:18:47+00:00
2197a17d-050c-408b-8407-435ed540f48a,f341c771-5aff-4858-9406-9d45e8a56246,757594,Jolivette 28 Day Pack,stopped,order,,2012-02-20T06:18:47+00:00
7d849d69-7ad9-429b-a8ed-5d66a077cbc2,f341c771-5aff-4858-9406-9d45e8a56246,2001499,Vitamin B 12 5 MG/ML Injectable Solution,active,order,,1999-03-17T07:18:47+00:00
ddc5b52f-a859-403c-969c-df27cd9cedfd,f341c771-5aff-4858-9406-9d45e8a56246,389221,Etonogestrel 68 MG Drug Implant,stopped,order,,2017-01-24T06:18:47+00:00
5f7f3675-b908-4ee0-aaac-4b6e856cb2c6,f341c771-5aff-4858-9406-9d45e8a56246,389221,Etonogestrel 68 MG Drug Implant,stopped,order,,2019-01-14T06:18:47+00:00
27cabc19-9d63-4102-9170-ff958e1c48ce,f341c771-5aff-4858-9406-9d45e8a56246,895994,120 ACTUAT Fluticasone propionate 0.044 MG/ACTUAT Metered Dose Inhaler,active,order,,1974-05-24T06:18:47+00:00
c570dca9-6c4d-4e58-b46f-92d11f4e8701,f341c771-5aff-4858-9406-9d45e8a56246,1049630,diphenhydrAMINE Hydrochloride 25 MG Oral Tablet,active,order,,1975-06-07T06:18:47+00:00
d29f1939-4879-4bca-9331-0c98540f974d,f341c771-5aff-4858-9406-9d45e8a56246,1367439,NuvaRing 0.12/0.015 MG per 24HR 21 Day Vaginal Ring,stopped,order,,2020-01-09T06:18:47+00:00
2e3c1ab9-58b7-4307-b960-44082657db2b,f341c771-5aff-4858-9406-9d45e8a56246,1094107,Phenazopyridine hydrochloride 100 MG Oral Tablet,stopped,order,,2015-06-20T06:18:47+00:00
a5d762a3-10e0-4b8a-b535-08d11a58c5c3,f341c771-5aff-4858-9406-9d45e8a56246,751905,Trinessa 28 Day Pack,active,order,,2021-01-03T06:18:47+00:00
b0d0ffc7-d0c1-43f6-84b4-0d1175b2a1ee,f341c771-5aff-4858-9406-9d45e8a56246,745679,200 ACTUAT Albuterol 0.09 MG/ACTUAT Metered Dose Inhaler,active,order,,1974-05-24T06:18:47+00:00
8e066e3c-0132-4335-988c-da11da4b0dff,f341c771-5aff-4858-9406-9d45e8a56246,311989,Nitrofurantoin 5 MG/ML Oral Suspension,stopped,order,,2015-06-20T06:18:47+00:00
0a3a6ac9-e00f-42d0-975b-4f66255a09ba,720b9118-3153-40c8-b162-cd963506be0e,1736776,10 ML oxaliplatin 5 MG/ML Injection,active,order,,2017-12-23T07:21:10+00:00
70a9a8de-87e9-4a88-aea0-952c28c1f475,720b9118-3153-40c8-b162-cd963506be0e,1803932,Leucovorin 100 MG Injection,active,order,,2017-12-23T07:21:10+00:00
05705ec7-a463-4df5-a466-f53e5836821a,90f63176-64bb-46e3-a1c4-73a3968648aa,562251,Amoxicillin 250 MG / Clavulanate 125 MG Oral Tablet,stopped,order,,1968-10-27T10:43:59+00:00
1fd2f1cc-156d-41d7-8b26-2e68e8a825d0,90f63176-64bb-46e3-a1c4-73a3968648aa,243670,Aspirin 81 MG Oral Tablet,stopped,order,,1965-07-06T10:43:59+00:00
1997a652-702d-4faf-94b6-0a506cc382ca,90f63176-64bb-46e3-a1c4-73a3968648aa,789980,Ampicillin 100 MG/ML Injectable Solution,stopped,order,,1965-07-06T10:43:59+00:00
395c009a-6498-4ee4-8d00-f59691c12105,90f63176-64bb-46e3-a1c4-73a3968648aa,1652673,Doxycycline Monohydrate 50 MG Oral Tablet,stopped,order,,1970-11-02T10:43:59+00:00
f89cb50e-d55c-4872-a6e6-264674ff8b6c,90f63176-64bb-46e3-a1c4-73a3968648aa,243670,Aspirin 81 MG Oral Tablet,stopped,order,,1968-07-02T10:43:59+00:00
57778e02-9c0f-4048-b052-1a924b3acb18,90f63176-64bb-46e3-a1c4-73a3968648aa,789980,Ampicillin 100 MG/ML Injectable Solution,stopped,order,,1968-07-02T10:43:59+00:00
3bd0eb2f-95a2-4186-a1d6-839e0b528fd9,90f63176-64bb-46e3-a1c4-73a3968648aa,282464,Acetaminophen 160 MG Oral Tablet,stopped,order,,1970-11-02T10:43:59+00:00
0bdc4f85-2543-450a-986d-ddf576573141,f28c99ef-9e43-430e-8c8f-59ce317a0ea3,1000156,0.65 ML medroxyprogesterone acetate 160 MG/ML Prefilled Syringe,stopped,order,,2018-11-10T23:29:06+00:00
45494c69-5c61-48cb-a1e6-8a7c810c80fc,f28c99ef-9e43-430e-8c8f-59ce317a0ea3,313782,Acetaminophen 325 MG Oral Tablet,stopped,order,,2020-10-22T23:29:06+00:00
170d7e48-f1eb-49c4-8ae6-9fa118ac9040,f28c99ef-9e43-430e-8c8f-59ce317a0ea3,389221,Etonogestrel 68 MG Drug Implant,stopped,order,,2013-12-06T23:29:06+00:00
6fbd9183-e980-4c6c-a0cc-f0fb921f5f13,f28c99ef-9e43-430e-8c8f-59ce317a0ea3,316049,Hydrochlorothiazide 25 MG,active,order,,1998-10-02T23:29:06+00:00
3a5dfb26-6e63-4221-9959-4b89b137907e,f28c99ef-9e43-430e-8c8f-59ce317a0ea3,807283,Mirena 52 MG Intrauterine System,stopped,order,,2010-10-11T23:29:06+00:00
b6cdd0cf-6fdc-48ea-955d-dc0c26936a0f,f28c99ef-9e43-430e-8c8f-59ce317a0ea3,748962,Camila 28 Day Pack,stopped,order,,2014-12-01T23:29:06+00:00
b78ccc7a-ca38-4548-ba34-b2fa2f1b2fa6,f28c99ef-9e43-430e-8c8f-59ce317a0ea3,310965,Ibuprofen 200 MG Oral Tablet,stopped,order,,2018-02-04T23:29:06+00:00
cdec0e24-8f65-492b-8e9b-15bea2cdce4f,f28c99ef-9e43-430e-8c8f-59ce317a0ea3,757594,Jolivette 28 Day Pack,stopped,order,,2015-11-26T23:29:06+00:00
96fd005c-7150-46c5-880a-33c8cab22433,0e61c3ad-d11e-4080-a6aa-cac89cae4e37,1043400,Acetaminophen 21.7 MG/ML / Dextromethorphan Hydrobromide 1 MG/ML / doxylamine succinate 0.417 MG/ML Oral Solution,stopped,order,,2015-02-19T05:09:36+00:00
2c88e1f7-4ee8-4fda-9169-ec1f29b138f8,0e61c3ad-d11e-4080-a6aa-cac89cae4e37,311989,Nitrofurantoin 5 MG/ML Oral Suspension,stopped,order,,2013-04-04T05:09:36+00:00
4cedcae5-33ec-4c2f-a8e7-7ca16439d7b8,0e61c3ad-d11e-4080-a6aa-cac89cae4e37,316049,Hydrochlorothiazide 25 MG,active,order,,1991-04-18T05:09:36+00:00
f6497398-a5c6-47cf-b3b6-515b2db62284,0e61c3ad-d11e-4080-a6aa-cac89cae4e37,1094107,Phenazopyridine hydrochloride 100 MG Oral Tablet,stopped,order,,2013-04-04T05:09:36+00:00
cf99ac23-0f8a-4b90-bd09-6d4a06d5d833,0e61c3ad-d11e-4080-a6aa-cac89cae4e37,106892,"insulin human, isophane 70 UNT/ML / Regular Insulin, Human 30 UNT/ML Injectable Suspension [Humulin]",active,order,,2004-09-09T05:09:36+00:00
01176946-8e88-448c-9876-3a48c394735b,0e61c3ad-d11e-4080-a6aa-cac89cae4e37,849574,Naproxen sodium 220 MG Oral Tablet,stopped,order,,1993-02-09T05:09:36+00:00
a541fd04-bafd-4c63-8b28-02a4fe42a62a,0e61c3ad-d11e-4080-a6aa-cac89cae4e37,860975,24 HR Metformin hydrochloride 500 MG Extended Release Oral Tablet,active,order,,1991-04-18T05:09:36+00:00
f3c0f879-e829-4152-bcc2-ce0eafbe850a,e9bbdf84-9348-4078-afba-6bb6e0b89d4b,308182,Amoxicillin 250 MG Oral Capsule,stopped,order,,2011-04-06T23:31:02+00:00
37fdce3a-47c7-4269-88a0-67996c31d942,e9bbdf84-9348-4078-afba-6bb6e0b89d4b,997488,Fexofenadine hydrochloride 30 MG Oral Tablet,active,order,,2008-04-22T23:31:02+00:00
7fdc76ee-277d-400f-9f3d-4d7631be7f9d,e9bbdf84-9348-4078-afba-6bb6e0b89d4b,745679,200 ACTUAT Albuterol 0.09 MG/ACTUAT Metered Dose Inhaler,active,order,,2010-04-08T23:31:02+00:00
c1b43d59-1842-4629-864f-f06ae9c3e65b,e9bbdf84-9348-4078-afba-6bb6e0b89d4b,895994,120 ACTUAT Fluticasone propionate 0.044 MG/ACTUAT Metered Dose Inhaler,active,order,,2010-04-08T23:31:02+00:00
715d18f9-96f6-448b-839d-c5235421d94c,e9bbdf84-9348-4078-afba-6bb6e0b89d4b,1870230,NDA020800 0.3 ML Epinephrine 1 MG/ML Auto-Injector,active,order,,2008-05-02T23:31:02+00:00
a62b9925-0b74-4e09-b433-293633985fbc,e9bbdf84-9348-4078-afba-6bb6e0b89d4b,198405,Ibuprofen 100 MG Oral Tablet,stopped,order,,2011-04-06T23:31:02+00:00
3828bc25-46a6-4830-9625-517ad21da336,d483a480-4a42-428c-bf9b-fdbaddf78e21,313782,Acetaminophen 325 MG Oral Tablet,stopped,order,,2014-01-25T07:36:34+00:00
c671fc9f-c6eb-419f-9940-b9e3e749cccd,6f5557bb-1c8b-438a-a774-06a5cdf8cbab,1049221,Acetaminophen 325 MG / oxyCODONE Hydrochloride 5 MG Oral Tablet,stopped,order,,2014-08-05T13:59:56+00:00
76d1e67a-344b-445b-afca-e3da1c97a594,6f5557bb-1c8b-438a-a774-06a5cdf8cbab,1367439,NuvaRing 0.12/0.015 MG per 24HR 21 Day Vaginal Ring,stopped,order,,2019-04-25T13:59:56+00:00
31364bf2-7053-4ea3-96f6-1ec656baaa0f,6f5557bb-1c8b-438a-a774-06a5cdf8cbab,310965,Ibuprofen 200 MG Oral Tablet,stopped,order,,2014-08-05T13:59:56+00:00
f1cd42a2-ee62-470e-8a7e-7a764c9dd32d,6f5557bb-1c8b-438a-a774-06a5cdf8cbab,978950,Natazia 28 Day Pack,stopped,order,,2012-05-31T13:59:56+00:00
591485fe-599a-4dd9-9338-a1637d785570,6f5557bb-1c8b-438a-a774-06a5cdf8cbab,1534809,168 HR Ethinyl Estradiol 0.00146 MG/HR / norelgestromin 0.00625 MG/HR Transdermal System,stopped,order,,2011-06-06T13:59:56+00:00
c3fea4c2-f736-47be-9f46-12f1e07565bd,6f5557bb-1c8b-438a-a774-06a5cdf8cbab,313782,Acetaminophen 325 MG Oral Tablet,active,order,,2021-03-31T13:59:56+00:00
04d533a1-56ef-4678-8ace-c576881d9123,6f5557bb-1c8b-438a-a774-06a5cdf8cbab,313782,Acetaminophen 325 MG Oral Tablet,stopped,order,,2010-11-03T13:59:56+00:00
91bac5f6-743a-40e4-bc0f-a657c28e1875,6f5557bb-1c8b-438a-a774-06a5cdf8cbab,748879,Levora 0.15/30 28 Day Pack,stopped,order,,2015-05-16T13:59:56+00:00
59a7f4e9-aa13-412a-a7e4-958e917e3938,6f5557bb-1c8b-438a-a774-06a5cdf8cbab,748879,Levora 0.15/30 28 Day Pack,active,order,,2020-04-19T13:59:56+00:00
fb65f65b-5ee9-4176-8fac-6d409ae1dd4e,6f5557bb-1c8b-438a-a774-06a5cdf8cbab,1000126,1 ML medroxyprogesterone acetate 150 MG/ML Injection,stopped,order,,2013-05-26T13:59:56+00:00
c5ba1016-dba1-4991-9448-eb9df92f788c,6f5557bb-1c8b-438a-a774-06a5cdf8cbab,748856,Yaz 28 Day Pack,stopped,order,,2018-04-30T13:59:56+00:00
3956dceb-0a81-4ea2-8a5d-5a11b5b3c253,138d4e0c-e3d3-460d-bead-7d0b2f86f33c,757594,Jolivette 28 Day Pack,stopped,order,,2009-03-02T12:18:02+00:00
801fa82b-6cb1-4490-8dbc-84b96f23ebf6,138d4e0c-e3d3-460d-bead-7d0b2f86f33c,757594,Jolivette 28 Day Pack,active,order,,2020-07-28T12:18:02+00:00
9c4ef169-6208-4f58-bb82-dc9e22470bd1,138d4e0c-e3d3-460d-bead-7d0b2f86f33c,316049,Hydrochlorothiazide 25 MG,active,order,,2005-06-21T12:18:02+00:00
75447071-bfed-4215-8abb-fc294e3c30e6,138d4e0c-e3d3-460d-bead-7d0b2f86f33c,849574,Naproxen sodium 220 MG Oral Tablet,stopped,order,,2019-12-31T12:18:02+00:00
7c2d25d3-c5a6-465b-94aa-0f318d8debbd,138d4e0c-e3d3-460d-bead-7d0b2f86f33c,1043400,Acetaminophen 21.7 MG/ML / Dextromethorphan Hydrobromide 1 MG/ML / doxylamine succinate 0.417 MG/ML Oral Solution,stopped,order,,2015-03-02T12:18:02+00:00
081b4dd9-a49b-4b2d-a2ba-bc87b0306c41,138d4e0c-e3d3-460d-bead-7d0b2f86f33c,2001499,Vitamin B 12 5 MG/ML Injectable Solution,active,order,,2017-06-20T12:18:02+00:00
7454b217-b7a9-425e-bf87-564247d9ab13,138d4e0c-e3d3-460d-bead-7d0b2f86f33c,1049630,diphenhydrAMINE Hydrochloride 25 MG Oral Tablet,active,order,,1984-12-19T12:18:02+00:00
df111d36-f088-4be1-b75f-e03628423be2,138d4e0c-e3d3-460d-bead-7d0b2f86f33c,757594,Jolivette 28 Day Pack,stopped,order,,2011-02-20T12:18:02+00:00
da90f20e-0d35-457b-a216-27eba78f65e4,f4a43e80-27e8-4581-95cb-9f3b115661c8,313782,Acetaminophen 325 MG Oral Tablet,stopped,order,,2012-04-07T23:07:44+00:00
6f06ab00-6634-4f4e-921a-67c74a2b6b91,d4cdc6d2-f3f1-48c0-96d6-b64b68d79eb9,1094107,Phenazopyridine hydrochloride 100 MG Oral Tablet,stopped,order,,2004-02-11T15:24:23+00:00
03573d45-f612-47ac-a840-e203f4e89e04,d4cdc6d2-f3f1-48c0-96d6-b64b68d79eb9,312961,Simvastatin 20 MG Oral Tablet,active,order,,2009-11-23T15:24:23+00:00
93d59976-4307-4175-b2f2-16983d87a4de,d4cdc6d2-f3f1-48c0-96d6-b64b68d79eb9,309362,Clopidogrel 75 MG Oral Tablet,stopped,order,,2009-11-23T15:24:23+00:00
f388e528-fa11-4031-8ced-a148b0bb5a1f,d4cdc6d2-f3f1-48c0-96d6-b64b68d79eb9,316049,Hydrochlorothiazide 25 MG,active,order,,1959-11-30T15:24:23+00:00
92a0f318-1c00-48b4-9608-48c11a186952,d4cdc6d2-f3f1-48c0-96d6-b64b68d79eb9,562251,Amoxicillin 250 MG / Clavulanate 125 MG Oral Tablet,stopped,order,,2008-07-10T15:24:23+00:00
8203e0e7-65eb-4e67-a564-b49642312a57,d4cdc6d2-f3f1-48c0-96d6-b64b68d79eb9,705129,Nitroglycerin 0.4 MG/ACTUAT Mucosal Spray,stopped,order,,2009-11-23T15:24:23+00:00
88c9b738-24e3-4e78-85e4-a5baa019d3de,d4cdc6d2-f3f1-48c0-96d6-b64b68d79eb9,259255,Atorvastatin 80 MG Oral Tablet,stopped,order,,2013-02-18T15:24:23+00:00
1c5949f5-fbb8-4bb5-9a64-4a6c4858362d,d4cdc6d2-f3f1-48c0-96d6-b64b68d79eb9,311989,Nitrofurantoin 5 MG/ML Oral Suspension,stopped,order,,2004-02-11T15:24:23+00:00
be212ea7-3fee-483e-b8a9-e6a5425fac9a,d4cdc6d2-f3f1-48c0-96d6-b64b68d79eb9,833036,Captopril 25 MG Oral Tablet,stopped,order,,2013-02-18T15:24:23+00:00
7ac51bb0-ca82-431e-979b-2406f567b049,d4cdc6d2-f3f1-48c0-96d6-b64b68d79eb9,197361,Amlodipine 5 MG Oral Tablet,active,order,,2009-11-23T15:24:23+00:00
a199625a-c940-4fba-abc0-d5047883b204,91febabe-8992-49e1-8288-e34c393e98b9,316672,Simvistatin 10 MG,active,order,,2008-12-02T16:41:21+00:00
e9b653a1-55fe-4ce4-ad80-9e9d9d784d2f,91febabe-8992-49e1-8288-e34c393e98b9,315971,Lasix 40mg,active,order,,2007-05-22T16:41:21+00:00
76350512-9f2d-4144-aece-a542d2915129,91febabe-8992-49e1-8288-e34c393e98b9,316672,Simvistatin 10 MG,stopped,order,,2001-12-04T16:41:21+00:00
48a91015-d023-4118-af84-608f8f3c4002,91febabe-8992-49e1-8288-e34c393e98b9,316672,Simvistatin 10 MG,stopped,order,,1997-12-05T16:41:21+00:00
d68b51b7-eefa-4613-82da-fde4b7663e68,91febabe-8992-49e1-8288-e34c393e98b9,316672,Simvistatin 10 MG,stopped,order,,1999-12-05T16:41:21+00:00
1509c51e-430f-4075-a54d-d9a0f8a4757f,91febabe-8992-49e1-8288-e34c393e98b9,316672,Simvistatin 10 MG,stopped,order,,2006-12-03T16:41:21+00:00
40d62cb0-92b4-405c-979d-78675ad34f0e,91febabe-8992-49e1-8288-e34c393e98b9,316672,Simvistatin 10 MG,stopped,order,,2002-12-04T16:41:21+00:00
eaf120ee-c8b1-463f-bf22-c08df27dcf09,91febabe-8992-49e1-8288-e34c393e98b9,316672,Simvistatin 10 MG,stopped,order,,1996-12-05T16:41:21+00:00
0b44c477-5013-424f-a4f9-91ff28c694f8,91febabe-8992-49e1-8288-e34c393e98b9,316672,Simvistatin 10 MG,stopped,order,,1992-12-06T16:41:21+00:00
5b4bed7d-27f5-4143-bcdb-7e0ddaeb60fd,91febabe-8992-49e1-8288-e34c393e98b9,316672,Simvistatin 10 MG,stopped,order,,1991-12-07T16:41:21+00:00
01741a18-925a-4450-a1b9-dfeb2f7fdc46,91febabe-8992-49e1-8288-e34c393e98b9,866414,24 HR metoprolol succinate 100 MG Extended Release Oral Tablet [Toprol],active,order,,2007-05-22T16:41:21+00:00
36c4e17c-f1a2-4530-9b58-51773dc22d6e,91febabe-8992-49e1-8288-e34c393e98b9,316672,Simvistatin 10 MG,stopped,order,,1989-12-07T16:41:21+00:00
c27a4a64-c194-4f3b-9ecf-d05b881e4f39,91febabe-8992-49e1-8288-e34c393e98b9,313782,Acetaminophen 325 MG Oral Tablet,stopped,order,,2007-07-06T16:41:21+00:00
36ffec69-8f72-40ae-9503-8aeb2252f9c5,91febabe-8992-49e1-8288-e34c393e98b9,316672,Simvistatin 10 MG,stopped,order,,2000-12-04T16:41:21+00:00
a5909283-8611-484d-9373-0b74418ae83d,91febabe-8992-49e1-8288-e34c393e98b9,316672,Simvistatin 10 MG,stopped,order,,2007-12-03T16:41:21+00:00
495ad30e-c0db-40ad-8595-ef9dd4f9e795,91febabe-8992-49e1-8288-e34c393e98b9,316672,Simvistatin 10 MG,stopped,order,,1994-12-06T16:41:21+00:00
9d2a38e1-3106-4860-94f1-c9bdd3e73492,91febabe-8992-49e1-8288-e34c393e98b9,1719286,10 ML Furosemide 10 MG/ML Injection,active,order,,2009-05-11T16:41:21+00:00
4d63d76e-6dbc-4f89-9556-38641118978f,91febabe-8992-49e1-8288-e34c393e98b9,316672,Simvistatin 10 MG,stopped,order,,1993-12-06T16:41:21+00:00
733a7975-799d-414a-8dd6-f57ab795f33c,91febabe-8992-49e1-8288-e34c393e98b9,316672,Simvistatin 10 MG,stopped,order,,1990-12-07T16:41:21+00:00
52aaf395-1452-41d1-a267-55f6c19fa873,91febabe-8992-49e1-8288-e34c393e98b9,316672,Simvistatin 10 MG,stopped,order,,2004-12-03T16:41:21+00:00
0c3fc538-86c9-446b-8e31-20f03bbe7013,91febabe-8992-49e1-8288-e34c393e98b9,316672,Simvistatin 10 MG,stopped,order,,2005-12-03T16:41:21+00:00
42fd595b-d326-4c61-b888-f6d6f1eaab52,91febabe-8992-49e1-8288-e34c393e98b9,316672,Simvistatin 10 MG,stopped,order,,2003-12-04T16:41:21+00:00
881be250-1a19-4808-bf9a-965ec6b640dd,91febabe-8992-49e1-8288-e34c393e98b9,316672,Simvistatin 10 MG,stopped,order,,1995-12-06T16:41:21+00:00
086c0933-61f8-4108-b6b7-192552383a2e,91febabe-8992-49e1-8288-e34c393e98b9,316672,Simvistatin 10 MG,stopped,order,,1998-12-05T16:41:21+00:00
0c38f80f-45c9-43ef-bcca-6c6f2a2a5c6f,8364ff74-d904-442b-b984-f9d640531639,749762,Seasonique 91 Day Pack,stopped,order,,2010-10-13T04:07:20+00:00
c77a4dbd-d52d-44ea-99b3-d86d0f1815c7,8364ff74-d904-442b-b984-f9d640531639,310965,Ibuprofen 200 MG Oral Tablet,stopped,order,,2019-05-03T04:07:20+00:00
8b79c809-73ac-4848-801a-e8f803b18d56,8364ff74-d904-442b-b984-f9d640531639,849574,Naproxen sodium 220 MG Oral Tablet,active,order,,2004-06-12T04:07:20+00:00
ee524cf1-f841-4144-b8bb-dff7268bf3e3,8364ff74-d904-442b-b984-f9d640531639,748856,Yaz 28 Day Pack,stopped,order,,2012-10-02T04:07:20+00:00
2bd3e4f8-b0ba-4578-9871-1f868112e17d,8364ff74-d904-442b-b984-f9d640531639,834102,Penicillin V Potassium 500 MG Oral Tablet,stopped,order,,2016-11-16T04:07:20+00:00
ccdf1e7a-7d16-4a5a-87aa-5758ccca210b,9535d7d4-3398-488d-83ea-ff3b7a2eddbf,316672,Simvistatin 10 MG,stopped,order,,2014-06-03T20:44:32+00:00
7278db88-74b1-44e7-9269-ff8c54fa0070,9535d7d4-3398-488d-83ea-ff3b7a2eddbf,316672,Simvistatin 10 MG,stopped,order,,2009-06-04T20:44:32+00:00
9866590d-9d58-4ea9-9a96-5af8e4904c17,9535d7d4-3398-488d-83ea-ff3b7a2eddbf,316672,Simvistatin 10 MG,stopped,order,,2004-06-05T20:44:32+00:00
ed8a4864-af5c-4a70-aeff-f452565548b3,9535d7d4-3398-488d-83ea-ff3b7a2eddbf,197604,Digoxin 0.125 MG Oral Tablet,active,order,,2012-07-12T20:44:32+00:00
6db19cc8-f55b-4a69-a47c-d3a52bb0579b,9535d7d4-3398-488d-83ea-ff3b7a2eddbf,316672,Simvistatin 10 MG,stopped,order,,2006-06-05T20:44:32+00:00
3529f8d6-c3a9-4695-8ec1-3b2c0ecc04cc,9535d7d4-3398-488d-83ea-ff3b7a2eddbf,316672,Simvistatin 10 MG,stopped,order,,2005-06-05T20:44:32+00:00
81a93dbd-f672-48ee-b2cc-7f320e71739a,9535d7d4-3398-488d-83ea-ff3b7a2eddbf,316672,Simvistatin 10 MG,stopped,order,,2010-06-04T20:44:32+00:00
9bbe9066-45b8-4449-ba33-b94da0696aa4,9535d7d4-3398-488d-83ea-ff3b7a2eddbf,705129,Nitroglycerin 0.4 MG/ACTUAT Mucosal Spray,stopped,order,,2013-07-18T20:44:32+00:00
3239342a-39a4-44d4-b0f5-3da674710277,9535d7d4-3398-488d-83ea-ff3b7a2eddbf,316672,Simvistatin 10 MG,stopped,order,,2011-06-04T20:44:32+00:00
9aedaa30-b06f-4364-b1d3-0313193c6b67,9535d7d4-3398-488d-83ea-ff3b7a2eddbf,316672,Simvistatin 10 MG,stopped,order,,2003-06-06T20:44:32+00:00
cfe6ae29-8d6e-422a-9dec-64b86d783b36,9535d7d4-3398-488d-83ea-ff3b7a2eddbf,316672,Simvistatin 10 MG,stopped,order,,2007-06-05T20:44:32+00:00
4392e971-72e7-40e6-857c-e08353cdfa28,9535d7d4-3398-488d-83ea-ff3b7a2eddbf,316672,Simvistatin 10 MG,stopped,order,,2008-06-04T20:44:32+00:00
8a939ecb-1807-4127-a7f3-0a0986508d4d,9535d7d4-3398-488d-83ea-ff3b7a2eddbf,316672,Simvistatin 10 MG,stopped,order,,2002-06-06T20:44:32+00:00
826f2a69-b6c3-4c9a-9e79-0c5d858b2513,9535d7d4-3398-488d-83ea-ff3b7a2eddbf,309362,Clopidogrel 75 MG Oral Tablet,stopped,order,,2013-07-18T20:44:32+00:00
7c775d0b-3fcc-4bf0-bafc-b17f6095eda4,9535d7d4-3398-488d-83ea-ff3b7a2eddbf,310325,ferrous sulfate 325 MG Oral Tablet,active,order,,1992-10-22T20:44:32+00:00
3ac8f06f-019e-4c1d-8bd4-51f7a190303c,9535d7d4-3398-488d-83ea-ff3b7a2eddbf,312961,Simvastatin 20 MG Oral Tablet,active,order,,2013-07-18T20:44:32+00:00
f55afd75-c3c8-4db0-85f4-663f11bf08e9,9535d7d4-3398-488d-83ea-ff3b7a2eddbf,197361,Amlodipine 5 MG Oral Tablet,active,order,,2013-07-18T20:44:32+00:00
dab2ff87-ee6a-44a3-9471-b20ce1f84a05,9535d7d4-3398-488d-83ea-ff3b7a2eddbf,833036,Captopril 25 MG Oral Tablet,stopped,order,,2016-04-14T20:44:32+00:00
69a8af82-7248-4752-9960-b602dce8d423,9535d7d4-3398-488d-83ea-ff3b7a2eddbf,316672,Simvistatin 10 MG,stopped,order,,2012-06-03T20:44:32+00:00
5b112167-0b39-402f-8077-0c9cfcf70630,9535d7d4-3398-488d-83ea-ff3b7a2eddbf,855332,Warfarin Sodium 5 MG Oral Tablet,active,order,,2012-07-12T20:44:32+00:00
3733188e-6b28-4203-95a2-237191bad926,9535d7d4-3398-488d-83ea-ff3b7a2eddbf,897718,Verapamil Hydrochloride 40 MG,active,order,,2012-07-12T20:44:32+00:00
18303c01-257d-40e5-8c34-1f795f563ba5,9535d7d4-3398-488d-83ea-ff3b7a2eddbf,259255,Atorvastatin 80 MG Oral Tablet,stopped,order,,2016-04-14T20:44:32+00:00
f9ced12a-ea8d-4e16-9cab-afc24698c734,9535d7d4-3398-488d-83ea-ff3b7a2eddbf,316672,Simvistatin 10 MG,stopped,order,,2013-06-03T20:44:32+00:00
2e4e1598-b946-428c-be39-ad59e160143a,9535d7d4-3398-488d-83ea-ff3b7a2eddbf,316049,Hydrochlorothiazide 25 MG,active,order,,1970-10-29T20:44:32+00:00
b5ad1737-4831-43aa-a129-5357c38a0fe5,9535d7d4-3398-488d-83ea-ff3b7a2eddbf,316672,Simvistatin 10 MG,active,order,,2015-06-03T20:44:32+00:00
b994c393-c494-4688-b7e0-77ccb96b7186,dba1d054-cce0-4fd8-94e3-9ee867667cfe,562251,Amoxicillin 250 MG / Clavulanate 125 MG Oral Tablet,stopped,order,,2018-06-18T09:26:58+00:00
95b8948d-cbd2-44b6-b519-a6a6ac75eb1b,3190019b-9001-4e31-a3c4-380b12b8002a,1043400,Acetaminophen 21.7 MG/ML / Dextromethorphan Hydrobromide 1 MG/ML / doxylamine succinate 0.417 MG/ML Oral Solution,stopped,order,,2016-05-15T14:15:47+00:00
7ca5e36f-6f0e-4d3a-a87e-52515aa1bf2a,fa502084-b7b5-489d-be55-796f87193372,748962,Camila 28 Day Pack,stopped,order,,2018-10-07T09:17:08+00:00
8e448ffb-4e2d-49df-9dfb-49ea3a10ac66,fa502084-b7b5-489d-be55-796f87193372,748879,Levora 0.15/30 28 Day Pack,stopped,order,,2015-10-14T09:17:08+00:00
a07d41a9-4194-414b-8d9a-201028fdbff4,fa502084-b7b5-489d-be55-796f87193372,748856,Yaz 28 Day Pack,active,order,,2020-09-26T09:17:08+00:00
15f15de1-cf53-4a17-86e2-996059b60d5b,fa502084-b7b5-489d-be55-796f87193372,849574,Naproxen sodium 220 MG Oral Tablet,stopped,order,,2019-03-20T09:17:08+00:00
bacbf3cc-b22b-4c3b-9ffb-7f3eac69e1db,fa502084-b7b5-489d-be55-796f87193372,1367439,NuvaRing 0.12/0.015 MG per 24HR 21 Day Vaginal Ring,stopped,order,,2014-10-19T09:17:08+00:00
1ab9738f-4307-4fbe-88b3-4e130febc518,fa502084-b7b5-489d-be55-796f87193372,807283,Mirena 52 MG Intrauterine System,stopped,order,,2013-10-19T09:17:08+00:00
63806932-5bf3-49b7-a2d6-5f06fc5cf860,fa502084-b7b5-489d-be55-796f87193372,751905,Trinessa 28 Day Pack,stopped,order,,2010-11-04T09:17:08+00:00
40e0b7fb-4dce-4bc8-86e1-1f82f0fd7a95,fa502084-b7b5-489d-be55-796f87193372,1000126,1 ML medroxyprogesterone acetate 150 MG/ML Injection,stopped,order,,2019-10-02T09:17:08+00:00
73097cc2-b9db-4af5-8d2d-6f5e07acbf98,fa502084-b7b5-489d-be55-796f87193372,313782,Acetaminophen 325 MG Oral Tablet,stopped,order,,2020-02-27T09:17:08+00:00
151f372d-e450-4a78-8298-c99b93e27e11,b13bd1f1-78c4-4cbe-b611-3bedd3bb796b,751905,Trinessa 28 Day Pack,active,order,,2009-04-26T11:12:13+00:00
8658c25e-61d7-434b-8f70-33faba5bed0d,b13bd1f1-78c4-4cbe-b611-3bedd3bb796b,748856,Yaz 28 Day Pack,stopped,order,,2005-05-17T11:12:13+00:00
d24a0159-658f-4326-a91b-374e8c496243,b13bd1f1-78c4-4cbe-b611-3bedd3bb796b,1000126,1 ML medroxyprogesterone acetate 150 MG/ML Injection,stopped,order,,2004-05-22T11:12:13+00:00
e51e434a-69df-4abc-aca8-37ead875f711,b13bd1f1-78c4-4cbe-b611-3bedd3bb796b,477045,Chlorpheniramine Maleate 2 MG/ML Oral Solution,active,order,,1992-06-20T11:12:13+00:00
e967f13d-ade5-47ab-aad9-d43aa9275243,b13bd1f1-78c4-4cbe-b611-3bedd3bb796b,749785,Ortho Tri-Cyclen 28 Day Pack,stopped,order,,2008-05-01T11:12:13+00:00
db4fbf3b-f820-464a-b621-cf4b9c984bec,b13bd1f1-78c4-4cbe-b611-3bedd3bb796b,563026,Diazepam [Valium],active,order,,2008-05-26T11:12:13+00:00
f403f3c3-db99-4cdc-a9ff-ae9c82dc0b3f,b13bd1f1-78c4-4cbe-b611-3bedd3bb796b,313782,Acetaminophen 325 MG Oral Tablet,stopped,order,,2006-02-24T11:12:13+00:00
71dfc49c-0c62-458f-a6ed-5484cbfb0e34,b13bd1f1-78c4-4cbe-b611-3bedd3bb796b,198405,Ibuprofen 100 MG Oral Tablet,stopped,order,,2000-03-09T11:12:13+00:00
56fbed0b-1831-4395-8912-94020f04a3d6,b13bd1f1-78c4-4cbe-b611-3bedd3bb796b,1870230,NDA020800 0.3 ML Epinephrine 1 MG/ML Auto-Injector,active,order,,1992-06-25T11:12:13+00:00
1ed702dd-6eb4-4fbb-94eb-2cfb40a4b674,b13bd1f1-78c4-4cbe-b611-3bedd3bb796b,1359133,Estrostep Fe 28 Day Pack,stopped,order,,2003-05-28T11:12:13+00:00
59cb3f92-c057-4f71-84a6-8d6723415af5,b13bd1f1-78c4-4cbe-b611-3bedd3bb796b,562251,Amoxicillin 250 MG / Clavulanate 125 MG Oral Tablet,stopped,order,,1999-12-13T11:12:13+00:00
0cc8b72a-05a8-40a9-9c33-cb67ccd342c4,54034a85-d558-4047-b32a-ad82008f7199,904419,Alendronic acid 10 MG Oral Tablet,active,order,,2012-11-12T22:39:41+00:00
98419dc2-49ea-42a6-b58b-4f5cf89b82a8,d68b29cd-8c09-4db5-8da9-d7a5d0d64b6e,243670,Aspirin 81 MG Oral Tablet,stopped,order,,1974-12-08T21:51:36+00:00
fe570f77-ff29-4771-81f9-88c5af968356,d68b29cd-8c09-4db5-8da9-d7a5d0d64b6e,861467,Meperidine Hydrochloride 50 MG Oral Tablet,active,order,,1956-09-08T21:51:36+00:00
7d1b57f2-7e2e-4fb5-8bef-a15958288713,d68b29cd-8c09-4db5-8da9-d7a5d0d64b6e,1719286,10 ML Furosemide 10 MG/ML Injection,active,order,,1978-07-03T21:51:36+00:00
7b938b1b-2500-492c-a8be-90f7d47566a9,d68b29cd-8c09-4db5-8da9-d7a5d0d64b6e,866414,24 HR metoprolol succinate 100 MG Extended Release Oral Tablet [Toprol],active,order,,1976-07-13T21:51:36+00:00
36746b74-6e1b-4e27-9a52-8d4cb0831694,d68b29cd-8c09-4db5-8da9-d7a5d0d64b6e,315971,Lasix 40mg,active,order,,1976-07-13T21:51:36+00:00
bd2acda7-addc-46e0-9720-0576b6169f8d,d68b29cd-8c09-4db5-8da9-d7a5d0d64b6e,243670,Aspirin 81 MG Oral Tablet,stopped,order,,1969-11-29T21:51:36+00:00
9122d741-fbc9-47dd-ada7-f18f138e9b81,d68b29cd-8c09-4db5-8da9-d7a5d0d64b6e,313782,Acetaminophen 325 MG Oral Tablet,stopped,order,,1976-10-13T21:51:36+00:00
e4a4445b-475d-4552-8549-4a01dac77a03,74cb7e08-565b-4242-814c-e2f9302dcd90,834061,Penicillin V Potassium 250 MG Oral Tablet,stopped,order,,2011-11-22T09:40:54+00:00
427533e8-6365-4d95-905d-e8029dae5018,e14502ae-d3d0-4a52-8b5e-7a833f1a3bf4,313782,Acetaminophen 325 MG Oral Tablet,stopped,order,,2019-02-06T09:42:47+00:00
7edf7004-1d0b-47ea-aa44-73c66a7a0264,e14502ae-d3d0-4a52-8b5e-7a833f1a3bf4,807283,Mirena 52 MG Intrauterine System,stopped,order,,2013-08-15T09:42:47+00:00
e7aaaea4-aa8b-4e4f-8bd8-5ca6ec859211,e14502ae-d3d0-4a52-8b5e-7a833f1a3bf4,757594,Jolivette 28 Day Pack,stopped,order,,2016-08-03T09:42:47+00:00
0be3e509-a46f-4c69-924f-2b713bf796ba,e14502ae-d3d0-4a52-8b5e-7a833f1a3bf4,1605257,Liletta 52 MG Intrauterine System,stopped,order,,2017-07-29T09:42:47+00:00
e565df6d-bfee-4003-aae9-8dda9f217992,e14502ae-d3d0-4a52-8b5e-7a833f1a3bf4,310325,ferrous sulfate 325 MG Oral Tablet,active,order,,1988-07-18T09:42:47+00:00
e90560c9-23ce-42ad-a603-c1531b7eb0af,e14502ae-d3d0-4a52-8b5e-7a833f1a3bf4,751905,Trinessa 28 Day Pack,stopped,order,,2014-08-14T09:42:47+00:00
7451cf11-fe00-431e-8591-3992641d90e2,e14502ae-d3d0-4a52-8b5e-7a833f1a3bf4,1000156,0.65 ML medroxyprogesterone acetate 160 MG/ML Prefilled Syringe,stopped,order,,2010-07-18T09:42:47+00:00
b269a6a5-5b83-44ad-b8a5-9900b56ff8c1,3819264d-f39e-44cf-9e89-63078b714a0f,1049221,Acetaminophen 325 MG / Oxycodone Hydrochloride 5 MG Oral Tablet,stopped,order,,1992-06-20T19:20:06+00:00
5af50017-f2e4-49d2-a3d4-5b9a973256a8,3819264d-f39e-44cf-9e89-63078b714a0f,1860154,Abuse-Deterrent 12 HR Oxycodone Hydrochloride 15 MG Extended Release Oral Tablet,stopped,order,,1994-04-25T19:20:06+00:00
bd9a335b-1990-4d67-924c-ae3d5359e852,3819264d-f39e-44cf-9e89-63078b714a0f,1860154,Abuse-Deterrent 12 HR Oxycodone Hydrochloride 15 MG Extended Release Oral Tablet,stopped,order,,1993-12-07T19:20:06+00:00
e77371f2-0c00-480a-8d33-4cce7b025803,3819264d-f39e-44cf-9e89-63078b714a0f,1310197,Acetaminophen 300 MG / HYDROcodone Bitartrate 5 MG [Vicodin],stopped,order,,1995-01-02T19:20:06+00:00
92175e4d-3a4e-4ed2-b0cb-ca0bcef6b558,3819264d-f39e-44cf-9e89-63078b714a0f,198031,24hr nicotine transdermal patch,active,order,,1955-07-09T19:20:06+00:00
a31d6254-5874-483f-99b6-956a6eda2522,3819264d-f39e-44cf-9e89-63078b714a0f,1310197,Acetaminophen 300 MG / HYDROcodone Bitartrate 5 MG [Vicodin],stopped,order,,1994-02-03T19:20:06+00:00
0888ec36-7642-4c33-afde-290dba29a05b,3819264d-f39e-44cf-9e89-63078b714a0f,1310197,Acetaminophen 300 MG / HYDROcodone Bitartrate 5 MG [Vicodin],stopped,order,,1993-11-02T19:20:06+00:00
53745bca-3c1d-4a9e-963a-76d9e867a253,3819264d-f39e-44cf-9e89-63078b714a0f,1310197,Acetaminophen 300 MG / HYDROcodone Bitartrate 5 MG [Vicodin],stopped,order,,1994-10-20T19:20:06+00:00
859ff980-9e55-41b1-9b00-cdd473f68bea,3819264d-f39e-44cf-9e89-63078b714a0f,1860154,Abuse-Deterrent 12 HR Oxycodone Hydrochloride 15 MG Extended Release Oral Tablet,stopped,order,,1995-03-24T19:20:06+00:00
9d846f2b-80e9-4930-aca1-f2792b1c7edf,3819264d-f39e-44cf-9e89-63078b714a0f,1049221,Acetaminophen 325 MG / Oxycodone Hydrochloride 5 MG Oral Tablet,stopped,order,,1993-09-19T19:20:06+00:00
5c7aa4fe-7947-49c5-9596-bb192d064dad,3819264d-f39e-44cf-9e89-63078b714a0f,1310197,Acetaminophen 300 MG / HYDROcodone Bitartrate 5 MG [Vicodin],stopped,order,,1993-01-19T19:20:06+00:00
e858a21e-ff6d-4341-a918-19348faec91e,3819264d-f39e-44cf-9e89-63078b714a0f,1860154,Abuse-Deterrent 12 HR Oxycodone Hydrochloride 15 MG Extended Release Oral Tablet,stopped,order,,1993-05-24T19:20:06+00:00
fd8fe1b0-40ea-4283-ba52-87b779de3720,3819264d-f39e-44cf-9e89-63078b714a0f,1310197,Acetaminophen 300 MG / HYDROcodone Bitartrate 5 MG [Vicodin],stopped,order,,1995-10-04T19:20:06+00:00
f7fa429d-4800-47de-87da-bffded9d83bc,3819264d-f39e-44cf-9e89-63078b714a0f,1860154,Abuse-Deterrent 12 HR Oxycodone Hydrochloride 15 MG Extended Release Oral Tablet,stopped,order,,1994-07-01T19:20:06+00:00
e170fda7-8975-42ab-aa0b-b459be3c4afa,3819264d-f39e-44cf-9e89-63078b714a0f,1860154,Abuse-Deterrent 12 HR Oxycodone Hydrochloride 15 MG Extended Release Oral Tablet,stopped,order,,1992-10-25T19:20:06+00:00
9049bcda-de20-48c9-9af9-16c8c2453505,3819264d-f39e-44cf-9e89-63078b714a0f,1049221,Acetaminophen 325 MG / Oxycodone Hydrochloride 5 MG Oral Tablet,stopped,order,,1995-02-08T19:20:06+00:00
5003cdab-9223-4162-bf97-c2d796a6e4a1,3819264d-f39e-44cf-9e89-63078b714a0f,1049221,Acetaminophen 325 MG / Oxycodone Hydrochloride 5 MG Oral Tablet,stopped,order,,1994-03-12T19:20:06+00:00
5053d9d8-02ea-404f-aa2b-230d4e0687a8,3819264d-f39e-44cf-9e89-63078b714a0f,313782,Acetaminophen 325 MG Oral Tablet,stopped,order,,1999-05-04T19:20:06+00:00
49e8f76a-c476-4fda-84f5-c877a08a2cb3,3819264d-f39e-44cf-9e89-63078b714a0f,1310197,Acetaminophen 300 MG / HYDROcodone Bitartrate 5 MG [Vicodin],stopped,order,,1993-03-11T19:20:06+00:00
3375cbc3-b69d-46c8-be54-3d16829c80f5,3819264d-f39e-44cf-9e89-63078b714a0f,849574,Naproxen sodium 220 MG Oral Tablet,active,order,,1975-06-18T19:20:06+00:00
7deea52e-4002-48d6-a7c8-39b66e3edea7,3819264d-f39e-44cf-9e89-63078b714a0f,1049221,Acetaminophen 325 MG / oxyCODONE Hydrochloride 5 MG Oral Tablet,stopped,order,,1928-12-12T19:20:06+00:00
3fee8200-c2a3-4a85-98af-8f7a773b2b09,3819264d-f39e-44cf-9e89-63078b714a0f,1310197,Acetaminophen 300 MG / HYDROcodone Bitartrate 5 MG [Vicodin],stopped,order,,1995-12-06T19:20:06+00:00
69fecad8-0df0-42b9-8fbb-69e488ab7bd4,3819264d-f39e-44cf-9e89-63078b714a0f,1860154,Abuse-Deterrent 12 HR Oxycodone Hydrochloride 15 MG Extended Release Oral Tablet,stopped,order,,1993-08-06T19:20:06+00:00
411067a2-e018-452e-b47f-9f6d28b63185,b0d28084-fcad-4af2-9a3d-c0090a6e294a,312617,predniSONE 5 MG Oral Tablet,stopped,order,,2015-01-13T09:24:41+00:00
c9ee83f9-6410-47e7-b6fb-58a5cf1982e4,b0d28084-fcad-4af2-9a3d-c0090a6e294a,310965,Ibuprofen 200 MG Oral Tablet,stopped,order,,2018-07-26T06:24:41+00:00
1d996223-5217-41de-bc6c-e71c0762e437,b0d28084-fcad-4af2-9a3d-c0090a6e294a,997488,Fexofenadine hydrochloride 30 MG Oral Tablet,active,order,,2004-06-27T06:24:41+00:00
d50f474f-e3e1-4f8e-b1cf-8d3cd9926905,b0d28084-fcad-4af2-9a3d-c0090a6e294a,1870230,NDA020800 0.3 ML Epinephrine 1 MG/ML Auto-Injector,active,order,,2004-06-27T06:24:41+00:00
6b5a67ae-1819-43ed-99ad-cf482e5abbff,d34e9e2d-a81a-407d-9527-82d1fdb06421,316049,Hydrochlorothiazide 25 MG,active,order,,2000-01-08T18:26:38+00:00
d1ff3205-ec3a-435b-ae9b-715bac802268,d34e9e2d-a81a-407d-9527-82d1fdb06421,562251,Amoxicillin 250 MG / Clavulanate 125 MG Oral Tablet,stopped,order,,2015-11-11T18:26:38+00:00
7d91ad15-3727-4367-a715-bedf6e8e66e6,18088fa5-2146-4737-a60d-cf1d30c7c6fa,313782,Acetaminophen 325 MG Oral Tablet,stopped,order,,1981-12-06T02:39:21+00:00
6dcf45d5-5142-4e69-92f3-2771ccb92df9,18088fa5-2146-4737-a60d-cf1d30c7c6fa,198031,24hr nicotine transdermal patch,active,order,,1968-05-18T02:39:21+00:00
12bb13e0-a971-4a46-b264-ea524af73441,18088fa5-2146-4737-a60d-cf1d30c7c6fa,752899,0.25 ML Leuprolide Acetate 30 MG/ML Prefilled Syringe,active,order,,1983-08-27T02:39:21+00:00
cb609099-b786-4a80-9f90-4815057bd85b,18088fa5-2146-4737-a60d-cf1d30c7c6fa,1860480,1 ML DOCEtaxel 20 MG/ML Injection,active,order,,1983-08-27T02:39:21+00:00
8b457c38-0799-40e9-807e-7f8eacaf8daa,18088fa5-2146-4737-a60d-cf1d30c7c6fa,834102,Penicillin V Potassium 500 MG Oral Tablet,stopped,order,,1981-07-04T02:39:21+00:00
8f2dbf01-2ba0-4ce7-8cf3-0747b924c622,18088fa5-2146-4737-a60d-cf1d30c7c6fa,309043,12 HR Cefaclor 500 MG Extended Release Oral Tablet,stopped,order,,1981-12-06T02:39:21+00:00
2e1e076c-f60b-4d4b-9279-2db7e31eea44,0fc1eab4-7b07-4203-9fa3-34a965a25b2a,562251,Amoxicillin 250 MG / Clavulanate 125 MG Oral Tablet,stopped,order,,2013-09-11T10:31:59+00:00
c8d85f20-4ea2-4450-98f5-6bcce2202985,0fc1eab4-7b07-4203-9fa3-34a965a25b2a,562251,Amoxicillin 250 MG / Clavulanate 125 MG Oral Tablet,stopped,order,,2015-06-01T10:31:59+00:00
7e370480-0c17-4bc6-b77f-f468e28ea645,0fc1eab4-7b07-4203-9fa3-34a965a25b2a,834102,Penicillin V Potassium 500 MG Oral Tablet,stopped,order,,2016-12-06T10:31:59+00:00
e924a80c-f530-4727-a236-800cbab83efa,0fc1eab4-7b07-4203-9fa3-34a965a25b2a,1043400,Acetaminophen 21.7 MG/ML / Dextromethorphan Hydrobromide 1 MG/ML / doxylamine succinate 0.417 MG/ML Oral Solution,stopped,order,,2016-09-04T10:31:59+00:00
7b15660d-2d61-4ad5-8f2c-64d0a188709e,15661112-796c-460c-bf7a-6b297e33f113,316672,Simvistatin 10 MG,stopped,order,,2011-07-18T18:37:30+00:00
75a96f56-b830-4827-ac2d-aef38e1d5947,15661112-796c-460c-bf7a-6b297e33f113,316672,Simvistatin 10 MG,stopped,order,,2007-07-19T18:37:30+00:00
73a4c114-b888-4c89-8332-091b18b47540,15661112-796c-460c-bf7a-6b297e33f113,316672,Simvistatin 10 MG,stopped,order,,2001-07-20T18:37:30+00:00
f3a71b19-019f-4169-a227-22cf88706942,15661112-796c-460c-bf7a-6b297e33f113,860975,24 HR Metformin hydrochloride 500 MG Extended Release Oral Tablet,active,order,,1989-06-29T18:37:30+00:00
82f9d697-589f-4643-9911-9dd23f91fb0d,15661112-796c-460c-bf7a-6b297e33f113,316672,Simvistatin 10 MG,stopped,order,,2000-07-20T18:37:30+00:00
99cee8ff-b786-49a9-be25-d7928b5c6c3e,15661112-796c-460c-bf7a-6b297e33f113,316672,Simvistatin 10 MG,stopped,order,,2005-07-19T18:37:30+00:00
e4746ecc-fb40-44ff-8a05-56c31394d402,15661112-796c-460c-bf7a-6b297e33f113,562251,Amoxicillin 250 MG / Clavulanate 125 MG Oral Tablet,stopped,order,,2014-03-16T18:37:30+00:00
73be9985-c0bd-4bf2-ba86-b3e86ed866c3,15661112-796c-460c-bf7a-6b297e33f113,316672,Simvistatin 10 MG,stopped,order,,2015-07-17T18:37:30+00:00
be9d76a4-d976-475c-ab11-cee0802a8672,15661112-796c-460c-bf7a-6b297e33f113,106892,"insulin human, isophane 70 UNT/ML / Regular Insulin, Human 30 UNT/ML Injectable Suspension [Humulin]",active,order,,1993-03-04T18:37:30+00:00
97481cb8-470f-43e2-93a6-7b122b8fb614,15661112-796c-460c-bf7a-6b297e33f113,316672,Simvistatin 10 MG,stopped,order,,2012-07-17T18:37:30+00:00
991b85d3-059c-47e8-b699-504b21574940,15661112-796c-460c-bf7a-6b297e33f113,904419,Alendronic acid 10 MG Oral Tablet,active,order,,2019-09-26T18:37:30+00:00
c6dc5adc-b939-4182-964d-0cd65b885205,15661112-796c-460c-bf7a-6b297e33f113,316672,Simvistatin 10 MG,stopped,order,,2019-07-16T18:37:30+00:00
f3cfc182-2bb9-4002-af33-9e03a9a7ce2e,15661112-796c-460c-bf7a-6b297e33f113,316672,Simvistatin 10 MG,stopped,order,,2002-07-20T18:37:30+00:00
2778f175-1c63-453f-9325-6eb2d63e359f,15661112-796c-460c-bf7a-6b297e33f113,316672,Simvistatin 10 MG,stopped,order,,2003-07-20T18:37:30+00:00
d4215200-e9ea-4b2c-a8f1-15f346fa07a9,15661112-796c-460c-bf7a-6b297e33f113,316672,Simvistatin 10 MG,stopped,order,,2016-07-16T18:37:30+00:00
2553bc6b-5599-465a-8579-5be0fcd6b313,15661112-796c-460c-bf7a-6b297e33f113,316672,Simvistatin 10 MG,stopped,order,,2010-07-18T18:37:30+00:00
aa27e985-bdf6-47e1-97e7-d13b57f5741b,15661112-796c-460c-bf7a-6b297e33f113,316672,Simvistatin 10 MG,stopped,order,,2009-07-18T18:37:30+00:00
23a8dd24-4144-4d35-8443-d49be75d166e,15661112-796c-460c-bf7a-6b297e33f113,316672,Simvistatin 10 MG,stopped,order,,2018-07-16T18:37:30+00:00
84d1bd55-0852-46d1-aadb-237ed722f7c7,15661112-796c-460c-bf7a-6b297e33f113,316672,Simvistatin 10 MG,stopped,order,,2004-07-19T18:37:30+00:00
b94b8103-634f-43cb-a4e3-77504d307f57,15661112-796c-460c-bf7a-6b297e33f113,316672,Simvistatin 10 MG,stopped,order,,2013-07-17T18:37:30+00:00
bcb72134-aaeb-412f-98b8-0ee4934ddb5e,15661112-796c-460c-bf7a-6b297e33f113,316672,Simvistatin 10 MG,stopped,order,,2014-07-17T18:37:30+00:00
b35f45cc-7c58-41ba-96fd-33d904cf9e88,15661112-796c-460c-bf7a-6b297e33f113,316672,Simvistatin 10 MG,stopped,order,,2008-07-18T18:37:30+00:00
d5ee3a68-babd-4025-926b-026647d89f9b,15661112-796c-460c-bf7a-6b297e33f113,316672,Simvistatin 10 MG,stopped,order,,2017-07-16T18:37:30+00:00
d91d5b19-c6d2-4d2c-a6c7-206dfdfc684f,15661112-796c-460c-bf7a-6b297e33f113,316672,Simvistatin 10 MG,stopped,order,,2006-07-19T18:37:30+00:00
b21dfb99-8309-42d0-badb-e85ab23f1656,15661112-796c-460c-bf7a-6b297e33f113,316672,Simvistatin 10 MG,active,order,,2020-07-15T18:37:30+00:00
4d83490d-31fc-4cc1-9e5e-2159d82ddca2,41dd486d-2eac-4b15-bb4c-e05f3e95428f,316672,Simvistatin 10 MG,stopped,order,,2006-08-07T21:06:17+00:00
b03201cf-fdfa-473b-a4f2-45a8dcdebd1f,41dd486d-2eac-4b15-bb4c-e05f3e95428f,316672,Simvistatin 10 MG,stopped,order,,1995-08-10T21:06:17+00:00
f40b37b3-7639-4fa6-a139-bfe27a2dcaab,41dd486d-2eac-4b15-bb4c-e05f3e95428f,316672,Simvistatin 10 MG,stopped,order,,1996-08-09T21:06:17+00:00
421b11cb-c629-4ad7-bda9-89c6abb34566,41dd486d-2eac-4b15-bb4c-e05f3e95428f,316672,Simvistatin 10 MG,stopped,order,,2013-08-05T21:06:17+00:00
f8c3456c-c1eb-494c-81a4-c75b3eadd6b6,41dd486d-2eac-4b15-bb4c-e05f3e95428f,316672,Simvistatin 10 MG,stopped,order,,2010-08-06T21:06:17+00:00
4e44a2cc-28f6-4533-b620-fe58c48e75ed,41dd486d-2eac-4b15-bb4c-e05f3e95428f,316672,Simvistatin 10 MG,stopped,order,,2019-08-04T21:06:17+00:00
c358cfa4-890f-487b-9403-2f3efcd6ce34,41dd486d-2eac-4b15-bb4c-e05f3e95428f,316672,Simvistatin 10 MG,stopped,order,,1998-08-09T21:06:17+00:00
56385f34-92e2-492c-8190-05d7ada3e6fb,41dd486d-2eac-4b15-bb4c-e05f3e95428f,316672,Simvistatin 10 MG,stopped,order,,2004-08-07T21:06:17+00:00
aee45142-542c-4c29-b7af-9924dabe6980,41dd486d-2eac-4b15-bb4c-e05f3e95428f,316672,Simvistatin 10 MG,stopped,order,,2018-08-04T21:06:17+00:00
f79acff0-eb40-4935-bf26-46f6215c8f87,41dd486d-2eac-4b15-bb4c-e05f3e95428f,316672,Simvistatin 10 MG,stopped,order,,1992-08-10T21:06:17+00:00
1653a6fd-fd3f-47f1-9da3-beb3c33cdb50,41dd486d-2eac-4b15-bb4c-e05f3e95428f,316672,Simvistatin 10 MG,stopped,order,,2009-08-06T21:06:17+00:00
0e36b0cf-7dd1-4604-a9b1-b6f05e0d8e9a,41dd486d-2eac-4b15-bb4c-e05f3e95428f,316672,Simvistatin 10 MG,stopped,order,,2011-08-06T21:06:17+00:00
6a4452f7-4605-435d-8009-ad1842f104bf,41dd486d-2eac-4b15-bb4c-e05f3e95428f,316672,Simvistatin 10 MG,stopped,order,,1988-08-11T21:06:17+00:00
d7c9c78d-a111-42a2-9d7c-a408eaa20ffd,41dd486d-2eac-4b15-bb4c-e05f3e95428f,316672,Simvistatin 10 MG,stopped,order,,2012-08-05T21:06:17+00:00
9bffc894-fb89-404f-90bb-85e773a2408e,41dd486d-2eac-4b15-bb4c-e05f3e95428f,316672,Simvistatin 10 MG,stopped,order,,1997-08-09T21:06:17+00:00
43ce9708-a4ec-47b8-8d20-36e609c49c17,41dd486d-2eac-4b15-bb4c-e05f3e95428f,316672,Simvistatin 10 MG,stopped,order,,2016-08-04T21:06:17+00:00
4c4453cf-82dd-4d44-947b-95053e354727,41dd486d-2eac-4b15-bb4c-e05f3e95428f,316672,Simvistatin 10 MG,stopped,order,,1991-08-11T21:06:17+00:00
41850855-832c-4d89-8170-d6f93aecebb1,41dd486d-2eac-4b15-bb4c-e05f3e95428f,849574,Naproxen sodium 220 MG Oral Tablet,stopped,order,,1975-06-24T21:06:17+00:00
1965bb09-08c3-4bef-86e9-6c22e54dc709,41dd486d-2eac-4b15-bb4c-e05f3e95428f,316672,Simvistatin 10 MG,stopped,order,,2005-08-07T21:06:17+00:00
b27d1274-44d5-45ab-84f2-948fc6cd90eb,41dd486d-2eac-4b15-bb4c-e05f3e95428f,316672,Simvistatin 10 MG,stopped,order,,2014-08-05T21:06:17+00:00
870ca7e3-f7c0-4e45-8bc5-7af7753c6828,41dd486d-2eac-4b15-bb4c-e05f3e95428f,1599803,24 HR Donepezil hydrochloride 10 MG / Memantine hydrochloride 28 MG Extended Release Oral Capsule,active,order,,2018-02-28T21:06:17+00:00
f774d0c4-80cb-4386-9977-7514d923f612,41dd486d-2eac-4b15-bb4c-e05f3e95428f,316672,Simvistatin 10 MG,active,order,,2020-08-03T21:06:17+00:00
d2118958-dcf4-41ce-8a3d-ad88cabc09b9,41dd486d-2eac-4b15-bb4c-e05f3e95428f,316672,Simvistatin 10 MG,stopped,order,,1999-08-09T21:06:17+00:00
efdbee8f-f320-4f92-b775-f5f7247bce30,41dd486d-2eac-4b15-bb4c-e05f3e95428f,316672,Simvistatin 10 MG,stopped,order,,2008-08-06T21:06:17+00:00
e6168cb1-9247-4711-9674-bb9b47666156,41dd486d-2eac-4b15-bb4c-e05f3e95428f,316672,Simvistatin 10 MG,stopped,order,,2015-08-05T21:06:17+00:00
0bd6b47a-a1d1-44e4-9820-b4114d05c6fd,41dd486d-2eac-4b15-bb4c-e05f3e95428f,316672,Simvistatin 10 MG,stopped,order,,2007-08-07T21:06:17+00:00
b7e493a5-179e-4755-b209-dcd7802b1861,41dd486d-2eac-4b15-bb4c-e05f3e95428f,316672,Simvistatin 10 MG,stopped,order,,2003-08-08T21:06:17+00:00
669d7288-ea58-4c14-8403-498c8b803467,41dd486d-2eac-4b15-bb4c-e05f3e95428f,316672,Simvistatin 10 MG,stopped,order,,1990-08-11T21:06:17+00:00
6a5e42f6-1239-42ad-ad13-3abe84612211,41dd486d-2eac-4b15-bb4c-e05f3e95428f,316672,Simvistatin 10 MG,stopped,order,,2002-08-08T21:06:17+00:00
5ef6e1de-ebf3-4a15-b258-84cdc046ca8d,41dd486d-2eac-4b15-bb4c-e05f3e95428f,316672,Simvistatin 10 MG,stopped,order,,1993-08-10T21:06:17+00:00
d0d138a9-f08a-4eae-aa63-d838eaceef2e,41dd486d-2eac-4b15-bb4c-e05f3e95428f,316672,Simvistatin 10 MG,stopped,order,,2000-08-08T21:06:17+00:00
45bece26-e7d8-4b4c-8290-159762dbdc38,41dd486d-2eac-4b15-bb4c-e05f3e95428f,316672,Simvistatin 10 MG,stopped,order,,1989-08-11T21:06:17+00:00
5940548f-cb8b-4af2-81da-b13449c8068d,41dd486d-2eac-4b15-bb4c-e05f3e95428f,310436,Galantamine 4 MG Oral Tablet,stopped,order,,2017-05-04T21:06:17+00:00
80faf18e-9d14-4edd-ad6d-55d401ae1471,41dd486d-2eac-4b15-bb4c-e05f3e95428f,316672,Simvistatin 10 MG,stopped,order,,2017-08-04T21:06:17+00:00
9f38d04d-f425-494b-b35f-c4d2e3045632,41dd486d-2eac-4b15-bb4c-e05f3e95428f,316672,Simvistatin 10 MG,stopped,order,,2001-08-08T21:06:17+00:00
60a13b3f-c6c9-4886-bb23-4069b7ba9912,41dd486d-2eac-4b15-bb4c-e05f3e95428f,316672,Simvistatin 10 MG,stopped,order,,1994-08-10T21:06:17+00:00
0fceb9b9-f2e0-4d8d-b86d-5c1c2b8fe69d,24f613b9-5694-4436-b781-bc0276867ac2,198405,Ibuprofen 100 MG Oral Tablet,stopped,order,,1988-12-30T16:12:57+00:00
60c44bc1-86aa-4934-9bf4-d59274fe6e25,24f613b9-5694-4436-b781-bc0276867ac2,308182,Amoxicillin 250 MG Oral Capsule,stopped,order,,1988-12-30T16:12:57+00:00
66bfef70-1f2b-4b3e-9838-1fbb4120186e,24f613b9-5694-4436-b781-bc0276867ac2,313782,Acetaminophen 325 MG Oral Tablet,stopped,order,,1985-05-14T16:12:57+00:00
10497451-4796-4760-b282-38c558487a3b,24f613b9-5694-4436-b781-bc0276867ac2,1153378,Clonazepam [Klonopin],active,order,,1990-01-31T16:12:57+00:00
8e497c5d-c94c-45e9-a08d-0c7fd3c66826,24f613b9-5694-4436-b781-bc0276867ac2,309045,Cefaclor 250 MG Oral Capsule,stopped,order,,1985-04-12T16:12:57+00:00
d38733d3-d0ef-4160-9bc9-824f88f17a64,24f613b9-5694-4436-b781-bc0276867ac2,282464,Acetaminophen 160 MG Oral Tablet,stopped,order,,1985-04-12T16:12:57+00:00
ee522e8c-7a01-4d36-a9d9-d0d7f3dea7a2,543816ab-27fc-462d-8179-bf3156c4783a,1719286,10 ML Furosemide 10 MG/ML Injection,active,order,,1993-03-20T23:11:46+00:00
74193e46-16ea-4140-bcf4-0268e54ca505,543816ab-27fc-462d-8179-bf3156c4783a,1804799,Alteplase 100 MG Injection,stopped,order,,1992-08-17T23:11:46+00:00
07fe02db-65fb-4297-ade1-b40161b341ee,543816ab-27fc-462d-8179-bf3156c4783a,1049221,Acetaminophen 325 MG / oxyCODONE Hydrochloride 5 MG Oral Tablet,stopped,order,,1928-06-30T23:11:46+00:00
df41d577-9dbc-45d8-9191-f82e1d66180c,543816ab-27fc-462d-8179-bf3156c4783a,834102,Penicillin V Potassium 500 MG Oral Tablet,stopped,order,,1990-11-10T23:11:46+00:00
bef1905f-c11d-470f-87e3-4015b598a81c,543816ab-27fc-462d-8179-bf3156c4783a,866414,24 HR metoprolol succinate 100 MG Extended Release Oral Tablet [Toprol],active,order,,1990-10-02T23:11:46+00:00
c5f477df-9958-4aeb-9e50-99652dac841d,543816ab-27fc-462d-8179-bf3156c4783a,312961,Simvastatin 20 MG Oral Tablet,active,order,,1993-03-22T23:11:46+00:00
fa252865-e9f0-40b9-a794-35c80b89cae4,543816ab-27fc-462d-8179-bf3156c4783a,315971,Lasix 40mg,active,order,,1990-10-02T23:11:46+00:00
3111c1b8-5fe2-4a1b-9a87-705c97fd610e,543816ab-27fc-462d-8179-bf3156c4783a,705129,Nitroglycerin 0.4 MG/ACTUAT Mucosal Spray,active,order,,1988-02-22T23:11:46+00:00
295872ed-1c7b-4ca6-a8f2-72c42b5d0df1,543816ab-27fc-462d-8179-bf3156c4783a,198031,24hr nicotine transdermal patch,active,order,,1935-10-28T23:11:46+00:00
7a9916f3-d8f7-485b-afb7-5c035d853552,95efed54-0648-4faf-a179-9a2b3c45e92d,313782,Acetaminophen 325 MG Oral Tablet,stopped,order,,2019-10-13T00:24:54+00:00
b8d3a5ad-eaf9-4989-b6f7-36ada7b3201b,95efed54-0648-4faf-a179-9a2b3c45e92d,198014,Naproxen 500 MG Oral Tablet,active,order,,2020-04-27T00:24:54+00:00
9d0e9588-f6ec-4d9b-b9b3-feb767ff6854,95efed54-0648-4faf-a179-9a2b3c45e92d,831533,Errin 28 Day Pack,stopped,order,,2018-02-13T00:24:54+00:00
64270b87-032c-490c-9895-b22a003b792c,95efed54-0648-4faf-a179-9a2b3c45e92d,389221,Etonogestrel 68 MG Drug Implant,stopped,order,,2011-08-23T00:24:54+00:00
44db6736-461f-46d2-8115-76c0b485ee32,95efed54-0648-4faf-a179-9a2b3c45e92d,389221,Etonogestrel 68 MG Drug Implant,active,order,,2021-01-28T00:24:54+00:00
2971c902-8411-468a-99da-afd0b37280b4,b4ea5671-8166-4ada-8040-8fc9292d6beb,313782,Acetaminophen 325 MG Oral Tablet,stopped,order,,2018-06-04T10:43:59+00:00
1df5a2af-79d3-4b35-b5e4-74b3e09a1b33,b4ea5671-8166-4ada-8040-8fc9292d6beb,1094107,Phenazopyridine hydrochloride 100 MG Oral Tablet,stopped,order,,2021-01-10T10:43:59+00:00
c8419ec6-4170-4769-a541-0c43acda7f2c,b4ea5671-8166-4ada-8040-8fc9292d6beb,757594,Jolivette 28 Day Pack,stopped,order,,2011-04-08T10:43:59+00:00
d0c17dd0-5c36-4f96-82b6-78587da51225,b4ea5671-8166-4ada-8040-8fc9292d6beb,311989,Nitrofurantoin 5 MG/ML Oral Suspension,stopped,order,,2021-01-10T10:43:59+00:00
6cbd81fd-28d6-41db-8f1e-a9874a1aa8af,b4ea5671-8166-4ada-8040-8fc9292d6beb,310325,ferrous sulfate 325 MG Oral Tablet,active,order,,2001-05-29T10:43:59+00:00
f6e75602-d238-4ac7-aeb1-e83895e67fe6,b4ea5671-8166-4ada-8040-8fc9292d6beb,313782,Acetaminophen 325 MG Oral Tablet,stopped,order,,2019-10-11T10:43:59+00:00
a1691b8c-2d5a-4f78-b7f5-edcb9d7f1ae9,2354df0f-349f-4042-a827-2ef12013e69d,849574,Naproxen sodium 220 MG Oral Tablet,stopped,order,,2012-10-17T16:52:31+00:00
e640058f-e5de-4329-af80-bb0b74b660d5,2354df0f-349f-4042-a827-2ef12013e69d,849574,Naproxen sodium 220 MG Oral Tablet,stopped,order,,2011-09-25T16:52:31+00:00
7f131723-791a-4faa-9286-22c51e332610,da2c7b0a-791a-4b8f-9a30-dc3d8cf1ec75,316672,Simvistatin 10 MG,active,order,,2020-06-02T23:55:41+00:00
f0d76270-8c08-4449-bd4c-fec8c63f0a04,7f377edc-2971-41d6-aecf-db9dabffe9dd,389221,Etonogestrel 68 MG Drug Implant,stopped,order,,2013-07-09T13:43:33+00:00
9e7fbb89-8764-4212-8471-aeae647d0cb3,7f377edc-2971-41d6-aecf-db9dabffe9dd,316049,Hydrochlorothiazide 25 MG,active,order,,2011-09-15T13:43:33+00:00
d467dc08-6f49-4f8e-bb7f-efb926f58d39,7f377edc-2971-41d6-aecf-db9dabffe9dd,313782,Acetaminophen 325 MG Oral Tablet,stopped,order,,2013-10-06T13:43:33+00:00
fb46b229-fcda-41b8-996d-e2600323940c,7f377edc-2971-41d6-aecf-db9dabffe9dd,834102,Penicillin V Potassium 500 MG Oral Tablet,stopped,order,,2019-01-05T13:43:33+00:00
e95741ad-806c-43bd-8145-b59b4b1fa970,7f377edc-2971-41d6-aecf-db9dabffe9dd,748962,Camila 28 Day Pack,stopped,order,,2011-07-20T13:43:33+00:00
35754166-14c4-464a-9c6c-77561c7fcfb9,7f377edc-2971-41d6-aecf-db9dabffe9dd,316052,Hydrochlorothiazide 6.25 MG,stopped,order,,2007-09-06T13:43:33+00:00
08f3ab75-79d4-4816-9e85-65f4e2874f64,7f377edc-2971-41d6-aecf-db9dabffe9dd,807283,Mirena 52 MG Intrauterine System,stopped,order,,2014-07-04T13:43:33+00:00
5a39fb10-3cf5-4e17-9ca4-76c379398e60,9acbf6dd-e2b1-42cd-9a8b-259b519491d6,866414,24 HR metoprolol succinate 100 MG Extended Release Oral Tablet [Toprol],active,order,,2008-03-21T17:41:27+00:00
86819fa2-34e0-408c-a51b-ac1ab308c578,9acbf6dd-e2b1-42cd-9a8b-259b519491d6,1719286,10 ML Furosemide 10 MG/ML Injection,active,order,,2008-09-17T17:41:27+00:00
f6c962ca-1946-4485-b46c-905d1bd2b596,9acbf6dd-e2b1-42cd-9a8b-259b519491d6,562251,Amoxicillin 250 MG / Clavulanate 125 MG Oral Tablet,stopped,order,,2006-12-18T17:41:27+00:00
030790a1-5b99-4bd4-9ae7-2139d2ce398a,9acbf6dd-e2b1-42cd-9a8b-259b519491d6,315971,Lasix 40mg,active,order,,2008-03-21T17:41:27+00:00
437b96ba-4fb6-4477-bb46-4c4f117c8807,cc97102a-a0ce-4d18-acd3-9229b47c31c0,807283,Mirena 52 MG Intrauterine System,stopped,order,,2013-04-04T04:10:15+00:00
c6effb33-3cf7-4ff9-9620-a2b7e5d8444d,cc97102a-a0ce-4d18-acd3-9229b47c31c0,757594,Jolivette 28 Day Pack,stopped,order,,2012-04-09T04:10:15+00:00
8a204d0f-fd83-49cf-97b3-eade8bec137c,cc97102a-a0ce-4d18-acd3-9229b47c31c0,316049,Hydrochlorothiazide 25 MG,active,order,,1998-08-10T04:10:15+00:00
aae93d29-1cd7-46ee-951f-33cd4308d492,ecaea95c-46de-4ac9-a58d-4847d1a3e574,1736776,10 ML oxaliplatin 5 MG/ML Injection,active,order,,1966-09-26T19:20:06+00:00
e63cd286-206f-4e3a-9a32-ccc64cb9b1e8,ecaea95c-46de-4ac9-a58d-4847d1a3e574,106892,"insulin human, isophane 70 UNT/ML / Regular Insulin, Human 30 UNT/ML Injectable Suspension [Humulin]",active,order,,1964-09-12T19:20:06+00:00
7a690977-b7aa-4029-a467-130d1634267f,ecaea95c-46de-4ac9-a58d-4847d1a3e574,243670,Aspirin 81 MG Oral Tablet,stopped,order,,1965-12-19T19:20:06+00:00
404e16ec-a527-4544-8dc3-2e941a2526d4,ecaea95c-46de-4ac9-a58d-4847d1a3e574,316049,Hydrochlorothiazide 25 MG,active,order,,1934-04-28T19:20:06+00:00
84fbc99b-6bfe-473c-8a83-d675702038a6,ecaea95c-46de-4ac9-a58d-4847d1a3e574,1803932,Leucovorin 100 MG Injection,active,order,,1966-09-26T19:20:06+00:00
dd5c7c08-0c73-47e9-8a9e-bcf1084f6168,8f437924-8cad-441b-88d2-ff38c9363bde,316672,Simvistatin 10 MG,stopped,order,,2017-11-18T15:09:48+00:00
c066aa50-f0bb-46f5-bafe-b744f38966f9,8f437924-8cad-441b-88d2-ff38c9363bde,316672,Simvistatin 10 MG,stopped,order,,2010-11-20T15:09:48+00:00
c2f4ab72-e1d9-4d87-a4ee-47329476ae61,8f437924-8cad-441b-88d2-ff38c9363bde,316672,Simvistatin 10 MG,stopped,order,,2003-11-22T15:09:48+00:00
b0bc2cc0-d5cc-4587-900d-768f7d03a5a1,8f437924-8cad-441b-88d2-ff38c9363bde,316672,Simvistatin 10 MG,stopped,order,,2009-11-20T15:09:48+00:00
9b53ce37-a9a4-4b9c-954c-b8a27af81548,8f437924-8cad-441b-88d2-ff38c9363bde,316672,Simvistatin 10 MG,stopped,order,,2013-11-19T15:09:48+00:00
214e7464-d35f-458c-8018-2fdca1c0365a,8f437924-8cad-441b-88d2-ff38c9363bde,316672,Simvistatin 10 MG,stopped,order,,2015-11-19T15:09:48+00:00
a4259cbb-0347-4d78-be9e-fa6556c49626,8f437924-8cad-441b-88d2-ff38c9363bde,316672,Simvistatin 10 MG,stopped,order,,2007-11-21T15:09:48+00:00
f704d63d-8aba-4bf9-99ca-f64d8a969a10,8f437924-8cad-441b-88d2-ff38c9363bde,316672,Simvistatin 10 MG,stopped,order,,2008-11-20T15:09:48+00:00
6d48d39c-ff0e-47eb-8f1d-20944dbda18a,8f437924-8cad-441b-88d2-ff38c9363bde,316672,Simvistatin 10 MG,stopped,order,,2014-11-19T15:09:48+00:00
94736749-ebfa-486f-a796-d44e0cec0c8f,8f437924-8cad-441b-88d2-ff38c9363bde,849574,Naproxen sodium 220 MG Oral Tablet,stopped,order,,2011-02-19T15:09:48+00:00
c6f71b54-2b96-487a-9d24-212bb3839c00,8f437924-8cad-441b-88d2-ff38c9363bde,198014,Naproxen 500 MG Oral Tablet,active,order,,1987-10-11T15:09:48+00:00
e26a45da-4cc9-44fe-a750-75baa2b0f9d2,8f437924-8cad-441b-88d2-ff38c9363bde,316672,Simvistatin 10 MG,stopped,order,,2004-11-21T15:09:48+00:00
fbef7bd5-be36-4733-ad67-ad01aee0fd9e,8f437924-8cad-441b-88d2-ff38c9363bde,316672,Simvistatin 10 MG,active,order,,2020-11-17T15:09:48+00:00
e2bd7eae-cf89-4b24-ba7b-520971659453,8f437924-8cad-441b-88d2-ff38c9363bde,316672,Simvistatin 10 MG,stopped,order,,2011-11-20T15:09:48+00:00
6b90bda4-acf0-49be-9568-09a306b90a3b,8f437924-8cad-441b-88d2-ff38c9363bde,316672,Simvistatin 10 MG,stopped,order,,2016-11-18T15:09:48+00:00
e54733fd-bc95-4120-97ec-9b016428a88f,8f437924-8cad-441b-88d2-ff38c9363bde,316672,Simvistatin 10 MG,stopped,order,,2006-11-21T15:09:48+00:00
3dc2c2ec-8433-434b-824c-bbec5aa5eb92,8f437924-8cad-441b-88d2-ff38c9363bde,316672,Simvistatin 10 MG,stopped,order,,2002-11-22T15:09:48+00:00
30456ce3-4602-439c-a7da-8157d9c0bc33,8f437924-8cad-441b-88d2-ff38c9363bde,316672,Simvistatin 10 MG,stopped,order,,2018-11-18T15:09:48+00:00
1370b60a-5cf2-40ec-bac4-e31dcea9e2ad,8f437924-8cad-441b-88d2-ff38c9363bde,316672,Simvistatin 10 MG,stopped,order,,2012-11-19T15:09:48+00:00
90ea81ea-8409-49a8-ae55-48911f2f70cf,8f437924-8cad-441b-88d2-ff38c9363bde,316672,Simvistatin 10 MG,stopped,order,,2001-11-22T15:09:48+00:00
9944da7c-1cba-47e0-835f-6925e9f7096e,8f437924-8cad-441b-88d2-ff38c9363bde,316672,Simvistatin 10 MG,stopped,order,,2005-11-21T15:09:48+00:00
30f75c68-98a6-4875-8fb4-c6b5b9fed5e8,8f437924-8cad-441b-88d2-ff38c9363bde,316672,Simvistatin 10 MG,stopped,order,,2019-11-18T15:09:48+00:00
b18a5bed-f769-49c4-b507-567da787fb5d,ab049f15-0df7-4702-b768-dcc3d6b3c536,562251,Amoxicillin 250 MG / Clavulanate 125 MG Oral Tablet,stopped,order,,1940-02-28T05:19:57+00:00
c25db9d7-5f37-4f58-8b99-9e8fbf7aa920,ab049f15-0df7-4702-b768-dcc3d6b3c536,106892,"insulin human, isophane 70 UNT/ML / Regular Insulin, Human 30 UNT/ML Injectable Suspension [Humulin]",active,order,,1934-08-20T05:19:57+00:00
a4a7784e-3308-4432-aeee-3107efd769fe,ab049f15-0df7-4702-b768-dcc3d6b3c536,316049,Hydrochlorothiazide 25 MG,active,order,,1934-01-15T05:19:57+00:00
addb6905-68ce-4cf5-885a-9cdc25bcb2bc,ab049f15-0df7-4702-b768-dcc3d6b3c536,705129,Nitroglycerin 0.4 MG/ACTUAT Mucosal Spray,stopped,order,,1941-06-16T05:19:57+00:00
9e9e9164-ef3e-4c5e-ad75-f803aa6ab388,4d58465c-4703-4c36-ab8f-2f935dc4bee7,1094107,Phenazopyridine hydrochloride 100 MG Oral Tablet,stopped,order,,2016-08-05T17:37:12+00:00
1fbfb098-f4dc-4cba-8d94-fc34aa1de783,4d58465c-4703-4c36-ab8f-2f935dc4bee7,313782,Acetaminophen 325 MG Oral Tablet,stopped,order,,2017-06-22T17:37:12+00:00
3b0e1501-b7f6-4c29-a62e-1a40e97173f5,4d58465c-4703-4c36-ab8f-2f935dc4bee7,311989,Nitrofurantoin 5 MG/ML Oral Suspension,stopped,order,,2016-08-05T17:37:12+00:00
51d45d85-ede3-4842-8e6f-2e1905a1cf66,4d58465c-4703-4c36-ab8f-2f935dc4bee7,860975,24 HR Metformin hydrochloride 500 MG Extended Release Oral Tablet,active,order,,2001-11-01T17:37:12+00:00
575efe94-6972-465a-b94f-0d03278e3c37,4d58465c-4703-4c36-ab8f-2f935dc4bee7,316049,Hydrochlorothiazide 25 MG,active,order,,1995-10-26T17:37:12+00:00
deb840b9-82a9-4e7e-a1db-37c28648d6a1,4d58465c-4703-4c36-ab8f-2f935dc4bee7,106892,"insulin human, isophane 70 UNT/ML / Regular Insulin, Human 30 UNT/ML Injectable Suspension [Humulin]",active,order,,2003-12-18T17:37:12+00:00
871d5afe-a999-4b01-a93a-3640ce8f9937,4d58465c-4703-4c36-ab8f-2f935dc4bee7,311995,"NITROFURANTOIN, MACROCRYSTALS 50 MG Oral Capsule",stopped,order,,2016-08-12T17:37:12+00:00
d8fff593-570f-4a17-a0ff-3bf7e4340d1b,e65aa207-9ec7-493e-987b-b2c686f1af10,857005,Acetaminophen 325 MG / HYDROcodone Bitartrate 7.5 MG Oral Tablet,stopped,order,,2006-01-31T16:34:40+00:00
e81f6565-261f-4459-86d0-e5d75b5530a2,e65aa207-9ec7-493e-987b-b2c686f1af10,198014,Naproxen 500 MG Oral Tablet,active,order,,1973-11-02T16:34:40+00:00
6ac7b764-5d32-493e-830b-fef6e890f4c8,e65aa207-9ec7-493e-987b-b2c686f1af10,315971,Lasix 40mg,active,order,,2012-12-02T16:34:40+00:00
19f8b517-c584-4362-a6b0-4dc1a0359b2b,e65aa207-9ec7-493e-987b-b2c686f1af10,904419,Alendronic acid 10 MG Oral Tablet,active,order,,2008-11-17T16:34:40+00:00
bff6d822-33b9-4a90-a080-c1e3594fc9ff,e65aa207-9ec7-493e-987b-b2c686f1af10,1719286,10 ML Furosemide 10 MG/ML Injection,active,order,,2013-05-31T16:34:40+00:00
2ac31041-5507-417d-b571-16a1f69ec7ec,e65aa207-9ec7-493e-987b-b2c686f1af10,866414,24 HR metoprolol succinate 100 MG Extended Release Oral Tablet [Toprol],active,order,,2012-12-02T16:34:40+00:00
bb24bd98-d238-4ee8-b9a1-20245c8545d3,1826f231-5570-4f7b-ad55-b12f99ba8ced,312961,Simvastatin 20 MG Oral Tablet,active,order,,1993-03-01T05:19:57+00:00
f75057fb-768d-4b25-8432-86b46119eebe,1826f231-5570-4f7b-ad55-b12f99ba8ced,316672,Simvistatin 10 MG,stopped,order,,1991-07-09T05:19:57+00:00
2283e510-c0a4-4b23-8fd1-032a9f3cc4e2,1826f231-5570-4f7b-ad55-b12f99ba8ced,316672,Simvistatin 10 MG,active,order,,1993-07-08T05:19:57+00:00
ec2fa406-c47a-4154-9730-120dd1cf49eb,1826f231-5570-4f7b-ad55-b12f99ba8ced,833036,Captopril 25 MG Oral Tablet,stopped,order,,1993-12-06T05:19:57+00:00
279079b9-8b4f-418c-9676-6708baba42cc,1826f231-5570-4f7b-ad55-b12f99ba8ced,316672,Simvistatin 10 MG,stopped,order,,1992-07-08T05:19:57+00:00
77f4242b-7a24-4912-9f68-1ea08cfe975c,1826f231-5570-4f7b-ad55-b12f99ba8ced,313782,Acetaminophen 325 MG Oral Tablet,stopped,order,,1993-02-21T05:19:57+00:00
e7a13b2c-f4aa-40d8-9df4-b2bebff100a4,1826f231-5570-4f7b-ad55-b12f99ba8ced,705129,Nitroglycerin 0.4 MG/ACTUAT Mucosal Spray,stopped,order,,1989-06-12T05:19:57+00:00
ad8cd3ed-f5ce-4910-8635-4ec886b8c527,1826f231-5570-4f7b-ad55-b12f99ba8ced,316672,Simvistatin 10 MG,stopped,order,,1990-07-09T05:19:57+00:00
1e191445-231c-46b9-9a63-8aa3d41610f7,1826f231-5570-4f7b-ad55-b12f99ba8ced,313782,Acetaminophen 325 MG Oral Tablet,stopped,order,,1987-01-20T05:19:57+00:00
3835f14c-8ad8-45c5-8f7b-c8602a18022d,1826f231-5570-4f7b-ad55-b12f99ba8ced,1049221,Acetaminophen 325 MG / oxyCODONE Hydrochloride 5 MG Oral Tablet,stopped,order,,1941-02-15T05:19:57+00:00
587bf9bb-4875-4a9f-9896-9fa8848c1a7e,5214a564-9117-4ffc-a88c-25f90239240b,562251,Amoxicillin 250 MG / Clavulanate 125 MG Oral Tablet,stopped,order,,2017-08-22T06:44:05+00:00
ab65c2cf-5bfd-49cc-9362-d7f00af15c72,5214a564-9117-4ffc-a88c-25f90239240b,896209,60 ACTUAT Fluticasone propionate 0.25 MG/ACTUAT / salmeterol 0.05 MG/ACTUAT Dry Powder Inhaler,active,order,,1990-12-22T06:44:05+00:00
f5a24cd0-9cf4-41ac-b262-d19bb3ee5940,5214a564-9117-4ffc-a88c-25f90239240b,849574,Naproxen sodium 220 MG Oral Tablet,active,order,,1990-11-25T06:44:05+00:00
83b29744-5ab7-4ff0-bcad-ebfdde613c06,5214a564-9117-4ffc-a88c-25f90239240b,316049,Hydrochlorothiazide 25 MG,active,order,,1966-01-29T06:44:05+00:00
0a585ce2-93f0-49b9-8792-e2fe0ae34105,5214a564-9117-4ffc-a88c-25f90239240b,310436,Galantamine 4 MG Oral Tablet,active,order,,2020-10-03T06:44:05+00:00
55ca254f-4e3f-4ec1-9a82-87dd46b4cf5c,fdba4d87-c986-4650-9bf7-1f64c41cf297,243670,Aspirin 81 MG Oral Tablet,stopped,order,,1993-01-16T18:38:58+00:00
f3bb5cee-5283-437f-b890-ecab1245250d,fdba4d87-c986-4650-9bf7-1f64c41cf297,2001499,Vitamin B 12 5 MG/ML Injectable Solution,active,order,,1950-02-05T18:38:58+00:00
8136ffef-df89-443e-8876-2c6cd3e29232,fdba4d87-c986-4650-9bf7-1f64c41cf297,313782,Acetaminophen 325 MG Oral Tablet,stopped,order,,1999-03-11T18:38:58+00:00
159e0e2f-c85f-46a7-9836-2aed39c87d69,fdba4d87-c986-4650-9bf7-1f64c41cf297,1049221,Acetaminophen 325 MG / oxyCODONE Hydrochloride 5 MG Oral Tablet,stopped,order,,1939-11-25T18:38:58+00:00
95921c87-c297-4eb9-b376-df922b3c397f,d48ac962-78c6-46cf-ba33-a24771bfa0e4,897718,Verapamil Hydrochloride 40 MG,active,order,,1994-05-20T10:10:39+00:00
fdc2ab32-cc40-4d44-8a2a-f22f3a92fca4,d48ac962-78c6-46cf-ba33-a24771bfa0e4,197604,Digoxin 0.125 MG Oral Tablet,active,order,,1994-05-20T10:10:39+00:00
251f56f0-8b63-4179-8a12-8767aeae682d,d48ac962-78c6-46cf-ba33-a24771bfa0e4,1860480,1 ML DOCEtaxel 20 MG/ML Injection,active,order,,2005-07-22T10:10:39+00:00
49f41a40-fa33-4a69-9a87-b8e5e4d767db,d48ac962-78c6-46cf-ba33-a24771bfa0e4,562251,Amoxicillin 250 MG / Clavulanate 125 MG Oral Tablet,stopped,order,,2015-07-02T10:10:39+00:00
3adbc1dd-3d96-464c-b0c8-314f5a76d4f9,d48ac962-78c6-46cf-ba33-a24771bfa0e4,752899,0.25 ML Leuprolide Acetate 30 MG/ML Prefilled Syringe,active,order,,2005-07-22T10:10:39+00:00
95d1c4bf-319b-43bf-bc48-43249b1858d2,d48ac962-78c6-46cf-ba33-a24771bfa0e4,855332,Warfarin Sodium 5 MG Oral Tablet,active,order,,1994-05-20T10:10:39+00:00
e4081230-c03e-4446-b08a-af04cfe67dc3,d48ac962-78c6-46cf-ba33-a24771bfa0e4,562251,Amoxicillin 250 MG / Clavulanate 125 MG Oral Tablet,stopped,order,,2018-11-09T10:10:39+00:00
11680219-f381-4445-abb6-5aacf86356ab,b85d7e00-3690-4e2a-87a0-f3d2dfc908b3,831533,Errin 28 Day Pack,stopped,order,,2015-02-03T00:48:08+00:00
f6ed45bc-70ec-4636-a4fa-6b7e5b8b1333,b85d7e00-3690-4e2a-87a0-f3d2dfc908b3,1000156,0.65 ML medroxyprogesterone acetate 160 MG/ML Prefilled Syringe,stopped,order,,2013-02-13T00:48:08+00:00
03210793-f6a1-4094-8f8a-ffaf9292e2e4,b85d7e00-3690-4e2a-87a0-f3d2dfc908b3,748962,Camila 28 Day Pack,active,order,,2021-01-09T00:48:08+00:00
9d2105ff-00f0-49dc-a5bd-4256bde27f43,b85d7e00-3690-4e2a-87a0-f3d2dfc908b3,2001499,Vitamin B 12 5 MG/ML Injectable Solution,active,order,,2017-02-13T00:48:08+00:00
4b980df3-e11a-4265-856a-b0c8743df3a7,b85d7e00-3690-4e2a-87a0-f3d2dfc908b3,748856,Yaz 28 Day Pack,stopped,order,,2019-01-20T00:48:08+00:00
06726d51-3835-4f6b-a18f-a66e602d60a1,b85d7e00-3690-4e2a-87a0-f3d2dfc908b3,1534809,168 HR Ethinyl Estradiol 0.00146 MG/HR / norelgestromin 0.00625 MG/HR Transdermal System,stopped,order,,2016-01-29T00:48:08+00:00
80dbb175-9e0d-4955-9ee9-2932d6c04dea,b85d7e00-3690-4e2a-87a0-f3d2dfc908b3,1534809,168 HR Ethinyl Estradiol 0.00146 MG/HR / norelgestromin 0.00625 MG/HR Transdermal System,stopped,order,,2018-01-25T00:48:08+00:00
55f53610-c65a-4f42-ab64-e8cffb921ba2,f1c01f54-8408-492f-aa92-e633953e8443,316672,Simvistatin 10 MG,stopped,order,,2010-09-18T17:41:45+00:00
260486a9-ca75-45da-b485-6ad66ee935bd,f1c01f54-8408-492f-aa92-e633953e8443,316672,Simvistatin 10 MG,active,order,,2020-09-15T17:41:45+00:00
77f69333-c6c2-424f-a0fe-3331918649c8,f1c01f54-8408-492f-aa92-e633953e8443,316672,Simvistatin 10 MG,stopped,order,,2018-09-16T17:41:45+00:00
7b9bc317-3add-4a59-b3c1-2e620fd90a8a,f1c01f54-8408-492f-aa92-e633953e8443,316672,Simvistatin 10 MG,stopped,order,,2013-09-17T17:41:45+00:00
4e1a0e0d-332e-4c50-9c55-132f050fe583,f1c01f54-8408-492f-aa92-e633953e8443,316672,Simvistatin 10 MG,stopped,order,,2016-09-16T17:41:45+00:00
c88582a9-42be-4d69-b337-81ff0bdf374e,f1c01f54-8408-492f-aa92-e633953e8443,313782,Acetaminophen 325 MG Oral Tablet,stopped,order,,2013-06-08T17:41:45+00:00
0f5b4488-1008-40e0-b840-829b66b3be87,f1c01f54-8408-492f-aa92-e633953e8443,316672,Simvistatin 10 MG,stopped,order,,2008-09-18T17:41:45+00:00
93d4a940-2b9d-4b37-a800-f82eef17296a,f1c01f54-8408-492f-aa92-e633953e8443,316049,Hydrochlorothiazide 25 MG,active,order,,1964-09-11T17:41:45+00:00
dba61b2e-d559-4577-863b-27c1172f0a4b,f1c01f54-8408-492f-aa92-e633953e8443,316672,Simvistatin 10 MG,stopped,order,,2004-09-19T17:41:45+00:00
cfe2dc93-8b4a-4178-b1b0-dc262f3e1a96,f1c01f54-8408-492f-aa92-e633953e8443,316672,Simvistatin 10 MG,stopped,order,,2003-09-20T17:41:45+00:00
10082f26-3090-4293-97b8-f96f205ccced,f1c01f54-8408-492f-aa92-e633953e8443,562251,Amoxicillin 250 MG / Clavulanate 125 MG Oral Tablet,stopped,order,,2017-10-01T17:41:45+00:00
cd019477-9999-432a-9247-9a97f6af1cfe,f1c01f54-8408-492f-aa92-e633953e8443,316672,Simvistatin 10 MG,stopped,order,,2015-09-17T17:41:45+00:00
bc33a5d7-57b4-4e46-ade2-61c60085d501,f1c01f54-8408-492f-aa92-e633953e8443,316672,Simvistatin 10 MG,stopped,order,,2007-09-19T17:41:45+00:00
ab0494b5-c97a-4595-8312-db16b7d9f5ef,f1c01f54-8408-492f-aa92-e633953e8443,316672,Simvistatin 10 MG,stopped,order,,2012-09-17T17:41:45+00:00
7c5d457f-2ba5-4aef-8ca8-b58fbd954bdc,f1c01f54-8408-492f-aa92-e633953e8443,316672,Simvistatin 10 MG,stopped,order,,2019-09-16T17:41:45+00:00
a0585a40-3828-48c9-afee-41ea37d8ec3c,f1c01f54-8408-492f-aa92-e633953e8443,316672,Simvistatin 10 MG,stopped,order,,2002-09-20T17:41:45+00:00
6d3bf273-c6db-48fa-86be-abe27e757b9b,f1c01f54-8408-492f-aa92-e633953e8443,316672,Simvistatin 10 MG,stopped,order,,2006-09-19T17:41:45+00:00
735500a6-9302-40f8-bdb1-750e75edf147,f1c01f54-8408-492f-aa92-e633953e8443,904419,Alendronic acid 10 MG Oral Tablet,active,order,,2015-11-13T17:41:45+00:00
a7c3df12-0e0e-4a3c-8abd-fd2eae05c3e3,f1c01f54-8408-492f-aa92-e633953e8443,316672,Simvistatin 10 MG,stopped,order,,2009-09-18T17:41:45+00:00
0341a730-4b8c-477b-805f-7c53cbe8aefe,f1c01f54-8408-492f-aa92-e633953e8443,316672,Simvistatin 10 MG,stopped,order,,2005-09-19T17:41:45+00:00
447da959-04bc-41fd-b539-4ce201b9037e,f1c01f54-8408-492f-aa92-e633953e8443,316672,Simvistatin 10 MG,stopped,order,,2017-09-16T17:41:45+00:00
769744b5-050f-450c-9902-67007f695768,f1c01f54-8408-492f-aa92-e633953e8443,316672,Simvistatin 10 MG,stopped,order,,2011-09-18T17:41:45+00:00
f8d14aeb-43b9-431d-968c-204cdedd9731,f1c01f54-8408-492f-aa92-e633953e8443,316672,Simvistatin 10 MG,stopped,order,,2014-09-17T17:41:45+00:00
6c084caa-5144-42d1-9740-0086dccb4c6f,f1c01f54-8408-492f-aa92-e633953e8443,313782,Acetaminophen 325 MG Oral Tablet,stopped,order,,2014-04-18T17:41:45+00:00
fc6d399c-1161-4443-917d-90b745a904ba,1b1cbdc7-7187-49f2-8607-c9325cffb004,312961,Simvastatin 20 MG Oral Tablet,active,order,,2014-05-21T18:28:42+00:00
14506a93-e6a8-4787-8c88-ddaf03302895,1b1cbdc7-7187-49f2-8607-c9325cffb004,904419,Alendronic acid 10 MG Oral Tablet,active,order,,2012-05-09T18:28:42+00:00
f7ad1d4c-ee9e-424f-8cd3-283e8c8dbca1,1b1cbdc7-7187-49f2-8607-c9325cffb004,197361,Amlodipine 5 MG Oral Tablet,active,order,,2014-05-21T18:28:42+00:00
b6691cf8-7b50-4b8e-b58c-fc7f5c1db93b,1b1cbdc7-7187-49f2-8607-c9325cffb004,705129,Nitroglycerin 0.4 MG/ACTUAT Mucosal Spray,active,order,,2014-05-21T18:28:42+00:00
57644f31-ccb6-4a1b-8d78-a032f4c74521,1b1cbdc7-7187-49f2-8607-c9325cffb004,309362,Clopidogrel 75 MG Oral Tablet,active,order,,2014-05-21T18:28:42+00:00
9e685596-65ef-432e-b56e-8089fc2de2dd,1b1cbdc7-7187-49f2-8607-c9325cffb004,858069,Colchicine 0.6 MG [Colcrys],stopped,order,,2017-09-12T18:28:42+00:00
b94ee11a-57df-4510-b747-08cce91dfc8f,1b1cbdc7-7187-49f2-8607-c9325cffb004,2001499,Vitamin B 12 5 MG/ML Injectable Solution,active,order,,1973-06-13T18:28:42+00:00
f91dc562-a9af-4b56-aa46-b110b9cb2324,1b1cbdc7-7187-49f2-8607-c9325cffb004,197319,Allopurinol 100 MG Oral Tablet,stopped,order,,2017-09-12T18:28:42+00:00
e4540733-bc22-4d82-a339-864ba64a2e4f,1b1cbdc7-7187-49f2-8607-c9325cffb004,562251,Amoxicillin 250 MG / Clavulanate 125 MG Oral Tablet,stopped,order,,2018-08-01T18:28:42+00:00
9ea33a13-55e6-4c9e-9692-3a3045f2fa90,26b62bec-0651-4e88-b8e3-8323d5f1a7ec,896209,60 ACTUAT Fluticasone propionate 0.25 MG/ACTUAT / salmeterol 0.05 MG/ACTUAT Dry Powder Inhaler,active,order,,1984-12-27T18:51:00+00:00
fab09335-f088-4b07-9162-6e8562b4e1b5,26b62bec-0651-4e88-b8e3-8323d5f1a7ec,316672,Simvistatin 10 MG,active,order,,2013-03-01T18:51:00+00:00
a6a35387-5e2a-4a27-8198-42ddfc427438,26b62bec-0651-4e88-b8e3-8323d5f1a7ec,316672,Simvistatin 10 MG,stopped,order,,2011-03-02T18:51:00+00:00
4c288726-3bca-4f7f-ab61-8b69cc34d32f,26b62bec-0651-4e88-b8e3-8323d5f1a7ec,316672,Simvistatin 10 MG,stopped,order,,2009-03-02T18:51:00+00:00
d0038b55-b185-4f74-b583-889d4892203f,26b62bec-0651-4e88-b8e3-8323d5f1a7ec,316672,Simvistatin 10 MG,stopped,order,,2008-03-02T18:51:00+00:00
f005a599-411d-4374-9e56-0426e5ae2bb4,26b62bec-0651-4e88-b8e3-8323d5f1a7ec,849574,Naproxen sodium 220 MG Oral Tablet,active,order,,2007-12-29T18:51:00+00:00
b583f215-f1a6-4512-85b3-05ad78f8a526,26b62bec-0651-4e88-b8e3-8323d5f1a7ec,316672,Simvistatin 10 MG,stopped,order,,2006-03-03T18:51:00+00:00
5387df45-2a36-4336-b9fe-fb25b2cf9d32,26b62bec-0651-4e88-b8e3-8323d5f1a7ec,316672,Simvistatin 10 MG,stopped,order,,2012-03-01T18:51:00+00:00
e1bac27c-3c46-4392-9aca-916f3425c6f5,26b62bec-0651-4e88-b8e3-8323d5f1a7ec,316672,Simvistatin 10 MG,stopped,order,,2010-03-02T18:51:00+00:00
2496c394-a354-413b-acf9-fda20deec1ec,26b62bec-0651-4e88-b8e3-8323d5f1a7ec,849574,Naproxen sodium 220 MG Oral Tablet,stopped,order,,2003-09-15T18:51:00+00:00
5d6ea488-9d37-4dae-b4ba-3214b9f18647,26b62bec-0651-4e88-b8e3-8323d5f1a7ec,316672,Simvistatin 10 MG,stopped,order,,2005-03-03T18:51:00+00:00
fc7c0726-65e7-4313-b2e3-90aeff907527,26b62bec-0651-4e88-b8e3-8323d5f1a7ec,316672,Simvistatin 10 MG,stopped,order,,2007-03-03T18:51:00+00:00
78318f29-6da3-440b-a8b8-0a7b93350cd2,26b62bec-0651-4e88-b8e3-8323d5f1a7ec,562251,Amoxicillin 250 MG / Clavulanate 125 MG Oral Tablet,stopped,order,,2011-01-22T18:51:00+00:00
23bf14fe-78a7-471e-8709-e6e05c2fb70a,11f2b925-43b2-45e4-ac34-7811a9eb9c1b,198031,24hr nicotine transdermal patch,active,order,,1992-03-26T06:29:54+00:00
529fc361-5381-42b5-b7d6-10b4dbeacfda,11f2b925-43b2-45e4-ac34-7811a9eb9c1b,1860480,1 ML DOCEtaxel 20 MG/ML Injection,active,order,,2004-05-28T06:29:54+00:00
81c3a0a2-b1e4-4211-9f18-fda5b90d6713,11f2b925-43b2-45e4-ac34-7811a9eb9c1b,315971,Lasix 40mg,active,order,,2009-06-30T06:29:54+00:00
a7913361-8c27-4138-97b6-8c5a14c0e3d1,11f2b925-43b2-45e4-ac34-7811a9eb9c1b,310436,Galantamine 4 MG Oral Tablet,stopped,order,,2008-06-26T06:29:54+00:00
d9107cdc-a490-4ece-bcd7-f81b733de3a1,11f2b925-43b2-45e4-ac34-7811a9eb9c1b,1719286,10 ML Furosemide 10 MG/ML Injection,active,order,,2012-06-14T06:29:54+00:00
dedd1721-6f56-47ee-a47f-bbb0df51fd39,11f2b925-43b2-45e4-ac34-7811a9eb9c1b,752899,0.25 ML Leuprolide Acetate 30 MG/ML Prefilled Syringe,active,order,,2004-05-28T06:29:54+00:00
85417db3-c931-4a2d-9b21-8d677ffd4c1c,11f2b925-43b2-45e4-ac34-7811a9eb9c1b,996740,Memantine hydrochloride 2 MG/ML Oral Solution,active,order,,2009-05-22T06:29:54+00:00
882df5a7-6c0c-40ea-ac99-b9a935a25284,11f2b925-43b2-45e4-ac34-7811a9eb9c1b,1803932,Leucovorin 100 MG Injection,active,order,,1983-07-13T06:29:54+00:00
282fea82-1319-461a-bf82-f93ba879f140,11f2b925-43b2-45e4-ac34-7811a9eb9c1b,1736776,10 ML oxaliplatin 5 MG/ML Injection,active,order,,1983-07-13T06:29:54+00:00
0a9c0530-0a27-4af3-90f5-99a7da744956,11f2b925-43b2-45e4-ac34-7811a9eb9c1b,866414,24 HR metoprolol succinate 100 MG Extended Release Oral Tablet [Toprol],active,order,,2009-06-30T06:29:54+00:00
15ec5208-0d90-49ef-bedd-b7634cc4d5ce,61845b03-0682-49c2-97fe-d766cfd4d406,1736776,10 ML oxaliplatin 5 MG/ML Injection,active,order,,2001-11-25T14:50:44+00:00
f48f5957-b5f0-45c6-8366-d56ac7321d9c,61845b03-0682-49c2-97fe-d766cfd4d406,1719286,10 ML Furosemide 10 MG/ML Injection,active,order,,2005-02-18T14:50:44+00:00
c20e8c6f-0a89-4a27-a7ca-a7844614af39,61845b03-0682-49c2-97fe-d766cfd4d406,316049,Hydrochlorothiazide 25 MG,active,order,,1969-06-19T14:50:44+00:00
c343f54d-8514-4499-9dac-a98cbf7e8551,61845b03-0682-49c2-97fe-d766cfd4d406,849574,Naproxen sodium 220 MG Oral Tablet,active,order,,1991-07-24T14:50:44+00:00
8cbe3f27-b9a1-45ec-b93d-5cd8b1bc9379,61845b03-0682-49c2-97fe-d766cfd4d406,866414,24 HR metoprolol succinate 100 MG Extended Release Oral Tablet [Toprol],active,order,,2004-08-22T14:50:44+00:00
4308004c-b3d4-4d70-afef-cc2716084bff,61845b03-0682-49c2-97fe-d766cfd4d406,313782,Acetaminophen 325 MG Oral Tablet,stopped,order,,1998-08-08T14:50:44+00:00
978f730d-8f37-4283-a74f-88607fd5568e,61845b03-0682-49c2-97fe-d766cfd4d406,1803932,Leucovorin 100 MG Injection,active,order,,2001-11-25T14:50:44+00:00
bcea285f-5d3c-4f4e-8791-d77630be0870,61845b03-0682-49c2-97fe-d766cfd4d406,315971,Lasix 40mg,active,order,,2004-08-22T14:50:44+00:00
1c5d1fe1-46e3-4cc7-8535-3042c4b23c83,72d8a40a-6aa4-4e62-a258-a973cf460658,316672,Simvistatin 10 MG,stopped,order,,2017-04-15T16:35:58+00:00
401894d1-b372-4f1c-9c65-b4e2d7b41864,72d8a40a-6aa4-4e62-a258-a973cf460658,316672,Simvistatin 10 MG,active,order,,2020-04-14T16:35:58+00:00
d5feb93d-5a2f-40b3-8212-168adff04ca1,72d8a40a-6aa4-4e62-a258-a973cf460658,316672,Simvistatin 10 MG,stopped,order,,2016-04-15T16:35:58+00:00
65980830-3c27-4503-9fb7-47403f87990a,72d8a40a-6aa4-4e62-a258-a973cf460658,316672,Simvistatin 10 MG,stopped,order,,2019-04-15T16:35:58+00:00
7bfc858e-624a-428d-a3b8-24ce540246f5,72d8a40a-6aa4-4e62-a258-a973cf460658,1153378,Clonazepam [Klonopin],stopped,order,,2014-02-18T16:35:58+00:00
2d1d62bd-1941-4f6f-ab62-9488c370d4e5,72d8a40a-6aa4-4e62-a258-a973cf460658,316049,Hydrochlorothiazide 25 MG,active,order,,1987-05-01T16:35:58+00:00
f425553d-0136-4f80-aa65-869353e2f89f,72d8a40a-6aa4-4e62-a258-a973cf460658,316672,Simvistatin 10 MG,stopped,order,,2018-04-15T16:35:58+00:00
39a4b4b1-da42-49ec-87dc-7ee99ff10e64,4e122e91-c63f-4112-a778-6ccf5abfd6f2,313782,Acetaminophen 325 MG Oral Tablet,stopped,order,,2014-09-04T07:56:53+00:00
1ab9fb03-134c-43c3-ad7c-9034efa2100b,4e122e91-c63f-4112-a778-6ccf5abfd6f2,313782,Acetaminophen 325 MG Oral Tablet,stopped,order,,2020-01-27T07:56:53+00:00
cd95edf3-cb12-4706-871e-db594780bf53,4e122e91-c63f-4112-a778-6ccf5abfd6f2,198014,Naproxen 500 MG Oral Tablet,active,order,,2018-08-12T07:56:53+00:00
bb1f035d-5e64-4119-9c26-25f76f9a7726,4e122e91-c63f-4112-a778-6ccf5abfd6f2,105586,Methotrexate 10 MG Oral Tablet,active,order,,2018-08-12T07:56:53+00:00
bc1002ff-ede8-44b2-9221-820084a0d674,2be9b668-847a-4437-b33a-bdc38c665e08,316049,Hydrochlorothiazide 25 MG,active,order,,2009-08-01T04:44:29+00:00
2a98f7d0-76a5-43fe-ae69-5a7d5056dac8,2be9b668-847a-4437-b33a-bdc38c665e08,849574,Naproxen sodium 220 MG Oral Tablet,stopped,order,,2013-01-04T04:44:29+00:00
8f94f5c1-b770-416c-8875-ec2da5cd8bf4,af1667b5-ef55-4313-8e39-04c2ba4e4c1b,282464,Acetaminophen 160 MG Oral Tablet,stopped,order,,2020-01-28T14:20:42+00:00
510240b5-e836-4162-bcd2-8972d7369756,af1667b5-ef55-4313-8e39-04c2ba4e4c1b,313782,Acetaminophen 325 MG Oral Tablet,stopped,order,,2020-01-29T14:20:42+00:00
8ee9e1f6-ca9e-4ce5-8925-4faa708e8fe5,af1667b5-ef55-4313-8e39-04c2ba4e4c1b,308182,Amoxicillin 250 MG Oral Capsule,stopped,order,,2020-01-28T14:20:42+00:00
f0235025-2e4f-48f2-a6e2-33de7697a639,af1667b5-ef55-4313-8e39-04c2ba4e4c1b,282464,Acetaminophen 160 MG Oral Tablet,stopped,order,,2020-11-04T14:20:42+00:00
3f37aa0b-ba3a-41e0-9649-b00d7c8f37dd,af1667b5-ef55-4313-8e39-04c2ba4e4c1b,309097,Cefuroxime 250 MG Oral Tablet,stopped,order,,2020-11-04T14:20:42+00:00
ae127621-9ad9-4d0d-ad89-3a279939b405,024b1b9b-57bc-4fae-9839-fa0656246b41,849574,Naproxen sodium 220 MG Oral Tablet,stopped,order,,2015-04-16T11:44:32+00:00
66e06f92-e5df-4855-81e5-1b3bcdc5365f,024b1b9b-57bc-4fae-9839-fa0656246b41,313782,Acetaminophen 325 MG Oral Tablet,stopped,order,,2013-07-06T11:44:32+00:00
d2b2f78b-71ac-47d8-bc19-f69361eb40d5,845ac958-8036-45ee-9112-eac31d9b4f30,562251,Amoxicillin 250 MG / Clavulanate 125 MG Oral Tablet,stopped,order,,2018-01-10T12:00:41+00:00
6e77fb5a-8772-46cc-a28b-66f2c0855136,64f4649d-8d2e-40ae-811d-7316accdf5ee,1014676,cetirizine hydrochloride 5 MG Oral Tablet,active,order,,2020-08-04T18:22:33+00:00
02019043-e6c5-4020-af2a-37112e3ffd3e,64f4649d-8d2e-40ae-811d-7316accdf5ee,312617,predniSONE 5 MG Oral Tablet,stopped,order,,2020-07-15T21:22:33+00:00
f0b3a398-bd3a-47fa-9a5f-b54b0b8cc160,64f4649d-8d2e-40ae-811d-7316accdf5ee,1870230,NDA020800 0.3 ML Epinephrine 1 MG/ML Auto-Injector,active,order,,2020-08-04T18:22:33+00:00
b7b93519-2f64-40c8-bd4f-633704a717c8,0af711aa-5601-49cd-987e-162e8dac3525,978950,Natazia 28 Day Pack,stopped,order,,2016-08-22T13:01:46+00:00
f1556394-80f2-428b-bbb9-689219a18b99,0af711aa-5601-49cd-987e-162e8dac3525,831533,Errin 28 Day Pack,stopped,order,,2013-09-07T13:01:46+00:00
1948c9d7-30d6-4ce2-b19e-d8c1a755c61b,0af711aa-5601-49cd-987e-162e8dac3525,849574,Naproxen sodium 220 MG Oral Tablet,stopped,order,,2011-04-30T13:01:46+00:00
95ac6bcf-150c-438b-91a9-594f6cbcd3ca,0af711aa-5601-49cd-987e-162e8dac3525,997488,Fexofenadine hydrochloride 30 MG Oral Tablet,active,order,,1997-11-29T13:01:46+00:00
4b1d89a2-5892-45fa-9f84-bbf62a419471,0af711aa-5601-49cd-987e-162e8dac3525,831533,Errin 28 Day Pack,active,order,,2020-08-01T13:01:46+00:00
90a6287a-5a10-49b6-95c4-c50d02002a90,0af711aa-5601-49cd-987e-162e8dac3525,1870230,NDA020800 0.3 ML Epinephrine 1 MG/ML Auto-Injector,active,order,,1997-11-29T13:01:46+00:00
d6cce1f4-9b4a-4f2f-8129-03bf146302e6,0af711aa-5601-49cd-987e-162e8dac3525,748856,Yaz 28 Day Pack,stopped,order,,2015-08-28T13:01:46+00:00
1ed231c3-7aec-416f-83eb-4658e79d722b,0af711aa-5601-49cd-987e-162e8dac3525,749762,Seasonique 91 Day Pack,stopped,order,,2017-08-17T13:01:46+00:00
c104953d-54c7-4cf9-8d4d-856b266f747b,0af711aa-5601-49cd-987e-162e8dac3525,313782,Acetaminophen 325 MG Oral Tablet,stopped,order,,2013-08-07T13:01:46+00:00
0d4bd69c-8745-4553-9405-53f885b47c48,efe58fa2-c6df-4a71-8e37-06c5e4f1e2b8,313782,Acetaminophen 325 MG Oral Tablet,stopped,order,,2015-04-02T00:26:57+00:00
3eba1872-9176-4bbe-a7c4-430327d5302c,efe58fa2-c6df-4a71-8e37-06c5e4f1e2b8,1043400,Acetaminophen 21.7 MG/ML / Dextromethorphan Hydrobromide 1 MG/ML / doxylamine succinate 0.417 MG/ML Oral Solution,stopped,order,,2014-12-20T00:26:57+00:00
bd3c7877-9b02-48fc-9a21-721855d59d3d,efe58fa2-c6df-4a71-8e37-06c5e4f1e2b8,849574,Naproxen sodium 220 MG Oral Tablet,stopped,order,,2011-10-22T00:26:57+00:00
72ee8d89-119e-4288-a320-91b4df082dd1,efe58fa2-c6df-4a71-8e37-06c5e4f1e2b8,316049,Hydrochlorothiazide 25 MG,active,order,,2007-08-03T00:26:57+00:00
2fe91fad-f5fa-48a3-91b4-ee326e562d95,d070e7dd-4d25-4c52-9fb2-78d232e1cf2c,562251,Amoxicillin 250 MG / Clavulanate 125 MG Oral Tablet,stopped,order,,2020-11-14T14:49:19+00:00
b0c8fa42-99f2-46f1-b0ba-b9cc21ddcbdb,deaa60ba-499a-4d3f-8b8f-78f10ae34c0e,313782,Acetaminophen 325 MG Oral Tablet,stopped,order,,2017-09-10T05:28:53+00:00
930bd5c9-4018-461e-a103-31f49a7a0f5e,deaa60ba-499a-4d3f-8b8f-78f10ae34c0e,849574,Naproxen sodium 220 MG Oral Tablet,stopped,order,,2016-08-05T05:28:53+00:00
605fa63a-e3b3-491d-acca-3686937ef2d7,deaa60ba-499a-4d3f-8b8f-78f10ae34c0e,751905,Trinessa 28 Day Pack,stopped,order,,2019-05-18T05:28:53+00:00
172cf728-17b5-46fc-a581-1033af10d530,deaa60ba-499a-4d3f-8b8f-78f10ae34c0e,313782,Acetaminophen 325 MG Oral Tablet,stopped,order,,2014-09-02T05:28:53+00:00
d5941e3b-cdac-4a58-a7a7-8d33bd2d10d5,37a619bc-e2ff-4714-86ec-f68238a705cd,310965,Ibuprofen 200 MG Oral Tablet,stopped,order,,2014-07-17T21:15:23+00:00
0d94f70f-eabb-4c1b-94d7-ca31ebd25e27,37a619bc-e2ff-4714-86ec-f68238a705cd,834102,Penicillin V Potassium 500 MG Oral Tablet,stopped,order,,2016-01-31T21:15:23+00:00
28503029-ae84-4c3e-989f-88177d9d04c6,97e57d8e-d075-48db-b933-2f73bda460ef,807283,Mirena 52 MG Intrauterine System,stopped,order,,2014-01-19T16:27:28+00:00
0bd9d68a-2bf9-46a3-a5ad-595379bcf8c6,97e57d8e-d075-48db-b933-2f73bda460ef,316049,Hydrochlorothiazide 25 MG,active,order,,2000-12-30T16:27:28+00:00
5732afea-1014-4827-ba4b-c506bf542601,97e57d8e-d075-48db-b933-2f73bda460ef,831533,Errin 28 Day Pack,stopped,order,,2013-01-24T16:27:28+00:00
3e6099a9-426d-4daf-a7ec-1a6b68e00400,97e57d8e-d075-48db-b933-2f73bda460ef,310965,Ibuprofen 200 MG Oral Tablet,stopped,order,,2018-09-01T16:27:28+00:00
454e9885-cbe6-4db1-9bcd-ac4d0abab32b,97e57d8e-d075-48db-b933-2f73bda460ef,861467,Meperidine Hydrochloride 50 MG Oral Tablet,stopped,order,,2018-09-01T16:27:28+00:00
79466dfc-208a-45b0-9bcf-fff1690ce05c,27de96c6-6910-4f0f-8f10-00ce6090f447,310965,Ibuprofen 200 MG Oral Tablet,stopped,order,,2019-09-09T22:28:27+00:00
b2cd303f-009b-4ab1-bada-d56a18646905,27de96c6-6910-4f0f-8f10-00ce6090f447,310965,Ibuprofen 200 MG Oral Tablet,stopped,order,,2016-01-07T22:28:27+00:00
89455ba8-5e25-4ddf-8290-b1b005844620,b9214fd9-52fa-45db-ba41-ccf7a45be7b4,313782,Acetaminophen 325 MG Oral Tablet,stopped,order,,2019-04-13T02:20:50+00:00
879558db-5d5e-4cf8-a994-11535aeabebe,b9214fd9-52fa-45db-ba41-ccf7a45be7b4,1043400,Acetaminophen 21.7 MG/ML / Dextromethorphan Hydrobromide 1 MG/ML / doxylamine succinate 0.417 MG/ML Oral Solution,stopped,order,,2015-03-26T02:20:50+00:00
08a0c8e9-aac3-4388-ae4e-6232e66cbe2d,acc12451-4ef0-414b-b072-48e780a90874,1000156,0.65 ML medroxyprogesterone acetate 160 MG/ML Prefilled Syringe,stopped,order,,2017-06-07T18:29:50+00:00
3d5d7ef9-11ed-4a78-86f4-3df1f695d06c,acc12451-4ef0-414b-b072-48e780a90874,751905,Trinessa 28 Day Pack,stopped,order,,2013-06-28T18:29:50+00:00
f05a7869-d3ca-405e-9aac-95b59811f382,acc12451-4ef0-414b-b072-48e780a90874,751905,Trinessa 28 Day Pack,stopped,order,,2010-06-23T18:29:50+00:00
4136a059-8bf4-4e07-aefc-0d51f1862321,acc12451-4ef0-414b-b072-48e780a90874,807283,Mirena 52 MG Intrauterine System,stopped,order,,2019-05-28T18:29:50+00:00
afa2729a-cbc6-48d6-866e-f213e2b5cc63,acc12451-4ef0-414b-b072-48e780a90874,1367439,NuvaRing 0.12/0.015 MG per 24HR 21 Day Vaginal Ring,stopped,order,,2011-06-18T18:29:50+00:00
a8cf8df7-c890-4ce9-bb04-a474b2da2a11,acc12451-4ef0-414b-b072-48e780a90874,2001499,Vitamin B 12 5 MG/ML Injectable Solution,active,order,,2005-10-21T18:29:50+00:00
52213b82-8000-4687-a763-c14daa9cfe51,acc12451-4ef0-414b-b072-48e780a90874,313782,Acetaminophen 325 MG Oral Tablet,stopped,order,,2017-08-01T18:29:50+00:00
25d8e815-5445-4013-8859-001f44d0d41d,acc12451-4ef0-414b-b072-48e780a90874,831533,Errin 28 Day Pack,stopped,order,,2015-06-18T18:29:50+00:00
9c172f8e-cf62-4c91-81ca-7aadfe4deb08,acc12451-4ef0-414b-b072-48e780a90874,316049,Hydrochlorothiazide 25 MG,active,order,,2015-05-22T18:29:50+00:00
b94a6157-a3b4-40b0-8d98-abadf7227a0a,e4531916-b162-4f4b-90c2-ce37e132b8d4,562251,Amoxicillin 250 MG / Clavulanate 125 MG Oral Tablet,stopped,order,,2017-11-01T13:55:57+00:00
74d3796e-a47e-435a-89df-d5082e8909dd,579423cd-3384-4e7d-bf19-295a26d27524,308971,Carbamazepine[Tegretol],active,order,,1948-01-02T10:31:59+00:00
185e880d-f424-4f16-a3e7-fd33e913b1eb,579423cd-3384-4e7d-bf19-295a26d27524,313782,Acetaminophen 325 MG Oral Tablet,stopped,order,,1947-12-23T10:31:59+00:00
1f65642a-f433-43c9-9f11-656b690f99cd,579423cd-3384-4e7d-bf19-295a26d27524,1153378,Clonazepam [Klonopin],stopped,order,,1946-07-15T10:31:59+00:00
f5985282-d478-4434-af04-cda92215e467,579423cd-3384-4e7d-bf19-295a26d27524,1153378,Clonazepam [Klonopin],stopped,order,,1947-06-20T10:31:59+00:00
996521f3-8bd8-4ac5-a451-979cf2d09c59,d6e95d44-d6b2-4963-80b0-079f8a3821c2,198405,Ibuprofen 100 MG Oral Tablet,stopped,order,,2014-08-09T09:41:07+00:00
243e052b-eaaa-492c-9e59-e0c1ac8af497,d6e95d44-d6b2-4963-80b0-079f8a3821c2,282464,Acetaminophen 160 MG Oral Tablet,stopped,order,,2017-07-24T09:41:07+00:00
78a2bd92-f0fa-44af-9a54-f3b80ab57c16,d6e95d44-d6b2-4963-80b0-079f8a3821c2,308182,Amoxicillin 250 MG Oral Capsule,stopped,order,,2014-08-09T09:41:07+00:00
55c6f5d6-efa8-4d8e-8f0b-37da233c7a4f,c79b748f-a792-4aea-bca5-c7c9c5b188cd,745679,200 ACTUAT Albuterol 0.09 MG/ACTUAT Metered Dose Inhaler,active,order,,1973-03-09T05:49:32+00:00
6f69ee56-2498-4109-a630-e083d82685a6,c79b748f-a792-4aea-bca5-c7c9c5b188cd,835900,cycloSPORINE 50 MG Oral Capsule,stopped,order,,2017-07-06T05:49:32+00:00
f9eb72d8-582e-4de1-b9cf-bc91d56e4fc7,c79b748f-a792-4aea-bca5-c7c9c5b188cd,106258,Hydrocortisone 10 MG/ML Topical Cream,stopped,order,,2017-07-06T05:49:32+00:00
f711808c-9cb9-4c31-a589-9cfc9f34b7c4,c79b748f-a792-4aea-bca5-c7c9c5b188cd,849574,Naproxen sodium 220 MG Oral Tablet,active,order,,2017-02-19T05:49:32+00:00
54940f35-8bdc-4953-94b2-4b8ab294b8f9,c79b748f-a792-4aea-bca5-c7c9c5b188cd,198014,Naproxen 500 MG Oral Tablet,active,order,,2019-02-19T05:49:32+00:00
ebc2aa43-3b64-47bc-be14-070a6f119d57,c79b748f-a792-4aea-bca5-c7c9c5b188cd,895994,120 ACTUAT Fluticasone propionate 0.044 MG/ACTUAT Metered Dose Inhaler,active,order,,1973-03-09T05:49:32+00:00
d7a184e3-8edc-49cf-9b3b-4a2067e5c297,c79b748f-a792-4aea-bca5-c7c9c5b188cd,849574,Naproxen sodium 220 MG Oral Tablet,stopped,order,,2014-07-27T05:49:32+00:00
4249567c-78a8-4054-8717-4ffec60b040a,c79b748f-a792-4aea-bca5-c7c9c5b188cd,105586,Methotrexate 10 MG Oral Tablet,active,order,,2019-02-19T05:49:32+00:00
f2696ced-6fd0-445a-966d-befaecf0f871,c79b748f-a792-4aea-bca5-c7c9c5b188cd,562251,Amoxicillin 250 MG / Clavulanate 125 MG Oral Tablet,stopped,order,,2016-05-23T05:49:32+00:00
5cbdd17f-b012-482f-9545-be9dbba83370,e6d67197-97a1-499b-83f8-eea9ef95cf0c,895994,120 ACTUAT Fluticasone propionate 0.044 MG/ACTUAT Metered Dose Inhaler,active,order,,1945-10-19T18:46:39+00:00
3aabbf1c-5c29-44c9-b543-9ed2fa2c9e6b,e6d67197-97a1-499b-83f8-eea9ef95cf0c,897718,Verapamil Hydrochloride 40 MG,active,order,,2018-10-30T18:46:39+00:00
9ad5b6fc-5383-48d3-9c42-cd4e4c7c7d28,e6d67197-97a1-499b-83f8-eea9ef95cf0c,855332,Warfarin Sodium 5 MG Oral Tablet,active,order,,2018-10-30T18:46:39+00:00
1f839cbd-de0e-4232-8e80-e1dc8089f559,e6d67197-97a1-499b-83f8-eea9ef95cf0c,313782,Acetaminophen 325 MG Oral Tablet,stopped,order,,2015-12-16T18:46:39+00:00
7d20b661-2f58-4857-8e13-a6e20f48f9b5,e6d67197-97a1-499b-83f8-eea9ef95cf0c,197604,Digoxin 0.125 MG Oral Tablet,active,order,,2018-10-30T18:46:39+00:00
93b55644-ddde-4fa9-b40f-6c9f3892fd99,e6d67197-97a1-499b-83f8-eea9ef95cf0c,745679,200 ACTUAT Albuterol 0.09 MG/ACTUAT Metered Dose Inhaler,active,order,,1945-10-19T18:46:39+00:00
66529f02-305f-41ce-b6a6-fce0b78e64db,0c2a34a4-d948-4917-98b8-f44a77e459d8,1870230,NDA020800 0.3 ML Epinephrine 1 MG/ML Auto-Injector,active,order,,2016-01-15T07:50:49+00:00
ada6a96c-39a7-4a03-9ed0-7b27c6c61f31,0c2a34a4-d948-4917-98b8-f44a77e459d8,665078,Loratadine 5 MG Chewable Tablet,active,order,,2016-01-15T07:50:49+00:00
bc3adef8-3e20-46c4-bcf5-bb1370d63a9a,0c2a34a4-d948-4917-98b8-f44a77e459d8,312617,predniSONE 5 MG Oral Tablet,stopped,order,,2020-12-07T09:50:49+00:00
c5c5d4d8-75f1-45c6-8d54-760c8bf7b148,3e383d93-552a-46ae-a96a-1989586244c9,562251,Amoxicillin 250 MG / Clavulanate 125 MG Oral Tablet,stopped,order,,2014-11-01T08:33:08+00:00
539890e7-144c-4040-88e7-234991c902bf,f120016e-295c-48b8-a7be-34dc0127d7e6,904419,Alendronic acid 10 MG Oral Tablet,active,order,,2012-08-16T05:26:09+00:00
161f54f0-50dd-4fae-a3c9-ff8009a84906,f120016e-295c-48b8-a7be-34dc0127d7e6,562251,Amoxicillin 250 MG / Clavulanate 125 MG Oral Tablet,stopped,order,,2016-05-26T05:26:09+00:00
e9c0bdaa-9044-4bee-9125-82c0c19ba344,bc76f6c4-48cc-45b2-98f1-5792e72decdc,745679,200 ACTUAT Albuterol 0.09 MG/ACTUAT Metered Dose Inhaler,active,order,,1966-09-02T20:43:42+00:00
939acfa4-c0b7-403a-a6d6-b2c29554cdbf,bc76f6c4-48cc-45b2-98f1-5792e72decdc,313782,Acetaminophen 325 MG Oral Tablet,stopped,order,,2016-07-12T20:43:42+00:00
28e85252-7765-41a8-8669-d2b81d5c4127,bc76f6c4-48cc-45b2-98f1-5792e72decdc,895994,120 ACTUAT Fluticasone propionate 0.044 MG/ACTUAT Metered Dose Inhaler,active,order,,1966-09-02T20:43:42+00:00
df52a74c-a7a6-41c2-b930-4b252cbde0e2,bc76f6c4-48cc-45b2-98f1-5792e72decdc,477045,Chlorpheniramine Maleate 2 MG/ML Oral Solution,active,order,,1966-09-16T20:43:42+00:00
177982dd-53b8-4abc-bafe-53334af9b5ae,7aa15a43-3a41-4d3d-a9c5-7ef941757531,757594,Jolivette 28 Day Pack,stopped,order,,2011-11-22T02:47:03+00:00
56f2c0c5-c13c-4736-850f-03f68118767e,7aa15a43-3a41-4d3d-a9c5-7ef941757531,316049,Hydrochlorothiazide 25 MG,active,order,,1995-01-25T02:47:03+00:00
92475de8-5864-48ca-889c-ea892c606d84,7aa15a43-3a41-4d3d-a9c5-7ef941757531,831533,Errin 28 Day Pack,stopped,order,,2005-08-16T02:47:03+00:00
c030eb3c-c6ea-4dac-8a7f-e489c719b7dc,7aa15a43-3a41-4d3d-a9c5-7ef941757531,831533,Errin 28 Day Pack,stopped,order,,2015-11-01T02:47:03+00:00
a170b512-261e-4ee9-a968-d609d9b8dd5e,7aa15a43-3a41-4d3d-a9c5-7ef941757531,807283,Mirena 52 MG Intrauterine System,stopped,order,,2019-10-15T02:47:03+00:00
0ee71c8f-f792-4f92-8c44-25cc03971222,7aa15a43-3a41-4d3d-a9c5-7ef941757531,197378,Astemizole 10 MG Oral Tablet,active,order,,1981-11-16T02:47:03+00:00
2609671b-416c-4418-b4d2-8b271836345a,7aa15a43-3a41-4d3d-a9c5-7ef941757531,831533,Errin 28 Day Pack,active,order,,2020-10-17T02:47:03+00:00
85da7132-9518-4a0a-a48e-9a62876c8372,7aa15a43-3a41-4d3d-a9c5-7ef941757531,389221,Etonogestrel 68 MG Drug Implant,stopped,order,,2010-11-27T02:47:03+00:00
230a797b-2088-4c10-bf66-417dfce0d93d,7aa15a43-3a41-4d3d-a9c5-7ef941757531,389221,Etonogestrel 68 MG Drug Implant,stopped,order,,2013-11-11T02:47:03+00:00
09d48e91-3cad-4590-aa26-9d4167690f1d,7aa15a43-3a41-4d3d-a9c5-7ef941757531,757594,Jolivette 28 Day Pack,stopped,order,,2016-10-26T02:47:03+00:00
b2752576-712c-49c8-9e04-3531a0a32c34,7aa15a43-3a41-4d3d-a9c5-7ef941757531,748962,Camila 28 Day Pack,stopped,order,,2018-10-20T02:47:03+00:00
849fd72f-f7e9-4c15-88b2-cf54d0fd8657,7aa15a43-3a41-4d3d-a9c5-7ef941757531,1367439,NuvaRing 0.12/0.015 MG per 24HR 21 Day Vaginal Ring,stopped,order,,2012-11-16T02:47:03+00:00
be3e5fde-0d8c-4d86-a2e1-50d8d7bb8d70,7aa15a43-3a41-4d3d-a9c5-7ef941757531,1605257,Liletta 52 MG Intrauterine System,stopped,order,,2017-10-21T02:47:03+00:00
7797d3bd-729a-4c5b-94f7-ea266629f5c7,bdb0bf01-3e05-4950-a843-4d7e722cae4f,1153378,Clonazepam [Klonopin],active,order,,1976-08-20T19:28:31+00:00
ec34b9f9-fc34-437f-9fa1-2e87abe027dc,bdb0bf01-3e05-4950-a843-4d7e722cae4f,308971,Carbamazepine[Tegretol],active,order,,1976-01-16T19:28:31+00:00
532cfb87-8449-42a5-9f17-e96760913e4b,39cc9d76-0952-4ded-9b39-b97d1e43b9cf,1043400,Acetaminophen 21.7 MG/ML / Dextromethorphan Hydrobromide 1 MG/ML / doxylamine succinate 0.417 MG/ML Oral Solution,stopped,order,,2018-06-25T04:10:16+00:00
70824d44-0a16-463b-ac3e-6fc0563cbe8c,39cc9d76-0952-4ded-9b39-b97d1e43b9cf,310325,ferrous sulfate 325 MG Oral Tablet,active,order,,2002-06-27T04:10:16+00:00
af7d3481-55fc-4b5c-a1b9-5ab465f8458d,cd09f5d4-55f7-4a24-a25d-a5b65c7a8805,313782,Acetaminophen 325 MG Oral Tablet,stopped,order,,2019-09-23T20:45:37+00:00
2aac89ea-56d9-4094-89d3-f1e1d1fc36e8,cd09f5d4-55f7-4a24-a25d-a5b65c7a8805,562251,Amoxicillin 250 MG / Clavulanate 125 MG Oral Tablet,stopped,order,,2018-08-20T20:45:37+00:00
a72c5a0d-28f7-407e-bab8-7a62b55da396,cd09f5d4-55f7-4a24-a25d-a5b65c7a8805,310965,Ibuprofen 200 MG Oral Tablet,stopped,order,,2015-10-19T20:45:37+00:00
46a00617-194b-4559-b7b5-917e0c330453,cd09f5d4-55f7-4a24-a25d-a5b65c7a8805,316049,Hydrochlorothiazide 25 MG,active,order,,1965-10-01T20:45:37+00:00
b6b7b0fe-34bc-4372-8815-77e29d6202b6,9de30b5a-f100-407c-9b27-1e47f6e3a663,897718,Verapamil Hydrochloride 40 MG,active,order,,2020-04-22T08:54:18+00:00
1a0b21af-703f-4caf-8dbb-3e4810f8fb1d,9de30b5a-f100-407c-9b27-1e47f6e3a663,849574,Naproxen sodium 220 MG Oral Tablet,stopped,order,,2006-05-08T08:54:18+00:00
d66a482f-1f21-41a9-8ac1-59cfb9d42c61,9de30b5a-f100-407c-9b27-1e47f6e3a663,849574,Naproxen sodium 220 MG Oral Tablet,stopped,order,,1997-03-25T08:54:18+00:00
2996f342-fe95-46b9-b5c5-d278608b49dd,9de30b5a-f100-407c-9b27-1e47f6e3a663,197604,Digoxin 0.125 MG Oral Tablet,active,order,,2020-04-22T08:54:18+00:00
f7672259-43b6-40ba-952e-ad499779acc9,9de30b5a-f100-407c-9b27-1e47f6e3a663,855332,Warfarin Sodium 5 MG Oral Tablet,active,order,,2020-04-22T08:54:18+00:00
e73d2d64-19b4-4dcc-a81a-afb004f996fa,9de30b5a-f100-407c-9b27-1e47f6e3a663,849574,Naproxen sodium 220 MG Oral Tablet,active,order,,2010-03-07T08:54:18+00:00
ab80479f-a729-4649-9630-b4b4b4b4791a,9de30b5a-f100-407c-9b27-1e47f6e3a663,849574,Naproxen sodium 220 MG Oral Tablet,stopped,order,,2002-05-17T08:54:18+00:00
482385c8-a085-4c7e-8a26-7c7f5c9aa04f,8c7271df-e8d9-4baa-8762-8f0a585297cc,896209,60 ACTUAT Fluticasone propionate 0.25 MG/ACTUAT / salmeterol 0.05 MG/ACTUAT Dry Powder Inhaler,active,order,,2016-09-08T02:24:51+00:00
7dc74b3b-e4f9-4360-a15c-db92284116e7,8c7271df-e8d9-4baa-8762-8f0a585297cc,1367439,NuvaRing 0.12/0.015 MG per 24HR 21 Day Vaginal Ring,stopped,order,,2011-12-23T02:24:51+00:00
72348dd8-140d-4fae-8074-fdfbf63e779b,8c7271df-e8d9-4baa-8762-8f0a585297cc,748856,Yaz 28 Day Pack,stopped,order,,2010-12-28T02:24:51+00:00
155292e4-7701-4508-9a82-82d34e609547,8c7271df-e8d9-4baa-8762-8f0a585297cc,1043400,Acetaminophen 21.7 MG/ML / Dextromethorphan Hydrobromide 1 MG/ML / doxylamine succinate 0.417 MG/ML Oral Solution,stopped,order,,2020-10-04T02:24:51+00:00
1f785ae1-7577-4565-b223-508afa2fae79,8c7271df-e8d9-4baa-8762-8f0a585297cc,749762,Seasonique 91 Day Pack,stopped,order,,2014-12-07T02:24:51+00:00
45079187-e070-4226-a461-d5b28226b2b9,8c7271df-e8d9-4baa-8762-8f0a585297cc,313782,Acetaminophen 325 MG Oral Tablet,stopped,order,,2017-10-12T02:24:51+00:00
79554685-f66d-457b-8ae3-a0dbd92f668f,8c7271df-e8d9-4baa-8762-8f0a585297cc,748856,Yaz 28 Day Pack,stopped,order,,2016-11-26T02:24:51+00:00
86885b86-98db-4a06-80fc-e3673f47d4d5,583443e3-2d06-4a98-903c-044f0fd5659f,313782,Acetaminophen 325 MG Oral Tablet,stopped,order,,2018-12-04T19:58:14+00:00
a30d573b-7d7b-4198-bb9a-e3a4d07f06f3,583443e3-2d06-4a98-903c-044f0fd5659f,313782,Acetaminophen 325 MG Oral Tablet,stopped,order,,2021-02-12T19:58:14+00:00
23a3f6d7-2312-4903-b362-431d873f52ad,583443e3-2d06-4a98-903c-044f0fd5659f,562251,Amoxicillin 250 MG / Clavulanate 125 MG Oral Tablet,stopped,order,,2013-10-18T19:58:14+00:00
0b1ceb34-b29a-40d5-afe4-f27c41461c6c,8ff20ff8-9a14-4c50-b0e1-e2e5c11df428,308182,Amoxicillin 250 MG Oral Capsule,stopped,order,,2012-04-23T23:07:34+00:00
4ad787ed-c7c0-4c9d-9054-d5ddcac1d26e,8ff20ff8-9a14-4c50-b0e1-e2e5c11df428,282464,Acetaminophen 160 MG Oral Tablet,stopped,order,,2013-10-02T23:07:34+00:00
66f0bf68-3384-4f94-b7d5-697d8dd66c6a,8ff20ff8-9a14-4c50-b0e1-e2e5c11df428,834061,Penicillin V Potassium 250 MG Oral Tablet,stopped,order,,2018-02-25T23:07:34+00:00
a263cae5-8e42-4c6f-add5-f2d736c95929,8ff20ff8-9a14-4c50-b0e1-e2e5c11df428,308182,Amoxicillin 250 MG Oral Capsule,stopped,order,,2013-10-02T23:07:34+00:00
ab1ea39d-0c77-40ae-a644-62ccba24a724,8ff20ff8-9a14-4c50-b0e1-e2e5c11df428,313782,Acetaminophen 325 MG Oral Tablet,active,order,,2021-03-23T23:07:34+00:00
9ea1209f-91c4-4368-a779-62eb26e92730,8ff20ff8-9a14-4c50-b0e1-e2e5c11df428,308971,Carbamazepine[Tegretol],stopped,order,,2012-08-29T23:07:34+00:00
8c22b386-23c4-4d9e-8d83-0f97a76f5352,8ff20ff8-9a14-4c50-b0e1-e2e5c11df428,313782,Acetaminophen 325 MG Oral Tablet,stopped,order,,2013-07-19T23:07:34+00:00
0de86612-e982-4072-8a3c-278c1b8a1c43,8ff20ff8-9a14-4c50-b0e1-e2e5c11df428,563026,Diazepam [Valium],active,order,,2012-08-01T23:07:34+00:00
c5036b7a-0022-428c-a5e1-3ff4af354a39,8ff20ff8-9a14-4c50-b0e1-e2e5c11df428,198405,Ibuprofen 100 MG Oral Tablet,stopped,order,,2012-04-23T23:07:34+00:00
bebb8e5d-4dd4-4a8b-b632-187cac4a64b3,8ff20ff8-9a14-4c50-b0e1-e2e5c11df428,308971,Carbamazepine[Tegretol],stopped,order,,2013-01-07T23:07:34+00:00
f1f2fd0b-6840-4f95-88fe-616294509a4c,f9aef24a-c8f6-4c36-90a3-970a21701185,1804799,Alteplase 100 MG Injection,stopped,order,,2019-02-15T07:02:12+00:00
b78fde9d-ee00-4796-8711-41a17617c5d0,f9aef24a-c8f6-4c36-90a3-970a21701185,309362,Clopidogrel 75 MG Oral Tablet,stopped,order,,2019-02-15T07:02:12+00:00
d15dcf02-f000-4499-9b8e-b09cc22dd227,e7991a49-1512-4005-a478-09ecad76ca4c,861467,Meperidine Hydrochloride 50 MG Oral Tablet,stopped,order,,1997-05-29T05:19:57+00:00
592933f9-e48e-4ce5-857f-da778b2fa71b,e7991a49-1512-4005-a478-09ecad76ca4c,1049221,Acetaminophen 325 MG / oxyCODONE Hydrochloride 5 MG Oral Tablet,stopped,order,,1965-04-17T05:19:57+00:00
414b0980-cb62-4d43-87b4-3b4120366e9d,e7991a49-1512-4005-a478-09ecad76ca4c,866414,24 HR metoprolol succinate 100 MG Extended Release Oral Tablet [Toprol],active,order,,1998-02-01T05:19:57+00:00
b7d17dd2-5d31-4b25-8cb8-63a033f38d15,e7991a49-1512-4005-a478-09ecad76ca4c,315971,Lasix 40mg,active,order,,1998-02-01T05:19:57+00:00
a6594d94-f06f-4327-af17-e8237efd4dff,e7991a49-1512-4005-a478-09ecad76ca4c,310965,Ibuprofen 200 MG Oral Tablet,stopped,order,,1997-05-29T05:19:57+00:00
2b92d365-03c3-4e70-8296-1e60ff9e69f7,155d3d80-f3f0-4b39-9207-0d122cf94a11,757594,Jolivette 28 Day Pack,stopped,order,,2016-07-07T07:22:23+00:00
2d1b4007-d852-44d9-b778-d617b3439cbd,155d3d80-f3f0-4b39-9207-0d122cf94a11,1094107,Phenazopyridine hydrochloride 100 MG Oral Tablet,stopped,order,,2011-09-05T07:22:23+00:00
28cc7e3d-544e-4a14-b836-b73dcb4c9d75,155d3d80-f3f0-4b39-9207-0d122cf94a11,311989,Nitrofurantoin 5 MG/ML Oral Suspension,stopped,order,,2011-09-05T07:22:23+00:00
209ed71b-540c-4efc-9f81-0f55e31709db,155d3d80-f3f0-4b39-9207-0d122cf94a11,757594,Jolivette 28 Day Pack,stopped,order,,2012-07-18T07:22:23+00:00
5c22bebe-81ad-47bf-9049-8fbc790d7e5e,155d3d80-f3f0-4b39-9207-0d122cf94a11,834102,Penicillin V Potassium 500 MG Oral Tablet,stopped,order,,2019-10-22T07:22:23+00:00
50ac22e3-7a3e-48d5-9970-1c812e8c0cc8,155d3d80-f3f0-4b39-9207-0d122cf94a11,757594,Jolivette 28 Day Pack,stopped,order,,2010-07-29T07:22:23+00:00
5bd8bdad-f790-40a1-b30e-f902207c3b5c,155d3d80-f3f0-4b39-9207-0d122cf94a11,313782,Acetaminophen 325 MG Oral Tablet,stopped,order,,2012-09-19T07:22:23+00:00
ae5de292-76cf-435b-bba3-5d96888c9aaf,155d3d80-f3f0-4b39-9207-0d122cf94a11,849574,Naproxen sodium 220 MG Oral Tablet,stopped,order,,2013-06-13T07:22:23+00:00
fe3a2a26-8783-4bc0-b660-bc85f5a88ae2,b361ebbe-5dd5-4dee-a178-773d774fc04d,849574,Naproxen sodium 220 MG Oral Tablet,stopped,order,,2016-03-12T03:53:29+00:00
b2a745b0-6521-40b8-b838-283b91eeb173,b361ebbe-5dd5-4dee-a178-773d774fc04d,2001499,Vitamin B 12 5 MG/ML Injectable Solution,active,order,,1998-01-27T03:53:29+00:00
ea4ef653-4ef6-4035-a2fa-47cde35febb0,b361ebbe-5dd5-4dee-a178-773d774fc04d,860975,24 HR Metformin hydrochloride 500 MG Extended Release Oral Tablet,active,order,,2001-01-30T03:53:29+00:00
085992a6-37b2-48e5-bcc9-016cdfb345a6,b361ebbe-5dd5-4dee-a178-773d774fc04d,1043400,Acetaminophen 21.7 MG/ML / Dextromethorphan Hydrobromide 1 MG/ML / doxylamine succinate 0.417 MG/ML Oral Solution,stopped,order,,2011-12-05T03:53:29+00:00
2eb6c302-f4e4-4266-bf0b-c7f7843700f2,b361ebbe-5dd5-4dee-a178-773d774fc04d,757594,Jolivette 28 Day Pack,stopped,order,,2015-06-30T03:53:29+00:00
6296ac35-7ba8-4257-8039-eccfbb7dc4b9,b361ebbe-5dd5-4dee-a178-773d774fc04d,757594,Jolivette 28 Day Pack,stopped,order,,2013-02-14T03:53:29+00:00
3d7b3676-0c6d-4e03-a237-2389ae6e1195,6e7c2272-da51-4bf8-9511-d1e18eee1a89,308182,Amoxicillin 250 MG Oral Capsule,stopped,order,,2012-07-08T16:34:23+00:00
e844045a-026a-462f-9f8b-490a3d1d54fd,6e7c2272-da51-4bf8-9511-d1e18eee1a89,562251,Amoxicillin 250 MG / Clavulanate 125 MG Oral Tablet,stopped,order,,2020-09-30T16:34:23+00:00
52b89ff8-257a-4f74-b669-ad77d2eb0cd2,6e7c2272-da51-4bf8-9511-d1e18eee1a89,308182,Amoxicillin 250 MG Oral Capsule,stopped,order,,2013-09-26T16:34:23+00:00
89c106d0-c5b3-4cfb-9d19-d021532067bc,6e7c2272-da51-4bf8-9511-d1e18eee1a89,313782,Acetaminophen 325 MG Oral Tablet,stopped,order,,2012-02-11T16:34:23+00:00
121f558a-e902-4055-9a29-cbee491971c2,6e7c2272-da51-4bf8-9511-d1e18eee1a89,198405,Ibuprofen 100 MG Oral Tablet,stopped,order,,2013-09-26T16:34:23+00:00
5737c068-a35d-4269-aa58-e5fa055af05e,6e7c2272-da51-4bf8-9511-d1e18eee1a89,282464,Acetaminophen 160 MG Oral Tablet,stopped,order,,2012-07-08T16:34:23+00:00
4ed871a1-ed94-465b-8961-20c03fc86e24,74bbd61f-8017-4274-a156-8e31a96ec0d3,807283,Mirena 52 MG Intrauterine System,stopped,order,,2011-09-27T22:58:06+00:00
cdea9d08-a368-42d2-b2d3-9d46d0b024ed,74bbd61f-8017-4274-a156-8e31a96ec0d3,2001499,Vitamin B 12 5 MG/ML Injectable Solution,active,order,,1984-12-26T22:58:06+00:00
196bed69-802b-4819-9706-409ea8eb1e65,74bbd61f-8017-4274-a156-8e31a96ec0d3,751905,Trinessa 28 Day Pack,stopped,order,,2014-09-27T22:58:06+00:00
f9728e85-1b9b-4ef8-abcc-15169952283d,27f12f19-ede7-4432-98d6-659b5201c9fa,831533,Errin 28 Day Pack,stopped,order,,2010-11-07T18:09:48+00:00
727c3460-aa85-409b-971b-3c8a0c86f7c7,27f12f19-ede7-4432-98d6-659b5201c9fa,316049,Hydrochlorothiazide 25 MG,active,order,,2010-10-16T18:09:48+00:00
0cd638f6-c1e6-4c87-bd3f-badec758d39b,27f12f19-ede7-4432-98d6-659b5201c9fa,861467,Meperidine Hydrochloride 50 MG Oral Tablet,stopped,order,,2018-01-01T18:09:48+00:00
6c12358c-3858-4a7c-af9f-03573063105f,27f12f19-ede7-4432-98d6-659b5201c9fa,308192,Amoxicillin 500 MG Oral Tablet,stopped,order,,2021-01-15T18:09:48+00:00
a6a88515-887d-4dfb-b82f-082d10ea3b31,27f12f19-ede7-4432-98d6-659b5201c9fa,313782,Acetaminophen 325 MG Oral Tablet,stopped,order,,2018-03-29T18:09:48+00:00
888c78ec-06b1-4591-9908-75cdd11461e3,27f12f19-ede7-4432-98d6-659b5201c9fa,389221,Etonogestrel 68 MG Drug Implant,stopped,order,,2018-08-14T18:09:48+00:00
c32bb40e-ce97-4df6-afe5-4b4a58ab6eda,27f12f19-ede7-4432-98d6-659b5201c9fa,857005,Acetaminophen 325 MG / HYDROcodone Bitartrate 7.5 MG Oral Tablet,active,order,,2021-01-15T18:09:48+00:00
2d1be814-1aa1-4532-9494-0972daebc743,27f12f19-ede7-4432-98d6-659b5201c9fa,807283,Mirena 52 MG Intrauterine System,stopped,order,,2017-08-15T18:09:48+00:00
b814378d-f2c3-4c4c-8d69-ee538ddd6097,27f12f19-ede7-4432-98d6-659b5201c9fa,849574,Naproxen sodium 220 MG Oral Tablet,stopped,order,,2021-01-15T18:09:48+00:00
1f63664a-83c8-4d45-9fe6-939530ce6969,27f12f19-ede7-4432-98d6-659b5201c9fa,849574,Naproxen sodium 220 MG Oral Tablet,stopped,order,,2017-12-25T18:09:48+00:00
4893b149-0407-449a-944b-64f349350b5f,27f12f19-ede7-4432-98d6-659b5201c9fa,831533,Errin 28 Day Pack,stopped,order,,2016-08-20T18:09:48+00:00
76bb60e9-cdcd-405a-9477-93d221a22e15,9462ff5c-47c8-4e46-a180-1cac0a2003c4,316049,Hydrochlorothiazide 25 MG,active,order,,2016-03-23T05:28:35+00:00
099b02de-6109-4ac5-8ede-edef6118fe00,d442b673-1185-42f5-bf7c-32eb47bb6b3d,316049,Hydrochlorothiazide 25 MG,active,order,,1999-12-28T09:56:48+00:00
576bf356-fe64-43e3-a847-caf5cd481e09,d442b673-1185-42f5-bf7c-32eb47bb6b3d,849574,Naproxen sodium 220 MG Oral Tablet,stopped,order,,2017-02-10T09:56:48+00:00
2cb99a65-e8b6-40a3-85ad-936f76230029,d442b673-1185-42f5-bf7c-32eb47bb6b3d,861467,Meperidine Hydrochloride 50 MG Oral Tablet,stopped,order,,2017-02-10T09:56:48+00:00
6846f274-f4b4-485f-9ae5-09dddf564f9d,c26c8d14-0497-4550-bab9-996eb8a1d83c,198405,Ibuprofen 100 MG Oral Tablet,stopped,order,,2011-08-06T02:04:32+00:00
47731d4d-5734-4fc2-9528-9376d57aa4c0,c26c8d14-0497-4550-bab9-996eb8a1d83c,849574,Naproxen sodium 220 MG Oral Tablet,active,order,,2011-07-21T19:22:39+00:00
60abbcf0-8630-4f6c-b85e-8f5f5cfab284,c26c8d14-0497-4550-bab9-996eb8a1d83c,562251,Amoxicillin 250 MG / Clavulanate 125 MG Oral Tablet,stopped,order,,2012-11-07T02:04:32+00:00
1db39fd5-918c-4770-a2bc-75a001ffc481,786ec762-c52d-4f65-bd73-0119a0184e80,849574,Naproxen sodium 220 MG Oral Tablet,stopped,order,,2017-12-16T19:59:36+00:00
0738177d-c7a8-45de-b576-e970f9e2b3c5,786ec762-c52d-4f65-bd73-0119a0184e80,1043400,Acetaminophen 21.7 MG/ML / Dextromethorphan Hydrobromide 1 MG/ML / doxylamine succinate 0.417 MG/ML Oral Solution,stopped,order,,2012-10-13T19:59:36+00:00
0a4f709b-c41c-4e49-9fb6-66d7025de11d,786ec762-c52d-4f65-bd73-0119a0184e80,849574,Naproxen sodium 220 MG Oral Tablet,stopped,order,,2016-10-31T19:59:36+00:00
4de13189-ae9f-4331-b31d-57fc1c16613f,786ec762-c52d-4f65-bd73-0119a0184e80,861467,Meperidine Hydrochloride 50 MG Oral Tablet,stopped,order,,2017-12-23T19:59:36+00:00
5af1a9db-c86b-4726-8578-886ccebd54f2,786ec762-c52d-4f65-bd73-0119a0184e80,313782,Acetaminophen 325 MG Oral Tablet,stopped,order,,2013-09-23T19:59:36+00:00
a2f9bcfc-5584-44b5-b598-6266d279ee6b,2d95f315-808c-4b67-836b-e56bdba9dd21,313782,Acetaminophen 325 MG Oral Tablet,stopped,order,,2018-09-10T16:13:53+00:00
2cd8620c-cb6e-4621-a72f-73f1b1c21fb0,2d95f315-808c-4b67-836b-e56bdba9dd21,904419,Alendronic acid 10 MG Oral Tablet,active,order,,2018-09-21T16:13:53+00:00
319ef01e-0fb7-482b-8914-3a9737cfaa47,2d95f315-808c-4b67-836b-e56bdba9dd21,313782,Acetaminophen 325 MG Oral Tablet,stopped,order,,2018-04-05T16:13:53+00:00
7cb092aa-6368-4f84-b69a-2e6ea54df976,2d95f315-808c-4b67-836b-e56bdba9dd21,849574,Naproxen sodium 220 MG Oral Tablet,active,order,,2007-03-02T16:13:53+00:00
67146358-0c64-474b-9f00-0643edcb7db4,7d8d8cb5-24ff-4c7b-bb37-de80ce94155b,861467,Meperidine Hydrochloride 50 MG Oral Tablet,stopped,order,,1953-07-14T02:39:21+00:00
1cc6a0de-26d3-4172-aa8f-1e4a63f359f9,7d8d8cb5-24ff-4c7b-bb37-de80ce94155b,562251,Amoxicillin 250 MG / Clavulanate 125 MG Oral Tablet,stopped,order,,1991-08-25T02:39:21+00:00
ad200ec8-256f-4d5f-a071-a1a06cd5269a,7d8d8cb5-24ff-4c7b-bb37-de80ce94155b,243670,Aspirin 81 MG Oral Tablet,stopped,order,,1995-09-21T02:39:21+00:00
c0c1ed6c-5fe5-46c4-85fe-631054eecfb2,d5b9e8d1-eeab-48c6-bfc2-71b8f8ff342b,849574,Naproxen sodium 220 MG Oral Tablet,active,order,,2008-11-26T08:57:20+00:00
2cecd126-25e2-4158-96b2-9d47b2b7ba75,d5b9e8d1-eeab-48c6-bfc2-71b8f8ff342b,311989,Nitrofurantoin 5 MG/ML Oral Suspension,stopped,order,,2020-01-05T08:57:20+00:00
56231a2c-f243-4b86-8bb1-a746d91fc99b,d5b9e8d1-eeab-48c6-bfc2-71b8f8ff342b,1094107,Phenazopyridine hydrochloride 100 MG Oral Tablet,stopped,order,,2020-01-05T08:57:20+00:00
c0e5ac05-80a4-4114-9a65-1d682cbaddd1,3be268d8-ec01-471a-937d-267bf0ed0b5c,745679,200 ACTUAT Albuterol 0.09 MG/ACTUAT Metered Dose Inhaler,active,order,,1994-06-03T03:39:04+00:00
172caed1-598e-43b2-aece-6129c8a89b3d,3be268d8-ec01-471a-937d-267bf0ed0b5c,1049630,diphenhydrAMINE Hydrochloride 25 MG Oral Tablet,active,order,,1977-11-01T03:39:04+00:00
f6fa20e7-bf75-4eaf-a92d-15fc0c812625,3be268d8-ec01-471a-937d-267bf0ed0b5c,895994,120 ACTUAT Fluticasone propionate 0.044 MG/ACTUAT Metered Dose Inhaler,active,order,,1994-06-03T03:39:04+00:00
3ea682a6-a180-4977-bb0d-4c82c3929da6,65057126-d09f-49e2-ad8f-5a486ccf55f1,198405,Ibuprofen 100 MG Oral Tablet,stopped,order,,2020-03-14T07:49:16+00:00
868e0a03-4c26-43f2-b13b-a70a3f35cf84,65057126-d09f-49e2-ad8f-5a486ccf55f1,313782,Acetaminophen 325 MG Oral Tablet,stopped,order,,2021-02-04T07:49:16+00:00
207f69dc-7e50-4bec-9e4d-6b4c4b42d284,65057126-d09f-49e2-ad8f-5a486ccf55f1,1043400,Acetaminophen 21.7 MG/ML / Dextromethorphan Hydrobromide 1 MG/ML / doxylamine succinate 0.417 MG/ML Oral Solution,stopped,order,,2018-02-24T07:49:16+00:00
904f2a25-2870-4414-a1ed-25e726c83a06,65057126-d09f-49e2-ad8f-5a486ccf55f1,834061,Penicillin V Potassium 250 MG Oral Tablet,stopped,order,,2020-10-14T07:49:16+00:00
6870cb27-86e4-4ab7-9421-79860869adb0,65057126-d09f-49e2-ad8f-5a486ccf55f1,313782,Acetaminophen 325 MG Oral Tablet,stopped,order,,2019-07-05T07:49:16+00:00
13c14553-c886-4601-8946-3ef9702e6478,54c48934-bec2-4773-89f5-f09f6fc6e6f9,316052,Hydrochlorothiazide 6.25 MG,stopped,order,,2015-09-16T06:05:58+00:00
9e5aac5e-6db9-4199-8d92-b7b36618b3e2,54c48934-bec2-4773-89f5-f09f6fc6e6f9,313782,Acetaminophen 325 MG Oral Tablet,stopped,order,,2019-10-28T06:05:58+00:00
a0c76979-05b6-46eb-8a7f-410ab082c627,54c48934-bec2-4773-89f5-f09f6fc6e6f9,316049,Hydrochlorothiazide 25 MG,active,order,,2016-09-21T06:05:58+00:00
66524f93-cfe6-4bc2-a893-afd0c30df91d,54c48934-bec2-4773-89f5-f09f6fc6e6f9,849574,Naproxen sodium 220 MG Oral Tablet,stopped,order,,2016-03-20T06:05:58+00:00
d8885652-fb66-4dd1-bee3-300d4a6baf7f,2bd18d48-1d2d-4edb-ad61-70bd7d91fe81,310436,Galantamine 4 MG Oral Tablet,stopped,order,,2007-01-25T06:29:54+00:00
a8bae00d-12ff-473a-bb42-62b6bbc63a33,2bd18d48-1d2d-4edb-ad61-70bd7d91fe81,996740,Memantine hydrochloride 2 MG/ML Oral Solution,active,order,,2007-11-21T06:29:54+00:00
12d01750-9baa-42bb-ac6e-f9f33049ff86,2bd18d48-1d2d-4edb-ad61-70bd7d91fe81,310965,Ibuprofen 200 MG Oral Tablet,stopped,order,,2007-04-13T06:29:54+00:00
d323cac7-08f5-470a-b1c8-b3f548546b99,2bd18d48-1d2d-4edb-ad61-70bd7d91fe81,1049221,Acetaminophen 325 MG / oxyCODONE Hydrochloride 5 MG Oral Tablet,stopped,order,,2011-12-18T06:29:54+00:00
831f33df-4520-4047-b01d-55f840086f23,2bd18d48-1d2d-4edb-ad61-70bd7d91fe81,1049221,Acetaminophen 325 MG / oxyCODONE Hydrochloride 5 MG Oral Tablet,stopped,order,,2007-04-13T06:29:54+00:00
a66a544d-8183-483e-8d98-0218ccedb1f3,2bd18d48-1d2d-4edb-ad61-70bd7d91fe81,562251,Amoxicillin 250 MG / Clavulanate 125 MG Oral Tablet,stopped,order,,2010-06-28T06:29:54+00:00
7bddec07-ce4d-407b-a254-bb43786103b0,2bd18d48-1d2d-4edb-ad61-70bd7d91fe81,313782,Acetaminophen 325 MG Oral Tablet,stopped,order,,2011-12-04T06:29:54+00:00
fb63381c-5f2e-407d-ae56-3aee3c07cc70,2bd18d48-1d2d-4edb-ad61-70bd7d91fe81,896209,60 ACTUAT Fluticasone propionate 0.25 MG/ACTUAT / salmeterol 0.05 MG/ACTUAT Dry Powder Inhaler,active,order,,1972-06-15T06:29:54+00:00
a127dbb9-f268-4db8-8f00-1ea8314f5e9a,2bd18d48-1d2d-4edb-ad61-70bd7d91fe81,316049,Hydrochlorothiazide 25 MG,active,order,,1950-08-03T06:29:54+00:00
cac87016-ae35-405d-89fd-a3982ed1be7e,2bd18d48-1d2d-4edb-ad61-70bd7d91fe81,310965,Ibuprofen 200 MG Oral Tablet,stopped,order,,2011-12-18T06:29:54+00:00
2a82bc46-9908-45d6-a44c-8d921734e046,a29740c4-30a5-442c-b49d-df0450de7388,748856,Yaz 28 Day Pack,stopped,order,,2013-03-02T00:56:39+00:00
4803b02e-1208-4873-9ec8-3706072d1b54,a29740c4-30a5-442c-b49d-df0450de7388,807283,Mirena 52 MG Intrauterine System,stopped,order,,2012-03-03T00:56:39+00:00
05e6afbf-f3f8-4630-bfd3-9d7c4f3fd6c8,a29740c4-30a5-442c-b49d-df0450de7388,1043400,Acetaminophen 21.7 MG/ML / Dextromethorphan Hydrobromide 1 MG/ML / doxylamine succinate 0.417 MG/ML Oral Solution,stopped,order,,2014-12-23T00:56:39+00:00
33efd8d1-4c20-4f42-9110-a0afd02010fe,a29740c4-30a5-442c-b49d-df0450de7388,310325,ferrous sulfate 325 MG Oral Tablet,active,order,,1993-10-28T01:56:39+00:00
7a351776-1353-429c-8487-50620865141c,fbeb6608-4810-453b-a3a6-b34f321410b1,861467,Meperidine Hydrochloride 50 MG Oral Tablet,stopped,order,,2019-09-03T18:33:39+00:00
e14a929d-c955-4458-8f80-de47102c729c,fbeb6608-4810-453b-a3a6-b34f321410b1,313782,Acetaminophen 325 MG Oral Tablet,stopped,order,,2015-05-17T18:33:39+00:00
90f4acc1-270c-4534-92dd-348af4b2ef17,fbeb6608-4810-453b-a3a6-b34f321410b1,313782,Acetaminophen 325 MG Oral Tablet,stopped,order,,2017-04-29T18:33:39+00:00
fb8ccd55-9d67-46ad-9a3d-5f2378ffb7b2,fbeb6608-4810-453b-a3a6-b34f321410b1,310965,Ibuprofen 200 MG Oral Tablet,stopped,order,,2019-08-27T18:33:39+00:00
9cda7e25-ca5a-4945-88b4-89432fd450b8,fbeb6608-4810-453b-a3a6-b34f321410b1,313782,Acetaminophen 325 MG Oral Tablet,stopped,order,,2019-01-27T18:33:39+00:00
8ef302b5-2861-4c7a-a03f-c07cd21a5c6d,fbeb6608-4810-453b-a3a6-b34f321410b1,198405,Ibuprofen 100 MG Oral Tablet,stopped,order,,2014-12-16T18:33:39+00:00
c5bca7a9-f6ac-46c0-b40b-8456d01e715f,fc200fa2-12c9-4276-ba4a-e0601d424e55,834061,Penicillin V Potassium 250 MG Oral Tablet,stopped,order,,2020-08-24T04:38:16+00:00
a3ac87c3-2ce9-47b0-aa61-14c47a699ab0,fc200fa2-12c9-4276-ba4a-e0601d424e55,834061,Penicillin V Potassium 250 MG Oral Tablet,stopped,order,,2019-11-13T04:38:16+00:00
1db39dea-d761-4421-a822-d7209745041a,7777f4bb-9c19-42fe-b09a-cd791ea99ac2,665078,Loratadine 5 MG Chewable Tablet,active,order,,2016-01-25T18:07:25+00:00
2cea4948-461e-4fa6-8a23-7241d79353b3,7777f4bb-9c19-42fe-b09a-cd791ea99ac2,1870230,NDA020800 0.3 ML Epinephrine 1 MG/ML Auto-Injector,active,order,,2016-01-25T18:07:25+00:00
9542df0c-1d9e-4fb2-b166-66b56a9ae6c2,b3679343-2f2d-4b44-84a9-31fc259bfef1,313782,Acetaminophen 325 MG Oral Tablet,stopped,order,,2021-02-12T15:44:30+00:00
bd167627-8ac8-44f0-8da1-50d78549b6d2,c34852c9-ffba-4bda-890a-eef4bc683e42,316672,Simvistatin 10 MG,stopped,order,,2002-07-14T18:38:58+00:00
fd6cb18b-5ed7-40a4-81db-f0f2eb650809,c34852c9-ffba-4bda-890a-eef4bc683e42,316672,Simvistatin 10 MG,stopped,order,,2005-07-13T18:38:58+00:00
2f3551c1-d312-43ff-a26e-23f6abc8008d,c34852c9-ffba-4bda-890a-eef4bc683e42,316672,Simvistatin 10 MG,stopped,order,,2006-07-13T18:38:58+00:00
f0573bf9-d72c-4091-b304-aa66fbeb921d,c34852c9-ffba-4bda-890a-eef4bc683e42,316672,Simvistatin 10 MG,stopped,order,,2010-07-12T18:38:58+00:00
d7592432-645d-4843-ab23-e39e162c5066,c34852c9-ffba-4bda-890a-eef4bc683e42,316672,Simvistatin 10 MG,stopped,order,,1977-07-20T18:38:58+00:00
0b737e19-e04c-449b-9af3-63b0c08614ad,c34852c9-ffba-4bda-890a-eef4bc683e42,316672,Simvistatin 10 MG,stopped,order,,1986-07-18T18:38:58+00:00
4ec38a9b-bb89-46a2-b771-9104ed39b81f,c34852c9-ffba-4bda-890a-eef4bc683e42,313782,Acetaminophen 325 MG Oral Tablet,stopped,order,,2018-07-16T18:38:58+00:00
f2daf27a-21d8-4d83-b325-944f7938d529,c34852c9-ffba-4bda-890a-eef4bc683e42,855332,Warfarin Sodium 5 MG Oral Tablet,active,order,,2010-06-06T18:38:58+00:00
d9a5fb04-cd6f-4f65-b940-7688501b4f57,c34852c9-ffba-4bda-890a-eef4bc683e42,849574,Naproxen sodium 220 MG Oral Tablet,stopped,order,,1972-05-25T18:38:58+00:00
e8c7757e-399f-4fa5-a75d-3b5d208ab12e,c34852c9-ffba-4bda-890a-eef4bc683e42,316672,Simvistatin 10 MG,stopped,order,,1998-07-15T18:38:58+00:00
3ba9b199-5072-4804-86a6-f461575cadb5,c34852c9-ffba-4bda-890a-eef4bc683e42,316672,Simvistatin 10 MG,stopped,order,,2004-07-13T18:38:58+00:00
bb1dd7bd-ad60-4aa1-b3c3-1c20933401f5,c34852c9-ffba-4bda-890a-eef4bc683e42,897718,Verapamil Hydrochloride 40 MG,active,order,,2010-06-06T18:38:58+00:00
1e6e589b-67f6-4884-b1a2-1e1e05cde1f0,c34852c9-ffba-4bda-890a-eef4bc683e42,316672,Simvistatin 10 MG,stopped,order,,2011-07-12T18:38:58+00:00
9dfd81a4-110f-4b32-95f9-951bf00ad01e,c34852c9-ffba-4bda-890a-eef4bc683e42,316672,Simvistatin 10 MG,stopped,order,,1978-07-20T18:38:58+00:00
5f1be93f-6eb5-4a7f-9906-3a4c13a73c74,c34852c9-ffba-4bda-890a-eef4bc683e42,316672,Simvistatin 10 MG,stopped,order,,1976-07-20T18:38:58+00:00
727e2019-9cf6-40fd-87bb-26ac82f7e54c,c34852c9-ffba-4bda-890a-eef4bc683e42,316672,Simvistatin 10 MG,stopped,order,,2000-07-14T18:38:58+00:00
c41f940f-84f2-4914-be81-d7172b319878,c34852c9-ffba-4bda-890a-eef4bc683e42,316672,Simvistatin 10 MG,stopped,order,,2003-07-14T18:38:58+00:00
cd484b28-bcd9-454d-9197-b8dff7e969b3,c34852c9-ffba-4bda-890a-eef4bc683e42,316672,Simvistatin 10 MG,stopped,order,,2007-07-13T18:38:58+00:00
f9fd35bf-4071-43b9-8a7c-25062a480006,c34852c9-ffba-4bda-890a-eef4bc683e42,316672,Simvistatin 10 MG,stopped,order,,1980-07-19T18:38:58+00:00
16bacb5e-a060-454a-80a1-97b84763a6f2,c34852c9-ffba-4bda-890a-eef4bc683e42,316672,Simvistatin 10 MG,stopped,order,,2017-07-10T18:38:58+00:00
3d0c8302-6134-41c4-b253-de53262fd50b,c34852c9-ffba-4bda-890a-eef4bc683e42,316672,Simvistatin 10 MG,stopped,order,,1990-07-17T18:38:58+00:00
2dc4783d-0a13-4196-92a2-63f0e2229415,c34852c9-ffba-4bda-890a-eef4bc683e42,861467,Meperidine Hydrochloride 50 MG Oral Tablet,stopped,order,,2012-04-02T18:38:58+00:00
c80fd64c-5cc9-4f4b-8d04-c21d9da55265,c34852c9-ffba-4bda-890a-eef4bc683e42,316672,Simvistatin 10 MG,stopped,order,,1989-07-17T18:38:58+00:00
f6eb02d8-ccd2-4643-81c6-ad2f4a594bbf,c34852c9-ffba-4bda-890a-eef4bc683e42,316672,Simvistatin 10 MG,stopped,order,,1985-07-18T18:38:58+00:00
9b6d37a9-16c9-49d1-8bdc-c40b8e8aae20,c34852c9-ffba-4bda-890a-eef4bc683e42,316672,Simvistatin 10 MG,stopped,order,,1994-07-16T18:38:58+00:00
d8e27aab-e8ab-4e9e-a2bd-79cb6b74817d,c34852c9-ffba-4bda-890a-eef4bc683e42,316672,Simvistatin 10 MG,stopped,order,,2012-07-11T18:38:58+00:00
608e0fe0-c8ff-4cb0-9b09-609540fbaba2,c34852c9-ffba-4bda-890a-eef4bc683e42,316672,Simvistatin 10 MG,stopped,order,,2008-07-12T18:38:58+00:00
3f02d747-8092-4403-9492-42b94d748f8a,c34852c9-ffba-4bda-890a-eef4bc683e42,316672,Simvistatin 10 MG,stopped,order,,1983-07-19T18:38:58+00:00
91969b4d-cc52-467d-a8db-3ac1da69a43c,c34852c9-ffba-4bda-890a-eef4bc683e42,316672,Simvistatin 10 MG,stopped,order,,2014-07-11T18:38:58+00:00
88d7841d-1afd-473e-bec7-85fb87ed919c,c34852c9-ffba-4bda-890a-eef4bc683e42,316672,Simvistatin 10 MG,stopped,order,,1997-07-15T18:38:58+00:00
ae9d679c-6b83-46c4-a4a2-2f25bc0f2113,c34852c9-ffba-4bda-890a-eef4bc683e42,316672,Simvistatin 10 MG,stopped,order,,2018-07-10T18:38:58+00:00
fb0576ac-f943-474a-8114-01b868b0d216,c34852c9-ffba-4bda-890a-eef4bc683e42,316672,Simvistatin 10 MG,stopped,order,,1999-07-15T18:38:58+00:00
bbb31ac9-b2b6-4e8b-a3ff-45fbd5cdb55b,c34852c9-ffba-4bda-890a-eef4bc683e42,316672,Simvistatin 10 MG,stopped,order,,1979-07-20T18:38:58+00:00
046cd687-59b3-4de9-9970-1aadc0bc0d55,c34852c9-ffba-4bda-890a-eef4bc683e42,316672,Simvistatin 10 MG,stopped,order,,1987-07-18T18:38:58+00:00
4912a211-2894-4173-a81b-e526ee6867ed,c34852c9-ffba-4bda-890a-eef4bc683e42,316672,Simvistatin 10 MG,stopped,order,,2013-07-11T18:38:58+00:00
80a3db68-917c-4757-a7a9-bf52bdbdb080,c34852c9-ffba-4bda-890a-eef4bc683e42,316672,Simvistatin 10 MG,stopped,order,,1996-07-15T18:38:58+00:00
7bb2f1d7-5833-4c35-8297-4bdf80995a75,c34852c9-ffba-4bda-890a-eef4bc683e42,316672,Simvistatin 10 MG,stopped,order,,1992-07-16T18:38:58+00:00
a1725bd0-1ea5-4e1a-a2a9-dd582fba3518,c34852c9-ffba-4bda-890a-eef4bc683e42,316672,Simvistatin 10 MG,stopped,order,,2016-07-10T18:38:58+00:00
04af1cfb-db62-487b-ab26-479b0683be1f,c34852c9-ffba-4bda-890a-eef4bc683e42,316672,Simvistatin 10 MG,stopped,order,,1991-07-17T18:38:58+00:00
aa4dc69c-fe3d-497a-b512-2fd87dec6ca6,c34852c9-ffba-4bda-890a-eef4bc683e42,197604,Digoxin 0.125 MG Oral Tablet,active,order,,2010-06-06T18:38:58+00:00
10e03b2e-a76b-4fcd-88c3-2b38c7c27d44,c34852c9-ffba-4bda-890a-eef4bc683e42,316672,Simvistatin 10 MG,active,order,,2020-07-09T18:38:58+00:00
afcd2971-1f56-42df-97f2-c070a7413f17,c34852c9-ffba-4bda-890a-eef4bc683e42,316672,Simvistatin 10 MG,stopped,order,,2001-07-14T18:38:58+00:00
85ee6f0b-9de3-4949-8595-c4f8ae4b07a1,c34852c9-ffba-4bda-890a-eef4bc683e42,313782,Acetaminophen 325 MG Oral Tablet,stopped,order,,2012-04-02T18:38:58+00:00
e40cb180-edb8-4e68-8a99-6016281646dc,c34852c9-ffba-4bda-890a-eef4bc683e42,316672,Simvistatin 10 MG,stopped,order,,1993-07-16T18:38:58+00:00
ff0d7da3-8fd3-44fb-8de2-aabd42f66053,c34852c9-ffba-4bda-890a-eef4bc683e42,316672,Simvistatin 10 MG,stopped,order,,1995-07-16T18:38:58+00:00
9734844f-853e-4023-8cdb-2dbb7779481a,c34852c9-ffba-4bda-890a-eef4bc683e42,316672,Simvistatin 10 MG,stopped,order,,1974-07-21T18:38:58+00:00
afa1d918-9ba0-45ce-aede-807a1776f4e6,c34852c9-ffba-4bda-890a-eef4bc683e42,316672,Simvistatin 10 MG,stopped,order,,1988-07-17T18:38:58+00:00
aab4890b-b7ac-4cf5-aad5-87a7a67615bb,c34852c9-ffba-4bda-890a-eef4bc683e42,904419,Alendronic acid 10 MG Oral Tablet,active,order,,2016-10-09T18:38:58+00:00
8674ad6e-f5e3-42eb-9100-1e2b932bfe76,c34852c9-ffba-4bda-890a-eef4bc683e42,316672,Simvistatin 10 MG,stopped,order,,1982-07-19T18:38:58+00:00
d00ec3b4-28d3-48d0-b00d-8b79794ba163,c34852c9-ffba-4bda-890a-eef4bc683e42,316672,Simvistatin 10 MG,stopped,order,,1984-07-18T18:38:58+00:00
fb976786-0174-46c5-87c3-6730a574c0e7,c34852c9-ffba-4bda-890a-eef4bc683e42,316672,Simvistatin 10 MG,stopped,order,,2015-07-11T18:38:58+00:00
c9939884-be29-4a3a-bbf5-e65edeb90581,c34852c9-ffba-4bda-890a-eef4bc683e42,316672,Simvistatin 10 MG,stopped,order,,2019-07-10T18:38:58+00:00
74e93704-b2b3-496c-aa9c-511f7789fa0b,c34852c9-ffba-4bda-890a-eef4bc683e42,316672,Simvistatin 10 MG,stopped,order,,2009-07-12T18:38:58+00:00
879025e4-4ad3-448f-a6b2-42b852139463,c34852c9-ffba-4bda-890a-eef4bc683e42,316672,Simvistatin 10 MG,stopped,order,,1975-07-21T18:38:58+00:00
02bb2104-9302-40c5-8c18-2adbb5ddc67b,c34852c9-ffba-4bda-890a-eef4bc683e42,316672,Simvistatin 10 MG,stopped,order,,1981-07-19T18:38:58+00:00
300e463b-3361-47a3-9fee-bea6a09936bb,dbcdd082-df8c-45c5-b961-816cf90f70c4,313782,Acetaminophen 325 MG Oral Tablet,stopped,order,,2019-03-12T10:47:29+00:00
8a27ec48-ef33-4fa9-9718-a3aa0cbd1dbe,dbcdd082-df8c-45c5-b961-816cf90f70c4,1043400,Acetaminophen 21.7 MG/ML / Dextromethorphan Hydrobromide 1 MG/ML / doxylamine succinate 0.417 MG/ML Oral Solution,stopped,order,,2015-09-04T10:47:29+00:00
fbeae166-cc87-4bb7-a2c8-ba79d9b7283d,dbcdd082-df8c-45c5-b961-816cf90f70c4,562251,Amoxicillin 250 MG / Clavulanate 125 MG Oral Tablet,stopped,order,,2013-06-23T10:47:29+00:00
08181a64-c24c-4ac4-a47d-ce2838afa422,775447e9-2cc5-4cc9-94de-d358d0efa661,978950,Natazia 28 Day Pack,stopped,order,,2018-02-26T05:50:34+00:00
2e8bda9e-062b-4b91-b36c-4a1525ed33d7,775447e9-2cc5-4cc9-94de-d358d0efa661,748879,Levora 0.15/30 28 Day Pack,stopped,order,,2020-02-16T05:50:34+00:00
eb80fb13-b7ad-46e7-94eb-847377de7dbf,775447e9-2cc5-4cc9-94de-d358d0efa661,1043400,Acetaminophen 21.7 MG/ML / Dextromethorphan Hydrobromide 1 MG/ML / doxylamine succinate 0.417 MG/ML Oral Solution,stopped,order,,2017-04-23T05:50:34+00:00
8bef1dce-9dd9-4845-8abf-62203607b23f,775447e9-2cc5-4cc9-94de-d358d0efa661,282464,Acetaminophen 160 MG Oral Tablet,stopped,order,,2016-01-19T05:50:34+00:00
66a0d528-8c02-4c0d-86f1-653182ced7ad,775447e9-2cc5-4cc9-94de-d358d0efa661,282464,Acetaminophen 160 MG Oral Tablet,stopped,order,,2015-01-03T05:50:34+00:00
e7009c23-4d8d-4b18-be31-a754c2a4f326,276e0848-caaf-4e0e-96ed-0d1f238b6ce8,562251,Amoxicillin 250 MG / Clavulanate 125 MG Oral Tablet,stopped,order,,2012-01-07T13:10:39+00:00
3dfd3aec-67ca-4dab-b154-839d18e50e5e,276e0848-caaf-4e0e-96ed-0d1f238b6ce8,563026,Diazepam [Valium],active,order,,2001-10-25T13:10:39+00:00
